run_id,module_name,category,status,critical,rows,latest_value,message,finished_at_utc
20260525T103448+0000,market_prices,主資料,success,True,116760,2026-05-25T00:00:00+00:00,updated prices.parquet,2026-05-25T10:34:50+00:00
20260525T103448+0000,market_macro,主資料,success,True,17621,2026-05-22T00:00:00+00:00,updated macro.parquet,2026-05-25T10:34:50+00:00
20260525T103448+0000,watchlist_news,新聞,success,True,120,2026-05-25T06:55:00+00:00,updated news.parquet,2026-05-25T10:34:58+00:00
20260525T103448+0000,international_news,新聞,success,False,37,2026-05-22T22:32:31+00:00,updated international_news.parquet,2026-05-25T10:35:01+00:00
20260525T103448+0000,discovery_news,探索,success,False,35,2026-05-25T03:20:00+00:00,updated discovery_news.parquet,2026-05-25T10:35:04+00:00
20260525T103448+0000,tsla_focus_news,專題,success,False,46,2026-05-24T13:26:12+00:00,updated tsla_keyword_news.parquet,2026-05-25T10:35:15+00:00
20260525T103448+0000,discovery_mentions,探索,success,False,15,2026-05-25T03:20:00+00:00,updated discovery_mentions.parquet,2026-05-25T10:35:17+00:00
20260525T103448+0000,discovery_candidates,探索,success,False,8,2026-05-25T10:34:48+00:00,updated discovery_candidates.parquet,2026-05-25T10:35:17+00:00
20260525T103448+0000,discovery_history,探索,success,False,53,2026-05-25T00:00:00+00:00,updated discovery_history.parquet,2026-05-25T10:35:17+00:00
20260525T103448+0000,discovery_performance,探索,success,False,114,,updated discovery_performance.parquet,2026-05-25T10:35:17+00:00
20260525T103448+0000,governance_summary,治理,success,False,4,,updated governance_summary.parquet,2026-05-25T10:35:17+00:00
20260525T103448+0000,kg_fact_events,知識圖譜,success,False,154,2026-05-25T06:55:00+00:00,updated kg/fact_events.parquet,2026-05-25T10:35:18+00:00
20260525T103448+0000,kg_narratives,知識圖譜,success,False,154,2026-05-25T06:55:00+00:00,updated kg/narrative_features.parquet,2026-05-25T10:35:18+00:00
20260525T103448+0000,kg_reactions,知識圖譜,fallback,False,504,2026-05-25T00:00:00+00:00,"missing required columns: symbol, horizon",2026-05-25T10:35:18+00:00
20260525T103448+0000,kg_links,知識圖譜,fallback,False,264,2026-05-25T07:36:09+00:00,"missing required columns: event_id, symbol",2026-05-25T10:35:18+00:00
20260525T103448+0000,kg_metadata,知識圖譜,success,False,1,2026-05-25T10:34:48+00:00,updated kg/kg_metadata.json,2026-05-25T10:35:18+00:00
20260525T103448+0000,prediction_log,模型,success,False,18,2026-05-22T00:00:00+00:00,updated prediction_log.csv,2026-05-25T10:35:18+00:00
20260525T103448+0000,lstm_features,模型,success,False,72,2026-04-24T00:00:00+00:00,updated lstm/lstm_features.parquet,2026-05-25T10:35:20+00:00
20260525T103448+0000,lstm_status,模型,success,False,72,2026-05-25T10:35:20+00:00,updated lstm status,2026-05-25T10:35:20+00:00
20260525T103557+0000,market_prices,主資料,success,True,116760,2026-05-25T00:00:00+00:00,updated prices.parquet,2026-05-25T10:35:59+00:00
20260525T103557+0000,market_macro,主資料,success,True,17621,2026-05-22T00:00:00+00:00,updated macro.parquet,2026-05-25T10:35:59+00:00
20260525T103557+0000,watchlist_news,新聞,success,True,120,2026-05-25T06:55:00+00:00,updated news.parquet,2026-05-25T10:36:00+00:00
20260525T103557+0000,international_news,新聞,success,False,37,2026-05-22T22:32:31+00:00,updated international_news.parquet,2026-05-25T10:36:00+00:00
20260525T103557+0000,discovery_news,探索,success,False,35,2026-05-25T03:20:00+00:00,updated discovery_news.parquet,2026-05-25T10:36:01+00:00
20260525T103557+0000,tsla_focus_news,專題,success,False,46,2026-05-24T13:26:12+00:00,updated tsla_keyword_news.parquet,2026-05-25T10:36:02+00:00
20260525T103557+0000,discovery_mentions,探索,success,False,15,2026-05-25T03:20:00+00:00,updated discovery_mentions.parquet,2026-05-25T10:36:03+00:00
20260525T103557+0000,discovery_candidates,探索,success,False,8,2026-05-25T10:35:57+00:00,updated discovery_candidates.parquet,2026-05-25T10:36:03+00:00
20260525T103557+0000,discovery_history,探索,success,False,53,2026-05-25T00:00:00+00:00,updated discovery_history.parquet,2026-05-25T10:36:03+00:00
20260525T103557+0000,discovery_performance,探索,success,False,114,,updated discovery_performance.parquet,2026-05-25T10:36:03+00:00
20260525T103557+0000,governance_summary,治理,success,False,4,,updated governance_summary.parquet,2026-05-25T10:36:03+00:00
20260525T103557+0000,kg_fact_events,知識圖譜,success,False,154,2026-05-25T06:55:00+00:00,updated kg/fact_events.parquet,2026-05-25T10:36:04+00:00
20260525T103557+0000,kg_narratives,知識圖譜,success,False,154,2026-05-25T06:55:00+00:00,updated kg/narrative_features.parquet,2026-05-25T10:36:04+00:00
20260525T103557+0000,kg_reactions,知識圖譜,success,False,504,2026-05-25T00:00:00+00:00,updated kg/market_reactions.parquet,2026-05-25T10:36:04+00:00
20260525T103557+0000,kg_links,知識圖譜,success,False,266,2026-05-25T10:36:04+00:00,updated kg/event_links.parquet,2026-05-25T10:36:04+00:00
20260525T103557+0000,kg_metadata,知識圖譜,success,False,1,2026-05-25T10:35:57+00:00,updated kg/kg_metadata.json,2026-05-25T10:36:04+00:00
20260525T103557+0000,prediction_log,模型,success,False,18,2026-05-22T00:00:00+00:00,updated prediction_log.csv,2026-05-25T10:36:05+00:00
20260525T103557+0000,lstm_features,模型,success,False,72,2026-04-24T00:00:00+00:00,updated lstm/lstm_features.parquet,2026-05-25T10:36:06+00:00
20260525T103557+0000,lstm_status,模型,success,False,72,2026-05-25T10:36:06+00:00,updated lstm status,2026-05-25T10:36:06+00:00
20260525T121400+0000,market_prices,主資料,success,True,116760,2026-05-25T00:00:00+00:00,updated prices.parquet,2026-05-25T12:14:04+00:00
20260525T121400+0000,market_macro,主資料,success,True,17621,2026-05-22T00:00:00+00:00,updated macro.parquet,2026-05-25T12:14:04+00:00
20260525T121400+0000,watchlist_news,新聞,success,True,120,2026-05-25T06:55:00+00:00,updated news.parquet,2026-05-25T12:14:10+00:00
20260525T121400+0000,international_news,新聞,success,False,37,2026-05-25T06:08:20+00:00,updated international_news.parquet,2026-05-25T12:14:12+00:00
20260525T121400+0000,discovery_news,探索,success,False,35,2026-05-25T03:20:00+00:00,updated discovery_news.parquet,2026-05-25T12:14:13+00:00
20260525T121400+0000,tsla_focus_news,專題,success,False,48,2026-05-24T13:26:12+00:00,updated tsla_keyword_news.parquet,2026-05-25T12:14:21+00:00
20260525T121400+0000,discovery_mentions,探索,success,False,17,2026-05-25T03:20:00+00:00,updated discovery_mentions.parquet,2026-05-25T12:14:23+00:00
20260525T121400+0000,discovery_candidates,探索,success,False,10,2026-05-25T12:14:00+00:00,updated discovery_candidates.parquet,2026-05-25T12:14:23+00:00
20260525T121400+0000,discovery_history,探索,success,False,55,2026-05-25T00:00:00+00:00,updated discovery_history.parquet,2026-05-25T12:14:23+00:00
20260525T121400+0000,discovery_performance,探索,success,False,114,,updated discovery_performance.parquet,2026-05-25T12:14:23+00:00
20260525T121400+0000,governance_summary,治理,success,False,4,,updated governance_summary.parquet,2026-05-25T12:14:23+00:00
20260525T121400+0000,kg_fact_events,知識圖譜,success,False,154,2026-05-25T06:55:00+00:00,updated kg/fact_events.parquet,2026-05-25T12:14:25+00:00
20260525T121400+0000,kg_narratives,知識圖譜,success,False,154,2026-05-25T06:55:00+00:00,updated kg/narrative_features.parquet,2026-05-25T12:14:25+00:00
20260525T121400+0000,kg_reactions,知識圖譜,success,False,508,2026-05-25T00:00:00+00:00,updated kg/market_reactions.parquet,2026-05-25T12:14:25+00:00
20260525T121400+0000,kg_links,知識圖譜,success,False,265,2026-05-25T12:14:24+00:00,updated kg/event_links.parquet,2026-05-25T12:14:25+00:00
20260525T121400+0000,kg_metadata,知識圖譜,success,False,1,2026-05-25T12:14:00+00:00,updated kg/kg_metadata.json,2026-05-25T12:14:25+00:00
20260525T121400+0000,prediction_log,模型,success,False,18,2026-05-22T00:00:00+00:00,updated prediction_log.csv,2026-05-25T12:14:26+00:00
20260525T121400+0000,lstm_features,模型,success,False,72,2026-04-24T00:00:00+00:00,updated lstm/lstm_features.parquet,2026-05-25T12:14:33+00:00
20260525T121400+0000,lstm_status,模型,success,False,72,2026-05-25T12:14:33+00:00,updated lstm status,2026-05-25T12:14:33+00:00
20260525T125106+0000,market_prices,主資料,success,True,116760,2026-05-25T00:00:00+00:00,updated prices.parquet,2026-05-25T12:51:11+00:00
20260525T125106+0000,market_macro,主資料,success,True,17621,2026-05-22T00:00:00+00:00,updated macro.parquet,2026-05-25T12:51:11+00:00
20260525T125106+0000,watchlist_news,新聞,success,True,120,2026-05-25T06:55:00+00:00,updated news.parquet,2026-05-25T12:51:17+00:00
20260525T125106+0000,international_news,新聞,fallback,False,37,2026-05-25T06:08:20+00:00,latest published regressed from 2026-05-25T06:08:20+00:00 to 2026-05-22T22:32:31+00:00,2026-05-25T12:51:19+00:00
20260525T125106+0000,discovery_news,探索,success,False,35,2026-05-25T03:20:00+00:00,updated discovery_news.parquet,2026-05-25T12:51:21+00:00
20260525T125106+0000,tsla_focus_news,專題,success,False,48,2026-05-24T13:26:12+00:00,updated tsla_keyword_news.parquet,2026-05-25T12:51:30+00:00
20260525T125106+0000,discovery_mentions,探索,success,False,17,2026-05-25T03:20:00+00:00,updated discovery_mentions.parquet,2026-05-25T12:51:33+00:00
20260525T125106+0000,discovery_candidates,探索,success,False,10,2026-05-25T12:51:06+00:00,updated discovery_candidates.parquet,2026-05-25T12:51:33+00:00
20260525T125106+0000,discovery_history,探索,success,False,55,2026-05-25T00:00:00+00:00,updated discovery_history.parquet,2026-05-25T12:51:33+00:00
20260525T125106+0000,discovery_performance,探索,success,False,114,,updated discovery_performance.parquet,2026-05-25T12:51:33+00:00
20260525T125106+0000,governance_summary,治理,success,False,4,,updated governance_summary.parquet,2026-05-25T12:51:33+00:00
20260525T125106+0000,kg_fact_events,知識圖譜,success,False,154,2026-05-25T06:55:00+00:00,updated kg/fact_events.parquet,2026-05-25T12:51:34+00:00
20260525T125106+0000,kg_narratives,知識圖譜,success,False,154,2026-05-25T06:55:00+00:00,updated kg/narrative_features.parquet,2026-05-25T12:51:34+00:00
20260525T125106+0000,kg_reactions,知識圖譜,success,False,508,2026-05-25T00:00:00+00:00,updated kg/market_reactions.parquet,2026-05-25T12:51:34+00:00
20260525T125106+0000,kg_links,知識圖譜,success,False,262,2026-05-25T12:51:34+00:00,updated kg/event_links.parquet,2026-05-25T12:51:34+00:00
20260525T125106+0000,kg_metadata,知識圖譜,success,False,1,2026-05-25T12:51:06+00:00,updated kg/kg_metadata.json,2026-05-25T12:51:34+00:00
20260525T125106+0000,prediction_log,模型,success,False,18,2026-05-22T00:00:00+00:00,updated prediction_log.csv,2026-05-25T12:51:35+00:00
20260525T125106+0000,lstm_features,模型,success,False,72,2026-04-24T00:00:00+00:00,updated lstm/lstm_features.parquet,2026-05-25T12:51:38+00:00
20260525T125106+0000,lstm_status,模型,success,False,72,2026-05-25T12:51:38+00:00,updated lstm status,2026-05-25T12:51:38+00:00
20260525T215749+0000,market_prices,主資料,success,True,116760,2026-05-25T00:00:00+00:00,updated prices.parquet,2026-05-25T21:57:56+00:00
20260525T215749+0000,market_macro,主資料,success,True,17621,2026-05-22T00:00:00+00:00,updated macro.parquet,2026-05-25T21:57:56+00:00
20260525T215749+0000,watchlist_news,新聞,success,True,120,2026-05-25T17:33:00+00:00,updated news.parquet,2026-05-25T21:58:03+00:00
20260525T215749+0000,international_news,新聞,success,False,37,2026-05-25T11:47:24+00:00,updated international_news.parquet,2026-05-25T21:58:05+00:00
20260525T215749+0000,discovery_news,探索,success,False,35,2026-05-25T16:40:08+00:00,updated discovery_news.parquet,2026-05-25T21:58:07+00:00
20260525T215749+0000,tsla_focus_news,專題,success,False,51,2026-05-25T15:30:00+00:00,updated tsla_keyword_news.parquet,2026-05-25T21:58:17+00:00
20260525T215749+0000,discovery_mentions,探索,success,False,17,2026-05-25T03:20:00+00:00,updated discovery_mentions.parquet,2026-05-25T21:58:21+00:00
20260525T215749+0000,discovery_candidates,探索,success,False,12,2026-05-25T21:57:49+00:00,updated discovery_candidates.parquet,2026-05-25T21:58:21+00:00
20260525T215749+0000,discovery_history,探索,success,False,57,2026-05-25T00:00:00+00:00,updated discovery_history.parquet,2026-05-25T21:58:21+00:00
20260525T215749+0000,discovery_performance,探索,success,False,114,,updated discovery_performance.parquet,2026-05-25T21:58:21+00:00
20260525T215749+0000,governance_summary,治理,success,False,4,,updated governance_summary.parquet,2026-05-25T21:58:21+00:00
20260525T215749+0000,kg_fact_events,知識圖譜,success,False,154,2026-05-25T17:33:00+00:00,updated kg/fact_events.parquet,2026-05-25T21:58:23+00:00
20260525T215749+0000,kg_narratives,知識圖譜,success,False,154,2026-05-25T17:33:00+00:00,updated kg/narrative_features.parquet,2026-05-25T21:58:23+00:00
20260525T215749+0000,kg_reactions,知識圖譜,success,False,504,2026-05-25T00:00:00+00:00,updated kg/market_reactions.parquet,2026-05-25T21:58:23+00:00
20260525T215749+0000,kg_links,知識圖譜,success,False,271,2026-05-25T21:58:22+00:00,updated kg/event_links.parquet,2026-05-25T21:58:23+00:00
20260525T215749+0000,kg_metadata,知識圖譜,success,False,1,2026-05-25T21:57:49+00:00,updated kg/kg_metadata.json,2026-05-25T21:58:23+00:00
20260525T215749+0000,prediction_log,模型,success,False,18,2026-05-22T00:00:00+00:00,updated prediction_log.csv,2026-05-25T21:58:24+00:00
20260525T215749+0000,lstm_features,模型,success,False,72,2026-04-24T00:00:00+00:00,updated lstm/lstm_features.parquet,2026-05-25T21:58:30+00:00
20260525T215749+0000,lstm_status,模型,success,False,72,2026-05-25T21:58:30+00:00,updated lstm status,2026-05-25T21:58:30+00:00
20260526T193507+0000,market_prices,主資料,success,True,116771,2026-05-26T00:00:00+00:00,updated prices.parquet,2026-05-26T19:35:11+00:00
20260526T193507+0000,market_macro,主資料,success,True,17614,2026-05-25T00:00:00+00:00,updated macro.parquet,2026-05-26T19:35:11+00:00
20260526T193507+0000,watchlist_news,新聞,success,True,120,2026-05-26T18:16:42+00:00,updated news.parquet,2026-05-26T19:35:17+00:00
20260526T193507+0000,international_news,新聞,success,False,38,2026-05-26T14:28:12+00:00,updated international_news.parquet,2026-05-26T19:35:19+00:00
20260526T193507+0000,discovery_news,探索,success,False,35,2026-05-26T19:30:21+00:00,updated discovery_news.parquet,2026-05-26T19:35:21+00:00
20260526T193507+0000,tsla_focus_news,專題,success,False,52,2026-05-26T19:17:04+00:00,updated tsla_keyword_news.parquet,2026-05-26T19:35:30+00:00
20260526T193507+0000,discovery_mentions,探索,success,False,11,2026-05-26T19:30:21+00:00,updated discovery_mentions.parquet,2026-05-26T19:35:32+00:00
20260526T193507+0000,discovery_candidates,探索,success,False,9,2026-05-26T19:35:07+00:00,updated discovery_candidates.parquet,2026-05-26T19:35:32+00:00
20260526T193507+0000,discovery_history,探索,success,False,66,2026-05-26T00:00:00+00:00,updated discovery_history.parquet,2026-05-26T19:35:32+00:00
20260526T193507+0000,discovery_performance,探索,success,False,198,2026-05-26T00:00:00+00:00,updated discovery_performance.parquet,2026-05-26T19:35:32+00:00
20260526T193507+0000,governance_summary,治理,success,False,4,,updated governance_summary.parquet,2026-05-26T19:35:32+00:00
20260526T193507+0000,kg_fact_events,知識圖譜,success,False,154,2026-05-26T18:16:42+00:00,updated kg/fact_events.parquet,2026-05-26T19:35:34+00:00
20260526T193507+0000,kg_narratives,知識圖譜,success,False,154,2026-05-26T18:16:42+00:00,updated kg/narrative_features.parquet,2026-05-26T19:35:34+00:00
20260526T193507+0000,kg_reactions,知識圖譜,success,False,524,2026-05-26T00:00:00+00:00,updated kg/market_reactions.parquet,2026-05-26T19:35:34+00:00
20260526T193507+0000,kg_links,知識圖譜,success,False,271,2026-05-26T19:35:33+00:00,updated kg/event_links.parquet,2026-05-26T19:35:34+00:00
20260526T193507+0000,kg_metadata,知識圖譜,success,False,1,2026-05-26T19:35:07+00:00,updated kg/kg_metadata.json,2026-05-26T19:35:34+00:00
20260526T193507+0000,prediction_log,模型,success,False,21,2026-05-26T00:00:00+00:00,updated prediction_log.csv,2026-05-26T19:35:36+00:00
20260526T193507+0000,lstm_features,模型,success,False,71,2026-04-27T00:00:00+00:00,updated lstm/lstm_features.parquet,2026-05-26T19:35:41+00:00
20260526T193507+0000,lstm_status,模型,success,False,71,2026-05-26T19:35:41+00:00,updated lstm status,2026-05-26T19:35:41+00:00
20260527T123819+0000,market_prices,主資料,success,True,116755,2026-05-27T00:00:00+00:00,updated prices.parquet,2026-05-27T12:38:26+00:00
20260527T123819+0000,market_macro,主資料,success,True,17613,2026-05-26T00:00:00+00:00,updated macro.parquet,2026-05-27T12:38:26+00:00
20260527T123819+0000,watchlist_news,新聞,success,True,120,2026-05-27T10:31:32+00:00,updated news.parquet,2026-05-27T12:38:32+00:00
20260527T123819+0000,international_news,新聞,success,False,39,2026-05-26T21:22:19+00:00,updated international_news.parquet,2026-05-27T12:38:34+00:00
20260527T123819+0000,discovery_news,探索,success,False,35,2026-05-27T07:46:50+00:00,updated discovery_news.parquet,2026-05-27T12:38:36+00:00
20260527T123819+0000,tsla_focus_news,專題,success,False,54,2026-05-27T00:48:28+00:00,updated tsla_keyword_news.parquet,2026-05-27T12:38:45+00:00
20260527T123819+0000,discovery_mentions,探索,success,False,14,2026-05-27T06:19:40+00:00,updated discovery_mentions.parquet,2026-05-27T12:38:50+00:00
20260527T123819+0000,discovery_candidates,探索,success,False,9,2026-05-27T12:38:19+00:00,updated discovery_candidates.parquet,2026-05-27T12:38:50+00:00
20260527T123819+0000,discovery_history,探索,success,False,75,2026-05-27T00:00:00+00:00,updated discovery_history.parquet,2026-05-27T12:38:50+00:00
20260527T123819+0000,discovery_performance,探索,success,False,198,2026-05-26T00:00:00+00:00,updated discovery_performance.parquet,2026-05-27T12:38:50+00:00
20260527T123819+0000,governance_summary,治理,success,False,4,,updated governance_summary.parquet,2026-05-27T12:38:50+00:00
20260527T123819+0000,kg_fact_events,知識圖譜,success,False,154,2026-05-27T10:31:32+00:00,updated kg/fact_events.parquet,2026-05-27T12:38:53+00:00
20260527T123819+0000,kg_narratives,知識圖譜,success,False,154,2026-05-27T10:31:32+00:00,updated kg/narrative_features.parquet,2026-05-27T12:38:53+00:00
20260527T123819+0000,kg_reactions,知識圖譜,success,False,516,2026-05-27T00:00:00+00:00,updated kg/market_reactions.parquet,2026-05-27T12:38:53+00:00
20260527T123819+0000,kg_links,知識圖譜,success,False,273,2026-05-27T12:38:51+00:00,updated kg/event_links.parquet,2026-05-27T12:38:53+00:00
20260527T123819+0000,kg_metadata,知識圖譜,success,False,1,2026-05-27T12:38:19+00:00,updated kg/kg_metadata.json,2026-05-27T12:38:53+00:00
20260527T123819+0000,prediction_log,模型,success,False,21,2026-05-26T00:00:00+00:00,updated prediction_log.csv,2026-05-27T12:38:54+00:00
20260527T123819+0000,lstm_features,模型,success,False,69,2026-04-24T00:00:00+00:00,updated lstm/lstm_features.parquet,2026-05-27T12:38:59+00:00
20260527T123819+0000,lstm_status,模型,success,False,69,2026-05-27T12:38:59+00:00,updated lstm status,2026-05-27T12:38:59+00:00
20260527T230356+0000,market_prices,主資料,success,True,116783,2026-05-27T00:00:00+00:00,updated prices.parquet,2026-05-27T23:03:59+00:00
20260527T230356+0000,market_macro,主資料,success,True,17618,2026-05-27T00:00:00+00:00,updated macro.parquet,2026-05-27T23:03:59+00:00
20260527T230356+0000,watchlist_news,新聞,success,True,120,2026-05-27T21:40:45+00:00,updated news.parquet,2026-05-27T23:04:05+00:00
20260527T230356+0000,international_news,新聞,success,False,39,2026-05-27T16:43:50+00:00,updated international_news.parquet,2026-05-27T23:04:08+00:00
20260527T230356+0000,discovery_news,探索,success,False,35,2026-05-27T18:30:00+00:00,updated discovery_news.parquet,2026-05-27T23:04:10+00:00
20260527T230356+0000,tsla_focus_news,專題,success,False,49,2026-05-27T21:47:00+00:00,updated tsla_keyword_news.parquet,2026-05-27T23:04:19+00:00
20260527T230356+0000,discovery_mentions,探索,success,False,13,2026-05-27T15:22:39+00:00,updated discovery_mentions.parquet,2026-05-27T23:04:21+00:00
20260527T230356+0000,discovery_candidates,探索,success,False,9,2026-05-27T23:03:56+00:00,updated discovery_candidates.parquet,2026-05-27T23:04:21+00:00
20260527T230356+0000,discovery_history,探索,success,False,75,2026-05-27T00:00:00+00:00,updated discovery_history.parquet,2026-05-27T23:04:21+00:00
20260527T230356+0000,discovery_performance,探索,success,False,225,2026-05-27T00:00:00+00:00,updated discovery_performance.parquet,2026-05-27T23:04:21+00:00
20260527T230356+0000,governance_summary,治理,success,False,4,,updated governance_summary.parquet,2026-05-27T23:04:21+00:00
20260527T230356+0000,kg_fact_events,知識圖譜,success,False,155,2026-05-27T21:40:45+00:00,updated kg/fact_events.parquet,2026-05-27T23:04:23+00:00
20260527T230356+0000,kg_narratives,知識圖譜,success,False,155,2026-05-27T21:40:45+00:00,updated kg/narrative_features.parquet,2026-05-27T23:04:23+00:00
20260527T230356+0000,kg_reactions,知識圖譜,success,False,528,2026-05-27T00:00:00+00:00,updated kg/market_reactions.parquet,2026-05-27T23:04:23+00:00
20260527T230356+0000,kg_links,知識圖譜,success,False,271,2026-05-27T23:04:22+00:00,updated kg/event_links.parquet,2026-05-27T23:04:23+00:00
20260527T230356+0000,kg_metadata,知識圖譜,success,False,1,2026-05-27T23:03:56+00:00,updated kg/kg_metadata.json,2026-05-27T23:04:23+00:00
20260527T230356+0000,prediction_log,模型,success,False,24,2026-05-27T00:00:00+00:00,updated prediction_log.csv,2026-05-27T23:04:25+00:00
20260527T230356+0000,lstm_features,模型,success,False,71,2026-04-28T00:00:00+00:00,updated lstm/lstm_features.parquet,2026-05-27T23:04:31+00:00
20260527T230356+0000,lstm_status,模型,success,False,71,2026-05-27T23:04:31+00:00,updated lstm status,2026-05-27T23:04:31+00:00
20260528T120647+0000,market_prices,主資料,success,True,116785,2026-05-28T00:00:00+00:00,updated prices.parquet,2026-05-28T12:06:52+00:00
20260528T120647+0000,market_macro,主資料,success,True,17618,2026-05-27T00:00:00+00:00,updated macro.parquet,2026-05-28T12:06:52+00:00
20260528T120647+0000,watchlist_news,新聞,success,True,120,2026-05-28T09:42:13+00:00,updated news.parquet,2026-05-28T12:06:57+00:00
20260528T120647+0000,international_news,新聞,success,False,38,2026-05-28T12:00:41+00:00,updated international_news.parquet,2026-05-28T12:06:59+00:00
20260528T120647+0000,discovery_news,探索,success,False,35,2026-05-28T08:54:04+00:00,updated discovery_news.parquet,2026-05-28T12:07:02+00:00
20260528T120647+0000,tsla_focus_news,專題,success,False,48,2026-05-28T10:27:30+00:00,updated tsla_keyword_news.parquet,2026-05-28T12:07:10+00:00
20260528T120647+0000,discovery_mentions,探索,success,False,10,2026-05-27T21:41:37+00:00,updated discovery_mentions.parquet,2026-05-28T12:07:12+00:00
20260528T120647+0000,discovery_candidates,探索,success,False,8,2026-05-28T12:06:47+00:00,updated discovery_candidates.parquet,2026-05-28T12:07:12+00:00
20260528T120647+0000,discovery_history,探索,success,False,83,2026-05-28T00:00:00+00:00,updated discovery_history.parquet,2026-05-28T12:07:12+00:00
20260528T120647+0000,discovery_performance,探索,success,False,225,2026-05-27T00:00:00+00:00,updated discovery_performance.parquet,2026-05-28T12:07:12+00:00
20260528T120647+0000,governance_summary,治理,success,False,4,,updated governance_summary.parquet,2026-05-28T12:07:12+00:00
20260528T120647+0000,kg_fact_events,知識圖譜,success,False,150,2026-05-28T12:00:41+00:00,updated kg/fact_events.parquet,2026-05-28T12:07:14+00:00
20260528T120647+0000,kg_narratives,知識圖譜,success,False,150,2026-05-28T12:00:41+00:00,updated kg/narrative_features.parquet,2026-05-28T12:07:14+00:00
20260528T120647+0000,kg_reactions,知識圖譜,success,False,516,2026-05-28T00:00:00+00:00,updated kg/market_reactions.parquet,2026-05-28T12:07:14+00:00
20260528T120647+0000,kg_links,知識圖譜,success,False,257,2026-05-28T12:07:13+00:00,updated kg/event_links.parquet,2026-05-28T12:07:14+00:00
20260528T120647+0000,kg_metadata,知識圖譜,success,False,1,2026-05-28T12:06:47+00:00,updated kg/kg_metadata.json,2026-05-28T12:07:14+00:00
20260528T120647+0000,prediction_log,模型,success,False,24,2026-05-27T00:00:00+00:00,updated prediction_log.csv,2026-05-28T12:07:16+00:00
20260528T120647+0000,lstm_features,模型,success,False,71,2026-04-28T00:00:00+00:00,updated lstm/lstm_features.parquet,2026-05-28T12:07:21+00:00
20260528T120647+0000,lstm_status,模型,success,False,71,2026-05-28T12:07:21+00:00,updated lstm status,2026-05-28T12:07:21+00:00
20260528T125004+0000,market_prices,主資料,success,True,116785,2026-05-28T00:00:00+00:00,updated prices.parquet,2026-05-28T12:50:08+00:00
20260528T125004+0000,market_macro,主資料,success,True,17619,2026-05-27T00:00:00+00:00,updated macro.parquet,2026-05-28T12:50:08+00:00
20260528T125004+0000,watchlist_news,新聞,success,True,120,2026-05-28T10:59:37+00:00,updated news.parquet,2026-05-28T12:50:14+00:00
20260528T125004+0000,international_news,新聞,success,False,38,2026-05-28T12:42:32+00:00,updated international_news.parquet,2026-05-28T12:50:16+00:00
20260528T125004+0000,discovery_news,探索,success,False,35,2026-05-28T08:54:04+00:00,updated discovery_news.parquet,2026-05-28T12:50:18+00:00
20260528T125004+0000,tsla_focus_news,專題,success,False,48,2026-05-28T10:27:30+00:00,updated tsla_keyword_news.parquet,2026-05-28T12:50:27+00:00
20260528T125004+0000,discovery_mentions,探索,success,False,12,2026-05-27T21:41:37+00:00,updated discovery_mentions.parquet,2026-05-28T12:50:30+00:00
20260528T125004+0000,discovery_candidates,探索,success,False,10,2026-05-28T12:50:04+00:00,updated discovery_candidates.parquet,2026-05-28T12:50:30+00:00
20260528T125004+0000,discovery_history,探索,success,False,85,2026-05-28T00:00:00+00:00,updated discovery_history.parquet,2026-05-28T12:50:30+00:00
20260528T125004+0000,discovery_performance,探索,success,False,225,2026-05-27T00:00:00+00:00,updated discovery_performance.parquet,2026-05-28T12:50:30+00:00
20260528T125004+0000,governance_summary,治理,success,False,4,,updated governance_summary.parquet,2026-05-28T12:50:30+00:00
20260528T125004+0000,kg_fact_events,知識圖譜,success,False,150,2026-05-28T12:42:32+00:00,updated kg/fact_events.parquet,2026-05-28T12:50:32+00:00
20260528T125004+0000,kg_narratives,知識圖譜,success,False,150,2026-05-28T12:42:32+00:00,updated kg/narrative_features.parquet,2026-05-28T12:50:32+00:00
20260528T125004+0000,kg_reactions,知識圖譜,success,False,516,2026-05-28T00:00:00+00:00,updated kg/market_reactions.parquet,2026-05-28T12:50:32+00:00
20260528T125004+0000,kg_links,知識圖譜,success,False,260,2026-05-28T12:50:31+00:00,updated kg/event_links.parquet,2026-05-28T12:50:32+00:00
20260528T125004+0000,kg_metadata,知識圖譜,success,False,1,2026-05-28T12:50:04+00:00,updated kg/kg_metadata.json,2026-05-28T12:50:32+00:00
20260528T125004+0000,prediction_log,模型,success,False,24,2026-05-27T00:00:00+00:00,updated prediction_log.csv,2026-05-28T12:50:34+00:00
20260528T125004+0000,lstm_features,模型,success,False,71,2026-04-28T00:00:00+00:00,updated lstm/lstm_features.parquet,2026-05-28T12:50:39+00:00
20260528T125004+0000,lstm_status,模型,success,False,71,2026-05-28T12:50:39+00:00,updated lstm status,2026-05-28T12:50:39+00:00
20260528T230145+0000,market_prices,主資料,success,True,116813,2026-05-28T00:00:00+00:00,updated prices.parquet,2026-05-28T23:01:48+00:00
20260528T230145+0000,market_macro,主資料,success,True,17624,2026-05-28T00:00:00+00:00,updated macro.parquet,2026-05-28T23:01:48+00:00
20260528T230145+0000,watchlist_news,新聞,success,True,120,2026-05-28T18:11:29+00:00,updated news.parquet,2026-05-28T23:01:54+00:00
20260528T230145+0000,international_news,新聞,success,False,37,2026-05-28T14:39:50+00:00,updated international_news.parquet,2026-05-28T23:01:56+00:00
20260528T230145+0000,discovery_news,探索,success,False,35,2026-05-28T15:00:11+00:00,updated discovery_news.parquet,2026-05-28T23:01:58+00:00
20260528T230145+0000,tsla_focus_news,專題,success,False,50,2026-05-28T19:59:03+00:00,updated tsla_keyword_news.parquet,2026-05-28T23:02:06+00:00
20260528T230145+0000,discovery_mentions,探索,success,False,11,2026-05-27T21:41:37+00:00,updated discovery_mentions.parquet,2026-05-28T23:02:09+00:00
20260528T230145+0000,discovery_candidates,探索,success,False,10,2026-05-28T23:01:45+00:00,updated discovery_candidates.parquet,2026-05-28T23:02:09+00:00
20260528T230145+0000,discovery_history,探索,success,False,85,2026-05-28T00:00:00+00:00,updated discovery_history.parquet,2026-05-28T23:02:09+00:00
20260528T230145+0000,discovery_performance,探索,success,False,255,2026-05-28T00:00:00+00:00,updated discovery_performance.parquet,2026-05-28T23:02:09+00:00
20260528T230145+0000,governance_summary,治理,success,False,4,,updated governance_summary.parquet,2026-05-28T23:02:09+00:00
20260528T230145+0000,kg_fact_events,知識圖譜,success,False,149,2026-05-28T18:11:29+00:00,updated kg/fact_events.parquet,2026-05-28T23:02:11+00:00
20260528T230145+0000,kg_narratives,知識圖譜,success,False,149,2026-05-28T18:11:29+00:00,updated kg/narrative_features.parquet,2026-05-28T23:02:11+00:00
20260528T230145+0000,kg_reactions,知識圖譜,success,False,516,2026-05-28T00:00:00+00:00,updated kg/market_reactions.parquet,2026-05-28T23:02:11+00:00
20260528T230145+0000,kg_links,知識圖譜,success,False,258,2026-05-28T23:02:10+00:00,updated kg/event_links.parquet,2026-05-28T23:02:11+00:00
20260528T230145+0000,kg_metadata,知識圖譜,success,False,1,2026-05-28T23:01:45+00:00,updated kg/kg_metadata.json,2026-05-28T23:02:11+00:00
20260528T230145+0000,prediction_log,模型,success,False,27,2026-05-28T00:00:00+00:00,updated prediction_log.csv,2026-05-28T23:02:13+00:00
20260528T230145+0000,lstm_features,模型,success,False,71,2026-04-28T00:00:00+00:00,updated lstm/lstm_features.parquet,2026-05-28T23:02:19+00:00
20260528T230145+0000,lstm_status,模型,success,False,71,2026-05-28T23:02:19+00:00,updated lstm status,2026-05-28T23:02:19+00:00
20260529T110028+0000,market_prices,主資料,success,True,116815,2026-05-29T00:00:00+00:00,updated prices.parquet,2026-05-29T11:00:44+00:00
20260529T110028+0000,market_macro,主資料,success,True,17624,2026-05-28T00:00:00+00:00,updated macro.parquet,2026-05-29T11:00:44+00:00
20260529T110028+0000,watchlist_news,新聞,success,True,120,2026-05-28T20:07:59+00:00,updated news.parquet,2026-05-29T11:00:50+00:00
20260529T110028+0000,international_news,新聞,success,False,37,2026-05-29T01:53:04+00:00,updated international_news.parquet,2026-05-29T11:00:52+00:00
20260529T110028+0000,discovery_news,探索,success,False,35,2026-05-28T22:43:00+00:00,updated discovery_news.parquet,2026-05-29T11:00:54+00:00
20260529T110028+0000,tsla_focus_news,專題,success,False,51,2026-05-28T23:36:07+00:00,updated tsla_keyword_news.parquet,2026-05-29T11:01:02+00:00
20260529T110028+0000,discovery_mentions,探索,success,False,5,2026-05-28T10:10:39+00:00,updated discovery_mentions.parquet,2026-05-29T11:01:05+00:00
20260529T110028+0000,discovery_candidates,探索,success,False,4,2026-05-29T11:00:28+00:00,updated discovery_candidates.parquet,2026-05-29T11:01:05+00:00
20260529T110028+0000,discovery_history,探索,success,False,89,2026-05-29T00:00:00+00:00,updated discovery_history.parquet,2026-05-29T11:01:05+00:00
20260529T110028+0000,discovery_performance,探索,success,False,255,2026-05-28T00:00:00+00:00,updated discovery_performance.parquet,2026-05-29T11:01:05+00:00
20260529T110028+0000,governance_summary,治理,success,False,4,,updated governance_summary.parquet,2026-05-29T11:01:05+00:00
20260529T110028+0000,kg_fact_events,知識圖譜,success,False,148,2026-05-29T01:53:04+00:00,updated kg/fact_events.parquet,2026-05-29T11:01:07+00:00
20260529T110028+0000,kg_narratives,知識圖譜,success,False,148,2026-05-29T01:53:04+00:00,updated kg/narrative_features.parquet,2026-05-29T11:01:07+00:00
20260529T110028+0000,kg_reactions,知識圖譜,success,False,508,2026-05-29T00:00:00+00:00,updated kg/market_reactions.parquet,2026-05-29T11:01:07+00:00
20260529T110028+0000,kg_links,知識圖譜,success,False,261,2026-05-29T11:01:06+00:00,updated kg/event_links.parquet,2026-05-29T11:01:07+00:00
20260529T110028+0000,kg_metadata,知識圖譜,success,False,1,2026-05-29T11:00:28+00:00,updated kg/kg_metadata.json,2026-05-29T11:01:07+00:00
20260529T110028+0000,prediction_log,模型,success,False,27,2026-05-28T00:00:00+00:00,updated prediction_log.csv,2026-05-29T11:01:09+00:00
20260529T110028+0000,lstm_features,模型,success,False,71,2026-04-28T00:00:00+00:00,updated lstm/lstm_features.parquet,2026-05-29T11:01:15+00:00
20260529T110028+0000,lstm_status,模型,success,False,71,2026-05-29T11:01:15+00:00,updated lstm status,2026-05-29T11:01:15+00:00
20260529T115947+0000,market_prices,主資料,success,True,116815,2026-05-29T00:00:00+00:00,updated prices.parquet,2026-05-29T11:59:56+00:00
20260529T115947+0000,market_macro,主資料,success,True,17624,2026-05-28T00:00:00+00:00,updated macro.parquet,2026-05-29T11:59:56+00:00
20260529T115947+0000,watchlist_news,新聞,success,True,120,2026-05-29T11:08:49+00:00,updated news.parquet,2026-05-29T12:00:03+00:00
20260529T115947+0000,international_news,新聞,success,False,36,2026-05-29T11:01:44+00:00,updated international_news.parquet,2026-05-29T12:00:06+00:00
20260529T115947+0000,discovery_news,探索,success,False,35,2026-05-28T22:43:00+00:00,updated discovery_news.parquet,2026-05-29T12:00:08+00:00
20260529T115947+0000,tsla_focus_news,專題,success,False,51,2026-05-28T23:36:07+00:00,updated tsla_keyword_news.parquet,2026-05-29T12:00:17+00:00
20260529T115947+0000,discovery_mentions,探索,success,False,5,2026-05-28T10:10:39+00:00,updated discovery_mentions.parquet,2026-05-29T12:00:22+00:00
20260529T115947+0000,discovery_candidates,探索,success,False,4,2026-05-29T11:59:47+00:00,updated discovery_candidates.parquet,2026-05-29T12:00:22+00:00
20260529T115947+0000,discovery_history,探索,success,False,89,2026-05-29T00:00:00+00:00,updated discovery_history.parquet,2026-05-29T12:00:22+00:00
20260529T115947+0000,discovery_performance,探索,success,False,255,2026-05-28T00:00:00+00:00,updated discovery_performance.parquet,2026-05-29T12:00:22+00:00
20260529T115947+0000,governance_summary,治理,success,False,4,,updated governance_summary.parquet,2026-05-29T12:00:22+00:00
20260529T115947+0000,kg_fact_events,知識圖譜,success,False,147,2026-05-29T11:08:49+00:00,updated kg/fact_events.parquet,2026-05-29T12:00:24+00:00
20260529T115947+0000,kg_narratives,知識圖譜,success,False,147,2026-05-29T11:08:49+00:00,updated kg/narrative_features.parquet,2026-05-29T12:00:24+00:00
20260529T115947+0000,kg_reactions,知識圖譜,success,False,512,2026-05-29T00:00:00+00:00,updated kg/market_reactions.parquet,2026-05-29T12:00:24+00:00
20260529T115947+0000,kg_links,知識圖譜,success,False,260,2026-05-29T12:00:23+00:00,updated kg/event_links.parquet,2026-05-29T12:00:24+00:00
20260529T115947+0000,kg_metadata,知識圖譜,success,False,1,2026-05-29T11:59:47+00:00,updated kg/kg_metadata.json,2026-05-29T12:00:24+00:00
20260529T115947+0000,prediction_log,模型,success,False,27,2026-05-28T00:00:00+00:00,updated prediction_log.csv,2026-05-29T12:00:26+00:00
20260529T115947+0000,lstm_features,模型,success,False,71,2026-04-28T00:00:00+00:00,updated lstm/lstm_features.parquet,2026-05-29T12:00:31+00:00
20260529T115947+0000,lstm_status,模型,success,False,71,2026-05-29T12:00:31+00:00,updated lstm status,2026-05-29T12:00:31+00:00
20260529T204120+0000,market_prices,主資料,success,True,116843,2026-05-29T00:00:00+00:00,updated prices.parquet,2026-05-29T20:41:26+00:00
20260529T204120+0000,market_macro,主資料,success,True,17626,2026-05-28T00:00:00+00:00,updated macro.parquet,2026-05-29T20:41:27+00:00
20260529T204120+0000,watchlist_news,新聞,success,True,120,2026-05-29T18:07:35+00:00,updated news.parquet,2026-05-29T20:41:33+00:00
20260529T204120+0000,international_news,新聞,success,False,37,2026-05-29T13:23:40+00:00,updated international_news.parquet,2026-05-29T20:41:36+00:00
20260529T204120+0000,discovery_news,探索,success,False,35,2026-05-29T19:39:00+00:00,updated discovery_news.parquet,2026-05-29T20:41:38+00:00
20260529T204120+0000,tsla_focus_news,專題,success,False,49,2026-05-29T18:52:37+00:00,updated tsla_keyword_news.parquet,2026-05-29T20:41:47+00:00
20260529T204120+0000,discovery_mentions,探索,success,False,7,2026-05-29T15:34:43+00:00,updated discovery_mentions.parquet,2026-05-29T20:41:53+00:00
20260529T204120+0000,discovery_candidates,探索,success,False,3,2026-05-29T20:41:20+00:00,updated discovery_candidates.parquet,2026-05-29T20:41:53+00:00
20260529T204120+0000,discovery_history,探索,success,False,88,2026-05-29T00:00:00+00:00,updated discovery_history.parquet,2026-05-29T20:41:53+00:00
20260529T204120+0000,discovery_performance,探索,success,False,264,2026-05-29T00:00:00+00:00,updated discovery_performance.parquet,2026-05-29T20:41:53+00:00
20260529T204120+0000,governance_summary,治理,success,False,4,,updated governance_summary.parquet,2026-05-29T20:41:53+00:00
20260529T204120+0000,kg_fact_events,知識圖譜,success,False,151,2026-05-29T18:07:35+00:00,updated kg/fact_events.parquet,2026-05-29T20:41:55+00:00
20260529T204120+0000,kg_narratives,知識圖譜,success,False,151,2026-05-29T18:07:35+00:00,updated kg/narrative_features.parquet,2026-05-29T20:41:55+00:00
20260529T204120+0000,kg_reactions,知識圖譜,success,False,528,2026-05-29T00:00:00+00:00,updated kg/market_reactions.parquet,2026-05-29T20:41:55+00:00
20260529T204120+0000,kg_links,知識圖譜,success,False,265,2026-05-29T20:41:54+00:00,updated kg/event_links.parquet,2026-05-29T20:41:55+00:00
20260529T204120+0000,kg_metadata,知識圖譜,success,False,1,2026-05-29T20:41:20+00:00,updated kg/kg_metadata.json,2026-05-29T20:41:55+00:00
20260529T204120+0000,prediction_log,模型,success,False,30,2026-05-29T00:00:00+00:00,updated prediction_log.csv,2026-05-29T20:41:57+00:00
20260529T204120+0000,lstm_features,模型,success,False,69,2026-04-28T00:00:00+00:00,updated lstm/lstm_features.parquet,2026-05-29T20:42:02+00:00
20260529T204120+0000,lstm_status,模型,success,False,69,2026-05-29T20:42:02+00:00,updated lstm status,2026-05-29T20:42:02+00:00
20260530T081013+0000,market_prices,主資料,success,True,116843,2026-05-29T00:00:00+00:00,updated prices.parquet,2026-05-30T08:10:16+00:00
20260530T081013+0000,market_macro,主資料,success,True,17626,2026-05-28T00:00:00+00:00,updated macro.parquet,2026-05-30T08:10:16+00:00
20260530T081013+0000,watchlist_news,新聞,success,True,120,2026-05-30T00:11:39+00:00,updated news.parquet,2026-05-30T08:10:22+00:00
20260530T081013+0000,international_news,新聞,success,False,38,2026-05-30T04:45:38+00:00,updated international_news.parquet,2026-05-30T08:10:25+00:00
20260530T081013+0000,discovery_news,探索,success,False,34,2026-05-30T05:05:42+00:00,updated discovery_news.parquet,2026-05-30T08:10:27+00:00
20260530T081013+0000,tsla_focus_news,專題,success,False,48,2026-05-30T06:24:00+00:00,updated tsla_keyword_news.parquet,2026-05-30T08:10:35+00:00
20260530T081013+0000,discovery_mentions,探索,success,False,10,2026-05-29T19:00:00+00:00,updated discovery_mentions.parquet,2026-05-30T08:10:38+00:00
20260530T081013+0000,discovery_candidates,探索,success,False,10,2026-05-30T08:10:13+00:00,updated discovery_candidates.parquet,2026-05-30T08:10:38+00:00
20260530T081013+0000,discovery_history,探索,success,False,98,2026-05-30T00:00:00+00:00,updated discovery_history.parquet,2026-05-30T08:10:38+00:00
20260530T081013+0000,discovery_performance,探索,success,False,264,2026-05-29T00:00:00+00:00,updated discovery_performance.parquet,2026-05-30T08:10:38+00:00
20260530T081013+0000,governance_summary,治理,success,False,4,,updated governance_summary.parquet,2026-05-30T08:10:38+00:00
20260530T081013+0000,kg_fact_events,知識圖譜,success,False,151,2026-05-30T04:45:38+00:00,updated kg/fact_events.parquet,2026-05-30T08:10:40+00:00
20260530T081013+0000,kg_narratives,知識圖譜,success,False,151,2026-05-30T04:45:38+00:00,updated kg/narrative_features.parquet,2026-05-30T08:10:40+00:00
20260530T081013+0000,kg_reactions,知識圖譜,success,False,520,2026-05-29T00:00:00+00:00,updated kg/market_reactions.parquet,2026-05-30T08:10:40+00:00
20260530T081013+0000,kg_links,知識圖譜,success,False,261,2026-05-30T08:10:39+00:00,updated kg/event_links.parquet,2026-05-30T08:10:40+00:00
20260530T081013+0000,kg_metadata,知識圖譜,success,False,1,2026-05-30T08:10:13+00:00,updated kg/kg_metadata.json,2026-05-30T08:10:40+00:00
20260530T081013+0000,prediction_log,模型,success,False,30,2026-05-29T00:00:00+00:00,updated prediction_log.csv,2026-05-30T08:10:42+00:00
20260530T081013+0000,lstm_features,模型,success,False,69,2026-04-28T00:00:00+00:00,updated lstm/lstm_features.parquet,2026-05-30T08:10:48+00:00
20260530T081013+0000,lstm_status,模型,success,False,69,2026-05-30T08:10:48+00:00,updated lstm status,2026-05-30T08:10:48+00:00
20260530T084341+0000,market_prices,主資料,success,True,116843,2026-05-29T00:00:00+00:00,updated prices.parquet,2026-05-30T08:43:44+00:00
20260530T084341+0000,market_macro,主資料,success,True,17626,2026-05-28T00:00:00+00:00,updated macro.parquet,2026-05-30T08:43:44+00:00
20260530T084341+0000,watchlist_news,新聞,success,True,120,2026-05-30T07:43:01+00:00,updated news.parquet,2026-05-30T08:43:49+00:00
20260530T084341+0000,international_news,新聞,success,False,38,2026-05-30T04:45:38+00:00,updated international_news.parquet,2026-05-30T08:43:52+00:00
20260530T084341+0000,discovery_news,探索,success,False,34,2026-05-30T07:02:46+00:00,updated discovery_news.parquet,2026-05-30T08:43:53+00:00
20260530T084341+0000,tsla_focus_news,專題,success,False,48,2026-05-30T06:24:00+00:00,updated tsla_keyword_news.parquet,2026-05-30T08:44:01+00:00
20260530T084341+0000,discovery_mentions,探索,success,False,9,2026-05-29T19:00:00+00:00,updated discovery_mentions.parquet,2026-05-30T08:44:05+00:00
20260530T084341+0000,discovery_candidates,探索,success,False,9,2026-05-30T08:43:41+00:00,updated discovery_candidates.parquet,2026-05-30T08:44:05+00:00
20260530T084341+0000,discovery_history,探索,success,False,97,2026-05-30T00:00:00+00:00,updated discovery_history.parquet,2026-05-30T08:44:05+00:00
20260530T084341+0000,discovery_performance,探索,success,False,264,2026-05-29T00:00:00+00:00,updated discovery_performance.parquet,2026-05-30T08:44:05+00:00
20260530T084341+0000,governance_summary,治理,success,False,4,,updated governance_summary.parquet,2026-05-30T08:44:05+00:00
20260530T084341+0000,kg_fact_events,知識圖譜,success,False,151,2026-05-30T07:43:01+00:00,updated kg/fact_events.parquet,2026-05-30T08:44:06+00:00
20260530T084341+0000,kg_narratives,知識圖譜,success,False,151,2026-05-30T07:43:01+00:00,updated kg/narrative_features.parquet,2026-05-30T08:44:06+00:00
20260530T084341+0000,kg_reactions,知識圖譜,success,False,512,2026-05-29T00:00:00+00:00,updated kg/market_reactions.parquet,2026-05-30T08:44:06+00:00
20260530T084341+0000,kg_links,知識圖譜,success,False,262,2026-05-30T08:44:05+00:00,updated kg/event_links.parquet,2026-05-30T08:44:06+00:00
20260530T084341+0000,kg_metadata,知識圖譜,success,False,1,2026-05-30T08:43:41+00:00,updated kg/kg_metadata.json,2026-05-30T08:44:06+00:00
20260530T084341+0000,prediction_log,模型,success,False,30,2026-05-29T00:00:00+00:00,updated prediction_log.csv,2026-05-30T08:44:08+00:00
20260530T084341+0000,lstm_features,模型,success,False,69,2026-04-28T00:00:00+00:00,updated lstm/lstm_features.parquet,2026-05-30T08:44:12+00:00
20260530T084341+0000,lstm_status,模型,success,False,69,2026-05-30T08:44:12+00:00,updated lstm status,2026-05-30T08:44:12+00:00
20260530T155439+0000,market_prices,主資料,success,True,116843,2026-05-29T00:00:00+00:00,updated prices.parquet,2026-05-30T15:57:33+00:00
20260530T155439+0000,market_macro,主資料,fallback,True,17626,2026-05-28T00:00:00+00:00,row count 786 below 20% of previous cache (17626),2026-05-30T15:57:33+00:00
20260530T155439+0000,watchlist_news,新聞,fallback,True,120,2026-05-30T07:43:01+00:00,latest published regressed from 2026-05-30T07:43:01+00:00 to 2026-05-30T00:11:39+00:00,2026-05-30T15:57:41+00:00
20260530T155439+0000,international_news,新聞,success,False,37,2026-05-30T10:30:42+00:00,updated international_news.parquet,2026-05-30T15:57:43+00:00
20260530T155439+0000,discovery_news,探索,success,False,34,2026-05-30T13:51:59+00:00,updated discovery_news.parquet,2026-05-30T15:57:46+00:00
20260530T155439+0000,tsla_focus_news,專題,success,False,50,2026-05-30T09:00:00+00:00,updated tsla_keyword_news.parquet,2026-05-30T15:57:56+00:00
20260530T155439+0000,discovery_mentions,探索,success,False,9,2026-05-28T16:49:08+00:00,updated discovery_mentions.parquet,2026-05-30T15:58:01+00:00
20260530T155439+0000,discovery_candidates,探索,success,False,9,2026-05-30T15:54:39+00:00,updated discovery_candidates.parquet,2026-05-30T15:58:01+00:00
20260530T155439+0000,discovery_history,探索,success,False,97,2026-05-30T00:00:00+00:00,updated discovery_history.parquet,2026-05-30T15:58:01+00:00
20260530T155439+0000,discovery_performance,探索,success,False,264,2026-05-29T00:00:00+00:00,updated discovery_performance.parquet,2026-05-30T15:58:01+00:00
20260530T155439+0000,governance_summary,治理,success,False,4,,updated governance_summary.parquet,2026-05-30T15:58:01+00:00
20260530T155439+0000,kg_fact_events,知識圖譜,success,False,150,2026-05-30T10:30:42+00:00,updated kg/fact_events.parquet,2026-05-30T15:58:03+00:00
20260530T155439+0000,kg_narratives,知識圖譜,success,False,150,2026-05-30T10:30:42+00:00,updated kg/narrative_features.parquet,2026-05-30T15:58:03+00:00
20260530T155439+0000,kg_reactions,知識圖譜,success,False,512,2026-05-29T00:00:00+00:00,updated kg/market_reactions.parquet,2026-05-30T15:58:03+00:00
20260530T155439+0000,kg_links,知識圖譜,success,False,259,2026-05-30T15:58:02+00:00,updated kg/event_links.parquet,2026-05-30T15:58:03+00:00
20260530T155439+0000,kg_metadata,知識圖譜,success,False,1,2026-05-30T15:54:39+00:00,updated kg/kg_metadata.json,2026-05-30T15:58:03+00:00
20260530T155439+0000,prediction_log,模型,success,False,30,2026-05-29T00:00:00+00:00,updated prediction_log.csv,2026-05-30T15:58:05+00:00
20260530T155439+0000,lstm_features,模型,success,False,69,2026-04-28T00:00:00+00:00,updated lstm/lstm_features.parquet,2026-05-30T15:58:11+00:00
20260530T155439+0000,lstm_status,模型,success,False,69,2026-05-30T15:58:11+00:00,updated lstm status,2026-05-30T15:58:11+00:00
20260530T213800+0000,market_prices,主資料,success,True,116843,2026-05-29T00:00:00+00:00,updated prices.parquet,2026-05-30T21:38:04+00:00
20260530T213800+0000,market_macro,主資料,success,True,17627,2026-05-29T00:00:00+00:00,updated macro.parquet,2026-05-30T21:38:04+00:00
20260530T213800+0000,watchlist_news,新聞,success,True,120,2026-05-30T15:19:20+00:00,updated news.parquet,2026-05-30T21:38:10+00:00
20260530T213800+0000,international_news,新聞,success,False,37,2026-05-30T10:30:42+00:00,updated international_news.parquet,2026-05-30T21:38:12+00:00
20260530T213800+0000,discovery_news,探索,success,False,33,2026-05-30T18:48:54+00:00,updated discovery_news.parquet,2026-05-30T21:38:14+00:00
20260530T213800+0000,tsla_focus_news,專題,success,False,54,2026-05-30T09:00:00+00:00,updated tsla_keyword_news.parquet,2026-05-30T21:38:22+00:00
20260530T213800+0000,discovery_mentions,探索,success,False,10,2026-05-29T19:00:00+00:00,updated discovery_mentions.parquet,2026-05-30T21:38:25+00:00
20260530T213800+0000,discovery_candidates,探索,success,False,9,2026-05-30T21:38:00+00:00,updated discovery_candidates.parquet,2026-05-30T21:38:25+00:00
20260530T213800+0000,discovery_history,探索,success,False,97,2026-05-30T00:00:00+00:00,updated discovery_history.parquet,2026-05-30T21:38:25+00:00
20260530T213800+0000,discovery_performance,探索,success,False,264,2026-05-29T00:00:00+00:00,updated discovery_performance.parquet,2026-05-30T21:38:25+00:00
20260530T213800+0000,governance_summary,治理,success,False,4,,updated governance_summary.parquet,2026-05-30T21:38:25+00:00
20260530T213800+0000,kg_fact_events,知識圖譜,success,False,152,2026-05-30T15:19:20+00:00,updated kg/fact_events.parquet,2026-05-30T21:38:27+00:00
20260530T213800+0000,kg_narratives,知識圖譜,success,False,152,2026-05-30T15:19:20+00:00,updated kg/narrative_features.parquet,2026-05-30T21:38:27+00:00
20260530T213800+0000,kg_reactions,知識圖譜,success,False,520,2026-05-29T00:00:00+00:00,updated kg/market_reactions.parquet,2026-05-30T21:38:27+00:00
20260530T213800+0000,kg_links,知識圖譜,success,False,265,2026-05-30T21:38:25+00:00,updated kg/event_links.parquet,2026-05-30T21:38:27+00:00
20260530T213800+0000,kg_metadata,知識圖譜,success,False,1,2026-05-30T21:38:00+00:00,updated kg/kg_metadata.json,2026-05-30T21:38:27+00:00
20260530T213800+0000,prediction_log,模型,success,False,30,2026-05-29T00:00:00+00:00,updated prediction_log.csv,2026-05-30T21:38:28+00:00
20260530T213800+0000,lstm_features,模型,success,False,69,2026-04-28T00:00:00+00:00,updated lstm/lstm_features.parquet,2026-05-30T21:38:33+00:00
20260530T213800+0000,lstm_status,模型,success,False,69,2026-05-30T21:38:33+00:00,updated lstm status,2026-05-30T21:38:33+00:00
20260531T093828+0000,market_prices,主資料,success,True,116825,2026-05-29T00:00:00+00:00,updated prices.parquet,2026-05-31T09:38:31+00:00
20260531T093828+0000,market_macro,主資料,success,True,17624,2026-05-29T00:00:00+00:00,updated macro.parquet,2026-05-31T09:38:31+00:00
20260531T093828+0000,watchlist_news,新聞,success,True,120,2026-05-30T19:43:29+00:00,updated news.parquet,2026-05-31T09:38:37+00:00
20260531T093828+0000,international_news,新聞,success,False,37,2026-05-30T10:30:42+00:00,updated international_news.parquet,2026-05-31T09:38:39+00:00
20260531T093828+0000,discovery_news,探索,fallback,False,33,2026-05-30T18:48:54+00:00,latest published regressed from 2026-05-30T18:48:54+00:00 to 2026-05-30T11:21:31+00:00,2026-05-31T09:38:41+00:00
20260531T093828+0000,tsla_focus_news,專題,success,False,53,2026-05-30T16:13:00+00:00,updated tsla_keyword_news.parquet,2026-05-31T09:38:49+00:00
20260531T093828+0000,discovery_mentions,探索,success,False,10,2026-05-29T19:00:00+00:00,updated discovery_mentions.parquet,2026-05-31T09:38:51+00:00
20260531T093828+0000,discovery_candidates,探索,success,False,9,2026-05-31T09:38:28+00:00,updated discovery_candidates.parquet,2026-05-31T09:38:51+00:00
20260531T093828+0000,discovery_history,探索,success,False,106,2026-05-31T00:00:00+00:00,updated discovery_history.parquet,2026-05-31T09:38:51+00:00
20260531T093828+0000,discovery_performance,探索,success,False,264,2026-05-29T00:00:00+00:00,updated discovery_performance.parquet,2026-05-31T09:38:51+00:00
20260531T093828+0000,governance_summary,治理,success,False,4,,updated governance_summary.parquet,2026-05-31T09:38:51+00:00
20260531T093828+0000,kg_fact_events,知識圖譜,success,False,151,2026-05-30T19:43:29+00:00,updated kg/fact_events.parquet,2026-05-31T09:38:53+00:00
20260531T093828+0000,kg_narratives,知識圖譜,success,False,151,2026-05-30T19:43:29+00:00,updated kg/narrative_features.parquet,2026-05-31T09:38:53+00:00
20260531T093828+0000,kg_reactions,知識圖譜,success,False,492,2026-05-29T00:00:00+00:00,updated kg/market_reactions.parquet,2026-05-31T09:38:53+00:00
20260531T093828+0000,kg_links,知識圖譜,success,False,261,2026-05-31T09:38:52+00:00,updated kg/event_links.parquet,2026-05-31T09:38:53+00:00
20260531T093828+0000,kg_metadata,知識圖譜,success,False,1,2026-05-31T09:38:28+00:00,updated kg/kg_metadata.json,2026-05-31T09:38:53+00:00
20260531T093828+0000,prediction_log,模型,success,False,30,2026-05-29T00:00:00+00:00,updated prediction_log.csv,2026-05-31T09:38:54+00:00
20260531T093828+0000,lstm_features,模型,success,False,71,2026-04-29T00:00:00+00:00,updated lstm/lstm_features.parquet,2026-05-31T09:39:00+00:00
20260531T093828+0000,lstm_status,模型,success,False,71,2026-05-31T09:39:00+00:00,updated lstm status,2026-05-31T09:39:00+00:00
20260531T095923+0000,market_prices,主資料,success,True,116825,2026-05-29T00:00:00+00:00,updated prices.parquet,2026-05-31T09:59:26+00:00
20260531T095923+0000,market_macro,主資料,success,True,17624,2026-05-29T00:00:00+00:00,updated macro.parquet,2026-05-31T09:59:26+00:00
20260531T095923+0000,watchlist_news,新聞,success,True,120,2026-05-30T19:43:29+00:00,updated news.parquet,2026-05-31T09:59:32+00:00
20260531T095923+0000,international_news,新聞,success,False,37,2026-05-30T10:30:42+00:00,updated international_news.parquet,2026-05-31T09:59:34+00:00
20260531T095923+0000,discovery_news,探索,success,False,35,2026-05-30T19:16:13+00:00,updated discovery_news.parquet,2026-05-31T09:59:36+00:00
20260531T095923+0000,tsla_focus_news,專題,success,False,53,2026-05-30T16:39:00+00:00,updated tsla_keyword_news.parquet,2026-05-31T09:59:45+00:00
20260531T095923+0000,discovery_mentions,探索,success,False,5,2026-05-30T19:16:13+00:00,updated discovery_mentions.parquet,2026-05-31T09:59:47+00:00
20260531T095923+0000,discovery_candidates,探索,success,False,4,2026-05-31T09:59:23+00:00,updated discovery_candidates.parquet,2026-05-31T09:59:47+00:00
20260531T095923+0000,discovery_history,探索,success,False,101,2026-05-31T00:00:00+00:00,updated discovery_history.parquet,2026-05-31T09:59:47+00:00
20260531T095923+0000,discovery_performance,探索,success,False,264,2026-05-29T00:00:00+00:00,updated discovery_performance.parquet,2026-05-31T09:59:47+00:00
20260531T095923+0000,governance_summary,治理,success,False,4,,updated governance_summary.parquet,2026-05-31T09:59:47+00:00
20260531T095923+0000,kg_fact_events,知識圖譜,success,False,151,2026-05-30T19:43:29+00:00,updated kg/fact_events.parquet,2026-05-31T09:59:49+00:00
20260531T095923+0000,kg_narratives,知識圖譜,success,False,151,2026-05-30T19:43:29+00:00,updated kg/narrative_features.parquet,2026-05-31T09:59:49+00:00
20260531T095923+0000,kg_reactions,知識圖譜,success,False,484,2026-05-29T00:00:00+00:00,updated kg/market_reactions.parquet,2026-05-31T09:59:49+00:00
20260531T095923+0000,kg_links,知識圖譜,success,False,259,2026-05-31T09:59:48+00:00,updated kg/event_links.parquet,2026-05-31T09:59:49+00:00
20260531T095923+0000,kg_metadata,知識圖譜,success,False,1,2026-05-31T09:59:23+00:00,updated kg/kg_metadata.json,2026-05-31T09:59:49+00:00
20260531T095923+0000,prediction_log,模型,success,False,30,2026-05-29T00:00:00+00:00,updated prediction_log.csv,2026-05-31T09:59:50+00:00
20260531T095923+0000,lstm_features,模型,success,False,71,2026-04-29T00:00:00+00:00,updated lstm/lstm_features.parquet,2026-05-31T09:59:56+00:00
20260531T095923+0000,lstm_status,模型,success,False,71,2026-05-31T09:59:56+00:00,updated lstm status,2026-05-31T09:59:56+00:00
20260531T155719+0000,market_prices,主資料,success,True,116825,2026-05-29T00:00:00+00:00,updated prices.parquet,2026-05-31T15:57:27+00:00
20260531T155719+0000,market_macro,主資料,success,True,17624,2026-05-29T00:00:00+00:00,updated macro.parquet,2026-05-31T15:57:27+00:00
20260531T155719+0000,watchlist_news,新聞,success,True,120,2026-05-31T13:26:28+00:00,updated news.parquet,2026-05-31T15:57:35+00:00
20260531T155719+0000,international_news,新聞,success,False,37,2026-05-30T10:30:42+00:00,updated international_news.parquet,2026-05-31T15:57:37+00:00
20260531T155719+0000,discovery_news,探索,success,False,35,2026-05-30T19:16:13+00:00,updated discovery_news.parquet,2026-05-31T15:57:39+00:00
20260531T155719+0000,tsla_focus_news,專題,success,False,55,2026-05-31T07:00:00+00:00,updated tsla_keyword_news.parquet,2026-05-31T15:57:49+00:00
20260531T155719+0000,discovery_mentions,探索,success,False,5,2026-05-30T19:16:13+00:00,updated discovery_mentions.parquet,2026-05-31T15:57:54+00:00
20260531T155719+0000,discovery_candidates,探索,success,False,4,2026-05-31T15:57:19+00:00,updated discovery_candidates.parquet,2026-05-31T15:57:54+00:00
20260531T155719+0000,discovery_history,探索,success,False,101,2026-05-31T00:00:00+00:00,updated discovery_history.parquet,2026-05-31T15:57:54+00:00
20260531T155719+0000,discovery_performance,探索,success,False,264,2026-05-29T00:00:00+00:00,updated discovery_performance.parquet,2026-05-31T15:57:54+00:00
20260531T155719+0000,governance_summary,治理,success,False,4,,updated governance_summary.parquet,2026-05-31T15:57:54+00:00
20260531T155719+0000,kg_fact_events,知識圖譜,success,False,151,2026-05-31T13:26:28+00:00,updated kg/fact_events.parquet,2026-05-31T15:57:56+00:00
20260531T155719+0000,kg_narratives,知識圖譜,success,False,151,2026-05-31T13:26:28+00:00,updated kg/narrative_features.parquet,2026-05-31T15:57:56+00:00
20260531T155719+0000,kg_reactions,知識圖譜,success,False,456,2026-05-29T00:00:00+00:00,updated kg/market_reactions.parquet,2026-05-31T15:57:56+00:00
20260531T155719+0000,kg_links,知識圖譜,success,False,266,2026-05-31T15:57:55+00:00,updated kg/event_links.parquet,2026-05-31T15:57:56+00:00
20260531T155719+0000,kg_metadata,知識圖譜,success,False,1,2026-05-31T15:57:19+00:00,updated kg/kg_metadata.json,2026-05-31T15:57:56+00:00
20260531T155719+0000,prediction_log,模型,success,False,30,2026-05-29T00:00:00+00:00,updated prediction_log.csv,2026-05-31T15:57:58+00:00
20260531T155719+0000,lstm_features,模型,success,False,71,2026-04-29T00:00:00+00:00,updated lstm/lstm_features.parquet,2026-05-31T15:58:03+00:00
20260531T155719+0000,lstm_status,模型,success,False,71,2026-05-31T15:58:03+00:00,updated lstm status,2026-05-31T15:58:03+00:00
20260531T213800+0000,market_prices,主資料,success,True,116825,2026-05-29T00:00:00+00:00,updated prices.parquet,2026-05-31T21:38:03+00:00
20260531T213800+0000,market_macro,主資料,success,True,17624,2026-05-29T00:00:00+00:00,updated macro.parquet,2026-05-31T21:38:03+00:00
20260531T213800+0000,watchlist_news,新聞,success,True,120,2026-05-31T14:38:37+00:00,updated news.parquet,2026-05-31T21:38:09+00:00
20260531T213800+0000,international_news,新聞,success,False,36,2026-05-31T16:30:50+00:00,updated international_news.parquet,2026-05-31T21:38:11+00:00
20260531T213800+0000,discovery_news,探索,success,False,35,2026-05-31T13:45:00+00:00,updated discovery_news.parquet,2026-05-31T21:38:13+00:00
20260531T213800+0000,tsla_focus_news,專題,success,False,52,2026-05-31T19:33:21+00:00,updated tsla_keyword_news.parquet,2026-05-31T21:38:22+00:00
20260531T213800+0000,discovery_mentions,探索,success,False,5,2026-05-30T19:16:13+00:00,updated discovery_mentions.parquet,2026-05-31T21:38:24+00:00
20260531T213800+0000,discovery_candidates,探索,success,False,4,2026-05-31T21:38:00+00:00,updated discovery_candidates.parquet,2026-05-31T21:38:25+00:00
20260531T213800+0000,discovery_history,探索,success,False,101,2026-05-31T00:00:00+00:00,updated discovery_history.parquet,2026-05-31T21:38:25+00:00
20260531T213800+0000,discovery_performance,探索,success,False,264,2026-05-29T00:00:00+00:00,updated discovery_performance.parquet,2026-05-31T21:38:25+00:00
20260531T213800+0000,governance_summary,治理,success,False,4,,updated governance_summary.parquet,2026-05-31T21:38:25+00:00
20260531T213800+0000,kg_fact_events,知識圖譜,success,False,151,2026-05-31T16:30:50+00:00,updated kg/fact_events.parquet,2026-05-31T21:38:26+00:00
20260531T213800+0000,kg_narratives,知識圖譜,success,False,151,2026-05-31T16:30:50+00:00,updated kg/narrative_features.parquet,2026-05-31T21:38:26+00:00
20260531T213800+0000,kg_reactions,知識圖譜,success,False,464,2026-05-29T00:00:00+00:00,updated kg/market_reactions.parquet,2026-05-31T21:38:26+00:00
20260531T213800+0000,kg_links,知識圖譜,success,False,261,2026-05-31T21:38:25+00:00,updated kg/event_links.parquet,2026-05-31T21:38:26+00:00
20260531T213800+0000,kg_metadata,知識圖譜,success,False,1,2026-05-31T21:38:00+00:00,updated kg/kg_metadata.json,2026-05-31T21:38:26+00:00
20260531T213800+0000,prediction_log,模型,success,False,30,2026-05-29T00:00:00+00:00,updated prediction_log.csv,2026-05-31T21:38:27+00:00
20260531T213800+0000,lstm_features,模型,success,False,71,2026-04-29T00:00:00+00:00,updated lstm/lstm_features.parquet,2026-05-31T21:38:31+00:00
20260531T213800+0000,lstm_status,模型,success,False,71,2026-05-31T21:38:31+00:00,updated lstm status,2026-05-31T21:38:31+00:00
20260601T192444+0000,market_prices,主資料,success,True,116837,2026-06-01T00:00:00+00:00,updated prices.parquet,2026-06-01T19:24:48+00:00
20260601T192444+0000,market_macro,主資料,success,True,17619,2026-05-31T00:00:00+00:00,updated macro.parquet,2026-06-01T19:24:48+00:00
20260601T192444+0000,watchlist_news,新聞,success,True,119,2026-06-01T18:02:00+00:00,updated news.parquet,2026-06-01T19:24:55+00:00
20260601T192444+0000,international_news,新聞,success,False,34,2026-06-01T14:51:00+00:00,updated international_news.parquet,2026-06-01T19:24:58+00:00
20260601T192444+0000,discovery_news,探索,success,False,35,2026-06-01T14:44:59+00:00,updated discovery_news.parquet,2026-06-01T19:25:00+00:00
20260601T192444+0000,tsla_focus_news,專題,success,False,50,2026-06-01T17:35:14+00:00,updated tsla_keyword_news.parquet,2026-06-01T19:25:09+00:00
20260601T192444+0000,discovery_mentions,探索,success,False,7,2026-05-31T14:10:48+00:00,updated discovery_mentions.parquet,2026-06-01T19:25:14+00:00
20260601T192444+0000,discovery_candidates,探索,success,False,7,2026-06-01T19:24:44+00:00,updated discovery_candidates.parquet,2026-06-01T19:25:14+00:00
20260601T192444+0000,discovery_history,探索,success,False,108,2026-06-01T00:00:00+00:00,updated discovery_history.parquet,2026-06-01T19:25:14+00:00
20260601T192444+0000,discovery_performance,探索,success,False,324,2026-06-01T00:00:00+00:00,updated discovery_performance.parquet,2026-06-01T19:25:15+00:00
20260601T192444+0000,governance_summary,治理,success,False,4,,updated governance_summary.parquet,2026-06-01T19:25:15+00:00
20260601T192444+0000,kg_fact_events,知識圖譜,success,False,150,2026-06-01T18:02:00+00:00,updated kg/fact_events.parquet,2026-06-01T19:25:17+00:00
20260601T192444+0000,kg_narratives,知識圖譜,success,False,150,2026-06-01T18:02:00+00:00,updated kg/narrative_features.parquet,2026-06-01T19:25:17+00:00
20260601T192444+0000,kg_reactions,知識圖譜,success,False,528,2026-06-01T00:00:00+00:00,updated kg/market_reactions.parquet,2026-06-01T19:25:17+00:00
20260601T192444+0000,kg_links,知識圖譜,success,False,266,2026-06-01T19:25:15+00:00,updated kg/event_links.parquet,2026-06-01T19:25:17+00:00
20260601T192444+0000,kg_metadata,知識圖譜,success,False,1,2026-06-01T19:24:44+00:00,updated kg/kg_metadata.json,2026-06-01T19:25:17+00:00
20260601T192444+0000,prediction_log,模型,success,False,33,2026-06-01T00:00:00+00:00,updated prediction_log.csv,2026-06-01T19:25:18+00:00
20260601T192444+0000,lstm_features,模型,success,False,69,2026-04-30T00:00:00+00:00,updated lstm/lstm_features.parquet,2026-06-01T19:25:25+00:00
20260601T192444+0000,lstm_status,模型,success,False,69,2026-06-01T19:25:25+00:00,updated lstm status,2026-06-01T19:25:25+00:00
20260601T193007+0000,market_prices,主資料,success,True,116837,2026-06-01T00:00:00+00:00,updated prices.parquet,2026-06-01T19:30:10+00:00
20260601T193007+0000,market_macro,主資料,success,True,17619,2026-05-31T00:00:00+00:00,updated macro.parquet,2026-06-01T19:30:10+00:00
20260601T193007+0000,watchlist_news,新聞,success,True,120,2026-06-01T18:02:00+00:00,updated news.parquet,2026-06-01T19:30:16+00:00
20260601T193007+0000,international_news,新聞,success,False,33,2026-06-01T14:51:00+00:00,updated international_news.parquet,2026-06-01T19:30:18+00:00
20260601T193007+0000,discovery_news,探索,success,False,35,2026-06-01T14:44:59+00:00,updated discovery_news.parquet,2026-06-01T19:30:20+00:00
20260601T193007+0000,tsla_focus_news,專題,success,False,49,2026-06-01T17:35:14+00:00,updated tsla_keyword_news.parquet,2026-06-01T19:30:30+00:00
20260601T193007+0000,discovery_mentions,探索,success,False,7,2026-05-31T14:10:48+00:00,updated discovery_mentions.parquet,2026-06-01T19:30:33+00:00
20260601T193007+0000,discovery_candidates,探索,success,False,7,2026-06-01T19:30:07+00:00,updated discovery_candidates.parquet,2026-06-01T19:30:33+00:00
20260601T193007+0000,discovery_history,探索,success,False,108,2026-06-01T00:00:00+00:00,updated discovery_history.parquet,2026-06-01T19:30:33+00:00
20260601T193007+0000,discovery_performance,探索,success,False,324,2026-06-01T00:00:00+00:00,updated discovery_performance.parquet,2026-06-01T19:30:33+00:00
20260601T193007+0000,governance_summary,治理,success,False,4,,updated governance_summary.parquet,2026-06-01T19:30:33+00:00
20260601T193007+0000,kg_fact_events,知識圖譜,success,False,150,2026-06-01T18:02:00+00:00,updated kg/fact_events.parquet,2026-06-01T19:30:35+00:00
20260601T193007+0000,kg_narratives,知識圖譜,success,False,150,2026-06-01T18:02:00+00:00,updated kg/narrative_features.parquet,2026-06-01T19:30:35+00:00
20260601T193007+0000,kg_reactions,知識圖譜,success,False,536,2026-06-01T00:00:00+00:00,updated kg/market_reactions.parquet,2026-06-01T19:30:35+00:00
20260601T193007+0000,kg_links,知識圖譜,success,False,266,2026-06-01T19:30:34+00:00,updated kg/event_links.parquet,2026-06-01T19:30:35+00:00
20260601T193007+0000,kg_metadata,知識圖譜,success,False,1,2026-06-01T19:30:07+00:00,updated kg/kg_metadata.json,2026-06-01T19:30:35+00:00
20260601T193007+0000,prediction_log,模型,success,False,33,2026-06-01T00:00:00+00:00,updated prediction_log.csv,2026-06-01T19:30:37+00:00
20260601T193007+0000,lstm_features,模型,success,False,69,2026-04-30T00:00:00+00:00,updated lstm/lstm_features.parquet,2026-06-01T19:30:43+00:00
20260601T193007+0000,lstm_status,模型,success,False,69,2026-06-01T19:30:43+00:00,updated lstm status,2026-06-01T19:30:43+00:00
20260602T125333+0000,market_prices,主資料,success,True,116821,2026-06-02T00:00:00+00:00,updated prices.parquet,2026-06-02T12:53:36+00:00
20260602T125333+0000,market_macro,主資料,success,True,17619,2026-06-01T00:00:00+00:00,updated macro.parquet,2026-06-02T12:53:37+00:00
20260602T125333+0000,watchlist_news,新聞,success,True,120,2026-06-02T10:05:00+00:00,updated news.parquet,2026-06-02T12:53:43+00:00
20260602T125333+0000,international_news,新聞,success,False,36,2026-06-01T21:50:19+00:00,updated international_news.parquet,2026-06-02T12:53:45+00:00
20260602T125333+0000,discovery_news,探索,success,False,35,2026-06-02T12:03:37+00:00,updated discovery_news.parquet,2026-06-02T12:53:47+00:00
20260602T125333+0000,tsla_focus_news,專題,success,False,49,2026-06-02T05:30:00+00:00,updated tsla_keyword_news.parquet,2026-06-02T12:53:56+00:00
20260602T125333+0000,discovery_mentions,探索,success,False,10,2026-06-02T12:03:37+00:00,updated discovery_mentions.parquet,2026-06-02T12:53:58+00:00
20260602T125333+0000,discovery_candidates,探索,success,False,7,2026-06-02T12:53:33+00:00,updated discovery_candidates.parquet,2026-06-02T12:53:58+00:00
20260602T125333+0000,discovery_history,探索,success,False,115,2026-06-02T00:00:00+00:00,updated discovery_history.parquet,2026-06-02T12:53:58+00:00
20260602T125333+0000,discovery_performance,探索,success,False,324,2026-06-01T00:00:00+00:00,updated discovery_performance.parquet,2026-06-02T12:53:58+00:00
20260602T125333+0000,governance_summary,治理,success,False,4,,updated governance_summary.parquet,2026-06-02T12:53:58+00:00
20260602T125333+0000,kg_fact_events,知識圖譜,success,False,152,2026-06-02T10:05:00+00:00,updated kg/fact_events.parquet,2026-06-02T12:54:00+00:00
20260602T125333+0000,kg_narratives,知識圖譜,success,False,152,2026-06-02T10:05:00+00:00,updated kg/narrative_features.parquet,2026-06-02T12:54:00+00:00
20260602T125333+0000,kg_reactions,知識圖譜,success,False,516,2026-06-02T00:00:00+00:00,updated kg/market_reactions.parquet,2026-06-02T12:54:00+00:00
20260602T125333+0000,kg_links,知識圖譜,success,False,282,2026-06-02T12:53:59+00:00,updated kg/event_links.parquet,2026-06-02T12:54:00+00:00
20260602T125333+0000,kg_metadata,知識圖譜,success,False,1,2026-06-02T12:53:33+00:00,updated kg/kg_metadata.json,2026-06-02T12:54:00+00:00
20260602T125333+0000,prediction_log,模型,success,False,33,2026-06-01T00:00:00+00:00,updated prediction_log.csv,2026-06-02T12:54:02+00:00
20260602T125333+0000,lstm_features,模型,success,False,71,2026-05-01T00:00:00+00:00,updated lstm/lstm_features.parquet,2026-06-02T12:54:08+00:00
20260602T125333+0000,lstm_status,模型,success,False,71,2026-06-02T12:54:08+00:00,updated lstm status,2026-06-02T12:54:08+00:00
20260602T125940+0000,market_prices,主資料,success,True,116821,2026-06-02T00:00:00+00:00,updated prices.parquet,2026-06-02T12:59:44+00:00
20260602T125940+0000,market_macro,主資料,success,True,17619,2026-06-01T00:00:00+00:00,updated macro.parquet,2026-06-02T12:59:44+00:00
20260602T125940+0000,watchlist_news,新聞,success,True,120,2026-06-02T10:05:00+00:00,updated news.parquet,2026-06-02T12:59:50+00:00
20260602T125940+0000,international_news,新聞,success,False,36,2026-06-01T21:50:19+00:00,updated international_news.parquet,2026-06-02T12:59:52+00:00
20260602T125940+0000,discovery_news,探索,success,False,35,2026-06-02T12:03:37+00:00,updated discovery_news.parquet,2026-06-02T12:59:54+00:00
20260602T125940+0000,tsla_focus_news,專題,success,False,49,2026-06-02T05:30:00+00:00,updated tsla_keyword_news.parquet,2026-06-02T13:00:03+00:00
20260602T125940+0000,discovery_mentions,探索,success,False,9,2026-06-02T12:03:37+00:00,updated discovery_mentions.parquet,2026-06-02T13:00:05+00:00
20260602T125940+0000,discovery_candidates,探索,success,False,7,2026-06-02T12:59:40+00:00,updated discovery_candidates.parquet,2026-06-02T13:00:05+00:00
20260602T125940+0000,discovery_history,探索,success,False,115,2026-06-02T00:00:00+00:00,updated discovery_history.parquet,2026-06-02T13:00:05+00:00
20260602T125940+0000,discovery_performance,探索,success,False,324,2026-06-01T00:00:00+00:00,updated discovery_performance.parquet,2026-06-02T13:00:05+00:00
20260602T125940+0000,governance_summary,治理,success,False,4,,updated governance_summary.parquet,2026-06-02T13:00:05+00:00
20260602T125940+0000,kg_fact_events,知識圖譜,success,False,153,2026-06-02T10:05:00+00:00,updated kg/fact_events.parquet,2026-06-02T13:00:07+00:00
20260602T125940+0000,kg_narratives,知識圖譜,success,False,153,2026-06-02T10:05:00+00:00,updated kg/narrative_features.parquet,2026-06-02T13:00:07+00:00
20260602T125940+0000,kg_reactions,知識圖譜,success,False,528,2026-06-02T00:00:00+00:00,updated kg/market_reactions.parquet,2026-06-02T13:00:07+00:00
20260602T125940+0000,kg_links,知識圖譜,success,False,276,2026-06-02T13:00:06+00:00,updated kg/event_links.parquet,2026-06-02T13:00:07+00:00
20260602T125940+0000,kg_metadata,知識圖譜,success,False,1,2026-06-02T12:59:40+00:00,updated kg/kg_metadata.json,2026-06-02T13:00:07+00:00
20260602T125940+0000,prediction_log,模型,success,False,33,2026-06-01T00:00:00+00:00,updated prediction_log.csv,2026-06-02T13:00:08+00:00
20260602T125940+0000,lstm_features,模型,success,False,71,2026-05-01T00:00:00+00:00,updated lstm/lstm_features.parquet,2026-06-02T13:00:13+00:00
20260602T125940+0000,lstm_status,模型,success,False,71,2026-06-02T13:00:12+00:00,updated lstm status,2026-06-02T13:00:13+00:00
20260603T001458+0000,market_prices,主資料,success,True,116831,2026-06-02T00:00:00+00:00,updated prices.parquet,2026-06-03T00:19:24+00:00
20260603T001458+0000,market_macro,主資料,fallback,True,17619,2026-06-01T00:00:00+00:00,row count 1569 below 20% of previous cache (17619),2026-06-03T00:19:24+00:00
20260603T001458+0000,watchlist_news,新聞,success,True,120,2026-06-02T22:13:00+00:00,updated news.parquet,2026-06-03T00:19:32+00:00
20260603T001458+0000,international_news,新聞,success,False,36,2026-06-02T22:00:00+00:00,updated international_news.parquet,2026-06-03T00:19:34+00:00
20260603T001458+0000,discovery_news,探索,success,False,34,2026-06-02T22:46:44+00:00,updated discovery_news.parquet,2026-06-03T00:19:37+00:00
20260603T001458+0000,tsla_focus_news,專題,success,False,51,2026-06-02T20:31:01+00:00,updated tsla_keyword_news.parquet,2026-06-03T00:19:48+00:00
20260603T001458+0000,discovery_mentions,探索,success,False,9,2026-06-02T22:46:44+00:00,updated discovery_mentions.parquet,2026-06-03T00:19:54+00:00
20260603T001458+0000,discovery_candidates,探索,success,False,6,2026-06-03T00:14:58+00:00,updated discovery_candidates.parquet,2026-06-03T00:19:54+00:00
20260603T001458+0000,discovery_history,探索,success,False,121,2026-06-03T00:00:00+00:00,updated discovery_history.parquet,2026-06-03T00:19:54+00:00
20260603T001458+0000,discovery_performance,探索,success,False,345,2026-06-02T00:00:00+00:00,updated discovery_performance.parquet,2026-06-03T00:19:54+00:00
20260603T001458+0000,governance_summary,治理,success,False,4,,updated governance_summary.parquet,2026-06-03T00:19:54+00:00
20260603T001458+0000,kg_fact_events,知識圖譜,success,False,153,2026-06-02T22:13:00+00:00,updated kg/fact_events.parquet,2026-06-03T00:19:56+00:00
20260603T001458+0000,kg_narratives,知識圖譜,success,False,153,2026-06-02T22:13:00+00:00,updated kg/narrative_features.parquet,2026-06-03T00:19:56+00:00
20260603T001458+0000,kg_reactions,知識圖譜,success,False,524,2026-06-02T00:00:00+00:00,updated kg/market_reactions.parquet,2026-06-03T00:19:56+00:00
20260603T001458+0000,kg_links,知識圖譜,success,False,285,2026-06-03T00:19:55+00:00,updated kg/event_links.parquet,2026-06-03T00:19:56+00:00
20260603T001458+0000,kg_metadata,知識圖譜,success,False,1,2026-06-03T00:14:58+00:00,updated kg/kg_metadata.json,2026-06-03T00:19:56+00:00
20260603T001458+0000,prediction_log,模型,success,False,36,2026-06-02T00:00:00+00:00,updated prediction_log.csv,2026-06-03T00:19:58+00:00
20260603T001458+0000,lstm_features,模型,success,False,71,2026-05-04T00:00:00+00:00,updated lstm/lstm_features.parquet,2026-06-03T00:20:03+00:00
20260603T001458+0000,lstm_status,模型,success,False,71,2026-06-03T00:20:03+00:00,updated lstm status,2026-06-03T00:20:03+00:00
20260603T160455+0000,market_prices,主資料,success,True,116861,2026-06-03T00:00:00+00:00,updated prices.parquet,2026-06-03T16:09:00+00:00
20260603T160455+0000,market_macro,主資料,fallback,True,17619,2026-06-01T00:00:00+00:00,row count 1571 below 20% of previous cache (17619),2026-06-03T16:09:00+00:00
20260603T160455+0000,watchlist_news,新聞,success,True,120,2026-06-03T15:02:02+00:00,updated news.parquet,2026-06-03T16:09:08+00:00
20260603T160455+0000,international_news,新聞,success,False,35,2026-06-03T13:18:06+00:00,updated international_news.parquet,2026-06-03T16:09:11+00:00
20260603T160455+0000,discovery_news,探索,success,False,28,2026-06-03T13:51:55+00:00,updated discovery_news.parquet,2026-06-03T16:09:14+00:00
20260603T160455+0000,tsla_focus_news,專題,success,False,53,2026-06-03T10:06:49+00:00,updated tsla_keyword_news.parquet,2026-06-03T16:09:25+00:00
20260603T160455+0000,discovery_mentions,探索,success,False,11,2026-06-02T22:46:44+00:00,updated discovery_mentions.parquet,2026-06-03T16:09:31+00:00
20260603T160455+0000,discovery_candidates,探索,success,False,9,2026-06-03T16:04:55+00:00,updated discovery_candidates.parquet,2026-06-03T16:09:31+00:00
20260603T160455+0000,discovery_history,探索,success,False,124,2026-06-03T00:00:00+00:00,updated discovery_history.parquet,2026-06-03T16:09:31+00:00
20260603T160455+0000,discovery_performance,探索,success,False,372,2026-06-03T00:00:00+00:00,updated discovery_performance.parquet,2026-06-03T16:09:31+00:00
20260603T160455+0000,governance_summary,治理,success,False,4,,updated governance_summary.parquet,2026-06-03T16:09:31+00:00
20260603T160455+0000,kg_fact_events,知識圖譜,success,False,152,2026-06-03T15:02:02+00:00,updated kg/fact_events.parquet,2026-06-03T16:09:33+00:00
20260603T160455+0000,kg_narratives,知識圖譜,success,False,152,2026-06-03T15:02:02+00:00,updated kg/narrative_features.parquet,2026-06-03T16:09:33+00:00
20260603T160455+0000,kg_reactions,知識圖譜,success,False,516,2026-06-03T00:00:00+00:00,updated kg/market_reactions.parquet,2026-06-03T16:09:33+00:00
20260603T160455+0000,kg_links,知識圖譜,success,False,267,2026-06-03T16:09:31+00:00,updated kg/event_links.parquet,2026-06-03T16:09:33+00:00
20260603T160455+0000,kg_metadata,知識圖譜,success,False,1,2026-06-03T16:04:55+00:00,updated kg/kg_metadata.json,2026-06-03T16:09:33+00:00
20260603T160455+0000,prediction_log,模型,success,False,39,2026-06-03T00:00:00+00:00,updated prediction_log.csv,2026-06-03T16:09:34+00:00
20260603T160455+0000,lstm_features,模型,success,False,71,2026-05-04T00:00:00+00:00,updated lstm/lstm_features.parquet,2026-06-03T16:09:40+00:00
20260603T160455+0000,lstm_status,模型,success,False,71,2026-06-03T16:09:40+00:00,updated lstm status,2026-06-03T16:09:40+00:00
20260603T200001+0000,market_prices,主資料,success,True,116861,2026-06-03T00:00:00+00:00,updated prices.parquet,2026-06-03T20:04:05+00:00
20260603T200001+0000,market_macro,主資料,fallback,True,17619,2026-06-01T00:00:00+00:00,row count 1571 below 20% of previous cache (17619),2026-06-03T20:04:05+00:00
20260603T200001+0000,watchlist_news,新聞,success,True,120,2026-06-03T18:39:00+00:00,updated news.parquet,2026-06-03T20:04:12+00:00
20260603T200001+0000,international_news,新聞,success,False,35,2026-06-03T13:18:06+00:00,updated international_news.parquet,2026-06-03T20:04:14+00:00
20260603T200001+0000,discovery_news,探索,success,False,35,2026-06-03T17:41:00+00:00,updated discovery_news.parquet,2026-06-03T20:04:17+00:00
20260603T200001+0000,tsla_focus_news,專題,success,False,53,2026-06-03T16:44:12+00:00,updated tsla_keyword_news.parquet,2026-06-03T20:04:26+00:00
20260603T200001+0000,discovery_mentions,探索,success,False,14,2026-06-03T01:18:45+00:00,updated discovery_mentions.parquet,2026-06-03T20:04:30+00:00
20260603T200001+0000,discovery_candidates,探索,success,False,11,2026-06-03T20:00:01+00:00,updated discovery_candidates.parquet,2026-06-03T20:04:30+00:00
20260603T200001+0000,discovery_history,探索,success,False,126,2026-06-03T00:00:00+00:00,updated discovery_history.parquet,2026-06-03T20:04:30+00:00
20260603T200001+0000,discovery_performance,探索,success,False,378,2026-06-03T00:00:00+00:00,updated discovery_performance.parquet,2026-06-03T20:04:30+00:00
20260603T200001+0000,governance_summary,治理,success,False,4,,updated governance_summary.parquet,2026-06-03T20:04:30+00:00
20260603T200001+0000,kg_fact_events,知識圖譜,success,False,152,2026-06-03T18:39:00+00:00,updated kg/fact_events.parquet,2026-06-03T20:04:32+00:00
20260603T200001+0000,kg_narratives,知識圖譜,success,False,152,2026-06-03T18:39:00+00:00,updated kg/narrative_features.parquet,2026-06-03T20:04:32+00:00
20260603T200001+0000,kg_reactions,知識圖譜,success,False,512,2026-06-03T00:00:00+00:00,updated kg/market_reactions.parquet,2026-06-03T20:04:32+00:00
20260603T200001+0000,kg_links,知識圖譜,success,False,272,2026-06-03T20:04:30+00:00,updated kg/event_links.parquet,2026-06-03T20:04:32+00:00
20260603T200001+0000,kg_metadata,知識圖譜,success,False,1,2026-06-03T20:00:01+00:00,updated kg/kg_metadata.json,2026-06-03T20:04:32+00:00
20260603T200001+0000,prediction_log,模型,success,False,39,2026-06-03T00:00:00+00:00,updated prediction_log.csv,2026-06-03T20:04:33+00:00
20260603T200001+0000,lstm_features,模型,success,False,71,2026-05-04T00:00:00+00:00,updated lstm/lstm_features.parquet,2026-06-03T20:04:39+00:00
20260603T200001+0000,lstm_status,模型,success,False,71,2026-06-03T20:04:39+00:00,updated lstm status,2026-06-03T20:04:39+00:00
20260604T105114+0000,market_prices,主資料,success,True,116863,2026-06-04T00:00:00+00:00,updated prices.parquet,2026-06-04T10:55:17+00:00
20260604T105114+0000,market_macro,主資料,fallback,True,17619,2026-06-01T00:00:00+00:00,row count 1571 below 20% of previous cache (17619),2026-06-04T10:55:17+00:00
20260604T105114+0000,watchlist_news,新聞,success,True,120,2026-06-04T10:11:49+00:00,updated news.parquet,2026-06-04T10:55:23+00:00
20260604T105114+0000,international_news,新聞,success,False,38,2026-06-04T09:00:00+00:00,updated international_news.parquet,2026-06-04T10:55:25+00:00
20260604T105114+0000,discovery_news,探索,success,False,28,2026-06-04T04:00:16+00:00,updated discovery_news.parquet,2026-06-04T10:55:28+00:00
20260604T105114+0000,tsla_focus_news,專題,success,False,56,2026-06-04T09:06:11+00:00,updated tsla_keyword_news.parquet,2026-06-04T10:55:36+00:00
20260604T105114+0000,discovery_mentions,探索,success,False,10,2026-06-02T22:46:44+00:00,updated discovery_mentions.parquet,2026-06-04T10:55:38+00:00
20260604T105114+0000,discovery_candidates,探索,success,False,9,2026-06-04T10:51:14+00:00,updated discovery_candidates.parquet,2026-06-04T10:55:38+00:00
20260604T105114+0000,discovery_history,探索,success,False,135,2026-06-04T00:00:00+00:00,updated discovery_history.parquet,2026-06-04T10:55:38+00:00
20260604T105114+0000,discovery_performance,探索,success,False,378,2026-06-03T00:00:00+00:00,updated discovery_performance.parquet,2026-06-04T10:55:38+00:00
20260604T105114+0000,governance_summary,治理,success,False,4,,updated governance_summary.parquet,2026-06-04T10:55:38+00:00
20260604T105114+0000,kg_fact_events,知識圖譜,success,False,154,2026-06-04T10:11:49+00:00,updated kg/fact_events.parquet,2026-06-04T10:55:41+00:00
20260604T105114+0000,kg_narratives,知識圖譜,success,False,154,2026-06-04T10:11:49+00:00,updated kg/narrative_features.parquet,2026-06-04T10:55:41+00:00
20260604T105114+0000,kg_reactions,知識圖譜,success,False,512,2026-06-04T00:00:00+00:00,updated kg/market_reactions.parquet,2026-06-04T10:55:41+00:00
20260604T105114+0000,kg_links,知識圖譜,success,False,276,2026-06-04T10:55:39+00:00,updated kg/event_links.parquet,2026-06-04T10:55:41+00:00
20260604T105114+0000,kg_metadata,知識圖譜,success,False,1,2026-06-04T10:51:14+00:00,updated kg/kg_metadata.json,2026-06-04T10:55:41+00:00
20260604T105114+0000,prediction_log,模型,success,False,39,2026-06-03T00:00:00+00:00,updated prediction_log.csv,2026-06-04T10:55:42+00:00
20260604T105114+0000,lstm_features,模型,success,False,71,2026-05-04T00:00:00+00:00,updated lstm/lstm_features.parquet,2026-06-04T10:55:48+00:00
20260604T105114+0000,lstm_status,模型,success,False,71,2026-06-04T10:55:47+00:00,updated lstm status,2026-06-04T10:55:48+00:00
20260604T113656+0000,market_prices,主資料,success,True,116863,2026-06-04T00:00:00+00:00,updated prices.parquet,2026-06-04T11:40:59+00:00
20260604T113656+0000,market_macro,主資料,fallback,True,17619,2026-06-01T00:00:00+00:00,row count 1571 below 20% of previous cache (17619),2026-06-04T11:40:59+00:00
20260604T113656+0000,watchlist_news,新聞,success,True,119,2026-06-04T10:11:49+00:00,updated news.parquet,2026-06-04T11:41:05+00:00
20260604T113656+0000,international_news,新聞,success,False,37,2026-06-04T09:00:00+00:00,updated international_news.parquet,2026-06-04T11:41:07+00:00
20260604T113656+0000,discovery_news,探索,success,False,35,2026-06-04T08:30:28+00:00,updated discovery_news.parquet,2026-06-04T11:41:09+00:00
20260604T113656+0000,tsla_focus_news,專題,success,False,55,2026-06-04T09:06:11+00:00,updated tsla_keyword_news.parquet,2026-06-04T11:41:17+00:00
20260604T113656+0000,discovery_mentions,探索,success,False,12,2026-06-04T08:30:28+00:00,updated discovery_mentions.parquet,2026-06-04T11:41:20+00:00
20260604T113656+0000,discovery_candidates,探索,success,False,10,2026-06-04T11:36:56+00:00,updated discovery_candidates.parquet,2026-06-04T11:41:21+00:00
20260604T113656+0000,discovery_history,探索,success,False,136,2026-06-04T00:00:00+00:00,updated discovery_history.parquet,2026-06-04T11:41:21+00:00
20260604T113656+0000,discovery_performance,探索,success,False,378,2026-06-03T00:00:00+00:00,updated discovery_performance.parquet,2026-06-04T11:41:21+00:00
20260604T113656+0000,governance_summary,治理,success,False,4,,updated governance_summary.parquet,2026-06-04T11:41:21+00:00
20260604T113656+0000,kg_fact_events,知識圖譜,success,False,153,2026-06-04T10:11:49+00:00,updated kg/fact_events.parquet,2026-06-04T11:41:23+00:00
20260604T113656+0000,kg_narratives,知識圖譜,success,False,153,2026-06-04T10:11:49+00:00,updated kg/narrative_features.parquet,2026-06-04T11:41:23+00:00
20260604T113656+0000,kg_reactions,知識圖譜,success,False,508,2026-06-04T00:00:00+00:00,updated kg/market_reactions.parquet,2026-06-04T11:41:23+00:00
20260604T113656+0000,kg_links,知識圖譜,success,False,275,2026-06-04T11:41:21+00:00,updated kg/event_links.parquet,2026-06-04T11:41:23+00:00
20260604T113656+0000,kg_metadata,知識圖譜,success,False,1,2026-06-04T11:36:56+00:00,updated kg/kg_metadata.json,2026-06-04T11:41:23+00:00
20260604T113656+0000,prediction_log,模型,success,False,39,2026-06-03T00:00:00+00:00,updated prediction_log.csv,2026-06-04T11:41:24+00:00
20260604T113656+0000,lstm_features,模型,success,False,71,2026-05-04T00:00:00+00:00,updated lstm/lstm_features.parquet,2026-06-04T11:41:31+00:00
20260604T113656+0000,lstm_status,模型,success,False,71,2026-06-04T11:41:31+00:00,updated lstm status,2026-06-04T11:41:31+00:00
20260604T194851+0000,market_prices,主資料,success,True,116891,2026-06-04T00:00:00+00:00,updated prices.parquet,2026-06-04T19:52:57+00:00
20260604T194851+0000,market_macro,主資料,fallback,True,17619,2026-06-01T00:00:00+00:00,row count 1573 below 20% of previous cache (17619),2026-06-04T19:52:57+00:00
20260604T194851+0000,watchlist_news,新聞,fallback,True,119,2026-06-04T10:11:49+00:00,new frame is empty while previous cache has data,2026-06-04T19:54:51+00:00
20260604T194851+0000,international_news,新聞,fallback,False,37,2026-06-04T09:00:00+00:00,new frame is empty while previous cache has data,2026-06-04T19:55:32+00:00
20260604T194851+0000,discovery_news,探索,fallback,False,35,2026-06-04T08:30:28+00:00,new frame is empty while previous cache has data,2026-06-04T19:56:11+00:00
20260604T194851+0000,tsla_focus_news,專題,fallback,False,55,2026-06-04T09:06:11+00:00,new frame is empty while previous cache has data,2026-06-04T19:58:36+00:00
20260604T194851+0000,discovery_mentions,探索,success,False,12,2026-06-04T08:30:28+00:00,updated discovery_mentions.parquet,2026-06-04T19:58:40+00:00
20260604T194851+0000,discovery_candidates,探索,success,False,10,2026-06-04T19:48:51+00:00,updated discovery_candidates.parquet,2026-06-04T19:58:40+00:00
20260604T194851+0000,discovery_history,探索,success,False,136,2026-06-04T00:00:00+00:00,updated discovery_history.parquet,2026-06-04T19:58:40+00:00
20260604T194851+0000,discovery_performance,探索,success,False,408,2026-06-04T00:00:00+00:00,updated discovery_performance.parquet,2026-06-04T19:58:40+00:00
20260604T194851+0000,governance_summary,治理,success,False,4,,updated governance_summary.parquet,2026-06-04T19:58:40+00:00
20260604T194851+0000,kg_fact_events,知識圖譜,success,False,153,2026-06-04T10:11:49+00:00,updated kg/fact_events.parquet,2026-06-04T19:58:42+00:00
20260604T194851+0000,kg_narratives,知識圖譜,success,False,153,2026-06-04T10:11:49+00:00,updated kg/narrative_features.parquet,2026-06-04T19:58:42+00:00
20260604T194851+0000,kg_reactions,知識圖譜,success,False,508,2026-06-04T00:00:00+00:00,updated kg/market_reactions.parquet,2026-06-04T19:58:42+00:00
20260604T194851+0000,kg_links,知識圖譜,success,False,275,2026-06-04T19:58:40+00:00,updated kg/event_links.parquet,2026-06-04T19:58:42+00:00
20260604T194851+0000,kg_metadata,知識圖譜,success,False,1,2026-06-04T19:48:51+00:00,updated kg/kg_metadata.json,2026-06-04T19:58:42+00:00
20260604T194851+0000,prediction_log,模型,success,False,42,2026-06-04T00:00:00+00:00,updated prediction_log.csv,2026-06-04T19:58:44+00:00
20260604T194851+0000,lstm_features,模型,success,False,69,2026-05-04T00:00:00+00:00,updated lstm/lstm_features.parquet,2026-06-04T19:58:50+00:00
20260604T194851+0000,lstm_status,模型,success,False,69,2026-06-04T19:58:50+00:00,updated lstm status,2026-06-04T19:58:50+00:00
20260605T113934+0000,market_prices,主資料,success,True,116883,2026-06-05T00:00:00+00:00,updated prices.parquet,2026-06-05T11:43:38+00:00
20260605T113934+0000,market_macro,主資料,fallback,True,17619,2026-06-01T00:00:00+00:00,row count 1573 below 20% of previous cache (17619),2026-06-05T11:43:38+00:00
20260605T113934+0000,watchlist_news,新聞,success,True,120,2026-06-05T10:51:00+00:00,updated news.parquet,2026-06-05T11:43:45+00:00
20260605T113934+0000,international_news,新聞,success,False,38,2026-06-04T22:35:06+00:00,updated international_news.parquet,2026-06-05T11:43:47+00:00
20260605T113934+0000,discovery_news,探索,success,False,35,2026-06-05T09:42:29+00:00,updated discovery_news.parquet,2026-06-05T11:43:49+00:00
20260605T113934+0000,tsla_focus_news,專題,success,False,56,2026-06-05T10:03:22+00:00,updated tsla_keyword_news.parquet,2026-06-05T11:43:58+00:00
20260605T113934+0000,discovery_mentions,探索,success,False,8,2026-06-05T09:42:29+00:00,updated discovery_mentions.parquet,2026-06-05T11:44:02+00:00
20260605T113934+0000,discovery_candidates,探索,success,False,6,2026-06-05T11:39:34+00:00,updated discovery_candidates.parquet,2026-06-05T11:44:02+00:00
20260605T113934+0000,discovery_history,探索,success,False,142,2026-06-05T00:00:00+00:00,updated discovery_history.parquet,2026-06-05T11:44:02+00:00
20260605T113934+0000,discovery_performance,探索,success,False,408,2026-06-04T00:00:00+00:00,updated discovery_performance.parquet,2026-06-05T11:44:02+00:00
20260605T113934+0000,governance_summary,治理,success,False,4,,updated governance_summary.parquet,2026-06-05T11:44:02+00:00
20260605T113934+0000,kg_fact_events,知識圖譜,success,False,156,2026-06-05T10:51:00+00:00,updated kg/fact_events.parquet,2026-06-05T11:44:04+00:00
20260605T113934+0000,kg_narratives,知識圖譜,success,False,156,2026-06-05T10:51:00+00:00,updated kg/narrative_features.parquet,2026-06-05T11:44:04+00:00
20260605T113934+0000,kg_reactions,知識圖譜,success,False,496,2026-06-05T00:00:00+00:00,updated kg/market_reactions.parquet,2026-06-05T11:44:04+00:00
20260605T113934+0000,kg_links,知識圖譜,success,False,265,2026-06-05T11:44:03+00:00,updated kg/event_links.parquet,2026-06-05T11:44:04+00:00
20260605T113934+0000,kg_metadata,知識圖譜,success,False,1,2026-06-05T11:39:34+00:00,updated kg/kg_metadata.json,2026-06-05T11:44:04+00:00
20260605T113934+0000,prediction_log,模型,success,False,42,2026-06-04T00:00:00+00:00,updated prediction_log.csv,2026-06-05T11:44:06+00:00
20260605T113934+0000,lstm_features,模型,success,False,69,2026-05-04T00:00:00+00:00,updated lstm/lstm_features.parquet,2026-06-05T11:44:12+00:00
20260605T113934+0000,lstm_status,模型,success,False,69,2026-06-05T11:44:12+00:00,updated lstm status,2026-06-05T11:44:12+00:00
20260605T115126+0000,market_prices,主資料,success,True,111851,2026-06-05T00:00:00+00:00,updated prices.parquet,2026-06-05T11:55:29+00:00
20260605T115126+0000,market_macro,主資料,fallback,True,17619,2026-06-01T00:00:00+00:00,row count 1573 below 20% of previous cache (17619),2026-06-05T11:55:29+00:00
20260605T115126+0000,watchlist_news,新聞,success,True,120,2026-06-05T10:51:00+00:00,updated news.parquet,2026-06-05T11:55:35+00:00
20260605T115126+0000,international_news,新聞,success,False,39,2026-06-04T22:35:06+00:00,updated international_news.parquet,2026-06-05T11:55:37+00:00
20260605T115126+0000,discovery_news,探索,fallback,False,35,2026-06-05T09:42:29+00:00,latest published regressed from 2026-06-05T09:42:29+00:00 to 2026-06-04T19:00:00+00:00,2026-06-05T11:55:39+00:00
20260605T115126+0000,tsla_focus_news,專題,success,False,57,2026-06-05T10:03:22+00:00,updated tsla_keyword_news.parquet,2026-06-05T11:55:48+00:00
20260605T115126+0000,discovery_mentions,探索,success,False,8,2026-06-05T09:42:29+00:00,updated discovery_mentions.parquet,2026-06-05T11:55:51+00:00
20260605T115126+0000,discovery_candidates,探索,success,False,6,2026-06-05T11:51:26+00:00,updated discovery_candidates.parquet,2026-06-05T11:55:51+00:00
20260605T115126+0000,discovery_history,探索,success,False,142,2026-06-05T00:00:00+00:00,updated discovery_history.parquet,2026-06-05T11:55:51+00:00
20260605T115126+0000,discovery_performance,探索,success,False,408,2026-06-04T00:00:00+00:00,updated discovery_performance.parquet,2026-06-05T11:55:51+00:00
20260605T115126+0000,governance_summary,治理,success,False,4,,updated governance_summary.parquet,2026-06-05T11:55:51+00:00
20260605T115126+0000,kg_fact_events,知識圖譜,success,False,157,2026-06-05T10:51:00+00:00,updated kg/fact_events.parquet,2026-06-05T11:55:53+00:00
20260605T115126+0000,kg_narratives,知識圖譜,success,False,157,2026-06-05T10:51:00+00:00,updated kg/narrative_features.parquet,2026-06-05T11:55:53+00:00
20260605T115126+0000,kg_reactions,知識圖譜,success,False,468,2026-06-05T00:00:00+00:00,updated kg/market_reactions.parquet,2026-06-05T11:55:53+00:00
20260605T115126+0000,kg_links,知識圖譜,success,False,267,2026-06-05T11:55:51+00:00,updated kg/event_links.parquet,2026-06-05T11:55:53+00:00
20260605T115126+0000,kg_metadata,知識圖譜,success,False,1,2026-06-05T11:51:26+00:00,updated kg/kg_metadata.json,2026-06-05T11:55:53+00:00
20260605T115126+0000,prediction_log,模型,success,False,42,2026-06-04T00:00:00+00:00,updated prediction_log.csv,2026-06-05T11:55:54+00:00
20260605T115126+0000,lstm_features,模型,success,False,46,2026-05-04T00:00:00+00:00,updated lstm/lstm_features.parquet,2026-06-05T11:55:59+00:00
20260605T115126+0000,lstm_status,模型,success,False,46,2026-06-05T11:55:58+00:00,updated lstm status,2026-06-05T11:55:59+00:00
20260605T183035+0000,market_prices,主資料,success,True,116921,2026-06-05T00:00:00+00:00,updated prices.parquet,2026-06-05T18:34:39+00:00
20260605T183035+0000,market_macro,主資料,fallback,True,17619,2026-06-01T00:00:00+00:00,row count 1573 below 20% of previous cache (17619),2026-06-05T18:34:39+00:00
20260605T183035+0000,watchlist_news,新聞,success,True,120,2026-06-05T17:09:43+00:00,updated news.parquet,2026-06-05T18:34:45+00:00
20260605T183035+0000,international_news,新聞,success,False,36,2026-06-05T14:45:31+00:00,updated international_news.parquet,2026-06-05T18:34:47+00:00
20260605T183035+0000,discovery_news,探索,success,False,28,2026-06-05T12:29:00+00:00,updated discovery_news.parquet,2026-06-05T18:34:50+00:00
20260605T183035+0000,tsla_focus_news,專題,success,False,53,2026-06-05T17:09:43+00:00,updated tsla_keyword_news.parquet,2026-06-05T18:34:59+00:00
20260605T183035+0000,discovery_mentions,探索,success,False,9,2026-06-05T09:42:29+00:00,updated discovery_mentions.parquet,2026-06-05T18:35:03+00:00
20260605T183035+0000,discovery_candidates,探索,success,False,8,2026-06-05T18:30:35+00:00,updated discovery_candidates.parquet,2026-06-05T18:35:03+00:00
20260605T183035+0000,discovery_history,探索,success,False,144,2026-06-05T00:00:00+00:00,updated discovery_history.parquet,2026-06-05T18:35:03+00:00
20260605T183035+0000,discovery_performance,探索,success,False,432,2026-06-05T00:00:00+00:00,updated discovery_performance.parquet,2026-06-05T18:35:03+00:00
20260605T183035+0000,governance_summary,治理,success,False,4,,updated governance_summary.parquet,2026-06-05T18:35:03+00:00
20260605T183035+0000,kg_fact_events,知識圖譜,success,False,155,2026-06-05T17:09:43+00:00,updated kg/fact_events.parquet,2026-06-05T18:35:05+00:00
20260605T183035+0000,kg_narratives,知識圖譜,success,False,155,2026-06-05T17:09:43+00:00,updated kg/narrative_features.parquet,2026-06-05T18:35:05+00:00
20260605T183035+0000,kg_reactions,知識圖譜,success,False,496,2026-06-05T00:00:00+00:00,updated kg/market_reactions.parquet,2026-06-05T18:35:05+00:00
20260605T183035+0000,kg_links,知識圖譜,success,False,258,2026-06-05T18:35:04+00:00,updated kg/event_links.parquet,2026-06-05T18:35:05+00:00
20260605T183035+0000,kg_metadata,知識圖譜,success,False,1,2026-06-05T18:30:35+00:00,updated kg/kg_metadata.json,2026-06-05T18:35:05+00:00
20260605T183035+0000,prediction_log,模型,success,False,45,2026-06-05T00:00:00+00:00,updated prediction_log.csv,2026-06-05T18:35:07+00:00
20260605T183035+0000,lstm_features,模型,success,False,69,2026-05-04T00:00:00+00:00,updated lstm/lstm_features.parquet,2026-06-05T18:35:13+00:00
20260605T183035+0000,lstm_status,模型,success,False,69,2026-06-05T18:35:13+00:00,updated lstm status,2026-06-05T18:35:13+00:00
20260606T081737+0000,market_prices,主資料,success,True,116903,2026-06-05T00:00:00+00:00,updated prices.parquet,2026-06-06T08:20:40+00:00
20260606T081737+0000,market_macro,主資料,fallback,True,17619,2026-06-01T00:00:00+00:00,row count 2616 below 20% of previous cache (17619),2026-06-06T08:20:41+00:00
20260606T081737+0000,watchlist_news,新聞,success,True,120,2026-06-06T06:17:10+00:00,updated news.parquet,2026-06-06T08:20:46+00:00
20260606T081737+0000,international_news,新聞,success,False,38,2026-06-05T20:45:53+00:00,updated international_news.parquet,2026-06-06T08:20:48+00:00
20260606T081737+0000,discovery_news,探索,success,False,35,2026-06-05T20:12:43+00:00,updated discovery_news.parquet,2026-06-06T08:20:50+00:00
20260606T081737+0000,tsla_focus_news,專題,success,False,56,2026-06-06T03:46:25+00:00,updated tsla_keyword_news.parquet,2026-06-06T08:20:58+00:00
20260606T081737+0000,discovery_mentions,探索,success,False,8,2026-06-04T08:30:28+00:00,updated discovery_mentions.parquet,2026-06-06T08:21:01+00:00
20260606T081737+0000,discovery_candidates,探索,success,False,8,2026-06-06T08:17:37+00:00,updated discovery_candidates.parquet,2026-06-06T08:21:01+00:00
20260606T081737+0000,discovery_history,探索,success,False,152,2026-06-06T00:00:00+00:00,updated discovery_history.parquet,2026-06-06T08:21:01+00:00
20260606T081737+0000,discovery_performance,探索,success,False,432,2026-06-05T00:00:00+00:00,updated discovery_performance.parquet,2026-06-06T08:21:01+00:00
20260606T081737+0000,governance_summary,治理,success,False,4,,updated governance_summary.parquet,2026-06-06T08:21:01+00:00
20260606T081737+0000,kg_fact_events,知識圖譜,success,False,157,2026-06-06T06:17:10+00:00,updated kg/fact_events.parquet,2026-06-06T08:21:03+00:00
20260606T081737+0000,kg_narratives,知識圖譜,success,False,157,2026-06-06T06:17:10+00:00,updated kg/narrative_features.parquet,2026-06-06T08:21:03+00:00
20260606T081737+0000,kg_reactions,知識圖譜,success,False,488,2026-06-05T00:00:00+00:00,updated kg/market_reactions.parquet,2026-06-06T08:21:03+00:00
20260606T081737+0000,kg_links,知識圖譜,success,False,273,2026-06-06T08:21:02+00:00,updated kg/event_links.parquet,2026-06-06T08:21:03+00:00
20260606T081737+0000,kg_metadata,知識圖譜,success,False,1,2026-06-06T08:17:37+00:00,updated kg/kg_metadata.json,2026-06-06T08:21:03+00:00
20260606T081737+0000,prediction_log,模型,success,False,45,2026-06-05T00:00:00+00:00,updated prediction_log.csv,2026-06-06T08:21:05+00:00
20260606T081737+0000,lstm_features,模型,success,False,69,2026-05-05T00:00:00+00:00,updated lstm/lstm_features.parquet,2026-06-06T08:21:11+00:00
20260606T081737+0000,lstm_status,模型,success,False,69,2026-06-06T08:21:11+00:00,updated lstm status,2026-06-06T08:21:11+00:00
20260606T091339+0000,market_prices,主資料,success,True,116903,2026-06-05T00:00:00+00:00,updated prices.parquet,2026-06-06T09:16:42+00:00
20260606T091339+0000,market_macro,主資料,fallback,True,17619,2026-06-01T00:00:00+00:00,row count 2616 below 20% of previous cache (17619),2026-06-06T09:16:42+00:00
20260606T091339+0000,watchlist_news,新聞,success,True,120,2026-06-06T06:30:00+00:00,updated news.parquet,2026-06-06T09:16:48+00:00
20260606T091339+0000,international_news,新聞,fallback,False,38,2026-06-05T20:45:53+00:00,latest published regressed from 2026-06-05T20:45:53+00:00 to 2026-06-05T20:21:50+00:00,2026-06-06T09:16:50+00:00
20260606T091339+0000,discovery_news,探索,success,False,35,2026-06-05T20:12:43+00:00,updated discovery_news.parquet,2026-06-06T09:16:52+00:00
20260606T091339+0000,tsla_focus_news,專題,success,False,54,2026-06-06T03:46:25+00:00,updated tsla_keyword_news.parquet,2026-06-06T09:17:00+00:00
20260606T091339+0000,discovery_mentions,探索,success,False,9,2026-06-03T19:25:51+00:00,updated discovery_mentions.parquet,2026-06-06T09:17:03+00:00
20260606T091339+0000,discovery_candidates,探索,success,False,9,2026-06-06T09:13:39+00:00,updated discovery_candidates.parquet,2026-06-06T09:17:03+00:00
20260606T091339+0000,discovery_history,探索,success,False,153,2026-06-06T00:00:00+00:00,updated discovery_history.parquet,2026-06-06T09:17:03+00:00
20260606T091339+0000,discovery_performance,探索,success,False,432,2026-06-05T00:00:00+00:00,updated discovery_performance.parquet,2026-06-06T09:17:03+00:00
20260606T091339+0000,governance_summary,治理,success,False,4,,updated governance_summary.parquet,2026-06-06T09:17:03+00:00
20260606T091339+0000,kg_fact_events,知識圖譜,success,False,157,2026-06-06T06:30:00+00:00,updated kg/fact_events.parquet,2026-06-06T09:17:05+00:00
20260606T091339+0000,kg_narratives,知識圖譜,success,False,157,2026-06-06T06:30:00+00:00,updated kg/narrative_features.parquet,2026-06-06T09:17:05+00:00
20260606T091339+0000,kg_reactions,知識圖譜,success,False,480,2026-06-05T00:00:00+00:00,updated kg/market_reactions.parquet,2026-06-06T09:17:05+00:00
20260606T091339+0000,kg_links,知識圖譜,success,False,271,2026-06-06T09:17:03+00:00,updated kg/event_links.parquet,2026-06-06T09:17:05+00:00
20260606T091339+0000,kg_metadata,知識圖譜,success,False,1,2026-06-06T09:13:39+00:00,updated kg/kg_metadata.json,2026-06-06T09:17:05+00:00
20260606T091339+0000,prediction_log,模型,success,False,45,2026-06-05T00:00:00+00:00,updated prediction_log.csv,2026-06-06T09:17:06+00:00
20260606T091339+0000,lstm_features,模型,success,False,69,2026-05-05T00:00:00+00:00,updated lstm/lstm_features.parquet,2026-06-06T09:17:12+00:00
20260606T091339+0000,lstm_status,模型,success,False,69,2026-06-06T09:17:12+00:00,updated lstm status,2026-06-06T09:17:12+00:00
20260606T155912+0000,market_prices,主資料,success,True,116903,2026-06-05T00:00:00+00:00,updated prices.parquet,2026-06-06T16:03:17+00:00
20260606T155912+0000,market_macro,主資料,fallback,True,17619,2026-06-01T00:00:00+00:00,row count 1573 below 20% of previous cache (17619),2026-06-06T16:03:17+00:00
20260606T155912+0000,watchlist_news,新聞,success,True,120,2026-06-06T14:33:45+00:00,updated news.parquet,2026-06-06T16:03:23+00:00
20260606T155912+0000,international_news,新聞,success,False,37,2026-06-06T12:24:43+00:00,updated international_news.parquet,2026-06-06T16:03:25+00:00
20260606T155912+0000,discovery_news,探索,success,False,35,2026-06-05T20:12:43+00:00,updated discovery_news.parquet,2026-06-06T16:03:27+00:00
20260606T155912+0000,tsla_focus_news,專題,success,False,57,2026-06-06T12:40:13+00:00,updated tsla_keyword_news.parquet,2026-06-06T16:03:36+00:00
20260606T155912+0000,discovery_mentions,探索,success,False,8,2026-06-03T19:25:50+00:00,updated discovery_mentions.parquet,2026-06-06T16:03:39+00:00
20260606T155912+0000,discovery_candidates,探索,success,False,8,2026-06-06T15:59:12+00:00,updated discovery_candidates.parquet,2026-06-06T16:03:39+00:00
20260606T155912+0000,discovery_history,探索,success,False,152,2026-06-06T00:00:00+00:00,updated discovery_history.parquet,2026-06-06T16:03:39+00:00
20260606T155912+0000,discovery_performance,探索,success,False,432,2026-06-05T00:00:00+00:00,updated discovery_performance.parquet,2026-06-06T16:03:39+00:00
20260606T155912+0000,governance_summary,治理,success,False,4,,updated governance_summary.parquet,2026-06-06T16:03:39+00:00
20260606T155912+0000,kg_fact_events,知識圖譜,success,False,157,2026-06-06T14:33:45+00:00,updated kg/fact_events.parquet,2026-06-06T16:03:41+00:00
20260606T155912+0000,kg_narratives,知識圖譜,success,False,157,2026-06-06T14:33:45+00:00,updated kg/narrative_features.parquet,2026-06-06T16:03:41+00:00
20260606T155912+0000,kg_reactions,知識圖譜,success,False,468,2026-06-05T00:00:00+00:00,updated kg/market_reactions.parquet,2026-06-06T16:03:41+00:00
20260606T155912+0000,kg_links,知識圖譜,success,False,273,2026-06-06T16:03:40+00:00,updated kg/event_links.parquet,2026-06-06T16:03:41+00:00
20260606T155912+0000,kg_metadata,知識圖譜,success,False,1,2026-06-06T15:59:12+00:00,updated kg/kg_metadata.json,2026-06-06T16:03:41+00:00
20260606T155912+0000,prediction_log,模型,success,False,45,2026-06-05T00:00:00+00:00,updated prediction_log.csv,2026-06-06T16:03:43+00:00
20260606T155912+0000,lstm_features,模型,success,False,69,2026-05-05T00:00:00+00:00,updated lstm/lstm_features.parquet,2026-06-06T16:03:48+00:00
20260606T155912+0000,lstm_status,模型,success,False,69,2026-06-06T16:03:48+00:00,updated lstm status,2026-06-06T16:03:48+00:00
20260606T214421+0000,market_prices,主資料,success,True,116903,2026-06-05T00:00:00+00:00,updated prices.parquet,2026-06-06T21:48:16+00:00
20260606T214421+0000,market_macro,主資料,fallback,True,17619,2026-06-01T00:00:00+00:00,row count 2616 below 20% of previous cache (17619),2026-06-06T21:48:16+00:00
20260606T214421+0000,watchlist_news,新聞,success,True,119,2026-06-06T16:05:00+00:00,updated news.parquet,2026-06-06T21:48:22+00:00
20260606T214421+0000,international_news,新聞,success,False,36,2026-06-06T15:26:00+00:00,updated international_news.parquet,2026-06-06T21:48:24+00:00
20260606T214421+0000,discovery_news,探索,success,False,35,2026-06-06T19:31:01+00:00,updated discovery_news.parquet,2026-06-06T21:48:27+00:00
20260606T214421+0000,tsla_focus_news,專題,success,False,57,2026-06-06T18:16:58+00:00,updated tsla_keyword_news.parquet,2026-06-06T21:48:36+00:00
20260606T214421+0000,discovery_mentions,探索,success,False,6,2026-06-06T19:31:01+00:00,updated discovery_mentions.parquet,2026-06-06T21:48:41+00:00
20260606T214421+0000,discovery_candidates,探索,success,False,6,2026-06-06T21:44:21+00:00,updated discovery_candidates.parquet,2026-06-06T21:48:41+00:00
20260606T214421+0000,discovery_history,探索,success,False,150,2026-06-06T00:00:00+00:00,updated discovery_history.parquet,2026-06-06T21:48:41+00:00
20260606T214421+0000,discovery_performance,探索,success,False,432,2026-06-05T00:00:00+00:00,updated discovery_performance.parquet,2026-06-06T21:48:41+00:00
20260606T214421+0000,governance_summary,治理,success,False,4,,updated governance_summary.parquet,2026-06-06T21:48:41+00:00
20260606T214421+0000,kg_fact_events,知識圖譜,success,False,155,2026-06-06T16:05:00+00:00,updated kg/fact_events.parquet,2026-06-06T21:48:43+00:00
20260606T214421+0000,kg_narratives,知識圖譜,success,False,155,2026-06-06T16:05:00+00:00,updated kg/narrative_features.parquet,2026-06-06T21:48:43+00:00
20260606T214421+0000,kg_reactions,知識圖譜,success,False,456,2026-06-05T00:00:00+00:00,updated kg/market_reactions.parquet,2026-06-06T21:48:43+00:00
20260606T214421+0000,kg_links,知識圖譜,success,False,271,2026-06-06T21:48:42+00:00,updated kg/event_links.parquet,2026-06-06T21:48:43+00:00
20260606T214421+0000,kg_metadata,知識圖譜,success,False,1,2026-06-06T21:44:21+00:00,updated kg/kg_metadata.json,2026-06-06T21:48:43+00:00
20260606T214421+0000,prediction_log,模型,success,False,45,2026-06-05T00:00:00+00:00,updated prediction_log.csv,2026-06-06T21:48:44+00:00
20260606T214421+0000,lstm_features,模型,success,False,69,2026-05-05T00:00:00+00:00,updated lstm/lstm_features.parquet,2026-06-06T21:48:50+00:00
20260606T214421+0000,lstm_status,模型,success,False,69,2026-06-06T21:48:50+00:00,updated lstm status,2026-06-06T21:48:50+00:00
20260607T101039+0000,market_prices,主資料,success,True,116885,2026-06-05T00:00:00+00:00,updated prices.parquet,2026-06-07T10:13:55+00:00
20260607T101039+0000,market_macro,主資料,fallback,True,17619,2026-06-01T00:00:00+00:00,row count 2616 below 20% of previous cache (17619),2026-06-07T10:13:55+00:00
20260607T101039+0000,watchlist_news,新聞,success,True,120,2026-06-07T09:30:46+00:00,updated news.parquet,2026-06-07T10:14:01+00:00
20260607T101039+0000,international_news,新聞,success,False,36,2026-06-07T03:07:15+00:00,updated international_news.parquet,2026-06-07T10:14:03+00:00
20260607T101039+0000,discovery_news,探索,success,False,35,2026-06-06T19:31:01+00:00,updated discovery_news.parquet,2026-06-07T10:14:06+00:00
20260607T101039+0000,tsla_focus_news,專題,success,False,52,2026-06-07T06:49:00+00:00,updated tsla_keyword_news.parquet,2026-06-07T10:14:14+00:00
20260607T101039+0000,discovery_mentions,探索,success,False,7,2026-06-06T19:31:01+00:00,updated discovery_mentions.parquet,2026-06-07T10:14:17+00:00
20260607T101039+0000,discovery_candidates,探索,success,False,4,2026-06-07T10:10:39+00:00,updated discovery_candidates.parquet,2026-06-07T10:14:17+00:00
20260607T101039+0000,discovery_history,探索,success,False,154,2026-06-07T00:00:00+00:00,updated discovery_history.parquet,2026-06-07T10:14:17+00:00
20260607T101039+0000,discovery_performance,探索,success,False,432,2026-06-05T00:00:00+00:00,updated discovery_performance.parquet,2026-06-07T10:14:17+00:00
20260607T101039+0000,governance_summary,治理,success,False,4,,updated governance_summary.parquet,2026-06-07T10:14:17+00:00
20260607T101039+0000,kg_fact_events,知識圖譜,success,False,156,2026-06-07T09:30:46+00:00,updated kg/fact_events.parquet,2026-06-07T10:14:18+00:00
20260607T101039+0000,kg_narratives,知識圖譜,success,False,156,2026-06-07T09:30:46+00:00,updated kg/narrative_features.parquet,2026-06-07T10:14:18+00:00
20260607T101039+0000,kg_reactions,知識圖譜,success,False,440,2026-06-05T00:00:00+00:00,updated kg/market_reactions.parquet,2026-06-07T10:14:18+00:00
20260607T101039+0000,kg_links,知識圖譜,success,False,280,2026-06-07T10:14:17+00:00,updated kg/event_links.parquet,2026-06-07T10:14:18+00:00
20260607T101039+0000,kg_metadata,知識圖譜,success,False,1,2026-06-07T10:10:39+00:00,updated kg/kg_metadata.json,2026-06-07T10:14:18+00:00
20260607T101039+0000,prediction_log,模型,success,False,45,2026-06-05T00:00:00+00:00,updated prediction_log.csv,2026-06-07T10:14:20+00:00
20260607T101039+0000,lstm_features,模型,success,False,71,2026-05-06T00:00:00+00:00,updated lstm/lstm_features.parquet,2026-06-07T10:14:25+00:00
20260607T101039+0000,lstm_status,模型,success,False,71,2026-06-07T10:14:25+00:00,updated lstm status,2026-06-07T10:14:25+00:00
20260607T165441+0000,market_prices,主資料,success,True,116885,2026-06-05T00:00:00+00:00,updated prices.parquet,2026-06-07T16:58:26+00:00
20260607T165441+0000,market_macro,主資料,fallback,True,17619,2026-06-01T00:00:00+00:00,row count 2616 below 20% of previous cache (17619),2026-06-07T16:58:26+00:00
20260607T165441+0000,watchlist_news,新聞,success,True,120,2026-06-07T14:10:00+00:00,updated news.parquet,2026-06-07T16:58:32+00:00
20260607T165441+0000,international_news,新聞,success,False,36,2026-06-07T03:07:15+00:00,updated international_news.parquet,2026-06-07T16:58:35+00:00
20260607T165441+0000,discovery_news,探索,success,False,35,2026-06-06T19:31:01+00:00,updated discovery_news.parquet,2026-06-07T16:58:37+00:00
20260607T165441+0000,tsla_focus_news,專題,success,False,55,2026-06-07T09:31:00+00:00,updated tsla_keyword_news.parquet,2026-06-07T16:58:47+00:00
20260607T165441+0000,discovery_mentions,探索,success,False,10,2026-06-06T19:31:01+00:00,updated discovery_mentions.parquet,2026-06-07T16:58:52+00:00
20260607T165441+0000,discovery_candidates,探索,success,False,6,2026-06-07T16:54:41+00:00,updated discovery_candidates.parquet,2026-06-07T16:58:52+00:00
20260607T165441+0000,discovery_history,探索,success,False,156,2026-06-07T00:00:00+00:00,updated discovery_history.parquet,2026-06-07T16:58:52+00:00
20260607T165441+0000,discovery_performance,探索,success,False,432,2026-06-05T00:00:00+00:00,updated discovery_performance.parquet,2026-06-07T16:58:52+00:00
20260607T165441+0000,governance_summary,治理,success,False,4,,updated governance_summary.parquet,2026-06-07T16:58:52+00:00
20260607T165441+0000,kg_fact_events,知識圖譜,success,False,155,2026-06-07T14:10:00+00:00,updated kg/fact_events.parquet,2026-06-07T16:58:54+00:00
20260607T165441+0000,kg_narratives,知識圖譜,success,False,155,2026-06-07T14:10:00+00:00,updated kg/narrative_features.parquet,2026-06-07T16:58:54+00:00
20260607T165441+0000,kg_reactions,知識圖譜,success,False,424,2026-06-05T00:00:00+00:00,updated kg/market_reactions.parquet,2026-06-07T16:58:54+00:00
20260607T165441+0000,kg_links,知識圖譜,success,False,275,2026-06-07T16:58:53+00:00,updated kg/event_links.parquet,2026-06-07T16:58:54+00:00
20260607T165441+0000,kg_metadata,知識圖譜,success,False,1,2026-06-07T16:54:41+00:00,updated kg/kg_metadata.json,2026-06-07T16:58:54+00:00
20260607T165441+0000,prediction_log,模型,success,False,45,2026-06-05T00:00:00+00:00,updated prediction_log.csv,2026-06-07T16:58:56+00:00
20260607T165441+0000,lstm_features,模型,success,False,71,2026-05-06T00:00:00+00:00,updated lstm/lstm_features.parquet,2026-06-07T16:59:02+00:00
20260607T165441+0000,lstm_status,模型,success,False,71,2026-06-07T16:59:02+00:00,updated lstm status,2026-06-07T16:59:02+00:00
20260607T215223+0000,market_prices,主資料,success,True,120844,2026-06-05T00:00:00+00:00,updated prices.parquet,2026-06-07T21:53:17+00:00
20260607T215223+0000,market_macro,主資料,success,True,19385,2026-05-28T00:00:00+00:00,updated macro.parquet,2026-06-07T21:53:17+00:00
20260607T215223+0000,watchlist_news,新聞,success,True,112,2026-06-07T21:23:06+00:00,updated news.parquet,2026-06-07T21:53:24+00:00
20260607T215223+0000,international_news,新聞,success,False,36,2026-06-07T15:07:51+00:00,updated international_news.parquet,2026-06-07T21:53:26+00:00
20260607T215223+0000,discovery_news,探索,success,False,35,2026-06-07T08:57:30+00:00,updated discovery_news.parquet,2026-06-07T21:53:28+00:00
20260607T215223+0000,tsla_focus_news,專題,success,False,55,2026-06-07T19:41:15+00:00,updated tsla_keyword_news.parquet,2026-06-07T21:53:37+00:00
20260607T215223+0000,discovery_mentions,探索,success,False,5,2026-06-07T08:57:30+00:00,updated discovery_mentions.parquet,2026-06-07T21:53:40+00:00
20260607T215223+0000,discovery_candidates,探索,success,False,5,2026-06-07T21:52:23+00:00,updated discovery_candidates.parquet,2026-06-07T21:53:40+00:00
20260607T215223+0000,discovery_history,探索,success,False,155,2026-06-07T00:00:00+00:00,updated discovery_history.parquet,2026-06-07T21:53:40+00:00
20260607T215223+0000,discovery_performance,探索,success,False,432,2026-06-05T00:00:00+00:00,updated discovery_performance.parquet,2026-06-07T21:53:40+00:00
20260607T215223+0000,governance_summary,治理,success,False,4,,updated governance_summary.parquet,2026-06-07T21:53:40+00:00
20260607T215223+0000,sentiment_layer,情緒,success,False,5037,2026-06-05T00:00:00+00:00,updated sentiment.parquet,2026-06-07T21:53:42+00:00
20260607T215223+0000,market_event_windows,情緒,success,False,77,2026-05-26T00:00:00+00:00,updated market_event_windows.parquet,2026-06-07T21:53:42+00:00
20260607T215223+0000,kg_fact_events,知識圖譜,success,False,147,2026-06-07T21:23:06+00:00,updated kg/fact_events.parquet,2026-06-07T21:53:43+00:00
20260607T215223+0000,kg_narratives,知識圖譜,success,False,147,2026-06-07T21:23:06+00:00,updated kg/narrative_features.parquet,2026-06-07T21:53:43+00:00
20260607T215223+0000,kg_reactions,知識圖譜,success,False,388,2026-06-05T00:00:00+00:00,updated kg/market_reactions.parquet,2026-06-07T21:53:43+00:00
20260607T215223+0000,kg_links,知識圖譜,success,False,265,2026-06-07T21:53:42+00:00,updated kg/event_links.parquet,2026-06-07T21:53:43+00:00
20260607T215223+0000,kg_metadata,知識圖譜,success,False,1,2026-06-07T21:52:23+00:00,updated kg/kg_metadata.json,2026-06-07T21:53:43+00:00
20260607T215223+0000,prediction_log,模型,success,False,45,2026-06-05T00:00:00+00:00,updated prediction_log.csv,2026-06-07T21:53:45+00:00
20260607T215223+0000,lstm_features,模型,success,False,71,2026-05-06T00:00:00+00:00,updated lstm/lstm_features.parquet,2026-06-07T21:53:50+00:00
20260607T215223+0000,lstm_status,模型,success,False,71,2026-06-07T21:53:50+00:00,updated lstm status,2026-06-07T21:53:50+00:00
