date,ticker,candidate_score,candidate_label,topic,risk_flags,observation_reason,sample_headline,entry_price,horizon,horizon_days,validated_at,actual_return,qqq_return,relative_qqq_return,success
2026-05-18,CXDO,94.33740656669583,高優先觀察,小型成長股,未觸發主要風險,新聞提及 1 次，且價格站上 50DMA，值得加入觀察清單。,"CXDO Stock Price, Quote & Chart | CREXENDO INC (NASDAQ:CXDO) - ChartMill",9.65999984741211,5D,5,2026-05-26,0.009316786129349941,0.03456686183870139,-0.02525007570935145,True
2026-05-18,CXDO,94.33740656669583,高優先觀察,小型成長股,未觸發主要風險,新聞提及 1 次，且價格站上 50DMA，值得加入觀察清單。,"CXDO Stock Price, Quote & Chart | CREXENDO INC (NASDAQ:CXDO) - ChartMill",9.65999984741211,20D,20,2026-06-16,-0.27018630413089073,0.03397173602998915,-0.3041580401608799,False
2026-05-18,CXDO,94.33740656669583,高優先觀察,小型成長股,未觸發主要風險,新聞提及 1 次，且價格站上 50DMA，值得加入觀察清單。,"CXDO Stock Price, Quote & Chart | CREXENDO INC (NASDAQ:CXDO) - ChartMill",9.65999984741211,60D,60,2026-08-13,-0.3229813597145058,0.03824237893656712,-0.36122373865107293,False
2026-05-18,ICHR,73.67083050356585,可觀察,半導體設備,未觸發主要風險,新聞提及 1 次，且價格站上 50DMA，值得加入觀察清單。,Is Ichor’s Return To Positive EPS Guidance Reshaping The Investment Case For Ichor Holdings (ICHR)? - simplywall.st,66.5999984741211,5D,5,2026-05-26,0.09204211746633062,0.03456686183870139,0.05747525562762923,True
2026-05-18,ICHR,73.67083050356585,可觀察,半導體設備,未觸發主要風險,新聞提及 1 次，且價格站上 50DMA，值得加入觀察清單。,Is Ichor’s Return To Positive EPS Guidance Reshaping The Investment Case For Ichor Holdings (ICHR)? - simplywall.st,66.5999984741211,20D,20,2026-06-16,0.28783781693920374,0.03397173602998915,0.2538660809092146,True
2026-05-18,ICHR,73.67083050356585,可觀察,半導體設備,未觸發主要風險,新聞提及 1 次，且價格站上 50DMA，值得加入觀察清單。,Is Ichor’s Return To Positive EPS Guidance Reshaping The Investment Case For Ichor Holdings (ICHR)? - simplywall.st,66.5999984741211,60D,60,2026-08-13,0.06891898006677444,0.03824237893656712,0.030676601130207315,True
2026-05-18,LRCX,58.37050459251016,題材有熱度但訊號普通,半導體設備,未觸發主要風險,新聞提及 1 次，量價訊號尚需確認。,Why Lam Research (LRCX) Is Levered to AI-Driven Wafer Fab and Packaging Spending - Yahoo! Finance Canada,277.46954345703125,5D,5,2026-05-26,0.1608865345185646,0.03456686183870139,0.12631967267986322,True
2026-05-18,LRCX,58.37050459251016,題材有熱度但訊號普通,半導體設備,未觸發主要風險,新聞提及 1 次，量價訊號尚需確認。,Why Lam Research (LRCX) Is Levered to AI-Driven Wafer Fab and Packaging Spending - Yahoo! Finance Canada,277.46954345703125,20D,20,2026-06-16,0.32875251783907,0.03397173602998915,0.29478078180908085,True
2026-05-18,LRCX,58.37050459251016,題材有熱度但訊號普通,半導體設備,未觸發主要風險,新聞提及 1 次，量價訊號尚需確認。,Why Lam Research (LRCX) Is Levered to AI-Driven Wafer Fab and Packaging Spending - Yahoo! Finance Canada,277.46954345703125,60D,60,2026-08-13,0.21329487219815135,0.03824237893656712,0.17505249326158423,True
2026-05-18,QUBT,22.32542936428799,暫時不強,量子運算,未觸發主要風險,新聞提及 1 次，量價訊號尚需確認。,QUBT Stock Quote Price and Forecast - CNN,9.71500015258789,5D,5,2026-05-26,0.20226455190167458,0.03456686183870139,0.1676976900629732,True
2026-05-18,QUBT,22.32542936428799,暫時不強,量子運算,未觸發主要風險,新聞提及 1 次，量價訊號尚需確認。,QUBT Stock Quote Price and Forecast - CNN,9.71500015258789,20D,20,2026-06-16,0.041688083027287215,0.03397173602998915,0.0077163469972980625,True
2026-05-18,QUBT,22.32542936428799,暫時不強,量子運算,未觸發主要風險,新聞提及 1 次，量價訊號尚需確認。,QUBT Stock Quote Price and Forecast - CNN,9.71500015258789,60D,60,2026-08-13,-0.08183222478716812,0.03824237893656712,-0.12007460372373524,False
2026-05-18,TDY,12.736198963291756,低優先或資料不足,國防/航太,低於50DMA,新聞提及 1 次，量價訊號尚需確認。,What Teledyne Technologies (TDY)'s New Defense Wins and Counter-Drone Push Means For Shareholders - simplywall.st,617.6099853515625,5D,5,2026-05-26,0.016774316473632256,0.03456686183870139,-0.017792545365069135,True
2026-05-18,TDY,12.736198963291756,低優先或資料不足,國防/航太,低於50DMA,新聞提及 1 次，量價訊號尚需確認。,What Teledyne Technologies (TDY)'s New Defense Wins and Counter-Drone Push Means For Shareholders - simplywall.st,617.6099853515625,20D,20,2026-06-16,0.02017457986137261,0.03397173602998915,-0.013797156168616542,True
2026-05-18,TDY,12.736198963291756,低優先或資料不足,國防/航太,低於50DMA,新聞提及 1 次，量價訊號尚需確認。,What Teledyne Technologies (TDY)'s New Defense Wins and Counter-Drone Push Means For Shareholders - simplywall.st,617.6099853515625,60D,60,2026-08-13,0.09075304661899763,0.03824237893656712,0.05251066768243051,True
2026-05-18,CLS,3.0,低優先或資料不足,半導體設備,低於50DMA,新聞提及 1 次，量價訊號尚需確認。,Celestica Inc (NYSE:CLS) Triggers CAN SLIM Breakout Criteria Showing Explosive Growth Potential - ChartMill,342.6700134277344,5D,5,2026-05-26,0.08220731842967943,0.03456686183870139,0.04764045659097804,True
2026-05-18,CLS,3.0,低優先或資料不足,半導體設備,低於50DMA,新聞提及 1 次，量價訊號尚需確認。,Celestica Inc (NYSE:CLS) Triggers CAN SLIM Breakout Criteria Showing Explosive Growth Potential - ChartMill,342.6700134277344,20D,20,2026-06-16,0.11480431551150905,0.03397173602998915,0.0808325794815199,True
2026-05-18,CLS,3.0,低優先或資料不足,半導體設備,低於50DMA,新聞提及 1 次，量價訊號尚需確認。,Celestica Inc (NYSE:CLS) Triggers CAN SLIM Breakout Criteria Showing Explosive Growth Potential - ChartMill,342.6700134277344,60D,60,2026-08-13,0.014474541864528012,0.03824237893656712,-0.02376783707203911,True
2026-05-18,DPRO,0.0,低優先或資料不足,國防/航太,低於50DMA,新聞提及 1 次，量價訊號尚需確認。,"Is DPRO Stock a Buy, Hold or Sell After a 180.2% One-Year Surge? - TradingView",5.269999980926514,5D,5,2026-05-26,0.23719165171234757,0.03456686183870139,0.20262478987364618,True
2026-05-18,DPRO,0.0,低優先或資料不足,國防/航太,低於50DMA,新聞提及 1 次，量價訊號尚需確認。,"Is DPRO Stock a Buy, Hold or Sell After a 180.2% One-Year Surge? - TradingView",5.269999980926514,20D,20,2026-06-16,0.08349147226051845,0.03397173602998915,0.0495197362305293,True
2026-05-18,DPRO,0.0,低優先或資料不足,國防/航太,低於50DMA,新聞提及 1 次，量價訊號尚需確認。,"Is DPRO Stock a Buy, Hold or Sell After a 180.2% One-Year Surge? - TradingView",5.269999980926514,60D,60,2026-08-13,-0.12333967698670767,0.03824237893656712,-0.1615820559232748,False
2026-05-18,MEDP,0.0,低優先或資料不足,醫療科技,低於50DMA,新聞提及 3 次，量價訊號尚需確認。,2 Reasons to Watch MEDP and 1 to Stay Cautious - StockStory,420.6700134277344,5D,5,2026-05-26,0.020063165080526968,0.03456686183870139,-0.014503696758174422,True
2026-05-18,MEDP,0.0,低優先或資料不足,醫療科技,低於50DMA,新聞提及 3 次，量價訊號尚需確認。,2 Reasons to Watch MEDP and 1 to Stay Cautious - StockStory,420.6700134277344,20D,20,2026-06-16,0.09729714828559444,0.03397173602998915,0.06332541225560528,True
2026-05-18,MEDP,0.0,低優先或資料不足,醫療科技,低於50DMA,新聞提及 3 次，量價訊號尚需確認。,2 Reasons to Watch MEDP and 1 to Stay Cautious - StockStory,420.6700134277344,60D,60,2026-08-13,0.38338838907281114,0.03824237893656712,0.345146010136244,True
2026-05-19,ALAB,88.83092866752136,高優先觀察,機器人/自動化,短線漲幅過大,新聞提及 1 次，且價格站上 50DMA，值得加入觀察清單。,"Astera Labs (ALAB) Is Up 16.5% After Strong Q1, AI Switch Expansion and $2.05B Shelf Filing - simplywall.st",244.25999450683594,5D,5,2026-05-27,0.331900408943802,0.039798679954312854,0.29210172898948916,True
2026-05-19,ALAB,88.83092866752136,高優先觀察,機器人/自動化,短線漲幅過大,新聞提及 1 次，且價格站上 50DMA，值得加入觀察清單。,"Astera Labs (ALAB) Is Up 16.5% After Strong Q1, AI Switch Expansion and $2.05B Shelf Filing - simplywall.st",244.25999450683594,20D,20,2026-06-17,0.5339392495781594,0.029905922767736515,0.5040333268104229,True
2026-05-19,ALAB,88.83092866752136,高優先觀察,機器人/自動化,短線漲幅過大,新聞提及 1 次，且價格站上 50DMA，值得加入觀察清單。,"Astera Labs (ALAB) Is Up 16.5% After Strong Q1, AI Switch Expansion and $2.05B Shelf Filing - simplywall.st",244.25999450683594,60D,60,2026-08-14,0.31667073030480153,0.043253119196463574,0.27341761110833795,True
2026-05-19,KLAC,36.74916440822234,暫時不強,機器人/自動化,未觸發主要風險,新聞提及 1 次，量價訊號尚需確認。,"How AI-Fueled Beat, Dividend Hike and Stock Split At KLA (KLAC) Has Changed Its Investment Story - simplywall.st",173.8614959716797,5D,5,2026-05-27,0.12444696580809134,0.039798679954312854,0.08464828585377848,True
2026-05-19,KLAC,36.74916440822234,暫時不強,機器人/自動化,未觸發主要風險,新聞提及 1 次，量價訊號尚需確認。,"How AI-Fueled Beat, Dividend Hike and Stock Split At KLA (KLAC) Has Changed Its Investment Story - simplywall.st",173.8614959716797,20D,20,2026-06-17,0.371554284654096,0.029905922767736515,0.3416483618863595,True
2026-05-19,KLAC,36.74916440822234,暫時不強,機器人/自動化,未觸發主要風險,新聞提及 1 次，量價訊號尚需確認。,"How AI-Fueled Beat, Dividend Hike and Stock Split At KLA (KLAC) Has Changed Its Investment Story - simplywall.st",173.8614959716797,60D,60,2026-08-14,0.17041444027555452,0.043253119196463574,0.12716132107909095,True
2026-05-19,DPRO,0.0,低優先或資料不足,國防/航太,低於50DMA,新聞提及 1 次，量價訊號尚需確認。,"Is DPRO Stock a Buy, Hold or Sell After a 180.2% One-Year Surge? - TradingView",5.269999980926514,5D,5,2026-05-27,0.2656546680141161,0.039798679954312854,0.22585598805980323,True
2026-05-19,DPRO,0.0,低優先或資料不足,國防/航太,低於50DMA,新聞提及 1 次，量價訊號尚需確認。,"Is DPRO Stock a Buy, Hold or Sell After a 180.2% One-Year Surge? - TradingView",5.269999980926514,20D,20,2026-06-17,0.09297917452158622,0.029905922767736515,0.0630732517538497,True
2026-05-19,DPRO,0.0,低優先或資料不足,國防/航太,低於50DMA,新聞提及 1 次，量價訊號尚需確認。,"Is DPRO Stock a Buy, Hold or Sell After a 180.2% One-Year Surge? - TradingView",5.269999980926514,60D,60,2026-08-14,-0.07210628383609796,0.043253119196463574,-0.11535940303256154,False
2026-05-20,VSAT,100.0,高優先觀察,太空,未觸發主要風險,新聞提及 1 次，且價格站上 50DMA，值得加入觀察清單。,"SpaceX Ripple Effect? RKLB, SATS And VSAT Emerge As Top Space Stock Bets - Stocktwits",75.2699966430664,5D,5,2026-05-28,0.15172055676439067,0.031479916204052216,0.12024064056033845,True
2026-05-20,VSAT,100.0,高優先觀察,太空,未觸發主要風險,新聞提及 1 次，且價格站上 50DMA，值得加入觀察清單。,"SpaceX Ripple Effect? RKLB, SATS And VSAT Emerge As Top Space Stock Bets - Stocktwits",75.2699966430664,20D,20,2026-06-18,-0.14800052991200197,0.03851920466752867,-0.18651973457953064,False
2026-05-20,VSAT,100.0,高優先觀察,太空,未觸發主要風險,新聞提及 1 次，且價格站上 50DMA，值得加入觀察清單。,"SpaceX Ripple Effect? RKLB, SATS And VSAT Emerge As Top Space Stock Bets - Stocktwits",75.2699966430664,60D,60,2026-08-17,0.08157310074237345,0.024569881060357623,0.05700321968201583,True
2026-05-20,RKLB,93.8042147955595,高優先觀察,太空,未觸發主要風險,新聞提及 1 次，且價格站上 50DMA，值得加入觀察清單。,"SpaceX Ripple Effect? RKLB, SATS And VSAT Emerge As Top Space Stock Bets - Stocktwits",134.27999877929688,5D,5,2026-05-28,0.10239797531276085,0.031479916204052216,0.07091805910870863,True
2026-05-20,RKLB,93.8042147955595,高優先觀察,太空,未觸發主要風險,新聞提及 1 次，且價格站上 50DMA，值得加入觀察清單。,"SpaceX Ripple Effect? RKLB, SATS And VSAT Emerge As Top Space Stock Bets - Stocktwits",134.27999877929688,20D,20,2026-06-18,-0.20137027972401456,0.03851920466752867,-0.23988948439154323,False
2026-05-20,RKLB,93.8042147955595,高優先觀察,太空,未觸發主要風險,新聞提及 1 次，且價格站上 50DMA，值得加入觀察清單。,"SpaceX Ripple Effect? RKLB, SATS And VSAT Emerge As Top Space Stock Bets - Stocktwits",134.27999877929688,60D,60,2026-08-17,-0.38873992718780337,0.024569881060357623,-0.413309808248161,False
2026-05-20,ALAB,92.73074251577034,高優先觀察,機器人/自動化,短線漲幅過大,新聞提及 1 次，且價格站上 50DMA，值得加入觀察清單。,"Astera Labs (ALAB) Is Up 16.5% After Strong Q1, AI Switch Expansion and $2.05B Shelf Filing - simplywall.st",287.4800109863281,5D,5,2026-05-28,0.21458884125456668,0.031479916204052216,0.18310892505051446,True
2026-05-20,ALAB,92.73074251577034,高優先觀察,機器人/自動化,短線漲幅過大,新聞提及 1 次，且價格站上 50DMA，值得加入觀察清單。,"Astera Labs (ALAB) Is Up 16.5% After Strong Q1, AI Switch Expansion and $2.05B Shelf Filing - simplywall.st",287.4800109863281,20D,20,2026-06-18,0.4507791546733091,0.03851920466752867,0.4122599500057804,True
2026-05-20,ALAB,92.73074251577034,高優先觀察,機器人/自動化,短線漲幅過大,新聞提及 1 次，且價格站上 50DMA，值得加入觀察清單。,"Astera Labs (ALAB) Is Up 16.5% After Strong Q1, AI Switch Expansion and $2.05B Shelf Filing - simplywall.st",287.4800109863281,60D,60,2026-08-17,0.11371226239086552,0.024569881060357623,0.08914238133050789,True
2026-05-20,LRCX,71.81380151888895,可觀察,半導體設備,未觸發主要風險,新聞提及 1 次，且價格站上 50DMA，值得加入觀察清單。,Why Lam Research (LRCX) Is Levered to AI-Driven Wafer Fab and Packaging Spending - Yahoo! Finance Canada,291.57464599609375,5D,5,2026-05-28,0.08870554653927165,0.031479916204052216,0.057225630335219435,True
2026-05-20,LRCX,71.81380151888895,可觀察,半導體設備,未觸發主要風險,新聞提及 1 次，且價格站上 50DMA，值得加入觀察清單。,Why Lam Research (LRCX) Is Levered to AI-Driven Wafer Fab and Packaging Spending - Yahoo! Finance Canada,291.57464599609375,20D,20,2026-06-18,0.3328565157659604,0.03851920466752867,0.29433731109843175,True
2026-05-20,LRCX,71.81380151888895,可觀察,半導體設備,未觸發主要風險,新聞提及 1 次，且價格站上 50DMA，值得加入觀察清單。,Why Lam Research (LRCX) Is Levered to AI-Driven Wafer Fab and Packaging Spending - Yahoo! Finance Canada,291.57464599609375,60D,60,2026-08-17,0.17800066943553694,0.024569881060357623,0.15343078837517932,True
2026-05-20,ICHR,42.914561602498075,題材有熱度但訊號普通,半導體設備,未觸發主要風險,新聞提及 1 次，量價訊號尚需確認。,Is Ichor’s Return To Positive EPS Guidance Reshaping The Investment Case For Ichor Holdings (ICHR)? - simplywall.st,65.76000213623047,5D,5,2026-05-28,0.06675789609242977,0.031479916204052216,0.03527797988837755,True
2026-05-20,ICHR,42.914561602498075,題材有熱度但訊號普通,半導體設備,未觸發主要風險,新聞提及 1 次，量價訊號尚需確認。,Is Ichor’s Return To Positive EPS Guidance Reshaping The Investment Case For Ichor Holdings (ICHR)? - simplywall.st,65.76000213623047,20D,20,2026-06-18,0.49954375618887625,0.03851920466752867,0.4610245515213476,True
2026-05-20,ICHR,42.914561602498075,題材有熱度但訊號普通,半導體設備,未觸發主要風險,新聞提及 1 次，量價訊號尚需確認。,Is Ichor’s Return To Positive EPS Guidance Reshaping The Investment Case For Ichor Holdings (ICHR)? - simplywall.st,65.76000213623047,60D,60,2026-08-17,0.09291363156731491,0.024569881060357623,0.06834375050695729,True
2026-05-20,CLS,23.234096536600838,暫時不強,半導體設備,未觸發主要風險,新聞提及 1 次，量價訊號尚需確認。,Celestica Inc (NYSE:CLS) Triggers CAN SLIM Breakout Criteria Showing Explosive Growth Potential - ChartMill,346.4800109863281,5D,5,2026-05-28,0.013103145588167608,0.031479916204052216,-0.018376770615884608,True
2026-05-20,CLS,23.234096536600838,暫時不強,半導體設備,未觸發主要風險,新聞提及 1 次，量價訊號尚需確認。,Celestica Inc (NYSE:CLS) Triggers CAN SLIM Breakout Criteria Showing Explosive Growth Potential - ChartMill,346.4800109863281,20D,20,2026-06-18,0.07524236891019176,0.03851920466752867,0.03672316424266309,True
2026-05-20,CLS,23.234096536600838,暫時不強,半導體設備,未觸發主要風險,新聞提及 1 次，量價訊號尚需確認。,Celestica Inc (NYSE:CLS) Triggers CAN SLIM Breakout Criteria Showing Explosive Growth Potential - ChartMill,346.4800109863281,60D,60,2026-08-17,-0.017547959181067108,0.024569881060357623,-0.04211784024142473,False
2026-05-21,VSAT,100.0,高優先觀察,太空,未觸發主要風險,新聞提及 1 次，且價格站上 50DMA，值得加入觀察清單。,"SpaceX fever is spreading across space stocks — here’s why New Street is bullish on RKLB, SATS and VSAT - MSN",70.76000213623047,5D,5,2026-05-29,0.13934426671396394,0.03330948082135632,0.10603478589260762,True
2026-05-21,VSAT,100.0,高優先觀察,太空,未觸發主要風險,新聞提及 1 次，且價格站上 50DMA，值得加入觀察清單。,"SpaceX fever is spreading across space stocks — here’s why New Street is bullish on RKLB, SATS and VSAT - MSN",70.76000213623047,20D,20,2026-06-22,-0.09228375610737005,0.03394064927741791,-0.12622440538478796,False
2026-05-21,VSAT,100.0,高優先觀察,太空,未觸發主要風險,新聞提及 1 次，且價格站上 50DMA，值得加入觀察清單。,"SpaceX fever is spreading across space stocks — here’s why New Street is bullish on RKLB, SATS and VSAT - MSN",70.76000213623047,60D,60,2026-08-18,0.07504236006622356,0.005302225936734795,0.06974013412948876,True
2026-05-21,ALAB,94.7615966537588,高優先觀察,機器人/自動化,短線漲幅過大,新聞提及 1 次，且價格站上 50DMA，值得加入觀察清單。,"Astera Labs (ALAB) Is Up 16.5% After Strong Q1, AI Switch Expansion and $2.05B Shelf Filing - simplywall.st",297.8399963378906,5D,5,2026-05-29,0.15112144211337708,0.03330948082135632,0.11781196129202076,True
2026-05-21,ALAB,94.7615966537588,高優先觀察,機器人/自動化,短線漲幅過大,新聞提及 1 次，且價格站上 50DMA，值得加入觀察清單。,"Astera Labs (ALAB) Is Up 16.5% After Strong Q1, AI Switch Expansion and $2.05B Shelf Filing - simplywall.st",297.8399963378906,20D,20,2026-06-22,0.476161728001528,0.03394064927741791,0.4422210787241101,True
2026-05-21,ALAB,94.7615966537588,高優先觀察,機器人/自動化,短線漲幅過大,新聞提及 1 次，且價格站上 50DMA，值得加入觀察清單。,"Astera Labs (ALAB) Is Up 16.5% After Strong Q1, AI Switch Expansion and $2.05B Shelf Filing - simplywall.st",297.8399963378906,60D,60,2026-08-18,0.01880206208827162,0.005302225936734795,0.013499836151536826,True
2026-05-21,RKLB,94.68728490496356,高優先觀察,太空,未觸發主要風險,新聞提及 1 次，且價格站上 50DMA，值得加入觀察清單。,"SpaceX fever is spreading across space stocks — here’s why New Street is bullish on RKLB, SATS and VSAT - MSN",125.44999694824219,5D,5,2026-05-29,0.1437225924105494,0.03330948082135632,0.11041311158919309,True
2026-05-21,RKLB,94.68728490496356,高優先觀察,太空,未觸發主要風險,新聞提及 1 次，且價格站上 50DMA，值得加入觀察清單。,"SpaceX fever is spreading across space stocks — here’s why New Street is bullish on RKLB, SATS and VSAT - MSN",125.44999694824219,20D,20,2026-06-22,-0.20055796448600383,0.03394064927741791,-0.23449861376342174,False
2026-05-21,RKLB,94.68728490496356,高優先觀察,太空,未觸發主要風險,新聞提及 1 次，且價格站上 50DMA，值得加入觀察清單。,"SpaceX fever is spreading across space stocks — here’s why New Street is bullish on RKLB, SATS and VSAT - MSN",125.44999694824219,60D,60,2026-08-18,-0.36899158558952383,0.005302225936734795,-0.3742938115262586,False
2026-05-21,AMAT,63.09890231428541,可觀察,半導體設備,未觸發主要風險,新聞提及 1 次，量價訊號尚需確認。,"Applied Materials, Inc. $AMAT Shares Bought by CloudAlpha Capital Management Limited Hong Kong - MarketBeat",426.90350341796875,5D,5,2026-05-29,0.053116806376313,0.03330948082135632,0.01980732555495668,True
2026-05-21,AMAT,63.09890231428541,可觀察,半導體設備,未觸發主要風險,新聞提及 1 次，量價訊號尚需確認。,"Applied Materials, Inc. $AMAT Shares Bought by CloudAlpha Capital Management Limited Hong Kong - MarketBeat",426.90350341796875,20D,20,2026-06-22,0.49798760062890435,0.03394064927741791,0.46404695135148644,True
2026-05-21,AMAT,63.09890231428541,可觀察,半導體設備,未觸發主要風險,新聞提及 1 次，量價訊號尚需確認。,"Applied Materials, Inc. $AMAT Shares Bought by CloudAlpha Capital Management Limited Hong Kong - MarketBeat",426.90350341796875,60D,60,2026-08-18,0.20350532505564822,0.005302225936734795,0.19820309911891343,True
2026-05-21,TSM,55.20052424879512,題材有熱度但訊號普通,半導體設備,未觸發主要風險,新聞提及 1 次，量價訊號尚需確認。,"TSM Technical Analysis | Trend, Signals & Chart Patterns | TAIWAN SEMICONDUCTOR-SP ADR (NYSE:TSM) - ChartMill",405.1119384765625,5D,5,2026-05-29,0.02775390614995077,0.03330948082135632,-0.00555557467140555,True
2026-05-21,TSM,55.20052424879512,題材有熱度但訊號普通,半導體設備,未觸發主要風險,新聞提及 1 次，量價訊號尚需確認。,"TSM Technical Analysis | Trend, Signals & Chart Patterns | TAIWAN SEMICONDUCTOR-SP ADR (NYSE:TSM) - ChartMill",405.1119384765625,20D,20,2026-06-22,0.15133297093992581,0.03394064927741791,0.1173923216625079,True
2026-05-21,TSM,55.20052424879512,題材有熱度但訊號普通,半導體設備,未觸發主要風險,新聞提及 1 次，量價訊號尚需確認。,"TSM Technical Analysis | Trend, Signals & Chart Patterns | TAIWAN SEMICONDUCTOR-SP ADR (NYSE:TSM) - ChartMill",405.1119384765625,60D,60,2026-08-18,0.017753083532986214,0.005302225936734795,0.012450857596251419,True
2026-05-21,KLAC,48.73692922015283,題材有熱度但訊號普通,機器人/自動化,未觸發主要風險,新聞提及 1 次，量價訊號尚需確認。,"How AI-Fueled Beat, Dividend Hike and Stock Split At KLA (KLAC) Has Changed Its Investment Story - simplywall.st",184.01002502441406,5D,5,2026-05-29,0.043171728065711346,0.03330948082135632,0.009862247244355027,True
2026-05-21,KLAC,48.73692922015283,題材有熱度但訊號普通,機器人/自動化,未觸發主要風險,新聞提及 1 次，量價訊號尚需確認。,"How AI-Fueled Beat, Dividend Hike and Stock Split At KLA (KLAC) Has Changed Its Investment Story - simplywall.st",184.01002502441406,20D,20,2026-06-22,0.46109506860317784,0.03394064927741791,0.4271544193257599,True
2026-05-21,KLAC,48.73692922015283,題材有熱度但訊號普通,機器人/自動化,未觸發主要風險,新聞提及 1 次，量價訊號尚需確認。,"How AI-Fueled Beat, Dividend Hike and Stock Split At KLA (KLAC) Has Changed Its Investment Story - simplywall.st",184.01002502441406,60D,60,2026-08-18,0.05858359217270093,0.005302225936734795,0.05328136623596613,True
2026-05-21,ICHR,44.96427542655279,題材有熱度但訊號普通,半導體設備,未觸發主要風險,新聞提及 1 次，量價訊號尚需確認。,Is Ichor’s Return To Positive EPS Guidance Reshaping The Investment Case For Ichor Holdings (ICHR)? - simplywall.st,65.31999969482422,5D,5,2026-05-29,0.09491728379070175,0.03330948082135632,0.06160780296934543,True
2026-05-21,ICHR,44.96427542655279,題材有熱度但訊號普通,半導體設備,未觸發主要風險,新聞提及 1 次，量價訊號尚需確認。,Is Ichor’s Return To Positive EPS Guidance Reshaping The Investment Case For Ichor Holdings (ICHR)? - simplywall.st,65.31999969482422,20D,20,2026-06-22,0.5249540887282704,0.03394064927741791,0.4910134394508525,True
2026-05-21,ICHR,44.96427542655279,題材有熱度但訊號普通,半導體設備,未觸發主要風險,新聞提及 1 次，量價訊號尚需確認。,Is Ichor’s Return To Positive EPS Guidance Reshaping The Investment Case For Ichor Holdings (ICHR)? - simplywall.st,65.31999969482422,60D,60,2026-08-18,0.011635060315082768,0.005302225936734795,0.0063328343783479735,True
2026-05-21,PATH,0.0,低優先或資料不足,機器人/自動化,低於50DMA；負面關鍵字,新聞有負面關鍵字，僅列入風險觀察。,A Look At UiPath (PATH) Valuation After New AI Offerings And Expanded Cloud Partnerships - simplywall.st,10.569999694824219,5D,5,2026-05-29,0.10879854355792529,0.03330948082135632,0.07548906273656897,True
2026-05-21,PATH,0.0,低優先或資料不足,機器人/自動化,低於50DMA；負面關鍵字,新聞有負面關鍵字，僅列入風險觀察。,A Look At UiPath (PATH) Valuation After New AI Offerings And Expanded Cloud Partnerships - simplywall.st,10.569999694824219,20D,20,2026-06-22,-0.038789012227963715,0.03394064927741791,-0.07272966150538163,False
2026-05-21,PATH,0.0,低優先或資料不足,機器人/自動化,低於50DMA；負面關鍵字,新聞有負面關鍵字，僅列入風險觀察。,A Look At UiPath (PATH) Valuation After New AI Offerings And Expanded Cloud Partnerships - simplywall.st,10.569999694824219,60D,60,2026-08-18,0.473983006010404,0.005302225936734795,0.4686807800736692,True
2026-05-21,AZTA,0.0,低優先或資料不足,醫療科技,低於50DMA,新聞提及 1 次，量價訊號尚需確認。,Winners And Losers Of Q1: Azenta (NASDAQ:AZTA) Vs The Rest Of The Drug Development Inputs & Services Stocks - StockStory,19.540000915527344,5D,5,2026-05-29,0.1709313249102844,0.03330948082135632,0.13762184408892808,True
2026-05-21,AZTA,0.0,低優先或資料不足,醫療科技,低於50DMA,新聞提及 1 次，量價訊號尚需確認。,Winners And Losers Of Q1: Azenta (NASDAQ:AZTA) Vs The Rest Of The Drug Development Inputs & Services Stocks - StockStory,19.540000915527344,20D,20,2026-06-22,0.13971337841990317,0.03394064927741791,0.10577272914248526,True
2026-05-21,AZTA,0.0,低優先或資料不足,醫療科技,低於50DMA,新聞提及 1 次，量價訊號尚需確認。,Winners And Losers Of Q1: Azenta (NASDAQ:AZTA) Vs The Rest Of The Drug Development Inputs & Services Stocks - StockStory,19.540000915527344,60D,60,2026-08-18,0.6878197541960691,0.005302225936734795,0.6825175282593343,True
2026-05-22,CRWD,97.80118981485047,高優先觀察,網路安全,未觸發主要風險,新聞提及 2 次，且價格站上 50DMA，值得加入觀察清單。,"Buy CRWD, ZS, PANW, or FTNT? Cybersecurity Stock Picks for 2026 - Gotrade",165.86500549316406,5D,5,2026-06-01,0.1789255674886654,0.03512005664286022,0.14380551084580517,True
2026-05-22,CRWD,97.80118981485047,高優先觀察,網路安全,未觸發主要風險,新聞提及 2 次，且價格站上 50DMA，值得加入觀察清單。,"Buy CRWD, ZS, PANW, or FTNT? Cybersecurity Stock Picks for 2026 - Gotrade",165.86500549316406,20D,20,2026-06-23,0.026316523014584314,-0.004328258537218299,0.030644781551802613,True
2026-05-22,CRWD,97.80118981485047,高優先觀察,網路安全,未觸發主要風險,新聞提及 2 次，且價格站上 50DMA，值得加入觀察清單。,"Buy CRWD, ZS, PANW, or FTNT? Cybersecurity Stock Picks for 2026 - Gotrade",165.86500549316406,60D,60,2026-08-19,0.21562715585068037,-0.000938023770429286,0.21656517962110966,True
2026-05-22,PANW,96.47142605353181,高優先觀察,網路安全,未觸發主要風險,新聞提及 2 次，且價格站上 50DMA，值得加入觀察清單。,"Buy CRWD, ZS, PANW, or FTNT? Cybersecurity Stock Picks for 2026 - Gotrade",260.5799865722656,5D,5,2026-06-01,0.1531200647406481,0.03512005664286022,0.11800000809778788,True
2026-05-22,PANW,96.47142605353181,高優先觀察,網路安全,未觸發主要風險,新聞提及 2 次，且價格站上 50DMA，值得加入觀察清單。,"Buy CRWD, ZS, PANW, or FTNT? Cybersecurity Stock Picks for 2026 - Gotrade",260.5799865722656,20D,20,2026-06-23,0.11643268255006478,-0.004328258537218299,0.12076094108728308,True
2026-05-22,PANW,96.47142605353181,高優先觀察,網路安全,未觸發主要風險,新聞提及 2 次，且價格站上 50DMA，值得加入觀察清單。,"Buy CRWD, ZS, PANW, or FTNT? Cybersecurity Stock Picks for 2026 - Gotrade",260.5799865722656,60D,60,2026-08-19,0.3806125884723468,-0.000938023770429286,0.3815506122427761,True
2026-05-22,ZS,94.24396396236135,高優先觀察,網路安全,未觸發主要風險,新聞提及 1 次，且價格站上 50DMA，值得加入觀察清單。,"Buy CRWD, ZS, PANW, or FTNT? Cybersecurity Stock Picks for 2026 - Gotrade",182.3699951171875,5D,5,2026-06-01,-0.1461862648304021,0.03512005664286022,-0.1813063214732623,False
2026-05-22,ZS,94.24396396236135,高優先觀察,網路安全,未觸發主要風險,新聞提及 1 次，且價格站上 50DMA，值得加入觀察清單。,"Buy CRWD, ZS, PANW, or FTNT? Cybersecurity Stock Picks for 2026 - Gotrade",182.3699951171875,20D,20,2026-06-23,-0.30816471159155945,-0.004328258537218299,-0.30383645305434115,False
2026-05-22,ZS,94.24396396236135,高優先觀察,網路安全,未觸發主要風險,新聞提及 1 次，且價格站上 50DMA，值得加入觀察清單。,"Buy CRWD, ZS, PANW, or FTNT? Cybersecurity Stock Picks for 2026 - Gotrade",182.3699951171875,60D,60,2026-08-19,0.012227948928194898,-0.000938023770429286,0.013165972698624184,True
2026-05-22,AMD,92.74932615754621,高優先觀察,半導體設備,未觸發主要風險,新聞提及 1 次，且價格站上 50DMA，值得加入觀察清單。,Sector Leadership and Why It Matters for NASDAQ:AMD by Capitalcom - TradingView,467.510009765625,5D,5,2026-06-01,0.09116381302414034,0.03512005664286022,0.05604375638128012,True
2026-05-22,AMD,92.74932615754621,高優先觀察,半導體設備,未觸發主要風險,新聞提及 1 次，且價格站上 50DMA，值得加入觀察清單。,Sector Leadership and Why It Matters for NASDAQ:AMD by Capitalcom - TradingView,467.510009765625,20D,20,2026-06-23,0.11195474904708869,-0.004328258537218299,0.11628300758430699,True
2026-05-22,AMD,92.74932615754621,高優先觀察,半導體設備,未觸發主要風險,新聞提及 1 次，且價格站上 50DMA，值得加入觀察清單。,Sector Leadership and Why It Matters for NASDAQ:AMD by Capitalcom - TradingView,467.510009765625,60D,60,2026-08-19,-0.0023314930485383023,-0.000938023770429286,-0.0013934692781090163,False
2026-05-22,FTNT,90.84810601562936,高優先觀察,網路安全,未觸發主要風險,新聞提及 1 次，且價格站上 50DMA，值得加入觀察清單。,"Buy CRWD, ZS, PANW, or FTNT? Cybersecurity Stock Picks for 2026 - Gotrade",133.92999267578125,5D,5,2026-06-01,0.09863367009842272,0.03512005664286022,0.0635136134555625,True
2026-05-22,FTNT,90.84810601562936,高優先觀察,網路安全,未觸發主要風險,新聞提及 1 次，且價格站上 50DMA，值得加入觀察清單。,"Buy CRWD, ZS, PANW, or FTNT? Cybersecurity Stock Picks for 2026 - Gotrade",133.92999267578125,20D,20,2026-06-23,0.10505493984666692,-0.004328258537218299,0.10938319838388522,True
2026-05-22,FTNT,90.84810601562936,高優先觀察,網路安全,未觸發主要風險,新聞提及 1 次，且價格站上 50DMA，值得加入觀察清單。,"Buy CRWD, ZS, PANW, or FTNT? Cybersecurity Stock Picks for 2026 - Gotrade",133.92999267578125,60D,60,2026-08-19,0.14126793446137254,-0.000938023770429286,0.14220595823180182,True
2026-05-22,ASML,81.84203598145207,高優先觀察,半導體設備,未觸發主要風險,新聞提及 1 次，且價格站上 50DMA，值得加入觀察清單。,"ASML Stock Price, Quote & Chart | ASML HOLDING NV-NY REG SHS (NASDAQ:ASML) - ChartMill",1630.7908935546875,5D,5,2026-06-01,-0.002651758056607001,0.03512005664286022,-0.03777181469946722,False
2026-05-22,ASML,81.84203598145207,高優先觀察,半導體設備,未觸發主要風險,新聞提及 1 次，且價格站上 50DMA，值得加入觀察清單。,"ASML Stock Price, Quote & Chart | ASML HOLDING NV-NY REG SHS (NASDAQ:ASML) - ChartMill",1630.7908935546875,20D,20,2026-06-23,0.08914199166596748,-0.004328258537218299,0.09347025020318578,True
2026-05-22,ASML,81.84203598145207,高優先觀察,半導體設備,未觸發主要風險,新聞提及 1 次，且價格站上 50DMA，值得加入觀察清單。,"ASML Stock Price, Quote & Chart | ASML HOLDING NV-NY REG SHS (NASDAQ:ASML) - ChartMill",1630.7908935546875,60D,60,2026-08-19,0.0741597757211212,-0.000938023770429286,0.07509779949155049,True
2026-05-22,AMAT,53.42041469358585,題材有熱度但訊號普通,半導體設備,未觸發主要風險,新聞提及 1 次，量價訊號尚需確認。,Applied Materials (NASDAQ:AMAT) Stock Price Down 1.6% - Should You Sell? - MarketBeat,431.6983947753906,5D,5,2026-06-01,0.060186020069570745,0.03512005664286022,0.025065963426710525,True
2026-05-22,AMAT,53.42041469358585,題材有熱度但訊號普通,半導體設備,未觸發主要風險,新聞提及 1 次，量價訊號尚需確認。,Applied Materials (NASDAQ:AMAT) Stock Price Down 1.6% - Should You Sell? - MarketBeat,431.6983947753906,20D,20,2026-06-23,0.35570161600967865,-0.004328258537218299,0.36002987454689694,True
2026-05-22,AMAT,53.42041469358585,題材有熱度但訊號普通,半導體設備,未觸發主要風險,新聞提及 1 次，量價訊號尚需確認。,Applied Materials (NASDAQ:AMAT) Stock Price Down 1.6% - Should You Sell? - MarketBeat,431.6983947753906,60D,60,2026-08-19,0.1481164179596155,-0.000938023770429286,0.14905444173004478,True
2026-05-22,REG,36.824986574460105,暫時不強,半導體設備,未觸發主要風險,新聞提及 1 次，量價訊號尚需確認。,"ASML Stock Price, Quote & Chart | ASML HOLDING NV-NY REG SHS (NASDAQ:ASML) - ChartMill",77.31932067871094,5D,5,2026-06-01,-0.034246632113718034,0.03512005664286022,-0.06936668875657825,False
2026-05-22,REG,36.824986574460105,暫時不強,半導體設備,未觸發主要風險,新聞提及 1 次，量價訊號尚需確認。,"ASML Stock Price, Quote & Chart | ASML HOLDING NV-NY REG SHS (NASDAQ:ASML) - ChartMill",77.31932067871094,20D,20,2026-06-23,0.007268512643770153,-0.004328258537218299,0.011596771180988452,True
2026-05-22,REG,36.824986574460105,暫時不強,半導體設備,未觸發主要風險,新聞提及 1 次，量價訊號尚需確認。,"ASML Stock Price, Quote & Chart | ASML HOLDING NV-NY REG SHS (NASDAQ:ASML) - ChartMill",77.31932067871094,60D,60,2026-08-19,-0.021795867894669252,-0.000938023770429286,-0.020857844124239966,False
2026-05-22,RCAT,0.0,低優先或資料不足,國防/航太,低於50DMA,新聞提及 1 次，量價訊號尚需確認。,A Look At Red Cat Holdings (RCAT) Valuation After New Defense Drone Contracts And AI Deployment News - simplywall.st,9.40999984741211,5D,5,2026-06-01,0.5770457378561076,0.03512005664286022,0.5419256812132474,True
2026-05-22,RCAT,0.0,低優先或資料不足,國防/航太,低於50DMA,新聞提及 1 次，量價訊號尚需確認。,A Look At Red Cat Holdings (RCAT) Valuation After New Defense Drone Contracts And AI Deployment News - simplywall.st,9.40999984741211,20D,20,2026-06-23,0.081827892693902,-0.004328258537218299,0.0861561512311203,True
2026-05-22,RCAT,0.0,低優先或資料不足,國防/航太,低於50DMA,新聞提及 1 次，量價訊號尚需確認。,A Look At Red Cat Holdings (RCAT) Valuation After New Defense Drone Contracts And AI Deployment News - simplywall.st,9.40999984741211,60D,60,2026-08-19,0.051009617820839015,-0.000938023770429286,0.0519476415912683,True
2026-05-23,CRWD,100.0,高優先觀察,網路安全,未觸發主要風險,新聞提及 2 次，且價格站上 50DMA，值得加入觀察清單。,"Buy CRWD, ZS, PANW, or FTNT? Cybersecurity Stock Picks for 2026 - Gotrade",167.8874969482422,5D,5,2026-06-02,0.14503763857425578,0.021744933322489723,0.12329270525176605,True
2026-05-23,CRWD,100.0,高優先觀察,網路安全,未觸發主要風險,新聞提及 2 次，且價格站上 50DMA，值得加入觀察清單。,"Buy CRWD, ZS, PANW, or FTNT? Cybersecurity Stock Picks for 2026 - Gotrade",167.8874969482422,20D,20,2026-06-24,0.002189013126353334,-0.02585186291395003,0.028040876040303364,True
2026-05-23,CRWD,100.0,高優先觀察,網路安全,未觸發主要風險,新聞提及 2 次，且價格站上 50DMA，值得加入觀察清單。,"Buy CRWD, ZS, PANW, or FTNT? Cybersecurity Stock Picks for 2026 - Gotrade",167.8874969482422,60D,60,2026-08-20,0.1337353870763247,-0.025426964806157915,0.15916235188248262,True
2026-05-23,PANW,99.41777768179223,高優先觀察,網路安全,未觸發主要風險,新聞提及 2 次，且價格站上 50DMA，值得加入觀察清單。,"Buy CRWD, ZS, PANW, or FTNT? Cybersecurity Stock Picks for 2026 - Gotrade",256.75,5D,5,2026-06-02,0.1574683259037244,0.021744933322489723,0.13572339258123467,True
2026-05-23,PANW,99.41777768179223,高優先觀察,網路安全,未觸發主要風險,新聞提及 2 次，且價格站上 50DMA，值得加入觀察清單。,"Buy CRWD, ZS, PANW, or FTNT? Cybersecurity Stock Picks for 2026 - Gotrade",256.75,20D,20,2026-06-24,0.11104190755842258,-0.02585186291395003,0.1368937704723726,True
2026-05-23,PANW,99.41777768179223,高優先觀察,網路安全,未觸發主要風險,新聞提及 2 次，且價格站上 50DMA，值得加入觀察清單。,"Buy CRWD, ZS, PANW, or FTNT? Cybersecurity Stock Picks for 2026 - Gotrade",256.75,60D,60,2026-08-20,0.3614800294395082,-0.025426964806157915,0.3869069942456661,True
2026-05-23,ZS,98.9183799009292,高優先觀察,網路安全,未觸發主要風險,新聞提及 1 次，且價格站上 50DMA，值得加入觀察清單。,"Buy CRWD, ZS, PANW, or FTNT? Cybersecurity Stock Picks for 2026 - Gotrade",184.60000610351562,5D,5,2026-06-02,-0.219122485750887,0.021744933322489723,-0.24086741907337672,False
2026-05-23,ZS,98.9183799009292,高優先觀察,網路安全,未觸發主要風險,新聞提及 1 次，且價格站上 50DMA，值得加入觀察清單。,"Buy CRWD, ZS, PANW, or FTNT? Cybersecurity Stock Picks for 2026 - Gotrade",184.60000610351562,20D,20,2026-06-24,-0.31056342126175795,-0.02585186291395003,-0.2847115583478079,False
2026-05-23,ZS,98.9183799009292,高優先觀察,網路安全,未觸發主要風險,新聞提及 1 次，且價格站上 50DMA，值得加入觀察清單。,"Buy CRWD, ZS, PANW, or FTNT? Cybersecurity Stock Picks for 2026 - Gotrade",184.60000610351562,60D,60,2026-08-20,-0.05227523746593021,-0.025426964806157915,-0.0268482726597723,False
2026-05-23,FTNT,95.32205969283709,高優先觀察,網路安全,未觸發主要風險,新聞提及 1 次，且價格站上 50DMA，值得加入觀察清單。,"Buy CRWD, ZS, PANW, or FTNT? Cybersecurity Stock Picks for 2026 - Gotrade",133.9600067138672,5D,5,2026-06-02,0.1112271808727967,0.021744933322489723,0.08948224755030698,True
2026-05-23,FTNT,95.32205969283709,高優先觀察,網路安全,未觸發主要風險,新聞提及 1 次，且價格站上 50DMA，值得加入觀察清單。,"Buy CRWD, ZS, PANW, or FTNT? Cybersecurity Stock Picks for 2026 - Gotrade",133.9600067138672,20D,20,2026-06-24,0.08450277320162214,-0.02585186291395003,0.11035463611557217,True
2026-05-23,FTNT,95.32205969283709,高優先觀察,網路安全,未觸發主要風險,新聞提及 1 次，且價格站上 50DMA，值得加入觀察清單。,"Buy CRWD, ZS, PANW, or FTNT? Cybersecurity Stock Picks for 2026 - Gotrade",133.9600067138672,60D,60,2026-08-20,0.12563441123300145,-0.025426964806157915,0.15106137603915937,True
2026-05-23,NVDA,57.94161169701974,題材有熱度但訊號普通,AI/資料中心,未觸發主要風險,新聞提及 1 次，量價訊號尚需確認。,"NVDA Q1 Deep Dive: Data Center Growth, Segment Realignment, and AI Infrastructure Expansion - StockStory",214.37001037597656,5D,5,2026-06-02,0.03704731591030308,0.021744933322489723,0.015302382587813357,True
2026-05-23,NVDA,57.94161169701974,題材有熱度但訊號普通,AI/資料中心,未觸發主要風險,新聞提及 1 次，量價訊號尚需確認。,"NVDA Q1 Deep Dive: Data Center Growth, Segment Realignment, and AI Infrastructure Expansion - StockStory",214.37001037597656,20D,20,2026-06-24,-0.07273609641942713,-0.02585186291395003,-0.0468842335054771,False
2026-05-23,NVDA,57.94161169701974,題材有熱度但訊號普通,AI/資料中心,未觸發主要風險,新聞提及 1 次，量價訊號尚需確認。,"NVDA Q1 Deep Dive: Data Center Growth, Segment Realignment, and AI Infrastructure Expansion - StockStory",214.37001037597656,60D,60,2026-08-20,0.010438144394105286,-0.025426964806157915,0.0358651092002632,True
2026-05-23,RCAT,0.0,低優先或資料不足,國防/航太,低於50DMA,新聞提及 1 次，量價訊號尚需確認。,A Look At Red Cat Holdings (RCAT) Valuation After New Defense Drone Contracts And AI Deployment News - simplywall.st,9.770000457763672,5D,5,2026-06-02,0.5301943816579056,0.021744933322489723,0.5084494483354158,True
2026-05-23,RCAT,0.0,低優先或資料不足,國防/航太,低於50DMA,新聞提及 1 次，量價訊號尚需確認。,A Look At Red Cat Holdings (RCAT) Valuation After New Defense Drone Contracts And AI Deployment News - simplywall.st,9.770000457763672,20D,20,2026-06-24,-0.04401231167129416,-0.02585186291395003,-0.018160448757344128,False
2026-05-23,RCAT,0.0,低優先或資料不足,國防/航太,低於50DMA,新聞提及 1 次，量價訊號尚需確認。,A Look At Red Cat Holdings (RCAT) Valuation After New Defense Drone Contracts And AI Deployment News - simplywall.st,9.770000457763672,60D,60,2026-08-20,-0.02456506791683566,-0.025426964806157915,0.0008618968893222556,False
2026-05-23,AZTA,0.0,低優先或資料不足,醫療科技,短線漲幅過大；低於50DMA,題材熱但短線漲幅偏大，等待回檔或量價整理。,Winners And Losers Of Q1: Azenta (NASDAQ:AZTA) Vs The Rest Of The Drug Development Inputs & Services Stocks - StockStory,20.5,5D,5,2026-06-02,0.14292684415491608,0.021744933322489723,0.12118191083242635,True
2026-05-23,AZTA,0.0,低優先或資料不足,醫療科技,短線漲幅過大；低於50DMA,題材熱但短線漲幅偏大，等待回檔或量價整理。,Winners And Losers Of Q1: Azenta (NASDAQ:AZTA) Vs The Rest Of The Drug Development Inputs & Services Stocks - StockStory,20.5,20D,20,2026-06-24,0.16390246879763715,-0.02585186291395003,0.18975433171158718,True
2026-05-23,AZTA,0.0,低優先或資料不足,醫療科技,短線漲幅過大；低於50DMA,題材熱但短線漲幅偏大，等待回檔或量價整理。,Winners And Losers Of Q1: Azenta (NASDAQ:AZTA) Vs The Rest Of The Drug Development Inputs & Services Stocks - StockStory,20.5,60D,60,2026-08-20,0.7809755278796684,-0.025426964806157915,0.8064024926858263,True
2026-05-25,AMD,94.1766814085964,高優先觀察,半導體設備,未觸發主要風險,新聞提及 1 次，且價格站上 50DMA，值得加入觀察清單。,Sector Leadership and Why It Matters for NASDAQ:AMD by Capitalcom - TradingView,503.8900146484375,5D,5,2026-06-02,0.03502741246265928,0.021744933322489723,0.013282479140169556,True
2026-05-25,AMD,94.1766814085964,高優先觀察,半導體設備,未觸發主要風險,新聞提及 1 次，且價格站上 50DMA，值得加入觀察清單。,Sector Leadership and Why It Matters for NASDAQ:AMD by Capitalcom - TradingView,503.8900146484375,20D,20,2026-06-24,0.031455228572044636,-0.02585186291395003,0.057307091485994666,True
2026-05-25,AMD,94.1766814085964,高優先觀察,半導體設備,未觸發主要風險,新聞提及 1 次，且價格站上 50DMA，值得加入觀察清單。,Sector Leadership and Why It Matters for NASDAQ:AMD by Capitalcom - TradingView,503.8900146484375,60D,60,2026-08-20,-0.06832844905128965,-0.025426964806157915,-0.04290148424513174,False
2026-05-25,ON,89.98616330928053,高優先觀察,半導體設備,未觸發主要風險,新聞提及 1 次，且價格站上 50DMA，值得加入觀察清單。,"ON Stock Price, Quote & Chart | ON SEMICONDUCTOR (NASDAQ:ON) - ChartMill",127.0,5D,5,2026-06-02,0.012913381020853931,0.021744933322489723,-0.008831552301635792,True
2026-05-25,ON,89.98616330928053,高優先觀察,半導體設備,未觸發主要風險,新聞提及 1 次，且價格站上 50DMA，值得加入觀察清單。,"ON Stock Price, Quote & Chart | ON SEMICONDUCTOR (NASDAQ:ON) - ChartMill",127.0,20D,20,2026-06-24,-0.08866143414354699,-0.02585186291395003,-0.06280957122959696,False
2026-05-25,ON,89.98616330928053,高優先觀察,半導體設備,未觸發主要風險,新聞提及 1 次，且價格站上 50DMA，值得加入觀察清單。,"ON Stock Price, Quote & Chart | ON SEMICONDUCTOR (NASDAQ:ON) - ChartMill",127.0,60D,60,2026-08-20,-0.41173229067344363,-0.025426964806157915,-0.3863053258672857,False
2026-05-25,LRCX,86.90476666394741,高優先觀察,半導體設備,未觸發主要風險,新聞提及 1 次，且價格站上 50DMA，值得加入觀察清單。,LAM RESEARCH CORP (NASDAQ:LRCX) Fits the GARP Mold with Strong Growth and Reasonable Valuation - ChartMill,322.11065673828125,5D,5,2026-06-02,0.03635185556084641,0.021744933322489723,0.01460692223835669,True
2026-05-25,LRCX,86.90476666394741,高優先觀察,半導體設備,未觸發主要風險,新聞提及 1 次，且價格站上 50DMA，值得加入觀察清單。,LAM RESEARCH CORP (NASDAQ:LRCX) Fits the GARP Mold with Strong Growth and Reasonable Valuation - ChartMill,322.11065673828125,20D,20,2026-06-24,0.16234047016169328,-0.02585186291395003,0.18819233307564331,True
2026-05-25,LRCX,86.90476666394741,高優先觀察,半導體設備,未觸發主要風險,新聞提及 1 次，且價格站上 50DMA，值得加入觀察清單。,LAM RESEARCH CORP (NASDAQ:LRCX) Fits the GARP Mold with Strong Growth and Reasonable Valuation - ChartMill,322.11065673828125,60D,60,2026-08-20,-0.036975450884430994,-0.025426964806157915,-0.01154848607827308,False
2026-05-25,ASML,83.36808036009799,高優先觀察,半導體設備,未觸發主要風險,新聞提及 1 次，且價格站上 50DMA，值得加入觀察清單。,"ASML Stock Price, Quote & Chart | ASML HOLDING NV-NY REG SHS (NASDAQ:ASML) - ChartMill",1629.9219970703125,5D,5,2026-06-02,0.04493788008841304,0.021744933322489723,0.023192946765923317,True
2026-05-25,ASML,83.36808036009799,高優先觀察,半導體設備,未觸發主要風險,新聞提及 1 次，且價格站上 50DMA，值得加入觀察清單。,"ASML Stock Price, Quote & Chart | ASML HOLDING NV-NY REG SHS (NASDAQ:ASML) - ChartMill",1629.9219970703125,20D,20,2026-06-24,0.08010884399798357,-0.02585186291395003,0.1059607069119336,True
2026-05-25,ASML,83.36808036009799,高優先觀察,半導體設備,未觸發主要風險,新聞提及 1 次，且價格站上 50DMA，值得加入觀察清單。,"ASML Stock Price, Quote & Chart | ASML HOLDING NV-NY REG SHS (NASDAQ:ASML) - ChartMill",1629.9219970703125,60D,60,2026-08-20,0.07386124105314718,-0.025426964806157915,0.09928820585930509,True
2026-05-25,IBM,76.40490708403334,可觀察,量子運算,未觸發主要風險,新聞提及 1 次，且價格站上 50DMA，值得加入觀察清單。,IBM Jumps As Quantum Stocks Extend Rally After $2 Billion Trump Administration Investments - Investor's Business Daily,248.9044952392578,5D,5,2026-06-02,0.31329529024432934,0.021744933322489723,0.2915503569218396,True
2026-05-25,IBM,76.40490708403334,可觀察,量子運算,未觸發主要風險,新聞提及 1 次，且價格站上 50DMA，值得加入觀察清單。,IBM Jumps As Quantum Stocks Extend Rally After $2 Billion Trump Administration Investments - Investor's Business Daily,248.9044952392578,20D,20,2026-06-24,0.048944885133554994,-0.02585186291395003,0.07479674804750502,True
2026-05-25,IBM,76.40490708403334,可觀察,量子運算,未觸發主要風險,新聞提及 1 次，且價格站上 50DMA，值得加入觀察清單。,IBM Jumps As Quantum Stocks Extend Rally After $2 Billion Trump Administration Investments - Investor's Business Daily,248.9044952392578,60D,60,2026-08-20,-0.06112582572374492,-0.025426964806157915,-0.035698860917587005,False
2026-05-25,GARP,64.31141960359228,可觀察,半導體設備,未觸發主要風險,新聞提及 1 次，量價訊號尚需確認。,LAM RESEARCH CORP (NASDAQ:LRCX) Fits the GARP Mold with Strong Growth and Reasonable Valuation - ChartMill,79.99885559082031,5D,5,2026-06-02,0.038077517664685256,0.021744933322489723,0.016332584342195533,True
2026-05-25,GARP,64.31141960359228,可觀察,半導體設備,未觸發主要風險,新聞提及 1 次，量價訊號尚需確認。,LAM RESEARCH CORP (NASDAQ:LRCX) Fits the GARP Mold with Strong Growth and Reasonable Valuation - ChartMill,79.99885559082031,20D,20,2026-06-24,-0.013200662622393944,-0.02585186291395003,0.012651200291556086,False
2026-05-25,GARP,64.31141960359228,可觀察,半導體設備,未觸發主要風險,新聞提及 1 次，量價訊號尚需確認。,LAM RESEARCH CORP (NASDAQ:LRCX) Fits the GARP Mold with Strong Growth and Reasonable Valuation - ChartMill,79.99885559082031,60D,60,2026-08-20,0.031148497798411334,-0.025426964806157915,0.05657546260456925,True
2026-05-25,LITE,64.09719391968538,可觀察,AI/資料中心,未觸發主要風險,新聞提及 1 次，量價訊號尚需確認。,Is Nasdaq-100 Entry And AI Data Center Momentum Altering The Investment Case For Lumentum (LITE)? - simplywall.st,910.8099975585938,5D,5,2026-06-02,0.12992833540768833,0.021744933322489723,0.10818340208519861,True
2026-05-25,LITE,64.09719391968538,可觀察,AI/資料中心,未觸發主要風險,新聞提及 1 次，量價訊號尚需確認。,Is Nasdaq-100 Entry And AI Data Center Momentum Altering The Investment Case For Lumentum (LITE)? - simplywall.st,910.8099975585938,20D,20,2026-06-24,-0.07496620419707922,-0.02585186291395003,-0.04911434128312919,False
2026-05-25,LITE,64.09719391968538,可觀察,AI/資料中心,未觸發主要風險,新聞提及 1 次，量價訊號尚需確認。,Is Nasdaq-100 Entry And AI Data Center Momentum Altering The Investment Case For Lumentum (LITE)? - simplywall.st,910.8099975585938,60D,60,2026-08-20,-0.034617503481773504,-0.025426964806157915,-0.00919053867561559,False
2026-05-25,NVDA,57.94161169701974,題材有熱度但訊號普通,AI/資料中心,未觸發主要風險,新聞提及 1 次，量價訊號尚需確認。,"NVDA Q1 Deep Dive: Data Center Growth, Segment Realignment, and AI Infrastructure Expansion - StockStory",214.37001037597656,5D,5,2026-06-02,0.03704731591030308,0.021744933322489723,0.015302382587813357,True
2026-05-25,NVDA,57.94161169701974,題材有熱度但訊號普通,AI/資料中心,未觸發主要風險,新聞提及 1 次，量價訊號尚需確認。,"NVDA Q1 Deep Dive: Data Center Growth, Segment Realignment, and AI Infrastructure Expansion - StockStory",214.37001037597656,20D,20,2026-06-24,-0.07273609641942713,-0.02585186291395003,-0.0468842335054771,False
2026-05-25,NVDA,57.94161169701974,題材有熱度但訊號普通,AI/資料中心,未觸發主要風險,新聞提及 1 次，量價訊號尚需確認。,"NVDA Q1 Deep Dive: Data Center Growth, Segment Realignment, and AI Infrastructure Expansion - StockStory",214.37001037597656,60D,60,2026-08-20,0.010438144394105286,-0.025426964806157915,0.0358651092002632,True
2026-05-25,EBC,43.64683292027114,題材有熱度但訊號普通,半導體設備,未觸發主要風險,新聞提及 1 次，量價訊號尚需確認。,"Nikkei 225 Tops 65,000: Can Japan’s Rally Hold Beyond AI Stocks? - EBC Financial Group",19.923812866210938,5D,5,2026-06-02,-0.021276557044466404,0.021744933322489723,-0.04302149036695613,False
2026-05-25,EBC,43.64683292027114,題材有熱度但訊號普通,半導體設備,未觸發主要風險,新聞提及 1 次，量價訊號尚需確認。,"Nikkei 225 Tops 65,000: Can Japan’s Rally Hold Beyond AI Stocks? - EBC Financial Group",19.923812866210938,20D,20,2026-06-24,0.06834286569857251,-0.02585186291395003,0.09419472861252254,True
2026-05-25,EBC,43.64683292027114,題材有熱度但訊號普通,半導體設備,未觸發主要風險,新聞提及 1 次，量價訊號尚需確認。,"Nikkei 225 Tops 65,000: Can Japan’s Rally Hold Beyond AI Stocks? - EBC Financial Group",19.923812866210938,60D,60,2026-08-20,0.13364987474410817,-0.025426964806157915,0.15907683955026608,True
2026-05-25,REG,39.46351269293711,暫時不強,半導體設備,未觸發主要風險,新聞提及 1 次，量價訊號尚需確認。,"ASML Stock Price, Quote & Chart | ASML HOLDING NV-NY REG SHS (NASDAQ:ASML) - ChartMill",77.46642303466797,5D,5,2026-06-02,-0.03747301840052264,0.021744933322489723,-0.05921795172301236,False
2026-05-25,REG,39.46351269293711,暫時不強,半導體設備,未觸發主要風險,新聞提及 1 次，量價訊號尚需確認。,"ASML Stock Price, Quote & Chart | ASML HOLDING NV-NY REG SHS (NASDAQ:ASML) - ChartMill",77.46642303466797,20D,20,2026-06-24,0.020691120922770923,-0.02585186291395003,0.04654298383672095,True
2026-05-25,REG,39.46351269293711,暫時不強,半導體設備,未觸發主要風險,新聞提及 1 次，量價訊號尚需確認。,"ASML Stock Price, Quote & Chart | ASML HOLDING NV-NY REG SHS (NASDAQ:ASML) - ChartMill",77.46642303466797,60D,60,2026-08-20,-0.022247699577660485,-0.025426964806157915,0.00317926522849743,False
2026-05-25,CVV,26.8745289251177,暫時不強,半導體設備,未觸發主要風險,新聞提及 1 次，量價訊號尚需確認。,"CVV Technical Analysis | Trend, Signals & Chart Patterns | CVD EQUIPMENT CORP (NASDAQ:CVV) - ChartMill",5.940000057220459,5D,5,2026-06-02,0.03535354143502145,0.021744933322489723,0.013608608112531728,True
2026-05-25,CVV,26.8745289251177,暫時不強,半導體設備,未觸發主要風險,新聞提及 1 次，量價訊號尚需確認。,"CVV Technical Analysis | Trend, Signals & Chart Patterns | CVD EQUIPMENT CORP (NASDAQ:CVV) - ChartMill",5.940000057220459,20D,20,2026-06-24,0.1498316259111383,-0.02585186291395003,0.17568348882508833,True
2026-05-25,CVV,26.8745289251177,暫時不強,半導體設備,未觸發主要風險,新聞提及 1 次，量價訊號尚需確認。,"CVV Technical Analysis | Trend, Signals & Chart Patterns | CVD EQUIPMENT CORP (NASDAQ:CVV) - ChartMill",5.940000057220459,60D,60,2026-08-20,0.20370370816346006,-0.025426964806157915,0.22913067296961798,True
2026-05-25,RCAT,0.0,低優先或資料不足,國防/航太,低於50DMA,新聞提及 1 次，量價訊號尚需確認。,A Look At Red Cat Holdings (RCAT) Valuation After New Defense Drone Contracts And AI Deployment News - simplywall.st,9.770000457763672,5D,5,2026-06-02,0.5301943816579056,0.021744933322489723,0.5084494483354158,True
2026-05-25,RCAT,0.0,低優先或資料不足,國防/航太,低於50DMA,新聞提及 1 次，量價訊號尚需確認。,A Look At Red Cat Holdings (RCAT) Valuation After New Defense Drone Contracts And AI Deployment News - simplywall.st,9.770000457763672,20D,20,2026-06-24,-0.04401231167129416,-0.02585186291395003,-0.018160448757344128,False
2026-05-25,RCAT,0.0,低優先或資料不足,國防/航太,低於50DMA,新聞提及 1 次，量價訊號尚需確認。,A Look At Red Cat Holdings (RCAT) Valuation After New Defense Drone Contracts And AI Deployment News - simplywall.st,9.770000457763672,60D,60,2026-08-20,-0.02456506791683566,-0.025426964806157915,0.0008618968893222556,False
2026-05-26,TKR,94.10864745533418,高優先觀察,機器人/自動化,未觸發主要風險,新聞提及 1 次，且價格站上 50DMA，值得加入觀察清單。,Timken hits record high as J.P. Morgan upgrades industrial automation stocks (TKR:NYSE) - Seeking Alpha,127.0774917602539,5D,5,2026-06-02,0.0351592469420432,0.021744933322489723,0.013414313619553475,True
2026-05-26,TKR,94.10864745533418,高優先觀察,機器人/自動化,未觸發主要風險,新聞提及 1 次，且價格站上 50DMA，值得加入觀察清單。,Timken hits record high as J.P. Morgan upgrades industrial automation stocks (TKR:NYSE) - Seeking Alpha,127.0774917602539,20D,20,2026-06-24,0.08295413249316286,-0.02585186291395003,0.10880599540711289,True
2026-05-26,TKR,94.10864745533418,高優先觀察,機器人/自動化,未觸發主要風險,新聞提及 1 次，且價格站上 50DMA，值得加入觀察清單。,Timken hits record high as J.P. Morgan upgrades industrial automation stocks (TKR:NYSE) - Seeking Alpha,127.0774917602539,60D,60,2026-08-20,-0.020125476839065293,-0.025426964806157915,0.005301487967092622,False
2026-05-26,FLEX,91.73564435252283,高優先觀察,機器人/自動化,未觸發主要風險,新聞提及 1 次，且價格站上 50DMA，值得加入觀察清單。,Flex (FLEX) Expands Partnership with Teradyne Robotics for Intelligent Automation - Yahoo Finance,143.24000549316406,5D,5,2026-06-02,0.11302699358936996,0.021744933322489723,0.09128206026688024,True
2026-05-26,FLEX,91.73564435252283,高優先觀察,機器人/自動化,未觸發主要風險,新聞提及 1 次，且價格站上 50DMA，值得加入觀察清單。,Flex (FLEX) Expands Partnership with Teradyne Robotics for Intelligent Automation - Yahoo Finance,143.24000549316406,20D,20,2026-06-24,0.0522200184353947,-0.02585186291395003,0.07807188134934473,True
2026-05-26,FLEX,91.73564435252283,高優先觀察,機器人/自動化,未觸發主要風險,新聞提及 1 次，且價格站上 50DMA，值得加入觀察清單。,Flex (FLEX) Expands Partnership with Teradyne Robotics for Intelligent Automation - Yahoo Finance,143.24000549316406,60D,60,2026-08-20,-0.22982410315469382,-0.025426964806157915,-0.2043971383485359,False
2026-05-26,ZBRA,83.14646335225918,高優先觀察,機器人/自動化,未觸發主要風險,新聞提及 1 次，且價格站上 50DMA，值得加入觀察清單。,Zebra Technologies (ZBRA) Strategic Investment in Apera AI Accelerates Industrial Automation Workflow - Yahoo Finance,252.44000244140625,5D,5,2026-06-02,0.007922674618354941,0.021744933322489723,-0.013822258704134782,True
2026-05-26,ZBRA,83.14646335225918,高優先觀察,機器人/自動化,未觸發主要風險,新聞提及 1 次，且價格站上 50DMA，值得加入觀察清單。,Zebra Technologies (ZBRA) Strategic Investment in Apera AI Accelerates Industrial Automation Workflow - Yahoo Finance,252.44000244140625,20D,20,2026-06-24,-0.01845984636761766,-0.02585186291395003,0.0073920165463323695,False
2026-05-26,ZBRA,83.14646335225918,高優先觀察,機器人/自動化,未觸發主要風險,新聞提及 1 次，且價格站上 50DMA，值得加入觀察清單。,Zebra Technologies (ZBRA) Strategic Investment in Apera AI Accelerates Industrial Automation Workflow - Yahoo Finance,252.44000244140625,60D,60,2026-08-20,0.42814128318411826,-0.025426964806157915,0.4535682479902762,True
2026-05-26,MTZ,42.26629190918469,題材有熱度但訊號普通,AI/資料中心,未觸發主要風險,新聞提及 1 次，量價訊號尚需確認。,A Look At MasTec (MTZ) Valuation As AI Data Center And Backlog Growth Drive Investor Interest - simplywall.st,390.75,5D,5,2026-06-02,-0.06257200820737363,0.021744933322489723,-0.08431694152986335,False
2026-05-26,MTZ,42.26629190918469,題材有熱度但訊號普通,AI/資料中心,未觸發主要風險,新聞提及 1 次，量價訊號尚需確認。,A Look At MasTec (MTZ) Valuation As AI Data Center And Backlog Growth Drive Investor Interest - simplywall.st,390.75,20D,20,2026-06-24,0.006116480226327603,-0.02585186291395003,0.03196834314027763,True
2026-05-26,MTZ,42.26629190918469,題材有熱度但訊號普通,AI/資料中心,未觸發主要風險,新聞提及 1 次，量價訊號尚需確認。,A Look At MasTec (MTZ) Valuation As AI Data Center And Backlog Growth Drive Investor Interest - simplywall.st,390.75,60D,60,2026-08-20,-0.30426107395633395,-0.025426964806157915,-0.27883410915017603,False
2026-05-26,DOLE,3.273078979144742,低優先或資料不足,機器人/自動化,低於50DMA,新聞提及 1 次，量價訊號尚需確認。,Dole’s US$100 Million Automation and AI Bet Could Be A Game Changer For Dole (DOLE) - simplywall.st,14.183492660522461,5D,5,2026-06-02,-0.013927478085348333,0.021744933322489723,-0.035672411407838056,False
2026-05-26,DOLE,3.273078979144742,低優先或資料不足,機器人/自動化,低於50DMA,新聞提及 1 次，量價訊號尚需確認。,Dole’s US$100 Million Automation and AI Bet Could Be A Game Changer For Dole (DOLE) - simplywall.st,14.183492660522461,20D,20,2026-06-24,-0.005954424517245593,-0.02585186291395003,0.019897438396704437,False
2026-05-26,DOLE,3.273078979144742,低優先或資料不足,機器人/自動化,低於50DMA,新聞提及 1 次，量價訊號尚需確認。,Dole’s US$100 Million Automation and AI Bet Could Be A Game Changer For Dole (DOLE) - simplywall.st,14.183492660522461,60D,60,2026-08-20,-0.06339747197338441,-0.025426964806157915,-0.0379705071672265,False
2026-05-26,SHOP,0.0,低優先或資料不足,機器人/自動化,低於50DMA,新聞提及 1 次，量價訊號尚需確認。,Deeper AI-Powered SMS Integrations Test the Durability of Shopify's (SHOP) Platform Advantage - simplywall.st,104.9000015258789,5D,5,2026-06-02,0.11544328345280364,0.021744933322489723,0.09369835013031391,True
2026-05-26,SHOP,0.0,低優先或資料不足,機器人/自動化,低於50DMA,新聞提及 1 次，量價訊號尚需確認。,Deeper AI-Powered SMS Integrations Test the Durability of Shopify's (SHOP) Platform Advantage - simplywall.st,104.9000015258789,20D,20,2026-06-24,0.08836984278574578,-0.02585186291395003,0.11422170569969581,True
2026-05-26,SHOP,0.0,低優先或資料不足,機器人/自動化,低於50DMA,新聞提及 1 次，量價訊號尚需確認。,Deeper AI-Powered SMS Integrations Test the Durability of Shopify's (SHOP) Platform Advantage - simplywall.st,104.9000015258789,60D,60,2026-08-20,0.4030504340790866,-0.025426964806157915,0.4284773988852445,True
2026-05-26,EPAM,0.0,低優先或資料不足,醫療科技,低於50DMA,新聞提及 1 次，量價訊號尚需確認。,EPAM Systems Targets Biotech Growth As Shares Trade Below Valuation Estimates - Yahoo! Finance Canada,99.69000244140625,5D,5,2026-06-02,0.03551008956598234,0.021744933322489723,0.013765156243492616,True
2026-05-26,EPAM,0.0,低優先或資料不足,醫療科技,低於50DMA,新聞提及 1 次，量價訊號尚需確認。,EPAM Systems Targets Biotech Growth As Shares Trade Below Valuation Estimates - Yahoo! Finance Canada,99.69000244140625,20D,20,2026-06-24,-0.2136623786751043,-0.02585186291395003,-0.18781051576115426,False
2026-05-26,EPAM,0.0,低優先或資料不足,醫療科技,低於50DMA,新聞提及 1 次，量價訊號尚需確認。,EPAM Systems Targets Biotech Growth As Shares Trade Below Valuation Estimates - Yahoo! Finance Canada,99.69000244140625,60D,60,2026-08-20,0.07091984674169982,-0.025426964806157915,0.09634681154785774,True
2026-05-26,RCAT,0.0,低優先或資料不足,國防/航太,低於50DMA,新聞提及 1 次，量價訊號尚需確認。,A Look At Red Cat Holdings (RCAT) Valuation After New Defense Drone Contracts And AI Deployment News - simplywall.st,9.770000457763672,5D,5,2026-06-02,0.5301943816579056,0.021744933322489723,0.5084494483354158,True
2026-05-26,RCAT,0.0,低優先或資料不足,國防/航太,低於50DMA,新聞提及 1 次，量價訊號尚需確認。,A Look At Red Cat Holdings (RCAT) Valuation After New Defense Drone Contracts And AI Deployment News - simplywall.st,9.770000457763672,20D,20,2026-06-24,-0.04401231167129416,-0.02585186291395003,-0.018160448757344128,False
2026-05-26,RCAT,0.0,低優先或資料不足,國防/航太,低於50DMA,新聞提及 1 次，量價訊號尚需確認。,A Look At Red Cat Holdings (RCAT) Valuation After New Defense Drone Contracts And AI Deployment News - simplywall.st,9.770000457763672,60D,60,2026-08-20,-0.02456506791683566,-0.025426964806157915,0.0008618968893222556,False
2026-05-26,AZTA,0.0,低優先或資料不足,醫療科技,短線漲幅過大；低於50DMA,題材熱但短線漲幅偏大，等待回檔或量價整理。,Winners And Losers Of Q1: Azenta (NASDAQ:AZTA) Vs The Rest Of The Drug Development Inputs & Services Stocks - StockStory,20.5,5D,5,2026-06-02,0.14292684415491608,0.021744933322489723,0.12118191083242635,True
2026-05-26,AZTA,0.0,低優先或資料不足,醫療科技,短線漲幅過大；低於50DMA,題材熱但短線漲幅偏大，等待回檔或量價整理。,Winners And Losers Of Q1: Azenta (NASDAQ:AZTA) Vs The Rest Of The Drug Development Inputs & Services Stocks - StockStory,20.5,20D,20,2026-06-24,0.16390246879763715,-0.02585186291395003,0.18975433171158718,True
2026-05-26,AZTA,0.0,低優先或資料不足,醫療科技,短線漲幅過大；低於50DMA,題材熱但短線漲幅偏大，等待回檔或量價整理。,Winners And Losers Of Q1: Azenta (NASDAQ:AZTA) Vs The Rest Of The Drug Development Inputs & Services Stocks - StockStory,20.5,60D,60,2026-08-20,0.7809755278796684,-0.025426964806157915,0.8064024926858263,True
2026-05-27,ON,96.21764998777925,高優先觀察,半導體設備,未觸發主要風險,新聞提及 1 次，且價格站上 50DMA，值得加入觀察清單。,"ON Stock Price, Quote & Chart | ON SEMICONDUCTOR (NASDAQ:ON) - ChartMill",124.88999938964844,5D,5,2026-06-03,0.07238364424943766,0.020234428606370924,0.05214921564306674,True
2026-05-27,ON,96.21764998777925,高優先觀察,半導體設備,未觸發主要風險,新聞提及 1 次，且價格站上 50DMA，值得加入觀察清單。,"ON Stock Price, Quote & Chart | ON SEMICONDUCTOR (NASDAQ:ON) - ChartMill",124.88999938964844,20D,20,2026-06-25,-0.04924334659247864,-0.01683841947890463,-0.03240492711357401,False
2026-05-27,ON,96.21764998777925,高優先觀察,半導體設備,未觸發主要風險,新聞提及 1 次，且價格站上 50DMA，值得加入觀察清單。,"ON Stock Price, Quote & Chart | ON SEMICONDUCTOR (NASDAQ:ON) - ChartMill",124.88999938964844,60D,60,2026-08-21,-0.40579710587600837,-0.020873213730643436,-0.38492389214536493,False
2026-05-27,GEO,89.23297370166125,高優先觀察,太空,未觸發主要風險,新聞提及 1 次，且價格站上 50DMA，值得加入觀察清單。,First Rocket Lab GEO satellites: $90M Space Force Heimdall deal - Stock Titan,22.65999984741211,5D,5,2026-06-03,0.04148281290323874,0.020234428606370924,0.021248384296867817,True
2026-05-27,GEO,89.23297370166125,高優先觀察,太空,未觸發主要風險,新聞提及 1 次，且價格站上 50DMA，值得加入觀察清單。,First Rocket Lab GEO satellites: $90M Space Force Heimdall deal - Stock Titan,22.65999984741211,20D,20,2026-06-25,0.294351285137175,-0.01683841947890463,0.31118970461607964,True
2026-05-27,GEO,89.23297370166125,高優先觀察,太空,未觸發主要風險,新聞提及 1 次，且價格站上 50DMA，值得加入觀察清單。,First Rocket Lab GEO satellites: $90M Space Force Heimdall deal - Stock Titan,22.65999984741211,60D,60,2026-08-21,0.4435127671992596,-0.020873213730643436,0.464385980929903,True
2026-05-27,NVTS,87.54764424827273,高優先觀察,半導體設備,短線漲幅過大,新聞提及 1 次，且價格站上 50DMA，值得加入觀察清單。,Why NVTS Stock Is Extending Its Breakout Rally From Last Week - Yahoo Finance,28.8799991607666,5D,5,2026-06-03,0.06786707232609435,0.020234428606370924,0.04763264371972342,True
2026-05-27,NVTS,87.54764424827273,高優先觀察,半導體設備,短線漲幅過大,新聞提及 1 次，且價格站上 50DMA，值得加入觀察清單。,Why NVTS Stock Is Extending Its Breakout Rally From Last Week - Yahoo Finance,28.8799991607666,20D,20,2026-06-25,-0.387119069345928,-0.01683841947890463,-0.37028064986702336,False
2026-05-27,NVTS,87.54764424827273,高優先觀察,半導體設備,短線漲幅過大,新聞提及 1 次，且價格站上 50DMA，值得加入觀察清單。,Why NVTS Stock Is Extending Its Breakout Rally From Last Week - Yahoo Finance,28.8799991607666,60D,60,2026-08-21,-0.5509002547116235,-0.020873213730643436,-0.5300270409809801,False
2026-05-27,ASML,86.36216370192155,高優先觀察,半導體設備,未觸發主要風險,新聞提及 1 次，且價格站上 50DMA，值得加入觀察清單。,"ASML (ASML) Stock; Gains Slightly After Boosting Taiwan Hiring Target to 1,000 - MEXC",1595.80615234375,5D,5,2026-06-03,0.08041325973139424,0.020234428606370924,0.06017883112502331,True
2026-05-27,ASML,86.36216370192155,高優先觀察,半導體設備,未觸發主要風險,新聞提及 1 次，且價格站上 50DMA，值得加入觀察清單。,"ASML (ASML) Stock; Gains Slightly After Boosting Taiwan Hiring Target to 1,000 - MEXC",1595.80615234375,20D,20,2026-06-25,0.15227145676946807,-0.01683841947890463,0.1691098762483727,True
2026-05-27,ASML,86.36216370192155,高優先觀察,半導體設備,未觸發主要風險,新聞提及 1 次，且價格站上 50DMA，值得加入觀察清單。,"ASML (ASML) Stock; Gains Slightly After Boosting Taiwan Hiring Target to 1,000 - MEXC",1595.80615234375,60D,60,2026-08-21,0.10524702964404686,-0.020873213730643436,0.1261202433746903,True
2026-05-27,KMX,77.43894174731025,可觀察,消費復甦,未觸發主要風險,新聞提及 1 次，且價格站上 50DMA，值得加入觀察清單。,A Look At CarMax (KMX) Valuation After Retail Sector Rotation On Strong Earnings From Major U.S. Retailers - simplywall.st,42.2599983215332,5D,5,2026-06-03,0.08920966889491577,0.020234428606370924,0.06897524028854485,True
2026-05-27,KMX,77.43894174731025,可觀察,消費復甦,未觸發主要風險,新聞提及 1 次，且價格站上 50DMA，值得加入觀察清單。,A Look At CarMax (KMX) Valuation After Retail Sector Rotation On Strong Earnings From Major U.S. Retailers - simplywall.st,42.2599983215332,20D,20,2026-06-25,0.2517748136995117,-0.01683841947890463,0.26861323317841634,True
2026-05-27,KMX,77.43894174731025,可觀察,消費復甦,未觸發主要風險,新聞提及 1 次，且價格站上 50DMA，值得加入觀察清單。,A Look At CarMax (KMX) Valuation After Retail Sector Rotation On Strong Earnings From Major U.S. Retailers - simplywall.st,42.2599983215332,60D,60,2026-08-21,0.47018465536609955,-0.020873213730643436,0.491057869096743,True
2026-05-27,KMB,38.55006073974772,暫時不強,消費復甦,未觸發主要風險,新聞提及 1 次，量價訊號尚需確認。,Kimberly-Clark Has Fallen 33%. Is KMB Stock Finally a Buy? - TIKR.com,97.65086364746094,5D,5,2026-06-03,-0.054102671600480434,0.020234428606370924,-0.07433710020685136,False
2026-05-27,KMB,38.55006073974772,暫時不強,消費復甦,未觸發主要風險,新聞提及 1 次，量價訊號尚需確認。,Kimberly-Clark Has Fallen 33%. Is KMB Stock Finally a Buy? - TIKR.com,97.65086364746094,20D,20,2026-06-25,0.09387892800962305,-0.01683841947890463,0.11071734748852768,True
2026-05-27,KMB,38.55006073974772,暫時不強,消費復甦,未觸發主要風險,新聞提及 1 次，量價訊號尚需確認。,Kimberly-Clark Has Fallen 33%. Is KMB Stock Finally a Buy? - TIKR.com,97.65086364746094,60D,60,2026-08-21,0.10612304084897173,-0.020873213730643436,0.12699625457961516,True
2026-05-27,EBC,38.186990052142804,暫時不強,半導體設備,未觸發主要風險,新聞提及 1 次，量價訊號尚需確認。,"Nikkei 225 Tops 65,000: Can Japan’s Rally Hold Beyond AI Stocks? - EBC Financial Group",19.677352905273438,5D,5,2026-06-03,-0.033567066669251466,0.020234428606370924,-0.05380149527562239,False
2026-05-27,EBC,38.186990052142804,暫時不強,半導體設備,未觸發主要風險,新聞提及 1 次，量價訊號尚需確認。,"Nikkei 225 Tops 65,000: Can Japan’s Rally Hold Beyond AI Stocks? - EBC Financial Group",19.677352905273438,20D,20,2026-06-25,0.10292431615066988,-0.01683841947890463,0.11976273562957451,True
2026-05-27,EBC,38.186990052142804,暫時不強,半導體設備,未觸發主要風險,新聞提及 1 次，量價訊號尚需確認。,"Nikkei 225 Tops 65,000: Can Japan’s Rally Hold Beyond AI Stocks? - EBC Financial Group",19.677352905273438,60D,60,2026-08-21,0.14784890370858617,-0.020873213730643436,0.1687221174392296,True
2026-05-27,DAR,16.140419848353794,低優先或資料不足,消費復甦,低於50DMA,新聞提及 1 次，量價訊號尚需確認。,Darling Ingredients: The Recovery Is Visible (NYSE:DAR) - Seeking Alpha,58.7400016784668,5D,5,2026-06-03,0.047837886930531814,0.020234428606370924,0.02760345832416089,True
2026-05-27,DAR,16.140419848353794,低優先或資料不足,消費復甦,低於50DMA,新聞提及 1 次，量價訊號尚需確認。,Darling Ingredients: The Recovery Is Visible (NYSE:DAR) - Seeking Alpha,58.7400016784668,20D,20,2026-06-25,-0.09635682134287338,-0.01683841947890463,-0.07951840186396875,False
2026-05-27,DAR,16.140419848353794,低優先或資料不足,消費復甦,低於50DMA,新聞提及 1 次，量價訊號尚需確認。,Darling Ingredients: The Recovery Is Visible (NYSE:DAR) - Seeking Alpha,58.7400016784668,60D,60,2026-08-21,0.11916915194554423,-0.020873213730643436,0.14004236567618766,True
2026-05-27,RCAT,1.502457879454873,低優先或資料不足,國防/航太,短線漲幅過大；低於50DMA,題材熱但短線漲幅偏大，等待回檔或量價整理。,A Look At Red Cat Holdings (RCAT) Valuation After New Defense Drone Contracts And AI Deployment News - simplywall.st,10.670000076293945,5D,5,2026-06-03,0.2924086094892293,0.020234428606370924,0.2721741808828584,True
2026-05-27,RCAT,1.502457879454873,低優先或資料不足,國防/航太,短線漲幅過大；低於50DMA,題材熱但短線漲幅偏大，等待回檔或量價整理。,A Look At Red Cat Holdings (RCAT) Valuation After New Defense Drone Contracts And AI Deployment News - simplywall.st,10.670000076293945,20D,20,2026-06-25,-0.1649484738797813,-0.01683841947890463,-0.14811005440087666,False
2026-05-27,RCAT,1.502457879454873,低優先或資料不足,國防/航太,短線漲幅過大；低於50DMA,題材熱但短線漲幅偏大，等待回檔或量價整理。,A Look At Red Cat Holdings (RCAT) Valuation After New Defense Drone Contracts And AI Deployment News - simplywall.st,10.670000076293945,60D,60,2026-08-21,-0.09840676506345103,-0.020873213730643436,-0.0775335513328076,False
2026-05-28,CPSH,100.0,高優先觀察,小型成長股,短線漲幅過大,新聞提及 1 次，且價格站上 50DMA，值得加入觀察清單。,CPS Technologies Corporation Stock (CPSH) Opinions on technical breakout signals - Quiver Quantitative,11.100000381469727,5D,5,2026-06-04,-0.29909910428505615,0.006810818415759812,-0.30590992270081596,False
2026-05-28,CPSH,100.0,高優先觀察,小型成長股,短線漲幅過大,新聞提及 1 次，且價格站上 50DMA，值得加入觀察清單。,CPS Technologies Corporation Stock (CPSH) Opinions on technical breakout signals - Quiver Quantitative,11.100000381469727,20D,20,2026-06-26,-0.4882883213390893,-0.03847672951665637,-0.4498115918224329,False
2026-05-28,CPSH,100.0,高優先觀察,小型成長股,短線漲幅過大,新聞提及 1 次，且價格站上 50DMA，值得加入觀察清單。,CPS Technologies Corporation Stock (CPSH) Opinions on technical breakout signals - Quiver Quantitative,11.100000381469727,60D,60,2026-08-24,-0.6522522736540004,-0.03874896601683575,-0.6135033076371647,False
2026-05-28,PANW,92.8681916182984,高優先觀察,網路安全,未觸發主要風險,新聞提及 1 次，且價格站上 50DMA，值得加入觀察清單。,Palo Alto Networks: AI Cybersecurity Seesaw (NASDAQ:PANW) - Seeking Alpha,257.7699890136719,5D,5,2026-06-04,0.08333014664941785,0.006810818415759812,0.07651932823365803,True
2026-05-28,PANW,92.8681916182984,高優先觀察,網路安全,未觸發主要風險,新聞提及 1 次，且價格站上 50DMA，值得加入觀察清單。,Palo Alto Networks: AI Cybersecurity Seesaw (NASDAQ:PANW) - Seeking Alpha,257.7699890136719,20D,20,2026-06-26,0.1801219116741195,-0.03847672951665637,0.21859864119077588,True
2026-05-28,PANW,92.8681916182984,高優先觀察,網路安全,未觸發主要風險,新聞提及 1 次，且價格站上 50DMA，值得加入觀察清單。,Palo Alto Networks: AI Cybersecurity Seesaw (NASDAQ:PANW) - Seeking Alpha,257.7699890136719,60D,60,2026-08-24,0.36129110777854345,-0.03874896601683575,0.4000400737953792,True
2026-05-28,GEO,88.21466732471936,高優先觀察,太空,未觸發主要風險,新聞提及 1 次，且價格站上 50DMA，值得加入觀察清單。,First Rocket Lab GEO satellites: $90M Space Force Heimdall deal - Stock Titan,23.110000610351562,5D,5,2026-06-04,0.08827342943751137,0.006810818415759812,0.08146261102175156,True
2026-05-28,GEO,88.21466732471936,高優先觀察,太空,未觸發主要風險,新聞提及 1 次，且價格站上 50DMA，值得加入觀察清單。,First Rocket Lab GEO satellites: $90M Space Force Heimdall deal - Stock Titan,23.110000610351562,20D,20,2026-06-26,0.3137169973397811,-0.03847672951665637,0.35219372685643746,True
2026-05-28,GEO,88.21466732471936,高優先觀察,太空,未觸發主要風險,新聞提及 1 次，且價格站上 50DMA，值得加入觀察清單。,First Rocket Lab GEO satellites: $90M Space Force Heimdall deal - Stock Titan,23.110000610351562,60D,60,2026-08-24,0.3924707682942048,-0.03874896601683575,0.43121973431104055,True
2026-05-28,USAR,85.99951960755897,高優先觀察,能源/材料,短線漲幅過大,新聞提及 1 次，且價格站上 50DMA，值得加入觀察清單。,"MP, USAR, UAMY, UUUU stocks in focus: US.-China deal moves to ease rare earth supply crunch - MSN",28.190000534057617,5D,5,2026-06-04,-0.03866619836601326,0.006810818415759812,-0.04547701678177307,False
2026-05-28,USAR,85.99951960755897,高優先觀察,能源/材料,短線漲幅過大,新聞提及 1 次，且價格站上 50DMA，值得加入觀察清單。,"MP, USAR, UAMY, UUUU stocks in focus: US.-China deal moves to ease rare earth supply crunch - MSN",28.190000534057617,20D,20,2026-06-26,-0.2738560154114308,-0.03847672951665637,-0.23537928589477441,False
2026-05-28,USAR,85.99951960755897,高優先觀察,能源/材料,短線漲幅過大,新聞提及 1 次，且價格站上 50DMA，值得加入觀察清單。,"MP, USAR, UAMY, UUUU stocks in focus: US.-China deal moves to ease rare earth supply crunch - MSN",28.190000534057617,60D,60,2026-08-24,-0.3511883444829891,-0.03874896601683575,-0.31243937846615333,False
2026-05-28,HWM,69.5032458867012,可觀察,小型成長股,未觸發主要風險,新聞提及 1 次，量價訊號尚需確認。,A Look At Howmet Aerospace (HWM) Valuation After Record High Breakout On Q1 2026 Earnings - simplywall.st,259.7644348144531,5D,5,2026-06-04,-0.04063264622570517,0.006810818415759812,-0.04744346464146498,False
2026-05-28,HWM,69.5032458867012,可觀察,小型成長股,未觸發主要風險,新聞提及 1 次，量價訊號尚需確認。,A Look At Howmet Aerospace (HWM) Valuation After Record High Breakout On Q1 2026 Earnings - simplywall.st,259.7644348144531,20D,20,2026-06-26,0.03455302485525946,-0.03847672951665637,0.07302975437191583,True
2026-05-28,HWM,69.5032458867012,可觀察,小型成長股,未觸發主要風險,新聞提及 1 次，量價訊號尚需確認。,A Look At Howmet Aerospace (HWM) Valuation After Record High Breakout On Q1 2026 Earnings - simplywall.st,259.7644348144531,60D,60,2026-08-24,0.013572195643283713,-0.03874896601683575,0.052321161660119464,True
2026-05-28,MP,66.8294430931112,可觀察,能源/材料,未觸發主要風險,新聞提及 1 次，量價訊號尚需確認。,"MP, USAR, UAMY, UUUU stocks in focus: US.-China deal moves to ease rare earth supply crunch - MSN",66.83000183105469,5D,5,2026-06-04,-0.020499816086274825,0.006810818415759812,-0.027310634502034636,False
2026-05-28,MP,66.8294430931112,可觀察,能源/材料,未觸發主要風險,新聞提及 1 次，量價訊號尚需確認。,"MP, USAR, UAMY, UUUU stocks in focus: US.-China deal moves to ease rare earth supply crunch - MSN",66.83000183105469,20D,20,2026-06-26,-0.19347598310505276,-0.03847672951665637,-0.1549992535883964,False
2026-05-28,MP,66.8294430931112,可觀察,能源/材料,未觸發主要風險,新聞提及 1 次，量價訊號尚需確認。,"MP, USAR, UAMY, UUUU stocks in focus: US.-China deal moves to ease rare earth supply crunch - MSN",66.83000183105469,60D,60,2026-08-24,-0.14080507862169045,-0.03874896601683575,-0.1020561126048547,False
2026-05-28,CPS,43.54827508742655,題材有熱度但訊號普通,小型成長股,未觸發主要風險,新聞提及 1 次，量價訊號尚需確認。,CPS Technologies Corporation Stock (CPSH) Opinions on technical breakout signals - Quiver Quantitative,30.639999389648438,5D,5,2026-06-04,0.008159269092037347,0.006810818415759812,0.001348450676277535,True
2026-05-28,CPS,43.54827508742655,題材有熱度但訊號普通,小型成長股,未觸發主要風險,新聞提及 1 次，量價訊號尚需確認。,CPS Technologies Corporation Stock (CPSH) Opinions on technical breakout signals - Quiver Quantitative,30.639999389648438,20D,20,2026-06-26,-0.067232359888308,-0.03847672951665637,-0.02875563037165163,False
2026-05-28,CPS,43.54827508742655,題材有熱度但訊號普通,小型成長股,未觸發主要風險,新聞提及 1 次，量價訊號尚需確認。,CPS Technologies Corporation Stock (CPSH) Opinions on technical breakout signals - Quiver Quantitative,30.639999389648438,60D,60,2026-08-24,-0.1347910980103315,-0.03874896601683575,-0.09604213199349576,False
2026-05-28,LITE,26.15002362828768,暫時不強,AI/資料中心,低於50DMA,新聞提及 1 次，量價訊號尚需確認。,Is Nasdaq-100 Entry And AI Data Center Momentum Altering The Investment Case For Lumentum (LITE)? - simplywall.st,860.6199951171875,5D,5,2026-06-04,0.09813857736497944,0.006810818415759812,0.09132775894921963,True
2026-05-28,LITE,26.15002362828768,暫時不強,AI/資料中心,低於50DMA,新聞提及 1 次，量價訊號尚需確認。,Is Nasdaq-100 Entry And AI Data Center Momentum Altering The Investment Case For Lumentum (LITE)? - simplywall.st,860.6199951171875,20D,20,2026-06-26,-0.0507076466919586,-0.03847672951665637,-0.012230917175302225,False
2026-05-28,LITE,26.15002362828768,暫時不強,AI/資料中心,低於50DMA,新聞提及 1 次，量價訊號尚需確認。,Is Nasdaq-100 Entry And AI Data Center Momentum Altering The Investment Case For Lumentum (LITE)? - simplywall.st,860.6199951171875,60D,60,2026-08-24,-0.03538148355812365,-0.03874896601683575,0.003367482458712101,False
2026-05-28,UAMY,8.173871445735056,低優先或資料不足,能源/材料,低於50DMA,新聞提及 1 次，量價訊號尚需確認。,"MP, USAR, UAMY, UUUU stocks in focus: US.-China deal moves to ease rare earth supply crunch - MSN",9.100000381469727,5D,5,2026-06-04,-0.0494506312170917,0.006810818415759812,-0.05626144963285151,False
2026-05-28,UAMY,8.173871445735056,低優先或資料不足,能源/材料,低於50DMA,新聞提及 1 次，量價訊號尚需確認。,"MP, USAR, UAMY, UUUU stocks in focus: US.-China deal moves to ease rare earth supply crunch - MSN",9.100000381469727,20D,20,2026-06-26,-0.234065989229559,-0.03847672951665637,-0.19558925971290264,False
2026-05-28,UAMY,8.173871445735056,低優先或資料不足,能源/材料,低於50DMA,新聞提及 1 次，量價訊號尚需確認。,"MP, USAR, UAMY, UUUU stocks in focus: US.-China deal moves to ease rare earth supply crunch - MSN",9.100000381469727,60D,60,2026-08-24,-0.4395604735338621,-0.03874896601683575,-0.4008115075170263,False
2026-05-28,UUUU,1.614989220770525,低優先或資料不足,能源/材料,低於50DMA,新聞提及 1 次，量價訊號尚需確認。,"MP, USAR, UAMY, UUUU stocks in focus: US.-China deal moves to ease rare earth supply crunch - MSN",18.440000534057617,5D,5,2026-06-04,-0.058026012138556626,0.006810818415759812,-0.06483683055431644,False
2026-05-28,UUUU,1.614989220770525,低優先或資料不足,能源/材料,低於50DMA,新聞提及 1 次，量價訊號尚需確認。,"MP, USAR, UAMY, UUUU stocks in focus: US.-China deal moves to ease rare earth supply crunch - MSN",18.440000534057617,20D,20,2026-06-26,-0.20715838057830938,-0.03847672951665637,-0.168681651061653,False
2026-05-28,UUUU,1.614989220770525,低優先或資料不足,能源/材料,低於50DMA,新聞提及 1 次，量價訊號尚需確認。,"MP, USAR, UAMY, UUUU stocks in focus: US.-China deal moves to ease rare earth supply crunch - MSN",18.440000534057617,60D,60,2026-08-24,-0.193058585494159,-0.03874896601683575,-0.15430961947732325,False
2026-05-29,AVGO,67.65756706619527,可觀察,半導體設備,未觸發主要風險,新聞提及 1 次，量價訊號尚需確認。,Broadcom Inc (NASDAQ:AVGO) Scores Rare Perfect Technical Rating as Breakout Setup Nears Completion - ChartMill,445.25323486328125,5D,5,2026-06-05,-0.13662509086667096,-0.045035240129458254,-0.09158985073721271,False
2026-05-29,AVGO,67.65756706619527,可觀察,半導體設備,未觸發主要風險,新聞提及 1 次，量價訊號尚需確認。,Broadcom Inc (NASDAQ:AVGO) Scores Rare Perfect Technical Rating as Breakout Setup Nears Completion - ChartMill,445.25323486328125,20D,20,2026-06-29,-0.16503011845463533,-0.01819592607302334,-0.146834192381612,False
2026-05-29,AVGO,67.65756706619527,可觀察,半導體設備,未觸發主要風險,新聞提及 1 次，量價訊號尚需確認。,Broadcom Inc (NASDAQ:AVGO) Scores Rare Perfect Technical Rating as Breakout Setup Nears Completion - ChartMill,445.25323486328125,60D,60,2026-08-25,-0.20024937529377884,-0.03631124315631329,-0.16393813213746555,False
2026-05-29,LITE,17.516392196729136,低優先或資料不足,AI/資料中心,低於50DMA,新聞提及 1 次，量價訊號尚需確認。,Is Nasdaq-100 Entry And AI Data Center Momentum Altering The Investment Case For Lumentum (LITE)? - simplywall.st,854.9600219726562,5D,5,2026-06-05,0.010175857289562495,-0.045035240129458254,0.05521109741902075,True
2026-05-29,LITE,17.516392196729136,低優先或資料不足,AI/資料中心,低於50DMA,新聞提及 1 次，量價訊號尚需確認。,Is Nasdaq-100 Entry And AI Data Center Momentum Altering The Investment Case For Lumentum (LITE)? - simplywall.st,854.9600219726562,20D,20,2026-06-29,-0.004163934531558278,-0.01819592607302334,0.014031991541465061,False
2026-05-29,LITE,17.516392196729136,低優先或資料不足,AI/資料中心,低於50DMA,新聞提及 1 次，量價訊號尚需確認。,Is Nasdaq-100 Entry And AI Data Center Momentum Altering The Investment Case For Lumentum (LITE)? - simplywall.st,854.9600219726562,60D,60,2026-08-25,0.0357969725860805,-0.03631124315631329,0.07210821574239379,True
2026-05-29,EBC,8.060580548941726,低優先或資料不足,半導體設備,低於50DMA,新聞提及 1 次，量價訊號尚需確認。,"Nikkei 225 Tops 65,000: Can Japan’s Rally Hold Beyond AI Stocks? - EBC Financial Group",19.45060920715332,5D,5,2026-06-05,0.01365050093055098,-0.045035240129458254,0.05868574106000923,True
2026-05-29,EBC,8.060580548941726,低優先或資料不足,半導體設備,低於50DMA,新聞提及 1 次，量價訊號尚需確認。,"Nikkei 225 Tops 65,000: Can Japan’s Rally Hold Beyond AI Stocks? - EBC Financial Group",19.45060920715332,20D,20,2026-06-29,0.1270159283628176,-0.01819592607302334,0.14521185443584095,True
2026-05-29,EBC,8.060580548941726,低優先或資料不足,半導體設備,低於50DMA,新聞提及 1 次，量價訊號尚需確認。,"Nikkei 225 Tops 65,000: Can Japan’s Rally Hold Beyond AI Stocks? - EBC Financial Group",19.45060920715332,60D,60,2026-08-25,0.1418249234314215,-0.03631124315631329,0.1781361665877348,True
2026-05-30,RGTI,97.57917581692105,高優先觀察,量子運算,未觸發主要風險,新聞提及 1 次，且價格站上 50DMA，值得加入觀察清單。,QBTS or RGTI: Which Quantum Stock Stands Out on $2B Federal Fund? - TradingView,25.6299991607666,5D,5,2026-06-08,-0.15079983994047708,-0.035907644551311346,-0.11489219538916573,False
2026-05-30,RGTI,97.57917581692105,高優先觀察,量子運算,未觸發主要風險,新聞提及 1 次，且價格站上 50DMA，值得加入觀察清單。,QBTS or RGTI: Which Quantum Stock Stands Out on $2B Federal Fund? - TradingView,25.6299991607666,20D,20,2026-06-30,-0.24619585144589018,-0.007446404899728143,-0.23874944654616204,False
2026-05-30,RGTI,97.57917581692105,高優先觀察,量子運算,未觸發主要風險,新聞提及 1 次，且價格站上 50DMA，值得加入觀察清單。,QBTS or RGTI: Which Quantum Stock Stands Out on $2B Federal Fund? - TradingView,25.6299991607666,60D,60,2026-08-26,-0.37807256721320426,-0.04118301173486938,-0.3368895554783349,False
2026-05-30,QBTS,94.84959145052798,高優先觀察,量子運算,未觸發主要風險,新聞提及 1 次，且價格站上 50DMA，值得加入觀察清單。,QBTS or RGTI: Which Quantum Stock Stands Out on $2B Federal Fund? - TradingView,29.18000030517578,5D,5,2026-06-08,-0.11480467259883897,-0.035907644551311346,-0.07889702804752763,False
2026-05-30,QBTS,94.84959145052798,高優先觀察,量子運算,未觸發主要風險,新聞提及 1 次，且價格站上 50DMA，值得加入觀察清單。,QBTS or RGTI: Which Quantum Stock Stands Out on $2B Federal Fund? - TradingView,29.18000030517578,20D,20,2026-06-30,-0.17786156544820342,-0.007446404899728143,-0.17041516054847528,False
2026-05-30,QBTS,94.84959145052798,高優先觀察,量子運算,未觸發主要風險,新聞提及 1 次，且價格站上 50DMA，值得加入觀察清單。,QBTS or RGTI: Which Quantum Stock Stands Out on $2B Federal Fund? - TradingView,29.18000030517578,60D,60,2026-08-26,-0.3999314583360024,-0.04118301173486938,-0.35874844660113303,False
2026-05-30,TKR,88.18985742985669,高優先觀察,機器人/自動化,未觸發主要風險,新聞提及 1 次，且價格站上 50DMA，值得加入觀察清單。,Timken hits record high as J.P. Morgan upgrades industrial automation stocks (TKR:NYSE) - Seeking Alpha,126.19985961914062,5D,5,2026-06-08,0.06424852073009157,-0.035907644551311346,0.10015616528140292,True
2026-05-30,TKR,88.18985742985669,高優先觀察,機器人/自動化,未觸發主要風險,新聞提及 1 次，且價格站上 50DMA，值得加入觀察清單。,Timken hits record high as J.P. Morgan upgrades industrial automation stocks (TKR:NYSE) - Seeking Alpha,126.19985961914062,20D,20,2026-06-30,0.14841159698277062,-0.007446404899728143,0.15585800188249876,True
2026-05-30,TKR,88.18985742985669,高優先觀察,機器人/自動化,未觸發主要風險,新聞提及 1 次，且價格站上 50DMA，值得加入觀察清單。,Timken hits record high as J.P. Morgan upgrades industrial automation stocks (TKR:NYSE) - Seeking Alpha,126.19985961914062,60D,60,2026-08-26,-0.0003950724938378558,-0.04118301173486938,0.04078793924103152,False
2026-05-30,ARQQ,72.47809171733672,可觀察,量子運算,未觸發主要風險,新聞提及 1 次，且價格站上 50DMA，值得加入觀察清單。,Arqit Quantum: No Real Commercial Traction Yet (NASDAQ:ARQQ) - Seeking Alpha,16.959999084472656,5D,5,2026-06-08,-0.24410375077429813,-0.035907644551311346,-0.2081961062229868,False
2026-05-30,ARQQ,72.47809171733672,可觀察,量子運算,未觸發主要風險,新聞提及 1 次，且價格站上 50DMA，值得加入觀察清單。,Arqit Quantum: No Real Commercial Traction Yet (NASDAQ:ARQQ) - Seeking Alpha,16.959999084472656,20D,20,2026-06-30,0.7523585446749208,-0.007446404899728143,0.759804949574649,True
2026-05-30,ARQQ,72.47809171733672,可觀察,量子運算,未觸發主要風險,新聞提及 1 次，且價格站上 50DMA，值得加入觀察清單。,Arqit Quantum: No Real Commercial Traction Yet (NASDAQ:ARQQ) - Seeking Alpha,16.959999084472656,60D,60,2026-08-26,0.20047179890426414,-0.04118301173486938,0.24165481063913352,True
2026-05-30,USAR,66.35112123086142,可觀察,能源/材料,未觸發主要風險,新聞提及 1 次，量價訊號尚需確認。,"MP, USAR, UAMY, UUUU stocks in focus: US.-China deal moves to ease rare earth supply crunch - MSN",29.43000030517578,5D,5,2026-06-08,-0.24532793563829358,-0.035907644551311346,-0.20942029108698224,False
2026-05-30,USAR,66.35112123086142,可觀察,能源/材料,未觸發主要風險,新聞提及 1 次，量價訊號尚需確認。,"MP, USAR, UAMY, UUUU stocks in focus: US.-China deal moves to ease rare earth supply crunch - MSN",29.43000030517578,20D,20,2026-06-30,-0.26673463472880654,-0.007446404899728143,-0.2592882298290784,False
2026-05-30,USAR,66.35112123086142,可觀察,能源/材料,未觸發主要風險,新聞提及 1 次，量價訊號尚需確認。,"MP, USAR, UAMY, UUUU stocks in focus: US.-China deal moves to ease rare earth supply crunch - MSN",29.43000030517578,60D,60,2026-08-26,-0.3571185905503871,-0.04118301173486938,-0.3159355788155177,False
2026-05-30,MP,37.67287989159118,暫時不強,能源/材料,未觸發主要風險,新聞提及 1 次，量價訊號尚需確認。,"MP, USAR, UAMY, UUUU stocks in focus: US.-China deal moves to ease rare earth supply crunch - MSN",69.29000091552734,5D,5,2026-06-08,-0.16899984023305936,-0.035907644551311346,-0.13309219568174802,False
2026-05-30,MP,37.67287989159118,暫時不強,能源/材料,未觸發主要風險,新聞提及 1 次，量價訊號尚需確認。,"MP, USAR, UAMY, UUUU stocks in focus: US.-China deal moves to ease rare earth supply crunch - MSN",69.29000091552734,20D,20,2026-06-30,-0.19165828284782427,-0.007446404899728143,-0.18421187794809613,False
2026-05-30,MP,37.67287989159118,暫時不強,能源/材料,未觸發主要風險,新聞提及 1 次，量價訊號尚需確認。,"MP, USAR, UAMY, UUUU stocks in focus: US.-China deal moves to ease rare earth supply crunch - MSN",69.29000091552734,60D,60,2026-08-26,-0.1440323193876577,-0.04118301173486938,-0.10284930765278832,False
2026-05-30,DAR,14.886603119882452,低優先或資料不足,消費復甦,低於50DMA,新聞提及 1 次，量價訊號尚需確認。,Darling Ingredients: The Recovery Is Visible (NYSE:DAR) - Seeking Alpha,60.439998626708984,5D,5,2026-06-08,-0.034414263130678746,-0.035907644551311346,0.0014933814206326002,False
2026-05-30,DAR,14.886603119882452,低優先或資料不足,消費復甦,低於50DMA,新聞提及 1 次，量價訊號尚需確認。,Darling Ingredients: The Recovery Is Visible (NYSE:DAR) - Seeking Alpha,60.439998626708984,20D,20,2026-06-30,-0.09629384227438265,-0.007446404899728143,-0.0888474373746545,False
2026-05-30,DAR,14.886603119882452,低優先或資料不足,消費復甦,低於50DMA,新聞提及 1 次，量價訊號尚需確認。,Darling Ingredients: The Recovery Is Visible (NYSE:DAR) - Seeking Alpha,60.439998626708984,60D,60,2026-08-26,0.03408341198043452,-0.04118301173486938,0.0752664237153039,True
2026-05-30,UAMY,4.584691675272779,低優先或資料不足,能源/材料,低於50DMA,新聞提及 1 次，量價訊號尚需確認。,"MP, USAR, UAMY, UUUU stocks in focus: US.-China deal moves to ease rare earth supply crunch - MSN",9.260000228881836,5D,5,2026-06-08,-0.1565875000283219,-0.035907644551311346,-0.12067985547701054,False
2026-05-30,UAMY,4.584691675272779,低優先或資料不足,能源/材料,低於50DMA,新聞提及 1 次，量價訊號尚需確認。,"MP, USAR, UAMY, UUUU stocks in focus: US.-China deal moves to ease rare earth supply crunch - MSN",9.260000228881836,20D,20,2026-06-30,-0.21598271604378827,-0.007446404899728143,-0.20853631114406013,False
2026-05-30,UAMY,4.584691675272779,低優先或資料不足,能源/材料,低於50DMA,新聞提及 1 次，量價訊號尚需確認。,"MP, USAR, UAMY, UUUU stocks in focus: US.-China deal moves to ease rare earth supply crunch - MSN",9.260000228881836,60D,60,2026-08-26,-0.4535637345885307,-0.04118301173486938,-0.41238072285366134,False
2026-05-30,UUUU,0.0,低優先或資料不足,能源/材料,低於50DMA,新聞提及 1 次，量價訊號尚需確認。,"MP, USAR, UAMY, UUUU stocks in focus: US.-China deal moves to ease rare earth supply crunch - MSN",17.6200008392334,5D,5,2026-06-08,-0.1367764294153847,-0.035907644551311346,-0.10086878486407336,False
2026-05-30,UUUU,0.0,低優先或資料不足,能源/材料,低於50DMA,新聞提及 1 次，量價訊號尚需確認。,"MP, USAR, UAMY, UUUU stocks in focus: US.-China deal moves to ease rare earth supply crunch - MSN",17.6200008392334,20D,20,2026-06-30,-0.17707154884387288,-0.007446404899728143,-0.16962514394414474,False
2026-05-30,UUUU,0.0,低優先或資料不足,能源/材料,低於50DMA,新聞提及 1 次，量價訊號尚需確認。,"MP, USAR, UAMY, UUUU stocks in focus: US.-China deal moves to ease rare earth supply crunch - MSN",17.6200008392334,60D,60,2026-08-26,-0.10896713612482412,-0.04118301173486938,-0.06778412438995474,False
2026-05-31,PANW,100.0,高優先觀察,網路安全,未觸發主要風險,新聞提及 1 次，且價格站上 50DMA，值得加入觀察清單。,Palo Alto Networks: AI Cybersecurity Seesaw (NASDAQ:PANW) - Seeking Alpha,300.4800109863281,5D,5,2026-06-08,-0.11365156804262877,-0.035907644551311346,-0.07774392349131742,False
2026-05-31,PANW,100.0,高優先觀察,網路安全,未觸發主要風險,新聞提及 1 次，且價格站上 50DMA，值得加入觀察清單。,Palo Alto Networks: AI Cybersecurity Seesaw (NASDAQ:PANW) - Seeking Alpha,300.4800109863281,20D,20,2026-06-30,0.13491738733059466,-0.007446404899728143,0.1423637922303228,True
2026-05-31,PANW,100.0,高優先觀察,網路安全,未觸發主要風險,新聞提及 1 次，且價格站上 50DMA，值得加入觀察清單。,Palo Alto Networks: AI Cybersecurity Seesaw (NASDAQ:PANW) - Seeking Alpha,300.4800109863281,60D,60,2026-08-26,0.1292265214075501,-0.04118301173486938,0.17040953314241947,True
2026-05-31,POET,91.19105594069553,高優先觀察,小型成長股,未觸發主要風險,新聞提及 1 次，且價格站上 50DMA，值得加入觀察清單。,"POET Technologies Stock Could Still Surge in 2026, but the Bar for a Breakout Is Higher Now - TradingKey",13.890000343322754,5D,5,2026-06-08,-0.11591076821862911,-0.035907644551311346,-0.08000312366731777,False
2026-05-31,POET,91.19105594069553,高優先觀察,小型成長股,未觸發主要風險,新聞提及 1 次，且價格站上 50DMA，值得加入觀察清單。,"POET Technologies Stock Could Still Surge in 2026, but the Bar for a Breakout Is Higher Now - TradingKey",13.890000343322754,20D,20,2026-06-30,-0.2598992455811546,-0.007446404899728143,-0.2524528406814265,False
2026-05-31,POET,91.19105594069553,高優先觀察,小型成長股,未觸發主要風險,新聞提及 1 次，且價格站上 50DMA，值得加入觀察清單。,"POET Technologies Stock Could Still Surge in 2026, but the Bar for a Breakout Is Higher Now - TradingKey",13.890000343322754,60D,60,2026-08-26,-0.41828655694812145,-0.04118301173486938,-0.37710354521325207,False
2026-05-31,HWM,75.47164495718272,可觀察,小型成長股,未觸發主要風險,新聞提及 1 次，且價格站上 50DMA，值得加入觀察清單。,A Look At Howmet Aerospace (HWM) Valuation After Record High Breakout On Q1 2026 Earnings - simplywall.st,255.3965301513672,5D,5,2026-06-08,-0.03510489245603943,-0.035907644551311346,0.0008027520952719192,False
2026-05-31,HWM,75.47164495718272,可觀察,小型成長股,未觸發主要風險,新聞提及 1 次，且價格站上 50DMA，值得加入觀察清單。,A Look At Howmet Aerospace (HWM) Valuation After Record High Breakout On Q1 2026 Earnings - simplywall.st,255.3965301513672,20D,20,2026-06-30,0.05220721621478064,-0.007446404899728143,0.05965362111450878,True
2026-05-31,HWM,75.47164495718272,可觀察,小型成長股,未觸發主要風險,新聞提及 1 次，且價格站上 50DMA，值得加入觀察清單。,A Look At Howmet Aerospace (HWM) Valuation After Record High Breakout On Q1 2026 Earnings - simplywall.st,255.3965301513672,60D,60,2026-08-26,0.054595362663147684,-0.04118301173486938,0.09577837439801706,True
2026-05-31,DAR,14.886603119882452,低優先或資料不足,消費復甦,低於50DMA,新聞提及 1 次，量價訊號尚需確認。,Darling Ingredients: The Recovery Is Visible (NYSE:DAR) - Seeking Alpha,60.439998626708984,5D,5,2026-06-08,-0.034414263130678746,-0.035907644551311346,0.0014933814206326002,False
2026-05-31,DAR,14.886603119882452,低優先或資料不足,消費復甦,低於50DMA,新聞提及 1 次，量價訊號尚需確認。,Darling Ingredients: The Recovery Is Visible (NYSE:DAR) - Seeking Alpha,60.439998626708984,20D,20,2026-06-30,-0.09629384227438265,-0.007446404899728143,-0.0888474373746545,False
2026-05-31,DAR,14.886603119882452,低優先或資料不足,消費復甦,低於50DMA,新聞提及 1 次，量價訊號尚需確認。,Darling Ingredients: The Recovery Is Visible (NYSE:DAR) - Seeking Alpha,60.439998626708984,60D,60,2026-08-26,0.03408341198043452,-0.04118301173486938,0.0752664237153039,True
2026-06-01,PANW,97.91729760548769,高優先觀察,網路安全,未觸發主要風險,新聞提及 1 次，且價格站上 50DMA，值得加入觀察清單。,Palo Alto Networks: AI Cybersecurity Seesaw (NASDAQ:PANW) - Seeking Alpha,300.4800109863281,5D,5,2026-06-08,-0.11365156804262877,-0.035907644551311346,-0.07774392349131742,False
2026-06-01,PANW,97.91729760548769,高優先觀察,網路安全,未觸發主要風險,新聞提及 1 次，且價格站上 50DMA，值得加入觀察清單。,Palo Alto Networks: AI Cybersecurity Seesaw (NASDAQ:PANW) - Seeking Alpha,300.4800109863281,20D,20,2026-06-30,0.13491738733059466,-0.007446404899728143,0.1423637922303228,True
2026-06-01,PANW,97.91729760548769,高優先觀察,網路安全,未觸發主要風險,新聞提及 1 次，且價格站上 50DMA，值得加入觀察清單。,Palo Alto Networks: AI Cybersecurity Seesaw (NASDAQ:PANW) - Seeking Alpha,300.4800109863281,60D,60,2026-08-26,0.1292265214075501,-0.04118301173486938,0.17040953314241947,True
2026-06-01,TKR,85.443514444812,高優先觀察,機器人/自動化,未觸發主要風險,新聞提及 1 次，且價格站上 50DMA，值得加入觀察清單。,Timken hits record high as J.P. Morgan upgrades industrial automation stocks (TKR:NYSE) - Seeking Alpha,126.19985961914062,5D,5,2026-06-08,0.06424852073009157,-0.035907644551311346,0.10015616528140292,True
2026-06-01,TKR,85.443514444812,高優先觀察,機器人/自動化,未觸發主要風險,新聞提及 1 次，且價格站上 50DMA，值得加入觀察清單。,Timken hits record high as J.P. Morgan upgrades industrial automation stocks (TKR:NYSE) - Seeking Alpha,126.19985961914062,20D,20,2026-06-30,0.14841159698277062,-0.007446404899728143,0.15585800188249876,True
2026-06-01,TKR,85.443514444812,高優先觀察,機器人/自動化,未觸發主要風險,新聞提及 1 次，且價格站上 50DMA，值得加入觀察清單。,Timken hits record high as J.P. Morgan upgrades industrial automation stocks (TKR:NYSE) - Seeking Alpha,126.19985961914062,60D,60,2026-08-26,-0.0003950724938378558,-0.04118301173486938,0.04078793924103152,False
2026-06-01,USAR,84.33675802342955,高優先觀察,能源/材料,未觸發主要風險,新聞提及 1 次，且價格站上 50DMA，值得加入觀察清單。,"MP, USAR, UAMY, UUUU stocks in focus: US.-China deal moves to ease rare earth supply crunch - MSN",29.43000030517578,5D,5,2026-06-08,-0.24532793563829358,-0.035907644551311346,-0.20942029108698224,False
2026-06-01,USAR,84.33675802342955,高優先觀察,能源/材料,未觸發主要風險,新聞提及 1 次，且價格站上 50DMA，值得加入觀察清單。,"MP, USAR, UAMY, UUUU stocks in focus: US.-China deal moves to ease rare earth supply crunch - MSN",29.43000030517578,20D,20,2026-06-30,-0.26673463472880654,-0.007446404899728143,-0.2592882298290784,False
2026-06-01,USAR,84.33675802342955,高優先觀察,能源/材料,未觸發主要風險,新聞提及 1 次，且價格站上 50DMA，值得加入觀察清單。,"MP, USAR, UAMY, UUUU stocks in focus: US.-China deal moves to ease rare earth supply crunch - MSN",29.43000030517578,60D,60,2026-08-26,-0.3571185905503871,-0.04118301173486938,-0.3159355788155177,False
2026-06-01,MP,61.71025563279292,可觀察,能源/材料,未觸發主要風險,新聞提及 1 次，量價訊號尚需確認。,"MP, USAR, UAMY, UUUU stocks in focus: US.-China deal moves to ease rare earth supply crunch - MSN",69.29000091552734,5D,5,2026-06-08,-0.16899984023305936,-0.035907644551311346,-0.13309219568174802,False
2026-06-01,MP,61.71025563279292,可觀察,能源/材料,未觸發主要風險,新聞提及 1 次，量價訊號尚需確認。,"MP, USAR, UAMY, UUUU stocks in focus: US.-China deal moves to ease rare earth supply crunch - MSN",69.29000091552734,20D,20,2026-06-30,-0.19165828284782427,-0.007446404899728143,-0.18421187794809613,False
2026-06-01,MP,61.71025563279292,可觀察,能源/材料,未觸發主要風險,新聞提及 1 次，量價訊號尚需確認。,"MP, USAR, UAMY, UUUU stocks in focus: US.-China deal moves to ease rare earth supply crunch - MSN",69.29000091552734,60D,60,2026-08-26,-0.1440323193876577,-0.04118301173486938,-0.10284930765278832,False
2026-06-01,TER,59.77544894788525,題材有熱度但訊號普通,機器人/自動化,未觸發主要風險,新聞提及 1 次，量價訊號尚需確認。,Assessing Teradyne (TER) Valuation After Record Results And Growing AI And Robotics Demand - simplywall.st,369.328125,5D,5,2026-06-08,0.01412840567753948,-0.035907644551311346,0.050036050228850826,True
2026-06-01,TER,59.77544894788525,題材有熱度但訊號普通,機器人/自動化,未觸發主要風險,新聞提及 1 次，量價訊號尚需確認。,Assessing Teradyne (TER) Valuation After Record Results And Growing AI And Robotics Demand - simplywall.st,369.328125,20D,20,2026-06-30,0.30955151417798366,-0.007446404899728143,0.3169979190777118,True
2026-06-01,TER,59.77544894788525,題材有熱度但訊號普通,機器人/自動化,未觸發主要風險,新聞提及 1 次，量價訊號尚需確認。,Assessing Teradyne (TER) Valuation After Record Results And Growing AI And Robotics Demand - simplywall.st,369.328125,60D,60,2026-08-26,-0.017240912023522403,-0.04118301173486938,0.023942099711346976,False
2026-06-01,UAMY,5.43333004317838,低優先或資料不足,能源/材料,低於50DMA,新聞提及 1 次，量價訊號尚需確認。,"MP, USAR, UAMY, UUUU stocks in focus: US.-China deal moves to ease rare earth supply crunch - MSN",9.260000228881836,5D,5,2026-06-08,-0.1565875000283219,-0.035907644551311346,-0.12067985547701054,False
2026-06-01,UAMY,5.43333004317838,低優先或資料不足,能源/材料,低於50DMA,新聞提及 1 次，量價訊號尚需確認。,"MP, USAR, UAMY, UUUU stocks in focus: US.-China deal moves to ease rare earth supply crunch - MSN",9.260000228881836,20D,20,2026-06-30,-0.21598271604378827,-0.007446404899728143,-0.20853631114406013,False
2026-06-01,UAMY,5.43333004317838,低優先或資料不足,能源/材料,低於50DMA,新聞提及 1 次，量價訊號尚需確認。,"MP, USAR, UAMY, UUUU stocks in focus: US.-China deal moves to ease rare earth supply crunch - MSN",9.260000228881836,60D,60,2026-08-26,-0.4535637345885307,-0.04118301173486938,-0.41238072285366134,False
2026-06-01,UUUU,1.7391065668018406,低優先或資料不足,能源/材料,低於50DMA,新聞提及 1 次，量價訊號尚需確認。,"MP, USAR, UAMY, UUUU stocks in focus: US.-China deal moves to ease rare earth supply crunch - MSN",17.6200008392334,5D,5,2026-06-08,-0.1367764294153847,-0.035907644551311346,-0.10086878486407336,False
2026-06-01,UUUU,1.7391065668018406,低優先或資料不足,能源/材料,低於50DMA,新聞提及 1 次，量價訊號尚需確認。,"MP, USAR, UAMY, UUUU stocks in focus: US.-China deal moves to ease rare earth supply crunch - MSN",17.6200008392334,20D,20,2026-06-30,-0.17707154884387288,-0.007446404899728143,-0.16962514394414474,False
2026-06-01,UUUU,1.7391065668018406,低優先或資料不足,能源/材料,低於50DMA,新聞提及 1 次，量價訊號尚需確認。,"MP, USAR, UAMY, UUUU stocks in focus: US.-China deal moves to ease rare earth supply crunch - MSN",17.6200008392334,60D,60,2026-08-26,-0.10896713612482412,-0.04118301173486938,-0.06778412438995474,False
2026-06-02,RGTI,98.61108058579948,高優先觀察,量子運算,未觸發主要風險,新聞提及 1 次，且價格站上 50DMA，值得加入觀察清單。,RGTI vs QBTS: Which Quantum Computing Stock Holds More Promise? - TradingView,26.8799991607666,5D,5,2026-06-09,-0.2674850763092036,-0.05136965442853991,-0.21611542188066368,False
2026-06-02,RGTI,98.61108058579948,高優先觀察,量子運算,未觸發主要風險,新聞提及 1 次，且價格站上 50DMA，值得加入觀察清單。,RGTI vs QBTS: Which Quantum Computing Stock Holds More Promise? - TradingView,26.8799991607666,20D,20,2026-07-01,-0.3050594907591865,-0.0270626503766348,-0.2779968403825517,False
2026-06-02,RGTI,98.61108058579948,高優先觀察,量子運算,未觸發主要風險,新聞提及 1 次，且價格站上 50DMA，值得加入觀察清單。,RGTI vs QBTS: Which Quantum Computing Stock Holds More Promise? - TradingView,26.8799991607666,60D,60,2026-08-27,-0.38839281817936044,-0.032509757189817856,-0.3558830609895426,False
2026-06-02,QBTS,97.53481445338997,高優先觀察,量子運算,未觸發主要風險,新聞提及 1 次，且價格站上 50DMA，值得加入觀察清單。,RGTI vs QBTS: Which Quantum Computing Stock Holds More Promise? - TradingView,29.90999984741211,5D,5,2026-06-09,-0.21364090345193754,-0.05136965442853991,-0.16227124902339762,False
2026-06-02,QBTS,97.53481445338997,高優先觀察,量子運算,未觸發主要風險,新聞提及 1 次，且價格站上 50DMA，值得加入觀察清單。,RGTI vs QBTS: Which Quantum Computing Stock Holds More Promise? - TradingView,29.90999984741211,20D,20,2026-07-01,-0.2143095914447729,-0.0270626503766348,-0.1872469410681381,False
2026-06-02,QBTS,97.53481445338997,高優先觀察,量子運算,未觸發主要風險,新聞提及 1 次，且價格站上 50DMA，值得加入觀察清單。,RGTI vs QBTS: Which Quantum Computing Stock Holds More Promise? - TradingView,29.90999984741211,60D,60,2026-08-27,-0.4015379568756826,-0.032509757189817856,-0.36902819968586476,False
2026-06-02,APLD,93.46300384759557,高優先觀察,AI/資料中心,未觸發主要風險,新聞提及 1 次，且價格站上 50DMA，值得加入觀察清單。,APLD Stock Analysis: Massive Bounce Or Bull Trap? AI Data Center Play Explained! Ufc Events (X0xOrFd6t1) - Mshale,47.86000061035156,5D,5,2026-06-09,-0.12432095041913849,-0.05136965442853991,-0.07295129599059857,False
2026-06-02,APLD,93.46300384759557,高優先觀察,AI/資料中心,未觸發主要風險,新聞提及 1 次，且價格站上 50DMA，值得加入觀察清單。,APLD Stock Analysis: Massive Bounce Or Bull Trap? AI Data Center Play Explained! Ufc Events (X0xOrFd6t1) - Mshale,47.86000061035156,20D,20,2026-07-01,-0.25783535301332383,-0.0270626503766348,-0.23077270263668903,False
2026-06-02,APLD,93.46300384759557,高優先觀察,AI/資料中心,未觸發主要風險,新聞提及 1 次，且價格站上 50DMA，值得加入觀察清單。,APLD Stock Analysis: Massive Bounce Or Bull Trap? AI Data Center Play Explained! Ufc Events (X0xOrFd6t1) - Mshale,47.86000061035156,60D,60,2026-08-27,-0.4266610910129687,-0.032509757189817856,-0.3941513338231508,False
2026-06-02,TKR,90.30638457095324,高優先觀察,機器人/自動化,未觸發主要風險,新聞提及 1 次，且價格站上 50DMA，值得加入觀察清單。,Timken hits record high as J.P. Morgan upgrades industrial automation stocks (TKR:NYSE) - Seeking Alpha,131.54544067382812,5D,5,2026-06-09,0.03934804491656507,-0.05136965442853991,0.09071769934510499,True
2026-06-02,TKR,90.30638457095324,高優先觀察,機器人/自動化,未觸發主要風險,新聞提及 1 次，且價格站上 50DMA，值得加入觀察清單。,Timken hits record high as J.P. Morgan upgrades industrial automation stocks (TKR:NYSE) - Seeking Alpha,131.54544067382812,20D,20,2026-07-01,0.07467786077702243,-0.0270626503766348,0.10174051115365723,True
2026-06-02,TKR,90.30638457095324,高優先觀察,機器人/自動化,未觸發主要風險,新聞提及 1 次，且價格站上 50DMA，值得加入觀察清單。,Timken hits record high as J.P. Morgan upgrades industrial automation stocks (TKR:NYSE) - Seeking Alpha,131.54544067382812,60D,60,2026-08-27,-0.05325490357108642,-0.032509757189817856,-0.020745146381268564,False
2026-06-02,IT,81.94483981220971,高優先觀察,國際貿易,未觸發主要風險,新聞提及 1 次，且價格站上 50DMA，值得加入觀察清單。,India Stocks Rebound As IT Leads The Late Rally - Finimize,170.6199951171875,5D,5,2026-06-09,-0.07748213339018784,-0.05136965442853991,-0.026112478961647922,False
2026-06-02,IT,81.94483981220971,高優先觀察,國際貿易,未觸發主要風險,新聞提及 1 次，且價格站上 50DMA，值得加入觀察清單。,India Stocks Rebound As IT Leads The Late Rally - Finimize,170.6199951171875,20D,20,2026-07-01,-0.21603564450365198,-0.0270626503766348,-0.18897299412701718,False
2026-06-02,IT,81.94483981220971,高優先觀察,國際貿易,未觸發主要風險,新聞提及 1 次，且價格站上 50DMA，值得加入觀察清單。,India Stocks Rebound As IT Leads The Late Rally - Finimize,170.6199951171875,60D,60,2026-08-27,0.1522682670837272,-0.032509757189817856,0.18477802427354506,True
2026-06-02,TER,62.589364582511706,可觀察,機器人/自動化,未觸發主要風險,新聞提及 1 次，量價訊號尚需確認。,Assessing Teradyne (TER) Valuation After Record Results And Growing AI And Robotics Demand - simplywall.st,392.46923828125,5D,5,2026-06-09,-0.05962505769635107,-0.05136965442853991,-0.008255403267811157,False
2026-06-02,TER,62.589364582511706,可觀察,機器人/自動化,未觸發主要風險,新聞提及 1 次，量價訊號尚需確認。,Assessing Teradyne (TER) Valuation After Record Results And Growing AI And Robotics Demand - simplywall.st,392.46923828125,20D,20,2026-07-01,0.08843155502085787,-0.0270626503766348,0.11549420539749267,True
2026-06-02,TER,62.589364582511706,可觀察,機器人/自動化,未觸發主要風險,新聞提及 1 次，量價訊號尚需確認。,Assessing Teradyne (TER) Valuation After Record Results And Growing AI And Robotics Demand - simplywall.st,392.46923828125,60D,60,2026-08-27,-0.052366125803549934,-0.032509757189817856,-0.01985636861373208,False
2026-06-02,FIX,38.46286658965127,暫時不強,AI/資料中心,未觸發主要風險,新聞提及 1 次，量價訊號尚需確認。,Did AI-Focused Data Center Wins Just Recast Comfort Systems USA's (FIX) Core Investment Narrative? - simplywall.st,1882.2852783203125,5D,5,2026-06-09,-0.027452383742568975,-0.05136965442853991,0.023917270685970937,False
2026-06-02,FIX,38.46286658965127,暫時不強,AI/資料中心,未觸發主要風險,新聞提及 1 次，量價訊號尚需確認。,Did AI-Focused Data Center Wins Just Recast Comfort Systems USA's (FIX) Core Investment Narrative? - simplywall.st,1882.2852783203125,20D,20,2026-07-01,-0.009616346797317044,-0.0270626503766348,0.017446303579317757,False
2026-06-02,FIX,38.46286658965127,暫時不強,AI/資料中心,未觸發主要風險,新聞提及 1 次，量價訊號尚需確認。,Did AI-Focused Data Center Wins Just Recast Comfort Systems USA's (FIX) Core Investment Narrative? - simplywall.st,1882.2852783203125,60D,60,2026-08-27,-0.14201104419734756,-0.032509757189817856,-0.1095012870075297,False
2026-06-03,RGTI,98.66771178028839,高優先觀察,量子運算,未觸發主要風險,新聞提及 1 次，且價格站上 50DMA，值得加入觀察清單。,D-Wave Quantum (NYSE: QBTS) Holds Edge Over Rigetti (NASDAQ: RGTI) As Federal Quantum Funding Reaches $2 Billion - foreignpolicyjournal.com,24.094999313354492,5D,5,2026-06-10,-0.1929860863682632,-0.06788411083880974,-0.12510197552945346,False
2026-06-03,RGTI,98.66771178028839,高優先觀察,量子運算,未觸發主要風險,新聞提及 1 次，且價格站上 50DMA，值得加入觀察清單。,D-Wave Quantum (NYSE: QBTS) Holds Edge Over Rigetti (NASDAQ: RGTI) As Federal Quantum Funding Reaches $2 Billion - foreignpolicyjournal.com,24.094999313354492,20D,20,2026-07-02,-0.2554471448308159,-0.0414223666265201,-0.21402477820429577,False
2026-06-03,RGTI,98.66771178028839,高優先觀察,量子運算,未觸發主要風險,新聞提及 1 次，且價格站上 50DMA，值得加入觀察清單。,D-Wave Quantum (NYSE: QBTS) Holds Edge Over Rigetti (NASDAQ: RGTI) As Federal Quantum Funding Reaches $2 Billion - foreignpolicyjournal.com,24.094999313354492,60D,60,2026-08-28,-0.35297777145205245,-0.036270265143451885,-0.31670750630860056,False
2026-06-03,SOXX,95.06811050073513,高優先觀察,半導體設備,未觸發主要風險,新聞提及 1 次，且價格站上 50DMA，值得加入觀察清單。,"SMCI and Applied Materials lead AI equipment surge at Computex, SOXX +5.79% - StartupHub.ai",614.9856567382812,5D,5,2026-06-10,-0.12046834409744023,-0.06788411083880974,-0.052584233258630486,False
2026-06-03,SOXX,95.06811050073513,高優先觀察,半導體設備,未觸發主要風險,新聞提及 1 次，且價格站上 50DMA，值得加入觀察清單。,"SMCI and Applied Materials lead AI equipment surge at Computex, SOXX +5.79% - StartupHub.ai",614.9856567382812,20D,20,2026-07-02,-0.07973461493609768,-0.0414223666265201,-0.03831224830957758,False
2026-06-03,SOXX,95.06811050073513,高優先觀察,半導體設備,未觸發主要風險,新聞提及 1 次，且價格站上 50DMA，值得加入觀察清單。,"SMCI and Applied Materials lead AI equipment surge at Computex, SOXX +5.79% - StartupHub.ai",614.9856567382812,60D,60,2026-08-28,-0.17349672610703237,-0.036270265143451885,-0.1372264609635805,False
2026-06-03,QBTS,94.77450558752315,高優先觀察,量子運算,未觸發主要風險,新聞提及 1 次，且價格站上 50DMA，值得加入觀察清單。,D-Wave Quantum (NYSE: QBTS) Holds Edge Over Rigetti (NASDAQ: RGTI) As Federal Quantum Funding Reaches $2 Billion - foreignpolicyjournal.com,27.549999237060547,5D,5,2026-06-10,-0.15607983143883875,-0.06788411083880974,-0.088195720600029,False
2026-06-03,QBTS,94.77450558752315,高優先觀察,量子運算,未觸發主要風險,新聞提及 1 次，且價格站上 50DMA，值得加入觀察清單。,D-Wave Quantum (NYSE: QBTS) Holds Edge Over Rigetti (NASDAQ: RGTI) As Federal Quantum Funding Reaches $2 Billion - foreignpolicyjournal.com,27.549999237060547,20D,20,2026-07-02,-0.18221410850937825,-0.0414223666265201,-0.14079174188285815,False
2026-06-03,QBTS,94.77450558752315,高優先觀察,量子運算,未觸發主要風險,新聞提及 1 次，且價格站上 50DMA，值得加入觀察清單。,D-Wave Quantum (NYSE: QBTS) Holds Edge Over Rigetti (NASDAQ: RGTI) As Federal Quantum Funding Reaches $2 Billion - foreignpolicyjournal.com,27.549999237060547,60D,60,2026-08-28,-0.3833030765291986,-0.036270265143451885,-0.3470328113857467,False
2026-06-03,ASML,94.43790889438044,高優先觀察,半導體設備,未觸發主要風險,新聞提及 1 次，且價格站上 50DMA，值得加入觀察清單。,"ASML Stock Price, Quote & Chart | ASML HOLDING NV-NY REG SHS (NASDAQ:ASML) - ChartMill",1724.130126953125,5D,5,2026-06-10,0.004535518576297415,-0.06788411083880974,0.07241962941510716,True
2026-06-03,ASML,94.43790889438044,高優先觀察,半導體設備,未觸發主要風險,新聞提及 1 次，且價格站上 50DMA，值得加入觀察清單。,"ASML Stock Price, Quote & Chart | ASML HOLDING NV-NY REG SHS (NASDAQ:ASML) - ChartMill",1724.130126953125,20D,20,2026-07-02,0.024884746426562243,-0.0414223666265201,0.06630711305308234,True
2026-06-03,ASML,94.43790889438044,高優先觀察,半導體設備,未觸發主要風險,新聞提及 1 次，且價格站上 50DMA，值得加入觀察清單。,"ASML Stock Price, Quote & Chart | ASML HOLDING NV-NY REG SHS (NASDAQ:ASML) - ChartMill",1724.130126953125,60D,60,2026-08-28,-0.016222727238614065,-0.036270265143451885,0.02004753790483782,False
2026-06-03,AVGO,88.47371762332801,高優先觀察,半導體設備,未觸發主要風險,新聞提及 1 次，且價格站上 50DMA，值得加入觀察清單。,Broadcom Inc (NASDAQ:AVGO) Scores Rare Perfect Technical Rating as Breakout Setup Nears Completion - ChartMill,477.6030578613281,5D,5,2026-06-10,-0.22354609048110052,-0.06788411083880974,-0.15566197964229078,False
2026-06-03,AVGO,88.47371762332801,高優先觀察,半導體設備,未觸發主要風險,新聞提及 1 次，且價格站上 50DMA，值得加入觀察清單。,Broadcom Inc (NASDAQ:AVGO) Scores Rare Perfect Technical Rating as Breakout Setup Nears Completion - ChartMill,477.6030578613281,20D,20,2026-07-02,-0.246665563798103,-0.0414223666265201,-0.2052431971715829,False
2026-06-03,AVGO,88.47371762332801,高優先觀察,半導體設備,未觸發主要風險,新聞提及 1 次，且價格站上 50DMA，值得加入觀察清單。,Broadcom Inc (NASDAQ:AVGO) Scores Rare Perfect Technical Rating as Breakout Setup Nears Completion - ChartMill,477.6030578613281,60D,60,2026-08-28,-0.22923506480502964,-0.036270265143451885,-0.19296479966157776,False
2026-06-03,SMCI,88.16200219820273,高優先觀察,半導體設備,短線漲幅過大,新聞提及 1 次，且價格站上 50DMA，值得加入觀察清單。,"SMCI and Applied Materials lead AI equipment surge at Computex, SOXX +5.79% - StartupHub.ai",47.41999816894531,5D,5,2026-06-10,-0.38274986107164843,-0.06788411083880974,-0.3148657502328387,False
2026-06-03,SMCI,88.16200219820273,高優先觀察,半導體設備,短線漲幅過大,新聞提及 1 次，且價格站上 50DMA，值得加入觀察清單。,"SMCI and Applied Materials lead AI equipment surge at Computex, SOXX +5.79% - StartupHub.ai",47.41999816894531,20D,20,2026-07-02,-0.4259805912185698,-0.0414223666265201,-0.3845582245920497,False
2026-06-03,SMCI,88.16200219820273,高優先觀察,半導體設備,短線漲幅過大,新聞提及 1 次，且價格站上 50DMA，值得加入觀察清單。,"SMCI and Applied Materials lead AI equipment surge at Computex, SOXX +5.79% - StartupHub.ai",47.41999816894531,60D,60,2026-08-28,-0.2180513862748764,-0.036270265143451885,-0.18178112113142453,False
2026-06-03,APLD,79.3470799724305,可觀察,AI/資料中心,未觸發主要風險,新聞提及 1 次，且價格站上 50DMA，值得加入觀察清單。,APLD Stock Analysis: Massive Bounce Or Bull Trap? AI Data Center Play Explained! Ufc Events (X0xOrFd6t1) - Mshale,44.709999084472656,5D,5,2026-06-10,-0.1295012532786688,-0.06788411083880974,-0.06161714243985905,False
2026-06-03,APLD,79.3470799724305,可觀察,AI/資料中心,未觸發主要風險,新聞提及 1 次，且價格站上 50DMA，值得加入觀察清單。,APLD Stock Analysis: Massive Bounce Or Bull Trap? AI Data Center Play Explained! Ufc Events (X0xOrFd6t1) - Mshale,44.709999084472656,20D,20,2026-07-02,-0.2605680597123423,-0.0414223666265201,-0.2191456930858222,False
2026-06-03,APLD,79.3470799724305,可觀察,AI/資料中心,未觸發主要風險,新聞提及 1 次，且價格站上 50DMA，值得加入觀察清單。,APLD Stock Analysis: Massive Bounce Or Bull Trap? AI Data Center Play Explained! Ufc Events (X0xOrFd6t1) - Mshale,44.709999084472656,60D,60,2026-08-28,-0.4332363974172341,-0.036270265143451885,-0.3969661322737822,False
2026-06-03,GE,72.03749058040798,可觀察,核能/電力,未觸發主要風險,新聞提及 1 次，且價格站上 50DMA，值得加入觀察清單。,GE Vernova vs. Constellation Energy: Which AI Power Stock Wins? - TradingView,314.248291015625,5D,5,2026-06-10,0.012935347637164307,-0.06788411083880974,0.08081945847597405,True
2026-06-03,GE,72.03749058040798,可觀察,核能/電力,未觸發主要風險,新聞提及 1 次，且價格站上 50DMA，值得加入觀察清單。,GE Vernova vs. Constellation Energy: Which AI Power Stock Wins? - TradingView,314.248291015625,20D,20,2026-07-02,0.19984737729002044,-0.0414223666265201,0.24126974391654055,True
2026-06-03,GE,72.03749058040798,可觀察,核能/電力,未觸發主要風險,新聞提及 1 次，且價格站上 50DMA，值得加入觀察清單。,GE Vernova vs. Constellation Energy: Which AI Power Stock Wins? - TradingView,314.248291015625,60D,60,2026-08-28,0.09015703940688069,-0.036270265143451885,0.12642730455033258,True
2026-06-03,ADI,71.7262267202318,可觀察,AI/資料中心,未觸發主要風險,新聞提及 1 次，且價格站上 50DMA，值得加入觀察清單。,Assessing Analog Devices (ADI) Valuation After Strong AI Data Center And Industrial Growth Update - Yahoo Finance,436.340576171875,5D,5,2026-06-10,-0.10281718963928399,-0.06788411083880974,-0.03493307880047425,False
2026-06-03,ADI,71.7262267202318,可觀察,AI/資料中心,未觸發主要風險,新聞提及 1 次，且價格站上 50DMA，值得加入觀察清單。,Assessing Analog Devices (ADI) Valuation After Strong AI Data Center And Industrial Growth Update - Yahoo Finance,436.340576171875,20D,20,2026-07-02,-0.1382548534033552,-0.0414223666265201,-0.09683248677683509,False
2026-06-03,ADI,71.7262267202318,可觀察,AI/資料中心,未觸發主要風險,新聞提及 1 次，且價格站上 50DMA，值得加入觀察清單。,Assessing Analog Devices (ADI) Valuation After Strong AI Data Center And Industrial Growth Update - Yahoo Finance,436.340576171875,60D,60,2026-08-28,-0.17339548278333594,-0.036270265143451885,-0.13712521763988406,False
2026-06-03,CAT,51.4879750322526,題材有熱度但訊號普通,AI/資料中心,未觸發主要風險,新聞提及 1 次，量價訊號尚需確認。,How Investors Are Reacting To Caterpillar (CAT) AI Data Center Demand And Raised 2026 Sales Outlook - simplywall.st,924.4650268554688,5D,5,2026-06-10,-0.07560089222315347,-0.06788411083880974,-0.007716781384343729,False
2026-06-03,CAT,51.4879750322526,題材有熱度但訊號普通,AI/資料中心,未觸發主要風險,新聞提及 1 次，量價訊號尚需確認。,How Investors Are Reacting To Caterpillar (CAT) AI Data Center Demand And Raised 2026 Sales Outlook - simplywall.st,924.4650268554688,20D,20,2026-07-02,0.04032698123353784,-0.0414223666265201,0.08174934786005794,True
2026-06-03,CAT,51.4879750322526,題材有熱度但訊號普通,AI/資料中心,未觸發主要風險,新聞提及 1 次，量價訊號尚需確認。,How Investors Are Reacting To Caterpillar (CAT) AI Data Center Demand And Raised 2026 Sales Outlook - simplywall.st,924.4650268554688,60D,60,2026-08-28,-0.13436422498099387,-0.036270265143451885,-0.09809395983754199,False
2026-06-03,REG,20.000416714499167,暫時不強,半導體設備,低於50DMA,新聞提及 1 次，量價訊號尚需確認。,"ASML Stock Price, Quote & Chart | ASML HOLDING NV-NY REG SHS (NASDAQ:ASML) - ChartMill",74.8381118774414,5D,5,2026-06-10,0.04966592012116,-0.06788411083880974,0.11755003095996974,True
2026-06-03,REG,20.000416714499167,暫時不強,半導體設備,低於50DMA,新聞提及 1 次，量價訊號尚需確認。,"ASML Stock Price, Quote & Chart | ASML HOLDING NV-NY REG SHS (NASDAQ:ASML) - ChartMill",74.8381118774414,20D,20,2026-07-02,0.07095648454238934,-0.0414223666265201,0.11237885116890944,True
2026-06-03,REG,20.000416714499167,暫時不強,半導體設備,低於50DMA,新聞提及 1 次，量價訊號尚需確認。,"ASML Stock Price, Quote & Chart | ASML HOLDING NV-NY REG SHS (NASDAQ:ASML) - ChartMill",74.8381118774414,60D,60,2026-08-28,-0.00100507881340961,-0.036270265143451885,0.035265186330042275,False
2026-06-04,RCAT,97.61727416907193,高優先觀察,國防/航太,未觸發主要風險,新聞提及 1 次，且價格站上 50DMA，值得加入觀察清單。,Surge in drone stocks underlines shifting opportunities in defense (RCAT:NASDAQ) - Seeking Alpha,14.739999771118164,5D,5,2026-06-11,-0.18521028389603789,-0.0317171388652846,-0.1534931450307533,False
2026-06-04,RCAT,97.61727416907193,高優先觀察,國防/航太,未觸發主要風險,新聞提及 1 次，且價格站上 50DMA，值得加入觀察清單。,Surge in drone stocks underlines shifting opportunities in defense (RCAT:NASDAQ) - Seeking Alpha,14.739999771118164,20D,20,2026-07-06,-0.31411127451392695,-0.0229481351383114,-0.29116313937561555,False
2026-06-04,RCAT,97.61727416907193,高優先觀察,國防/航太,未觸發主要風險,新聞提及 1 次，且價格站上 50DMA，值得加入觀察清單。,Surge in drone stocks underlines shifting opportunities in defense (RCAT:NASDAQ) - Seeking Alpha,14.739999771118164,60D,60,2026-08-31,-0.4172320023084871,-0.031139597184292267,-0.38609240512419485,False
2026-06-04,SOXX,97.31963260786236,高優先觀察,半導體設備,未觸發主要風險,新聞提及 1 次，且價格站上 50DMA，值得加入觀察清單。,"SMCI and Applied Materials lead AI equipment surge at Computex, SOXX +5.79% - StartupHub.ai",602.040283203125,5D,5,2026-06-11,-0.02619784124378488,-0.0317171388652846,0.005519297621499719,False
2026-06-04,SOXX,97.31963260786236,高優先觀察,半導體設備,未觸發主要風險,新聞提及 1 次，且價格站上 50DMA，值得加入觀察清單。,"SMCI and Applied Materials lead AI equipment surge at Computex, SOXX +5.79% - StartupHub.ai",602.040283203125,20D,20,2026-07-06,-0.034732256077458,-0.0229481351383114,-0.011784120939146603,False
2026-06-04,SOXX,97.31963260786236,高優先觀察,半導體設備,未觸發主要風險,新聞提及 1 次，且價格站上 50DMA，值得加入觀察清單。,"SMCI and Applied Materials lead AI equipment surge at Computex, SOXX +5.79% - StartupHub.ai",602.040283203125,60D,60,2026-08-31,-0.1517077345630925,-0.031139597184292267,-0.12056813737880023,False
2026-06-04,SMCI,92.7891690002901,高優先觀察,半導體設備,未觸發主要風險,新聞提及 1 次，且價格站上 50DMA，值得加入觀察清單。,"SMCI and Applied Materials lead AI equipment surge at Computex, SOXX +5.79% - StartupHub.ai",46.900001525878906,5D,5,2026-06-11,-0.3183369238119578,-0.0317171388652846,-0.2866197849466732,False
2026-06-04,SMCI,92.7891690002901,高優先觀察,半導體設備,未觸發主要風險,新聞提及 1 次，且價格站上 50DMA，值得加入觀察清單。,"SMCI and Applied Materials lead AI equipment surge at Computex, SOXX +5.79% - StartupHub.ai",46.900001525878906,20D,20,2026-07-06,-0.4202558710141092,-0.0229481351383114,-0.3973077358757978,False
2026-06-04,SMCI,92.7891690002901,高優先觀察,半導體設備,未觸發主要風險,新聞提及 1 次，且價格站上 50DMA，值得加入觀察清單。,"SMCI and Applied Materials lead AI equipment surge at Computex, SOXX +5.79% - StartupHub.ai",46.900001525878906,60D,60,2026-08-31,-0.2051173226779922,-0.031139597184292267,-0.17397772549369994,False
2026-06-04,ASML,92.7425433264008,高優先觀察,半導體設備,未觸發主要風險,新聞提及 1 次，且價格站上 50DMA，值得加入觀察清單。,"ASML Stock Price, Quote & Chart | ASML HOLDING NV-NY REG SHS (NASDAQ:ASML) - ChartMill",1755.199951171875,5D,5,2026-06-11,0.0808036360707769,-0.0317171388652846,0.1125207749360615,True
2026-06-04,ASML,92.7425433264008,高優先觀察,半導體設備,未觸發主要風險,新聞提及 1 次，且價格站上 50DMA，值得加入觀察清單。,"ASML Stock Price, Quote & Chart | ASML HOLDING NV-NY REG SHS (NASDAQ:ASML) - ChartMill",1755.199951171875,20D,20,2026-07-06,0.03846438992174339,-0.0229481351383114,0.06141252506005479,True
2026-06-04,ASML,92.7425433264008,高優先觀察,半導體設備,未觸發主要風險,新聞提及 1 次，且價格站上 50DMA，值得加入觀察清單。,"ASML Stock Price, Quote & Chart | ASML HOLDING NV-NY REG SHS (NASDAQ:ASML) - ChartMill",1755.199951171875,60D,60,2026-08-31,-0.03372262024433814,-0.031139597184292267,-0.002583023060045875,False
2026-06-04,ONDS,92.67320986234915,高優先觀察,小型成長股,未觸發主要風險,新聞提及 1 次，且價格站上 50DMA，值得加入觀察清單。,ONDS Stock At $9.47 🚀 | Hidden Defense Giant In The Making? Mn Frost (TS0MfMWWm5) - Mshale,11.970000267028809,5D,5,2026-06-11,-0.1787803087371146,-0.0317171388652846,-0.14706316987183,False
2026-06-04,ONDS,92.67320986234915,高優先觀察,小型成長股,未觸發主要風險,新聞提及 1 次，且價格站上 50DMA，值得加入觀察清單。,ONDS Stock At $9.47 🚀 | Hidden Defense Giant In The Making? Mn Frost (TS0MfMWWm5) - Mshale,11.970000267028809,20D,20,2026-07-06,-0.34670008377514794,-0.0229481351383114,-0.32375194863683654,False
2026-06-04,ONDS,92.67320986234915,高優先觀察,小型成長股,未觸發主要風險,新聞提及 1 次，且價格站上 50DMA，值得加入觀察清單。,ONDS Stock At $9.47 🚀 | Hidden Defense Giant In The Making? Mn Frost (TS0MfMWWm5) - Mshale,11.970000267028809,60D,60,2026-08-31,-0.3604845414336425,-0.031139597184292267,-0.32934494424935024,False
2026-06-04,MASK,77.0,可觀察,小型成長股,未觸發主要風險,新聞提及 1 次，且價格站上 50DMA，值得加入觀察清單。,MASK Stock Rockets On Heavy Volume As Traders Hunt Breakout - StocksToTrade,3.609999895095825,5D,5,2026-06-11,-0.3711911227448227,-0.0317171388652846,-0.3394739838795381,False
2026-06-04,MASK,77.0,可觀察,小型成長股,未觸發主要風險,新聞提及 1 次，且價格站上 50DMA，值得加入觀察清單。,MASK Stock Rockets On Heavy Volume As Traders Hunt Breakout - StocksToTrade,3.609999895095825,20D,20,2026-07-06,-0.4459833634020338,-0.0229481351383114,-0.4230352282637224,False
2026-06-04,MASK,77.0,可觀察,小型成長股,未觸發主要風險,新聞提及 1 次，且價格站上 50DMA，值得加入觀察清單。,MASK Stock Rockets On Heavy Volume As Traders Hunt Breakout - StocksToTrade,3.609999895095825,60D,60,2026-08-31,-0.6080332401739676,-0.031139597184292267,-0.5768936429896754,False
2026-06-04,PAYS,61.69528505733267,可觀察,小型成長股,未觸發主要風險,新聞提及 1 次，量價訊號尚需確認。,"Paysign, Inc. (NASDAQ:PAYS) Meets Key CAN SLIM Criteria with Strong Earnings Growth and Zero Debt - ChartMill",6.96999979019165,5D,5,2026-06-11,-0.040172129325629746,-0.0317171388652846,-0.008454990460345146,False
2026-06-04,PAYS,61.69528505733267,可觀察,小型成長股,未觸發主要風險,新聞提及 1 次，量價訊號尚需確認。,"Paysign, Inc. (NASDAQ:PAYS) Meets Key CAN SLIM Criteria with Strong Earnings Growth and Zero Debt - ChartMill",6.96999979019165,20D,20,2026-07-06,0.19799148247035037,-0.0229481351383114,0.22093961760866176,True
2026-06-04,PAYS,61.69528505733267,可觀察,小型成長股,未觸發主要風險,新聞提及 1 次，量價訊號尚需確認。,"Paysign, Inc. (NASDAQ:PAYS) Meets Key CAN SLIM Criteria with Strong Earnings Growth and Zero Debt - ChartMill",6.96999979019165,60D,60,2026-08-31,0.7876614653103693,-0.031139597184292267,0.8188010624946616,True
2026-06-04,TS,57.612876756088724,題材有熱度但訊號普通,小型成長股,未觸發主要風險,新聞提及 1 次，量價訊號尚需確認。,ONDS Stock At $9.47 🚀 | Hidden Defense Giant In The Making? Mn Frost (TS0MfMWWm5) - Mshale,63.91999816894531,5D,5,2026-06-11,-0.030350417432450816,-0.0317171388652846,0.001366721432833784,False
2026-06-04,TS,57.612876756088724,題材有熱度但訊號普通,小型成長股,未觸發主要風險,新聞提及 1 次，量價訊號尚需確認。,ONDS Stock At $9.47 🚀 | Hidden Defense Giant In The Making? Mn Frost (TS0MfMWWm5) - Mshale,63.91999816894531,20D,20,2026-07-06,-0.15832289145467204,-0.0229481351383114,-0.13537475631636064,False
2026-06-04,TS,57.612876756088724,題材有熱度但訊號普通,小型成長股,未觸發主要風險,新聞提及 1 次，量價訊號尚需確認。,ONDS Stock At $9.47 🚀 | Hidden Defense Giant In The Making? Mn Frost (TS0MfMWWm5) - Mshale,63.91999816894531,60D,60,2026-08-31,-0.12593866501347195,-0.031139597184292267,-0.09479906782917968,False
2026-06-04,RTX,20.789524372836965,暫時不強,國防/航太,低於50DMA,新聞提及 1 次，量價訊號尚需確認。,"Defense Stocks Outlook 2026: Lockheed, RTX, Northrop, and the Drone Trade - Gotrade",178.81597900390625,5D,5,2026-06-11,0.026754424738737903,-0.0317171388652846,0.0584715636040225,True
2026-06-04,RTX,20.789524372836965,暫時不強,國防/航太,低於50DMA,新聞提及 1 次，量價訊號尚需確認。,"Defense Stocks Outlook 2026: Lockheed, RTX, Northrop, and the Drone Trade - Gotrade",178.81597900390625,20D,20,2026-07-06,0.12240116038353133,-0.0229481351383114,0.14534929552184273,True
2026-06-04,RTX,20.789524372836965,暫時不強,國防/航太,低於50DMA,新聞提及 1 次，量價訊號尚需確認。,"Defense Stocks Outlook 2026: Lockheed, RTX, Northrop, and the Drone Trade - Gotrade",178.81597900390625,60D,60,2026-08-31,0.16169705238143828,-0.031139597184292267,0.19283664956573054,True
2026-06-04,REG,19.387294244829526,低優先或資料不足,半導體設備,低於50DMA,新聞提及 1 次，量價訊號尚需確認。,"ASML Stock Price, Quote & Chart | ASML HOLDING NV-NY REG SHS (NASDAQ:ASML) - ChartMill",75.20098114013672,5D,5,2026-06-11,0.052295367749772836,-0.0317171388652846,0.08401250661505744,True
2026-06-04,REG,19.387294244829526,低優先或資料不足,半導體設備,低於50DMA,新聞提及 1 次，量價訊號尚需確認。,"ASML Stock Price, Quote & Chart | ASML HOLDING NV-NY REG SHS (NASDAQ:ASML) - ChartMill",75.20098114013672,20D,20,2026-07-06,0.051044548894092046,-0.0229481351383114,0.07399268403240344,True
2026-06-04,REG,19.387294244829526,低優先或資料不足,半導體設備,低於50DMA,新聞提及 1 次，量價訊號尚需確認。,"ASML Stock Price, Quote & Chart | ASML HOLDING NV-NY REG SHS (NASDAQ:ASML) - ChartMill",75.20098114013672,60D,60,2026-08-31,-0.015698897698763203,-0.031139597184292267,0.015440699485529064,False
2026-06-05,CRWD,94.95827380474897,高優先觀察,網路安全,未觸發主要風險,新聞提及 1 次，且價格站上 50DMA，值得加入觀察清單。,"Cybersecurity Stocks Add $280B Ahead of PANW, CRWD Earnings - Gotrade",167.7550048828125,5D,5,2026-06-12,0.017555315666957005,0.02309020092025582,-0.005534885253298816,True
2026-06-05,CRWD,94.95827380474897,高優先觀察,網路安全,未觸發主要風險,新聞提及 1 次，且價格站上 50DMA，值得加入觀察清單。,"Cybersecurity Stocks Add $280B Ahead of PANW, CRWD Earnings - Gotrade",167.7550048828125,20D,20,2026-07-07,0.16014419512038947,0.007303801479845884,0.15284039364054358,True
2026-06-05,CRWD,94.95827380474897,高優先觀察,網路安全,未觸發主要風險,新聞提及 1 次，且價格站上 50DMA，值得加入觀察清單。,"Cybersecurity Stocks Add $280B Ahead of PANW, CRWD Earnings - Gotrade",167.7550048828125,60D,60,2026-09-01,0.28204823143404134,0.004762205917908879,0.27728602551613246,True
2026-06-05,KULR,93.3632879566032,高優先觀察,國防/航太,未觸發主要風險,新聞提及 1 次，且價格站上 50DMA，值得加入觀察清單。,KULR joins U.S. drone buildup with new military battery contract - Stock Titan,3.809999942779541,5D,5,2026-06-12,-0.005249338904693812,0.02309020092025582,-0.028339539824949633,False
2026-06-05,KULR,93.3632879566032,高優先觀察,國防/航太,未觸發主要風險,新聞提及 1 次，且價格站上 50DMA，值得加入觀察清單。,KULR joins U.S. drone buildup with new military battery contract - Stock Titan,3.809999942779541,20D,20,2026-07-07,-0.07874014614746239,0.007303801479845884,-0.08604394762730827,False
2026-06-05,KULR,93.3632879566032,高優先觀察,國防/航太,未觸發主要風險,新聞提及 1 次，且價格站上 50DMA，值得加入觀察清單。,KULR joins U.S. drone buildup with new military battery contract - Stock Titan,3.809999942779541,60D,60,2026-09-01,-0.3595800278568022,0.004762205917908879,-0.3643422337747111,False
2026-06-05,RCAT,92.99630843121746,高優先觀察,國防/航太,未觸發主要風險,新聞提及 1 次，且價格站上 50DMA，值得加入觀察清單。,Drone Stock Insights: Kratos Defense & Security Solutions (KTOS) and Red Cat Holdings (RCAT) - GuruFocus,12.680000305175781,5D,5,2026-06-12,-0.11829652712135375,0.02309020092025582,-0.14138672804160957,False
2026-06-05,RCAT,92.99630843121746,高優先觀察,國防/航太,未觸發主要風險,新聞提及 1 次，且價格站上 50DMA，值得加入觀察清單。,Drone Stock Insights: Kratos Defense & Security Solutions (KTOS) and Red Cat Holdings (RCAT) - GuruFocus,12.680000305175781,20D,20,2026-07-07,-0.27208207254783867,0.007303801479845884,-0.27938587402768456,False
2026-06-05,RCAT,92.99630843121746,高優先觀察,國防/航太,未觸發主要風險,新聞提及 1 次，且價格站上 50DMA，值得加入觀察清單。,Drone Stock Insights: Kratos Defense & Security Solutions (KTOS) and Red Cat Holdings (RCAT) - GuruFocus,12.680000305175781,60D,60,2026-09-01,-0.3493691008325547,0.004762205917908879,-0.35413130675046356,False
2026-06-05,PANW,90.0,高優先觀察,網路安全,未觸發主要風險,新聞提及 1 次，且價格站上 50DMA，值得加入觀察清單。,"Cybersecurity Stocks Add $280B Ahead of PANW, CRWD Earnings - Gotrade",272.04998779296875,5D,5,2026-06-12,0.02782579549306785,0.02309020092025582,0.00473559457281203,True
2026-06-05,PANW,90.0,高優先觀察,網路安全,未觸發主要風險,新聞提及 1 次，且價格站上 50DMA，值得加入觀察清單。,"Cybersecurity Stocks Add $280B Ahead of PANW, CRWD Earnings - Gotrade",272.04998779296875,20D,20,2026-07-07,0.23888999694207236,0.007303801479845884,0.23158619546222647,True
2026-06-05,PANW,90.0,高優先觀察,網路安全,未觸發主要風險,新聞提及 1 次，且價格站上 50DMA，值得加入觀察清單。,"Cybersecurity Stocks Add $280B Ahead of PANW, CRWD Earnings - Gotrade",272.04998779296875,60D,60,2026-09-01,0.33096861821380674,0.004762205917908879,0.32620641229589786,True
2026-06-05,RTX,27.984023998573075,暫時不強,國防/航太,低於50DMA,新聞提及 1 次，量價訊號尚需確認。,"Defense Stocks Outlook 2026: Lockheed, RTX, Northrop, and the Drone Trade - Gotrade",180.3907470703125,5D,5,2026-06-12,0.014033899933751037,0.02309020092025582,-0.009056300986504784,True
2026-06-05,RTX,27.984023998573075,暫時不強,國防/航太,低於50DMA,新聞提及 1 次，量價訊號尚需確認。,"Defense Stocks Outlook 2026: Lockheed, RTX, Northrop, and the Drone Trade - Gotrade",180.3907470703125,20D,20,2026-07-07,0.10972985482767506,0.007303801479845884,0.10242605334782917,True
2026-06-05,RTX,27.984023998573075,暫時不強,國防/航太,低於50DMA,新聞提及 1 次，量價訊號尚需確認。,"Defense Stocks Outlook 2026: Lockheed, RTX, Northrop, and the Drone Trade - Gotrade",180.3907470703125,60D,60,2026-09-01,0.1373089085447512,0.004762205917908879,0.13254670262684232,True
2026-06-05,LMT,26.18917635066677,暫時不強,國防/航太,低於50DMA,新聞提及 1 次，量價訊號尚需確認。,SA Asks: What are the best drone stocks right now? (LMT:NYSE) - Seeking Alpha,520.5403442382812,5D,5,2026-06-12,0.03163662496234698,0.02309020092025582,0.00854642404209116,True
2026-06-05,LMT,26.18917635066677,暫時不強,國防/航太,低於50DMA,新聞提及 1 次，量價訊號尚需確認。,SA Asks: What are the best drone stocks right now? (LMT:NYSE) - Seeking Alpha,520.5403442382812,20D,20,2026-07-07,0.022185761607535603,0.007303801479845884,0.01488196012768972,True
2026-06-05,LMT,26.18917635066677,暫時不強,國防/航太,低於50DMA,新聞提及 1 次，量價訊號尚需確認。,SA Asks: What are the best drone stocks right now? (LMT:NYSE) - Seeking Alpha,520.5403442382812,60D,60,2026-09-01,0.04602843185340322,0.004762205917908879,0.04126622593549434,True
2026-06-05,KTOS,22.53397792533147,暫時不強,國防/航太,低於50DMA,新聞提及 1 次，量價訊號尚需確認。,Drone Stock Insights: Kratos Defense & Security Solutions (KTOS) and Red Cat Holdings (RCAT) - GuruFocus,58.52000045776367,5D,5,2026-06-12,-0.013157902456262138,0.02309020092025582,-0.03624810337651796,False
2026-06-05,KTOS,22.53397792533147,暫時不強,國防/航太,低於50DMA,新聞提及 1 次，量價訊號尚需確認。,Drone Stock Insights: Kratos Defense & Security Solutions (KTOS) and Red Cat Holdings (RCAT) - GuruFocus,58.52000045776367,20D,20,2026-07-07,-0.13978127548169839,0.007303801479845884,-0.14708507696154427,False
2026-06-05,KTOS,22.53397792533147,暫時不強,國防/航太,低於50DMA,新聞提及 1 次，量價訊號尚需確認。,Drone Stock Insights: Kratos Defense & Security Solutions (KTOS) and Red Cat Holdings (RCAT) - GuruFocus,58.52000045776367,60D,60,2026-09-01,-0.15686945033094069,0.004762205917908879,-0.16163165624884956,False
2026-06-05,SA,20.035556336974125,暫時不強,國防/航太,低於50DMA,新聞提及 1 次，量價訊號尚需確認。,SA Asks: What are the best drone stocks right now? (LMT:NYSE) - Seeking Alpha,29.420000076293945,5D,5,2026-06-12,-0.04690683742990798,0.02309020092025582,-0.0699970383501638,False
2026-06-05,SA,20.035556336974125,暫時不強,國防/航太,低於50DMA,新聞提及 1 次，量價訊號尚需確認。,SA Asks: What are the best drone stocks right now? (LMT:NYSE) - Seeking Alpha,29.420000076293945,20D,20,2026-07-07,-0.09755271352109851,0.007303801479845884,-0.1048565150009444,False
2026-06-05,SA,20.035556336974125,暫時不強,國防/航太,低於50DMA,新聞提及 1 次，量價訊號尚需確認。,SA Asks: What are the best drone stocks right now? (LMT:NYSE) - Seeking Alpha,29.420000076293945,60D,60,2026-09-01,0.016995241288353613,0.004762205917908879,0.012233035370444734,True
2026-06-06,CRWD,99.39874471628026,高優先觀察,網路安全,未觸發主要風險,新聞提及 1 次，且價格站上 50DMA，值得加入觀察清單。,"Cybersecurity Stocks Add $280B Ahead of PANW, CRWD Earnings - Gotrade",164.69749450683594,5D,5,2026-06-15,0.05179191586877985,0.03900456931242835,0.012787346556351498,True
2026-06-06,CRWD,99.39874471628026,高優先觀察,網路安全,未觸發主要風險,新聞提及 1 次，且價格站上 50DMA，值得加入觀察清單。,"Cybersecurity Stocks Add $280B Ahead of PANW, CRWD Earnings - Gotrade",164.69749450683594,20D,20,2026-07-08,0.16043049525112774,-0.005373958327371753,0.1658044535784995,True
2026-06-06,CRWD,99.39874471628026,高優先觀察,網路安全,未觸發主要風險,新聞提及 1 次，且價格站上 50DMA，值得加入觀察清單。,"Cybersecurity Stocks Add $280B Ahead of PANW, CRWD Earnings - Gotrade",164.69749450683594,60D,60,2026-09-02,0.23511288849935807,-0.008449721547246991,0.24356261004660507,True
2026-06-06,RCAT,95.10126855229532,高優先觀察,機器人/自動化,未觸發主要風險,新聞提及 1 次，且價格站上 50DMA，值得加入觀察清單。,Red Cat Holdings (RCAT) Is Down 12.6% After Expanding AI Defense Robotics Footprint - Has The Bull Case Changed? - simplywall.st,12.460000038146973,5D,5,2026-06-15,-0.03932582420690234,0.03900456931242835,-0.07833039351933069,False
2026-06-06,RCAT,95.10126855229532,高優先觀察,機器人/自動化,未觸發主要風險,新聞提及 1 次，且價格站上 50DMA，值得加入觀察清單。,Red Cat Holdings (RCAT) Is Down 12.6% After Expanding AI Defense Robotics Footprint - Has The Bull Case Changed? - simplywall.st,12.460000038146973,20D,20,2026-07-08,-0.2640449399502819,-0.005373958327371753,-0.25867098162291013,False
2026-06-06,RCAT,95.10126855229532,高優先觀察,機器人/自動化,未觸發主要風險,新聞提及 1 次，且價格站上 50DMA，值得加入觀察清單。,Red Cat Holdings (RCAT) Is Down 12.6% After Expanding AI Defense Robotics Footprint - Has The Bull Case Changed? - simplywall.st,12.460000038146973,60D,60,2026-09-02,-0.3322632689123528,-0.008449721547246991,-0.3238135473651058,False
2026-06-06,PANW,93.59803443255754,高優先觀察,網路安全,未觸發主要風險,新聞提及 1 次，且價格站上 50DMA，值得加入觀察清單。,"Cybersecurity Stocks Add $280B Ahead of PANW, CRWD Earnings - Gotrade",266.3299865722656,5D,5,2026-06-15,0.06837390789908349,0.03900456931242835,0.029369338586655136,True
2026-06-06,PANW,93.59803443255754,高優先觀察,網路安全,未觸發主要風險,新聞提及 1 次，且價格站上 50DMA，值得加入觀察清單。,"Cybersecurity Stocks Add $280B Ahead of PANW, CRWD Earnings - Gotrade",266.3299865722656,20D,20,2026-07-08,0.20373225885663526,-0.005373958327371753,0.20910621718400701,True
2026-06-06,PANW,93.59803443255754,高優先觀察,網路安全,未觸發主要風險,新聞提及 1 次，且價格站上 50DMA，值得加入觀察清單。,"Cybersecurity Stocks Add $280B Ahead of PANW, CRWD Earnings - Gotrade",266.3299865722656,60D,60,2026-09-02,0.23335721678940113,-0.008449721547246991,0.24180693833664813,True
2026-06-06,ONDS,93.00452365978242,高優先觀察,小型成長股,未觸發主要風險,新聞提及 1 次，且價格站上 50DMA，值得加入觀察清單。,ONDS Stock At $9.47 🚀 | Hidden Defense Giant In The Making? Mn Frost (TS0MfMWWm5) - Mshale,10.300000190734863,5D,5,2026-06-15,-0.07669902400231543,0.03900456931242835,-0.11570359331474378,False
2026-06-06,ONDS,93.00452365978242,高優先觀察,小型成長股,未觸發主要風險,新聞提及 1 次，且價格站上 50DMA，值得加入觀察清單。,ONDS Stock At $9.47 🚀 | Hidden Defense Giant In The Making? Mn Frost (TS0MfMWWm5) - Mshale,10.300000190734863,20D,20,2026-07-08,-0.2699029279930536,-0.005373958327371753,-0.26452896966568185,False
2026-06-06,ONDS,93.00452365978242,高優先觀察,小型成長股,未觸發主要風險,新聞提及 1 次，且價格站上 50DMA，值得加入觀察清單。,ONDS Stock At $9.47 🚀 | Hidden Defense Giant In The Making? Mn Frost (TS0MfMWWm5) - Mshale,10.300000190734863,60D,60,2026-09-02,-0.2611650492628329,-0.008449721547246991,-0.2527153277155859,False
2026-06-06,XLV,82.08786629815675,高優先觀察,醫療科技,未觸發主要風險,新聞提及 1 次，且價格站上 50DMA，值得加入觀察清單。,Medical device and healthcare services stocks lead sector's EPS revision rankings (XLV:NYSEARCA) - Seeking Alpha,151.40029907226562,5D,5,2026-06-15,0.0015722367183792496,0.03900456931242835,-0.0374323325940491,True
2026-06-06,XLV,82.08786629815675,高優先觀察,醫療科技,未觸發主要風險,新聞提及 1 次，且價格站上 50DMA，值得加入觀察清單。,Medical device and healthcare services stocks lead sector's EPS revision rankings (XLV:NYSEARCA) - Seeking Alpha,151.40029907226562,20D,20,2026-07-08,0.06790560935763046,-0.005373958327371753,0.07327956768500221,True
2026-06-06,XLV,82.08786629815675,高優先觀察,醫療科技,未觸發主要風險,新聞提及 1 次，且價格站上 50DMA，值得加入觀察清單。,Medical device and healthcare services stocks lead sector's EPS revision rankings (XLV:NYSEARCA) - Seeking Alpha,151.40029907226562,60D,60,2026-09-02,0.13798070381781402,-0.008449721547246991,0.146430425365061,True
2026-06-06,TS,72.34756856566884,可觀察,小型成長股,未觸發主要風險,新聞提及 1 次，且價格站上 50DMA，值得加入觀察清單。,ONDS Stock At $9.47 🚀 | Hidden Defense Giant In The Making? Mn Frost (TS0MfMWWm5) - Mshale,62.810001373291016,5D,5,2026-06-15,-0.01846839391895605,0.03900456931242835,-0.0574729632313844,False
2026-06-06,TS,72.34756856566884,可觀察,小型成長股,未觸發主要風險,新聞提及 1 次，且價格站上 50DMA，值得加入觀察清單。,ONDS Stock At $9.47 🚀 | Hidden Defense Giant In The Making? Mn Frost (TS0MfMWWm5) - Mshale,62.810001373291016,20D,20,2026-07-08,-0.12227352550961068,-0.005373958327371753,-0.11689956718223893,False
2026-06-06,TS,72.34756856566884,可觀察,小型成長股,未觸發主要風險,新聞提及 1 次，且價格站上 50DMA，值得加入觀察清單。,ONDS Stock At $9.47 🚀 | Hidden Defense Giant In The Making? Mn Frost (TS0MfMWWm5) - Mshale,62.810001373291016,60D,60,2026-09-02,-0.10874067316863711,-0.008449721547246991,-0.10029095162139012,False
2026-06-07,RCAT,95.10126855229532,高優先觀察,機器人/自動化,未觸發主要風險,新聞提及 1 次，且價格站上 50DMA，值得加入觀察清單。,Red Cat Holdings (RCAT) Is Down 12.6% After Expanding AI Defense Robotics Footprint - Has The Bull Case Changed? - simplywall.st,12.460000038146973,5D,5,2026-06-15,-0.03932582420690234,0.03900456931242835,-0.07833039351933069,False
2026-06-07,RCAT,95.10126855229532,高優先觀察,機器人/自動化,未觸發主要風險,新聞提及 1 次，且價格站上 50DMA，值得加入觀察清單。,Red Cat Holdings (RCAT) Is Down 12.6% After Expanding AI Defense Robotics Footprint - Has The Bull Case Changed? - simplywall.st,12.460000038146973,20D,20,2026-07-08,-0.2640449399502819,-0.005373958327371753,-0.25867098162291013,False
2026-06-07,RCAT,95.10126855229532,高優先觀察,機器人/自動化,未觸發主要風險,新聞提及 1 次，且價格站上 50DMA，值得加入觀察清單。,Red Cat Holdings (RCAT) Is Down 12.6% After Expanding AI Defense Robotics Footprint - Has The Bull Case Changed? - simplywall.st,12.460000038146973,60D,60,2026-09-02,-0.3322632689123528,-0.008449721547246991,-0.3238135473651058,False
2026-06-07,XLV,82.08786629815675,高優先觀察,醫療科技,未觸發主要風險,新聞提及 1 次，且價格站上 50DMA，值得加入觀察清單。,Medical device and healthcare services stocks lead sector's EPS revision rankings (XLV:NYSEARCA) - Seeking Alpha,151.40029907226562,5D,5,2026-06-15,0.0015722367183792496,0.03900456931242835,-0.0374323325940491,True
2026-06-07,XLV,82.08786629815675,高優先觀察,醫療科技,未觸發主要風險,新聞提及 1 次，且價格站上 50DMA，值得加入觀察清單。,Medical device and healthcare services stocks lead sector's EPS revision rankings (XLV:NYSEARCA) - Seeking Alpha,151.40029907226562,20D,20,2026-07-08,0.06790560935763046,-0.005373958327371753,0.07327956768500221,True
2026-06-07,XLV,82.08786629815675,高優先觀察,醫療科技,未觸發主要風險,新聞提及 1 次，且價格站上 50DMA，值得加入觀察清單。,Medical device and healthcare services stocks lead sector's EPS revision rankings (XLV:NYSEARCA) - Seeking Alpha,151.40029907226562,60D,60,2026-09-02,0.13798070381781402,-0.008449721547246991,0.146430425365061,True
2026-06-07,CAT,59.407240639396065,題材有熱度但訊號普通,AI/資料中心,未觸發主要風險,新聞提及 1 次，量價訊號尚需確認。,How Investors Are Reacting To Caterpillar (CAT) AI Data Center Demand And Raised 2026 Sales Outlook - simplywall.st,913.9445190429688,5D,5,2026-06-15,0.01997513434392939,0.03900456931242835,-0.01902943496849896,True
2026-06-07,CAT,59.407240639396065,題材有熱度但訊號普通,AI/資料中心,未觸發主要風險,新聞提及 1 次，量價訊號尚需確認。,How Investors Are Reacting To Caterpillar (CAT) AI Data Center Demand And Raised 2026 Sales Outlook - simplywall.st,913.9445190429688,20D,20,2026-07-08,0.03542878497872359,-0.005373958327371753,0.040802743306095346,True
2026-06-07,CAT,59.407240639396065,題材有熱度但訊號普通,AI/資料中心,未觸發主要風險,新聞提及 1 次，量價訊號尚需確認。,How Investors Are Reacting To Caterpillar (CAT) AI Data Center Demand And Raised 2026 Sales Outlook - simplywall.st,913.9445190429688,60D,60,2026-09-02,-0.13312021376690786,-0.008449721547246991,-0.12467049221966087,False
2026-06-07,EQS,59.0,題材有熱度但訊號普通,加密/交易平台,低於50DMA,新聞提及 1 次，量價訊號尚需確認。,"Bybit Launches IPO Express, Becoming One of First Centralized Crypto Exchanges to Offer Tokenized IPO Access, Starting With SpaceX | Corporate - EQS News",1.3200000524520874,5D,5,2026-06-15,-0.07575759080925315,0.03900456931242835,-0.1147621601216815,False
2026-06-07,EQS,59.0,題材有熱度但訊號普通,加密/交易平台,低於50DMA,新聞提及 1 次，量價訊號尚需確認。,"Bybit Launches IPO Express, Becoming One of First Centralized Crypto Exchanges to Offer Tokenized IPO Access, Starting With SpaceX | Corporate - EQS News",1.3200000524520874,20D,20,2026-07-08,-0.12121218141883072,-0.005373958327371753,-0.11583822309145897,False
2026-06-07,EQS,59.0,題材有熱度但訊號普通,加密/交易平台,低於50DMA,新聞提及 1 次，量價訊號尚需確認。,"Bybit Launches IPO Express, Becoming One of First Centralized Crypto Exchanges to Offer Tokenized IPO Access, Starting With SpaceX | Corporate - EQS News",1.3200000524520874,60D,60,2026-09-02,-0.2196970223778405,-0.008449721547246991,-0.2112473008305935,False
2026-06-07,BLOK,46.641064589656935,題材有熱度但訊號普通,AI/資料中心,未觸發主要風險,新聞提及 1 次，量價訊號尚需確認。,BLOK's Top Stocks for May Target AI Data Center Growth - ETF Database,63.02008819580078,5D,5,2026-06-15,0.05594292320169236,0.03900456931242835,0.016938353889264013,True
2026-06-07,BLOK,46.641064589656935,題材有熱度但訊號普通,AI/資料中心,未觸發主要風險,新聞提及 1 次，量價訊號尚需確認。,BLOK's Top Stocks for May Target AI Data Center Growth - ETF Database,63.02008819580078,20D,20,2026-07-08,-0.013013111475079997,-0.005373958327371753,-0.007639153147708244,False
2026-06-07,BLOK,46.641064589656935,題材有熱度但訊號普通,AI/資料中心,未觸發主要風險,新聞提及 1 次，量價訊號尚需確認。,BLOK's Top Stocks for May Target AI Data Center Growth - ETF Database,63.02008819580078,60D,60,2026-09-02,-0.023962040001844986,-0.008449721547246991,-0.015512318454597995,False
2026-06-08,ADPT,95.83475334774303,高優先觀察,醫療科技,未觸發主要風險,新聞提及 1 次，且價格站上 50DMA，值得加入觀察清單。,Adaptive Biotech (ADPT) Reports 35% Revenue Growth Driven by Strong clonoSEQ Performance in Q1 2026 - Yahoo Finance,16.700000762939453,5D,5,2026-06-15,0.04550887944986126,0.03900456931242835,0.0065043101374329115,True
2026-06-08,ADPT,95.83475334774303,高優先觀察,醫療科技,未觸發主要風險,新聞提及 1 次，且價格站上 50DMA，值得加入觀察清單。,Adaptive Biotech (ADPT) Reports 35% Revenue Growth Driven by Strong clonoSEQ Performance in Q1 2026 - Yahoo Finance,16.700000762939453,20D,20,2026-07-08,0.2071855644552465,-0.005373958327371753,0.21255952278261825,True
2026-06-08,ADPT,95.83475334774303,高優先觀察,醫療科技,未觸發主要風險,新聞提及 1 次，且價格站上 50DMA，值得加入觀察清單。,Adaptive Biotech (ADPT) Reports 35% Revenue Growth Driven by Strong clonoSEQ Performance in Q1 2026 - Yahoo Finance,16.700000762939453,60D,60,2026-09-02,0.4766466299892298,-0.008449721547246991,0.4850963515364768,True
2026-06-08,GE,78.82713799639924,可觀察,國際貿易,未觸發主要風險,新聞提及 1 次，且價格站上 50DMA，值得加入觀察清單。,"One Year After Trump’s ‘Liberation Day’ Tariffs, GE And Deere Emerge As Only Big Manufacturing Winners - Stocktwits",321.6390686035156,5D,5,2026-06-15,0.06278731879186705,0.03900456931242835,0.023782749479438703,True
2026-06-08,GE,78.82713799639924,可觀察,國際貿易,未觸發主要風險,新聞提及 1 次，且價格站上 50DMA，值得加入觀察清單。,"One Year After Trump’s ‘Liberation Day’ Tariffs, GE And Deere Emerge As Only Big Manufacturing Winners - Stocktwits",321.6390686035156,20D,20,2026-07-08,0.10692398260291869,-0.005373958327371753,0.11229794093029044,True
2026-06-08,GE,78.82713799639924,可觀察,國際貿易,未觸發主要風險,新聞提及 1 次，且價格站上 50DMA，值得加入觀察清單。,"One Year After Trump’s ‘Liberation Day’ Tariffs, GE And Deere Emerge As Only Big Manufacturing Winners - Stocktwits",321.6390686035156,60D,60,2026-09-02,0.024440225593908016,-0.008449721547246991,0.03288994714115501,True
2026-06-08,XLV,76.06303680386478,可觀察,醫療科技,未觸發主要風險,新聞提及 1 次，且價格站上 50DMA，值得加入觀察清單。,Medical device and healthcare services stocks lead sector's EPS revision rankings (XLV:NYSEARCA) - Seeking Alpha,151.40029907226562,5D,5,2026-06-15,0.0015722367183792496,0.03900456931242835,-0.0374323325940491,True
2026-06-08,XLV,76.06303680386478,可觀察,醫療科技,未觸發主要風險,新聞提及 1 次，且價格站上 50DMA，值得加入觀察清單。,Medical device and healthcare services stocks lead sector's EPS revision rankings (XLV:NYSEARCA) - Seeking Alpha,151.40029907226562,20D,20,2026-07-08,0.06790560935763046,-0.005373958327371753,0.07327956768500221,True
2026-06-08,XLV,76.06303680386478,可觀察,醫療科技,未觸發主要風險,新聞提及 1 次，且價格站上 50DMA，值得加入觀察清單。,Medical device and healthcare services stocks lead sector's EPS revision rankings (XLV:NYSEARCA) - Seeking Alpha,151.40029907226562,60D,60,2026-09-02,0.13798070381781402,-0.008449721547246991,0.146430425365061,True
2026-06-08,ONDS,75.74325591381985,可觀察,小型成長股,未觸發主要風險,新聞提及 1 次，且價格站上 50DMA，值得加入觀察清單。,ONDS Stock Drops… But This Changes EVERYTHING 🚀 Jakub Menšík (dbrAnQxIDF) - Mshale,10.300000190734863,5D,5,2026-06-15,-0.07669902400231543,0.03900456931242835,-0.11570359331474378,False
2026-06-08,ONDS,75.74325591381985,可觀察,小型成長股,未觸發主要風險,新聞提及 1 次，且價格站上 50DMA，值得加入觀察清單。,ONDS Stock Drops… But This Changes EVERYTHING 🚀 Jakub Menšík (dbrAnQxIDF) - Mshale,10.300000190734863,20D,20,2026-07-08,-0.2699029279930536,-0.005373958327371753,-0.26452896966568185,False
2026-06-08,ONDS,75.74325591381985,可觀察,小型成長股,未觸發主要風險,新聞提及 1 次，且價格站上 50DMA，值得加入觀察清單。,ONDS Stock Drops… But This Changes EVERYTHING 🚀 Jakub Menšík (dbrAnQxIDF) - Mshale,10.300000190734863,60D,60,2026-09-02,-0.2611650492628329,-0.008449721547246991,-0.2527153277155859,False
2026-06-08,PAYS,72.3853494068293,可觀察,小型成長股,未觸發主要風險,新聞提及 1 次，且價格站上 50DMA，值得加入觀察清單。,"Paysign, Inc. (NASDAQ:PAYS) Meets Key CAN SLIM Criteria with Strong Earnings Growth and Zero Debt - ChartMill",6.619999885559082,5D,5,2026-06-15,0.052870077142457506,0.03900456931242835,0.013865507830029156,True
2026-06-08,PAYS,72.3853494068293,可觀察,小型成長股,未觸發主要風險,新聞提及 1 次，且價格站上 50DMA，值得加入觀察清單。,"Paysign, Inc. (NASDAQ:PAYS) Meets Key CAN SLIM Criteria with Strong Earnings Growth and Zero Debt - ChartMill",6.619999885559082,20D,20,2026-07-08,0.2854985462228805,-0.005373958327371753,0.29087250455025226,True
2026-06-08,PAYS,72.3853494068293,可觀察,小型成長股,未觸發主要風險,新聞提及 1 次，且價格站上 50DMA，值得加入觀察清單。,"Paysign, Inc. (NASDAQ:PAYS) Meets Key CAN SLIM Criteria with Strong Earnings Growth and Zero Debt - ChartMill",6.619999885559082,60D,60,2026-09-02,0.8927492370965486,-0.008449721547246991,0.9011989586437956,True
2026-06-08,IT,43.07362323091466,題材有熱度但訊號普通,國際貿易,未觸發主要風險,新聞提及 1 次，量價訊號尚需確認。,"Tariff jitters, IT stock shock, and high crude oil batter Sensex, Nifty - theweek.in",160.35000610351562,5D,5,2026-06-15,-0.10963518030492458,0.03900456931242835,-0.14863974961735293,False
2026-06-08,IT,43.07362323091466,題材有熱度但訊號普通,國際貿易,未觸發主要風險,新聞提及 1 次，量價訊號尚需確認。,"Tariff jitters, IT stock shock, and high crude oil batter Sensex, Nifty - theweek.in",160.35000610351562,20D,20,2026-07-08,-0.1600873866581759,-0.005373958327371753,-0.15471342833080415,False
2026-06-08,IT,43.07362323091466,題材有熱度但訊號普通,國際貿易,未觸發主要風險,新聞提及 1 次，量價訊號尚需確認。,"Tariff jitters, IT stock shock, and high crude oil batter Sensex, Nifty - theweek.in",160.35000610351562,60D,60,2026-09-02,0.16463980599689898,-0.008449721547246991,0.17308952754414597,True
2026-06-08,DXC,7.218530859735777,低優先或資料不足,金融科技,低於50DMA,新聞提及 1 次，量價訊號尚需確認。,"New DXC platform plugs banks into Ripple, BNPL and FedNow rails - Stock Titan",8.899999618530273,5D,5,2026-06-15,-0.01011226997428083,0.03900456931242835,-0.04911683928670918,False
2026-06-08,DXC,7.218530859735777,低優先或資料不足,金融科技,低於50DMA,新聞提及 1 次，量價訊號尚需確認。,"New DXC platform plugs banks into Ripple, BNPL and FedNow rails - Stock Titan",8.899999618530273,20D,20,2026-07-08,0.0764045319462694,-0.005373958327371753,0.08177849027364115,True
2026-06-08,DXC,7.218530859735777,低優先或資料不足,金融科技,低於50DMA,新聞提及 1 次，量價訊號尚需確認。,"New DXC platform plugs banks into Ripple, BNPL and FedNow rails - Stock Titan",8.899999618530273,60D,60,2026-09-02,0.3067416419014939,-0.008449721547246991,0.3151913634487409,True
2026-06-09,AMC,97.62579043023894,高優先觀察,消費復甦,未觸發主要風險,新聞提及 1 次，且價格站上 50DMA，值得加入觀察清單。,"Stitch Fix and AMC Entertainment Stocks Trade Up, What You Need To Know - Yahoo Finance UK",1.940000057220459,5D,5,2026-06-16,0.2835051216979334,0.0311232938456385,0.2523818278522949,True
2026-06-09,AMC,97.62579043023894,高優先觀察,消費復甦,未觸發主要風險,新聞提及 1 次，且價格站上 50DMA，值得加入觀察清單。,"Stitch Fix and AMC Entertainment Stocks Trade Up, What You Need To Know - Yahoo Finance UK",1.940000057220459,20D,20,2026-07-09,-0.020618597877583134,0.02295032697484345,-0.04356892485242658,False
2026-06-09,AMC,97.62579043023894,高優先觀察,消費復甦,未觸發主要風險,新聞提及 1 次，且價格站上 50DMA，值得加入觀察清單。,"Stitch Fix and AMC Entertainment Stocks Trade Up, What You Need To Know - Yahoo Finance UK",1.940000057220459,60D,60,2026-09-03,0.3092782922348054,0.01501586072324268,0.2942624315115627,True
2026-06-09,AVAV,43.828465033970275,題材有熱度但訊號普通,國防/航太,低於50DMA,新聞提及 1 次，量價訊號尚需確認。,AVAV Stock Rides Drone Defense Bull Wave As New Air Force Contract Adds Fuel — Here's What Investors Need To Know - Stocktwits,176.50999450683594,5D,5,2026-06-16,-0.05552086622828156,0.0311232938456385,-0.08664416007392006,False
2026-06-09,AVAV,43.828465033970275,題材有熱度但訊號普通,國防/航太,低於50DMA,新聞提及 1 次，量價訊號尚需確認。,AVAV Stock Rides Drone Defense Bull Wave As New Air Force Contract Adds Fuel — Here's What Investors Need To Know - Stocktwits,176.50999450683594,20D,20,2026-07-09,-0.1592544415906313,0.02295032697484345,-0.18220476856547474,False
2026-06-09,AVAV,43.828465033970275,題材有熱度但訊號普通,國防/航太,低於50DMA,新聞提及 1 次，量價訊號尚需確認。,AVAV Stock Rides Drone Defense Bull Wave As New Air Force Contract Adds Fuel — Here's What Investors Need To Know - Stocktwits,176.50999450683594,60D,60,2026-09-03,-0.16599619684331257,0.01501586072324268,-0.18101205756655525,False
2026-06-09,EQS,33.54114123600961,暫時不強,加密/交易平台,低於50DMA,新聞提及 1 次，量價訊號尚需確認。,"Bybit Launches IPO Express, Becoming One of First Centralized Crypto Exchanges to Offer Tokenized IPO Access, Starting With SpaceX | Corporate - EQS News",1.3200000524520874,5D,5,2026-06-16,-0.07575759080925315,0.0311232938456385,-0.10688088465489165,False
2026-06-09,EQS,33.54114123600961,暫時不強,加密/交易平台,低於50DMA,新聞提及 1 次，量價訊號尚需確認。,"Bybit Launches IPO Express, Becoming One of First Centralized Crypto Exchanges to Offer Tokenized IPO Access, Starting With SpaceX | Corporate - EQS News",1.3200000524520874,20D,20,2026-07-09,-0.09090909090909094,0.02295032697484345,-0.11385941788393439,False
2026-06-09,EQS,33.54114123600961,暫時不強,加密/交易平台,低於50DMA,新聞提及 1 次，量價訊號尚需確認。,"Bybit Launches IPO Express, Becoming One of First Centralized Crypto Exchanges to Offer Tokenized IPO Access, Starting With SpaceX | Corporate - EQS News",1.3200000524520874,60D,60,2026-09-03,-0.2348485224776783,0.01501586072324268,-0.24986438320092097,False
2026-06-09,RCAT,28.79937490880054,暫時不強,機器人/自動化,低於50DMA,新聞提及 1 次，量價訊號尚需確認。,Red Cat Holdings (RCAT) Is Down 12.6% After Expanding AI Defense Robotics Footprint - Has The Bull Case Changed? - simplywall.st,11.494999885559082,5D,5,2026-06-16,-0.05176165923901355,0.0311232938456385,-0.08288495308465205,False
2026-06-09,RCAT,28.79937490880054,暫時不強,機器人/自動化,低於50DMA,新聞提及 1 次，量價訊號尚需確認。,Red Cat Holdings (RCAT) Is Down 12.6% After Expanding AI Defense Robotics Footprint - Has The Bull Case Changed? - simplywall.st,11.494999885559082,20D,20,2026-07-09,-0.20052199461711195,0.02295032697484345,-0.2234723215919554,False
2026-06-09,RCAT,28.79937490880054,暫時不強,機器人/自動化,低於50DMA,新聞提及 1 次，量價訊號尚需確認。,Red Cat Holdings (RCAT) Is Down 12.6% After Expanding AI Defense Robotics Footprint - Has The Bull Case Changed? - simplywall.st,11.494999885559082,60D,60,2026-09-03,-0.25706828648326974,0.01501586072324268,-0.2720841472065124,False
2026-06-09,USAR,10.147476927979692,低優先或資料不足,能源/材料,低於50DMA,新聞提及 1 次，量價訊號尚需確認。,"MP, USAR, UAMY, UUUU stocks in focus: US.-China deal moves to ease rare earth supply crunch - MSN",20.899999618530273,5D,5,2026-06-16,0.04019139559424367,0.0311232938456385,0.009068101748605173,True
2026-06-09,USAR,10.147476927979692,低優先或資料不足,能源/材料,低於50DMA,新聞提及 1 次，量價訊號尚需確認。,"MP, USAR, UAMY, UUUU stocks in focus: US.-China deal moves to ease rare earth supply crunch - MSN",20.899999618530273,20D,20,2026-07-09,-0.09712912996883716,0.02295032697484345,-0.12007945694368061,False
2026-06-09,USAR,10.147476927979692,低優先或資料不足,能源/材料,低於50DMA,新聞提及 1 次，量價訊號尚需確認。,"MP, USAR, UAMY, UUUU stocks in focus: US.-China deal moves to ease rare earth supply crunch - MSN",20.899999618530273,60D,60,2026-09-03,-0.15358847574459378,0.01501586072324268,-0.16860433646783646,False
2026-06-09,MP,0.0,低優先或資料不足,能源/材料,低於50DMA,新聞提及 1 次，量價訊號尚需確認。,"MP, USAR, UAMY, UUUU stocks in focus: US.-China deal moves to ease rare earth supply crunch - MSN",54.29999923706055,5D,5,2026-06-16,0.05064456793073191,0.0311232938456385,0.01952127408509341,True
2026-06-09,MP,0.0,低優先或資料不足,能源/材料,低於50DMA,新聞提及 1 次，量價訊號尚需確認。,"MP, USAR, UAMY, UUUU stocks in focus: US.-China deal moves to ease rare earth supply crunch - MSN",54.29999923706055,20D,20,2026-07-09,-0.04769797769757933,0.02295032697484345,-0.07064830467242278,False
2026-06-09,MP,0.0,低優先或資料不足,能源/材料,低於50DMA,新聞提及 1 次，量價訊號尚需確認。,"MP, USAR, UAMY, UUUU stocks in focus: US.-China deal moves to ease rare earth supply crunch - MSN",54.29999923706055,60D,60,2026-09-03,-0.009576435820808693,0.01501586072324268,-0.024592296544051373,False
2026-06-09,UUUU,0.0,低優先或資料不足,能源/材料,低於50DMA,新聞提及 1 次，量價訊號尚需確認。,"MP, USAR, UAMY, UUUU stocks in focus: US.-China deal moves to ease rare earth supply crunch - MSN",14.369999885559082,5D,5,2026-06-16,0.06750175885551646,0.0311232938456385,0.03637846500987796,True
2026-06-09,UUUU,0.0,低優先或資料不足,能源/材料,低於50DMA,新聞提及 1 次，量價訊號尚需確認。,"MP, USAR, UAMY, UUUU stocks in focus: US.-China deal moves to ease rare earth supply crunch - MSN",14.369999885559082,20D,20,2026-07-09,-0.061238700170433646,0.02295032697484345,-0.0841890271452771,False
2026-06-09,UUUU,0.0,低優先或資料不足,能源/材料,低於50DMA,新聞提及 1 次，量價訊號尚需確認。,"MP, USAR, UAMY, UUUU stocks in focus: US.-China deal moves to ease rare earth supply crunch - MSN",14.369999885559082,60D,60,2026-09-03,-0.0013917539491042907,0.01501586072324268,-0.01640761467234697,False
2026-06-09,UAMY,0.0,低優先或資料不足,能源/材料,低於50DMA,新聞提及 1 次，量價訊號尚需確認。,"MP, USAR, UAMY, UUUU stocks in focus: US.-China deal moves to ease rare earth supply crunch - MSN",7.28000020980835,5D,5,2026-06-16,-0.026098908206688254,0.0311232938456385,-0.057222202052326754,False
2026-06-09,UAMY,0.0,低優先或資料不足,能源/材料,低於50DMA,新聞提及 1 次，量價訊號尚需確認。,"MP, USAR, UAMY, UUUU stocks in focus: US.-China deal moves to ease rare earth supply crunch - MSN",7.28000020980835,20D,20,2026-07-09,-0.09065938258628736,0.02295032697484345,-0.11360970956113081,False
2026-06-09,UAMY,0.0,低優先或資料不足,能源/材料,低於50DMA,新聞提及 1 次，量價訊號尚需確認。,"MP, USAR, UAMY, UUUU stocks in focus: US.-China deal moves to ease rare earth supply crunch - MSN",7.28000020980835,60D,60,2026-09-03,-0.2939560826439991,0.01501586072324268,-0.30897194336724176,False
2026-06-10,TENB,91.14751206558476,高優先觀察,網路安全,未觸發主要風險,新聞提及 1 次，且價格站上 50DMA，值得加入觀察清單。,Cybersecurity Stocks Q1 Teardown: Tenable (NASDAQ:TENB) Vs The Rest - Yahoo Finance,26.799999237060547,5D,5,2026-06-17,0.0029850718650552555,0.041545885711670616,-0.03856081384661536,True
2026-06-10,TENB,91.14751206558476,高優先觀察,網路安全,未觸發主要風險,新聞提及 1 次，且價格站上 50DMA，值得加入觀察清單。,Cybersecurity Stocks Q1 Teardown: Tenable (NASDAQ:TENB) Vs The Rest - Yahoo Finance,26.799999237060547,20D,20,2026-07-10,0.48432835491602755,0.047020034964791346,0.4373083199512362,True
2026-06-10,TENB,91.14751206558476,高優先觀察,網路安全,未觸發主要風險,新聞提及 1 次，且價格站上 50DMA，值得加入觀察清單。,Cybersecurity Stocks Q1 Teardown: Tenable (NASDAQ:TENB) Vs The Rest - Yahoo Finance,26.799999237060547,60D,60,2026-09-04,0.2779851110084053,0.03756735554318569,0.2404177554652196,True
2026-06-10,NOW,78.60517387353082,可觀察,太空,未觸發主要風險,新聞提及 1 次，且價格站上 50DMA，值得加入觀察清單。,ASTS: Pentagon Deal Unlocks 10X Rocket! Buy NOW! ASTS Stock Analysis Teyana Taylor (QvUgNSUChD) - Mshale,106.05999755859375,5D,5,2026-06-17,-0.0997548033679253,0.041545885711670616,-0.14130068907959592,False
2026-06-10,NOW,78.60517387353082,可觀察,太空,未觸發主要風險,新聞提及 1 次，且價格站上 50DMA，值得加入觀察清單。,ASTS: Pentagon Deal Unlocks 10X Rocket! Buy NOW! ASTS Stock Analysis Teyana Taylor (QvUgNSUChD) - Mshale,106.05999755859375,20D,20,2026-07-10,0.015557246500664368,0.047020034964791346,-0.03146278846412698,True
2026-06-10,NOW,78.60517387353082,可觀察,太空,未觸發主要風險,新聞提及 1 次，且價格站上 50DMA，值得加入觀察清單。,ASTS: Pentagon Deal Unlocks 10X Rocket! Buy NOW! ASTS Stock Analysis Teyana Taylor (QvUgNSUChD) - Mshale,106.05999755859375,60D,60,2026-09-04,0.33188758965222154,0.03756735554318569,0.29432023410903585,True
2026-06-10,PAYS,70.9651481109319,可觀察,小型成長股,未觸發主要風險,新聞提及 1 次，且價格站上 50DMA，值得加入觀察清單。,"Paysign, Inc. (NASDAQ:PAYS) Meets Key CAN SLIM Criteria with Strong Earnings Growth and Zero Debt - ChartMill",6.949999809265137,5D,5,2026-06-17,0.048920886607022984,0.041545885711670616,0.007375000895352368,True
2026-06-10,PAYS,70.9651481109319,可觀察,小型成長股,未觸發主要風險,新聞提及 1 次，且價格站上 50DMA，值得加入觀察清單。,"Paysign, Inc. (NASDAQ:PAYS) Meets Key CAN SLIM Criteria with Strong Earnings Growth and Zero Debt - ChartMill",6.949999809265137,20D,20,2026-07-10,0.303597218454408,0.047020034964791346,0.25657718348961667,True
2026-06-10,PAYS,70.9651481109319,可觀察,小型成長股,未觸發主要風險,新聞提及 1 次，且價格站上 50DMA，值得加入觀察清單。,"Paysign, Inc. (NASDAQ:PAYS) Meets Key CAN SLIM Criteria with Strong Earnings Growth and Zero Debt - ChartMill",6.949999809265137,60D,60,2026-09-04,0.9352518242280761,0.03756735554318569,0.8976844686848904,True
2026-06-10,ASTS,61.063465924476425,可觀察,太空,低於50DMA,新聞提及 1 次，量價訊號尚需確認。,ASTS: Pentagon Deal Unlocks 10X Rocket! Buy NOW! ASTS Stock Analysis Teyana Taylor (QvUgNSUChD) - Mshale,87.31999969482422,5D,5,2026-06-17,-0.021644518967634196,0.041545885711670616,-0.06319040467930481,False
2026-06-10,ASTS,61.063465924476425,可觀察,太空,低於50DMA,新聞提及 1 次，量價訊號尚需確認。,ASTS: Pentagon Deal Unlocks 10X Rocket! Buy NOW! ASTS Stock Analysis Teyana Taylor (QvUgNSUChD) - Mshale,87.31999969482422,20D,20,2026-07-10,-0.1603298219071092,0.047020034964791346,-0.20734985687190055,False
2026-06-10,ASTS,61.063465924476425,可觀察,太空,低於50DMA,新聞提及 1 次，量價訊號尚需確認。,ASTS: Pentagon Deal Unlocks 10X Rocket! Buy NOW! ASTS Stock Analysis Teyana Taylor (QvUgNSUChD) - Mshale,87.31999969482422,60D,60,2026-09-04,-0.28641775548489423,0.03756735554318569,-0.3239851110280799,False
2026-06-10,TER,34.61866685082353,暫時不強,機器人/自動化,低於50DMA,新聞提及 1 次，量價訊號尚需確認。,Why Teradyne (TER) Is Up 6.3% After AI-Driven Surge Lifts Q1 Revenue And Demand - simplywall.st,347.45654296875,5D,5,2026-06-17,0.17540773070485716,0.041545885711670616,0.13386184499318654,True
2026-06-10,TER,34.61866685082353,暫時不強,機器人/自動化,低於50DMA,新聞提及 1 次，量價訊號尚需確認。,Why Teradyne (TER) Is Up 6.3% After AI-Driven Surge Lifts Q1 Revenue And Demand - simplywall.st,347.45654296875,20D,20,2026-07-10,0.034552239277899854,0.047020034964791346,-0.012467795686891492,True
2026-06-10,TER,34.61866685082353,暫時不強,機器人/自動化,低於50DMA,新聞提及 1 次，量價訊號尚需確認。,Why Teradyne (TER) Is Up 6.3% After AI-Driven Surge Lifts Q1 Revenue And Demand - simplywall.st,347.45654296875,60D,60,2026-09-04,0.027552958792339988,0.03756735554318569,-0.0100143967508457,True
2026-06-10,ONDS,33.770143674276156,暫時不強,小型成長股,低於50DMA,新聞提及 1 次，量價訊號尚需確認。,ONDS Stock Drops… But This Changes EVERYTHING 🚀 Jakub Menšík (dbrAnQxIDF) - Mshale,9.3100004196167,5D,5,2026-06-17,-0.020408219709343478,0.041545885711670616,-0.061954105421014094,False
2026-06-10,ONDS,33.770143674276156,暫時不強,小型成長股,低於50DMA,新聞提及 1 次，量價訊號尚需確認。,ONDS Stock Drops… But This Changes EVERYTHING 🚀 Jakub Menšík (dbrAnQxIDF) - Mshale,9.3100004196167,20D,20,2026-07-10,-0.22019335105671922,0.047020034964791346,-0.26721338602151057,False
2026-06-10,ONDS,33.770143674276156,暫時不強,小型成長股,低於50DMA,新聞提及 1 次，量價訊號尚需確認。,ONDS Stock Drops… But This Changes EVERYTHING 🚀 Jakub Menšík (dbrAnQxIDF) - Mshale,9.3100004196167,60D,60,2026-09-04,-0.18152529085784896,0.03756735554318569,-0.21909264640103465,False
2026-06-10,RKLB,25.06137693160116,暫時不強,太空,未觸發主要風險,新聞提及 1 次，量價訊號尚需確認。,RKLB Stock Heads For Best Month Of 2026: Retail Bulls Energized By Hints Of 'Central Role' In America's Space Defense Push - Stocktwits,105.05000305175781,5D,5,2026-06-17,0.02789148234229155,0.041545885711670616,-0.013654403369379065,True
2026-06-10,RKLB,25.06137693160116,暫時不強,太空,未觸發主要風險,新聞提及 1 次，量價訊號尚需確認。,RKLB Stock Heads For Best Month Of 2026: Retail Bulls Energized By Hints Of 'Central Role' In America's Space Defense Push - Stocktwits,105.05000305175781,20D,20,2026-07-10,-0.22855784330059292,0.047020034964791346,-0.27557787826538427,False
2026-06-10,RKLB,25.06137693160116,暫時不強,太空,未觸發主要風險,新聞提及 1 次，量價訊號尚需確認。,RKLB Stock Heads For Best Month Of 2026: Retail Bulls Energized By Hints Of 'Central Role' In America's Space Defense Push - Stocktwits,105.05000305175781,60D,60,2026-09-04,-0.3882912872970621,0.03756735554318569,-0.42585864284024777,False
2026-06-10,RCAT,20.704623823057183,暫時不強,機器人/自動化,低於50DMA,新聞提及 1 次，量價訊號尚需確認。,Red Cat Holdings (RCAT) Is Down 12.6% After Expanding AI Defense Robotics Footprint - Has The Bull Case Changed? - simplywall.st,10.895000457763672,5D,5,2026-06-17,0.02799443218785047,0.041545885711670616,-0.013551453523820145,True
2026-06-10,RCAT,20.704623823057183,暫時不強,機器人/自動化,低於50DMA,新聞提及 1 次，量價訊號尚需確認。,Red Cat Holdings (RCAT) Is Down 12.6% After Expanding AI Defense Robotics Footprint - Has The Bull Case Changed? - simplywall.st,10.895000457763672,20D,20,2026-07-10,-0.1895365256810171,0.047020034964791346,-0.23655656064580843,False
2026-06-10,RCAT,20.704623823057183,暫時不強,機器人/自動化,低於50DMA,新聞提及 1 次，量價訊號尚需確認。,Red Cat Holdings (RCAT) Is Down 12.6% After Expanding AI Defense Robotics Footprint - Has The Bull Case Changed? - simplywall.st,10.895000457763672,60D,60,2026-09-04,-0.2317577297947977,0.03756735554318569,-0.2693250853379834,False
2026-06-11,SFIX,100.0,高優先觀察,消費復甦,未觸發主要風險,新聞提及 1 次，且價格站上 50DMA，值得加入觀察清單。,"Stitch Fix (SFIX) Stock Trades Up, Here Is Why - StockStory",4.199999809265137,5D,5,2026-06-18,-0.04047609694690235,0.03277005579665748,-0.07324615274355983,False
2026-06-11,SFIX,100.0,高優先觀察,消費復甦,未觸發主要風險,新聞提及 1 次，且價格站上 50DMA，值得加入觀察清單。,"Stitch Fix (SFIX) Stock Trades Up, Here Is Why - StockStory",4.199999809265137,20D,20,2026-07-13,-0.13809522620134018,-0.006411536364294701,-0.13168368983704548,False
2026-06-11,SFIX,100.0,高優先觀察,消費復甦,未觸發主要風險,新聞提及 1 次，且價格站上 50DMA，值得加入觀察清單。,"Stitch Fix (SFIX) Stock Trades Up, Here Is Why - StockStory",4.199999809265137,60D,60,2026-09-08,-0.29285710393165876,0.002830048910034577,-0.29568715284169333,False
2026-06-11,AMC,100.0,高優先觀察,消費復甦,未觸發主要風險,新聞提及 2 次，且價格站上 50DMA，值得加入觀察清單。,A Look At AMC Entertainment (AMC) Valuation As Attendance Rebounds And New Initiatives Support Recent Stock Momentum - simplywall.st,2.2799999713897705,5D,5,2026-06-18,0.24122805228854127,0.03277005579665748,0.2084579964918838,True
2026-06-11,AMC,100.0,高優先觀察,消費復甦,未觸發主要風險,新聞提及 2 次，且價格站上 50DMA，值得加入觀察清單。,A Look At AMC Entertainment (AMC) Valuation As Attendance Rebounds And New Initiatives Support Recent Stock Momentum - simplywall.st,2.2799999713897705,20D,20,2026-07-13,-0.17982454902027212,-0.006411536364294701,-0.17341301265597742,False
2026-06-11,AMC,100.0,高優先觀察,消費復甦,未觸發主要風險,新聞提及 2 次，且價格站上 50DMA，值得加入觀察清單。,A Look At AMC Entertainment (AMC) Valuation As Attendance Rebounds And New Initiatives Support Recent Stock Momentum - simplywall.st,2.2799999713897705,60D,60,2026-09-08,0.12280700653653831,0.002830048910034577,0.11997695762650373,True
2026-06-11,VRNS,92.03613267205618,高優先觀察,網路安全,未觸發主要風險,新聞提及 1 次，且價格站上 50DMA，值得加入觀察清單。,Q1 Earnings Outperformers: Varonis Systems (NASDAQ:VRNS) And The Rest Of The Cybersecurity Stocks - Yahoo Finance,33.459999084472656,5D,5,2026-06-18,-0.0023908553062258475,0.03277005579665748,-0.03516091110288333,False
2026-06-11,VRNS,92.03613267205618,高優先觀察,網路安全,未觸發主要風險,新聞提及 1 次，且價格站上 50DMA，值得加入觀察清單。,Q1 Earnings Outperformers: Varonis Systems (NASDAQ:VRNS) And The Rest Of The Cybersecurity Stocks - Yahoo Finance,33.459999084472656,20D,20,2026-07-13,0.35624633322761023,-0.006411536364294701,0.36265786959190494,True
2026-06-11,VRNS,92.03613267205618,高優先觀察,網路安全,未觸發主要風險,新聞提及 1 次，且價格站上 50DMA，值得加入觀察清單。,Q1 Earnings Outperformers: Varonis Systems (NASDAQ:VRNS) And The Rest Of The Cybersecurity Stocks - Yahoo Finance,33.459999084472656,60D,60,2026-09-08,0.35863718853383597,0.002830048910034577,0.3558071396238014,True
2026-06-11,RCAT,79.51795216902813,可觀察,機器人/自動化,未觸發主要風險,新聞提及 1 次，且價格站上 50DMA，值得加入觀察清單。,Red Cat Holdings (RCAT) Is Down 12.6% After Expanding AI Defense Robotics Footprint - Has The Bull Case Changed? - simplywall.st,12.010000228881836,5D,5,2026-06-18,-0.04746050271737623,0.03277005579665748,-0.08023055851403371,False
2026-06-11,RCAT,79.51795216902813,可觀察,機器人/自動化,未觸發主要風險,新聞提及 1 次，且價格站上 50DMA，值得加入觀察清單。,Red Cat Holdings (RCAT) Is Down 12.6% After Expanding AI Defense Robotics Footprint - Has The Bull Case Changed? - simplywall.st,12.010000228881836,20D,20,2026-07-13,-0.3022481303298761,-0.006411536364294701,-0.2958365939655814,False
2026-06-11,RCAT,79.51795216902813,可觀察,機器人/自動化,未觸發主要風險,新聞提及 1 次，且價格站上 50DMA，值得加入觀察清單。,Red Cat Holdings (RCAT) Is Down 12.6% After Expanding AI Defense Robotics Footprint - Has The Bull Case Changed? - simplywall.st,12.010000228881836,60D,60,2026-09-08,-0.27602002255467506,0.002830048910034577,-0.27885007146470964,False
2026-06-11,TER,76.60876360902608,可觀察,機器人/自動化,未觸發主要風險,新聞提及 1 次，且價格站上 50DMA，值得加入觀察清單。,Why Teradyne (TER) Is Up 6.3% After AI-Driven Surge Lifts Q1 Revenue And Demand - simplywall.st,381.2535400390625,5D,5,2026-06-18,0.14819094277108724,0.03277005579665748,0.11542088697442976,True
2026-06-11,TER,76.60876360902608,可觀察,機器人/自動化,未觸發主要風險,新聞提及 1 次，且價格站上 50DMA，值得加入觀察清單。,Why Teradyne (TER) Is Up 6.3% After AI-Driven Surge Lifts Q1 Revenue And Demand - simplywall.st,381.2535400390625,20D,20,2026-07-13,-0.10563714668376867,-0.006411536364294701,-0.09922561031947397,False
2026-06-11,TER,76.60876360902608,可觀察,機器人/自動化,未觸發主要風險,新聞提及 1 次，且價格站上 50DMA，值得加入觀察清單。,Why Teradyne (TER) Is Up 6.3% After AI-Driven Surge Lifts Q1 Revenue And Demand - simplywall.st,381.2535400390625,60D,60,2026-09-08,-0.024113985878076782,0.002830048910034577,-0.02694403478811136,False
2026-06-11,LKQ,24.447750125654053,暫時不強,消費復甦,低於50DMA,新聞提及 1 次，量價訊號尚需確認。,Q1 Rundown: LKQ (NASDAQ:LKQ) Vs Other Consumer Discretionary - Specialized Consumer Services Stocks - StockStory,25.678607940673828,5D,5,2026-06-18,-0.006928403550297113,0.03277005579665748,-0.039698459346954595,False
2026-06-11,LKQ,24.447750125654053,暫時不強,消費復甦,低於50DMA,新聞提及 1 次，量價訊號尚需確認。,Q1 Rundown: LKQ (NASDAQ:LKQ) Vs Other Consumer Discretionary - Specialized Consumer Services Stocks - StockStory,25.678607940673828,20D,20,2026-07-13,-0.021939932196319623,-0.006411536364294701,-0.015528395832024922,False
2026-06-11,LKQ,24.447750125654053,暫時不強,消費復甦,低於50DMA,新聞提及 1 次，量價訊號尚需確認。,Q1 Rundown: LKQ (NASDAQ:LKQ) Vs Other Consumer Discretionary - Specialized Consumer Services Stocks - StockStory,25.678607940673828,60D,60,2026-09-08,-0.030321282366333913,0.002830048910034577,-0.03315133127636849,False
2026-06-12,AMC,95.8821596276531,高優先觀察,消費復甦,短線漲幅過大,新聞提及 2 次，且價格站上 50DMA，值得加入觀察清單。,A Look At AMC Entertainment (AMC) Valuation As Attendance Rebounds And New Initiatives Support Recent Stock Momentum - simplywall.st,2.3399999141693115,5D,5,2026-06-22,0.17948721867498163,0.024150839146584113,0.15533637952839752,True
2026-06-12,AMC,95.8821596276531,高優先觀察,消費復甦,短線漲幅過大,新聞提及 2 次，且價格站上 50DMA，值得加入觀察清單。,A Look At AMC Entertainment (AMC) Valuation As Attendance Rebounds And New Initiatives Support Recent Stock Momentum - simplywall.st,2.3399999141693115,20D,20,2026-07-14,-0.16239311536779988,-0.001190943369604014,-0.16120217199819586,False
2026-06-12,AMC,95.8821596276531,高優先觀察,消費復甦,短線漲幅過大,新聞提及 2 次，且價格站上 50DMA，值得加入觀察清單。,A Look At AMC Entertainment (AMC) Valuation As Attendance Rebounds And New Initiatives Support Recent Stock Momentum - simplywall.st,2.3399999141693115,60D,60,2026-09-09,0.05128210614497419,-0.005881793295306803,0.057163899440280996,True
2026-06-12,GE,92.20044432498335,高優先觀察,國際貿易,未觸發主要風險,新聞提及 1 次，且價格站上 50DMA，值得加入觀察清單。,"One Year After Trump’s ‘Liberation Day’ Tariffs, GE And Deere Emerge As Only Big Manufacturing Winners - Stocktwits",334.8825378417969,5D,5,2026-06-22,0.05911132078927728,0.024150839146584113,0.034960481642693164,True
2026-06-12,GE,92.20044432498335,高優先觀察,國際貿易,未觸發主要風險,新聞提及 1 次，且價格站上 50DMA，值得加入觀察清單。,"One Year After Trump’s ‘Liberation Day’ Tariffs, GE And Deere Emerge As Only Big Manufacturing Winners - Stocktwits",334.8825378417969,20D,20,2026-07-14,0.056280847804118794,-0.001190943369604014,0.05747179117372281,True
2026-06-12,GE,92.20044432498335,高優先觀察,國際貿易,未觸發主要風險,新聞提及 1 次，且價格站上 50DMA，值得加入觀察清單。,"One Year After Trump’s ‘Liberation Day’ Tariffs, GE And Deere Emerge As Only Big Manufacturing Winners - Stocktwits",334.8825378417969,60D,60,2026-09-09,-0.028256249116616283,-0.005881793295306803,-0.02237445582130948,False
2026-06-12,SFIX,88.67423958599724,高優先觀察,消費復甦,未觸發主要風險,新聞提及 1 次，且價格站上 50DMA，值得加入觀察清單。,"Stitch Fix (SFIX) Stock Trades Up, Here Is Why - StockStory",3.8450000286102295,5D,5,2026-06-22,0.04291292562909166,0.024150839146584113,0.018762086482507545,True
2026-06-12,SFIX,88.67423958599724,高優先觀察,消費復甦,未觸發主要風險,新聞提及 1 次，且價格站上 50DMA，值得加入觀察清單。,"Stitch Fix (SFIX) Stock Trades Up, Here Is Why - StockStory",3.8450000286102295,20D,20,2026-07-14,-0.032509752683976156,-0.001190943369604014,-0.03131880931437214,False
2026-06-12,SFIX,88.67423958599724,高優先觀察,消費復甦,未觸發主要風險,新聞提及 1 次，且價格站上 50DMA，值得加入觀察清單。,"Stitch Fix (SFIX) Stock Trades Up, Here Is Why - StockStory",3.8450000286102295,60D,60,2026-09-09,-0.24837449066319983,-0.005881793295306803,-0.24249269736789303,False
2026-06-12,AVAV,35.62678490044093,暫時不強,國防/航太,低於50DMA,新聞提及 1 次，量價訊號尚需確認。,AVAV Stock Rides Drone Defense Bull Wave As New Air Force Contract Adds Fuel — Here's What Investors Need To Know - Stocktwits,170.5800018310547,5D,5,2026-06-22,-0.1128502743191756,0.024150839146584113,-0.13700111346575972,False
2026-06-12,AVAV,35.62678490044093,暫時不強,國防/航太,低於50DMA,新聞提及 1 次，量價訊號尚需確認。,AVAV Stock Rides Drone Defense Bull Wave As New Air Force Contract Adds Fuel — Here's What Investors Need To Know - Stocktwits,170.5800018310547,20D,20,2026-07-14,-0.15892836393097098,-0.001190943369604014,-0.15773742056136697,False
2026-06-12,AVAV,35.62678490044093,暫時不強,國防/航太,低於50DMA,新聞提及 1 次，量價訊號尚需確認。,AVAV Stock Rides Drone Defense Bull Wave As New Air Force Contract Adds Fuel — Here's What Investors Need To Know - Stocktwits,170.5800018310547,60D,60,2026-09-09,-0.17458083280355152,-0.005881793295306803,-0.16869903950824472,False
2026-06-13,GE,95.10986787881815,高優先觀察,國際貿易,未觸發主要風險,新聞提及 1 次，且價格站上 50DMA，值得加入觀察清單。,"One Year After Trump’s ‘Liberation Day’ Tariffs, GE And Deere Emerge As Only Big Manufacturing Winners - Stocktwits",341.83392333984375,5D,5,2026-06-23,0.04151808902142218,-0.039738844622169034,0.08125693364359121,True
2026-06-13,GE,95.10986787881815,高優先觀察,國際貿易,未觸發主要風險,新聞提及 1 次，且價格站上 50DMA，值得加入觀察清單。,"One Year After Trump’s ‘Liberation Day’ Tariffs, GE And Deere Emerge As Only Big Manufacturing Winners - Stocktwits",341.83392333984375,20D,20,2026-07-15,0.05416689655246287,-0.034235557777112735,0.08840245432957561,True
2026-06-13,GE,95.10986787881815,高優先觀察,國際貿易,未觸發主要風險,新聞提及 1 次，且價格站上 50DMA，值得加入觀察清單。,"One Year After Trump’s ‘Liberation Day’ Tariffs, GE And Deere Emerge As Only Big Manufacturing Winners - Stocktwits",341.83392333984375,60D,60,2026-09-10,-0.051732517564613945,-0.0464128336583457,-0.005319683906268247,False
2026-06-13,AMC,90.9113520381022,高優先觀察,消費復甦,短線漲幅過大,新聞提及 1 次，且價格站上 50DMA，值得加入觀察清單。,A Look At AMC Entertainment (AMC) Valuation As Attendance Rebounds And New Initiatives Support Recent Stock Momentum - simplywall.st,2.2799999713897705,5D,5,2026-06-23,-0.08771932026025686,-0.039738844622169034,-0.04798047563808783,False
2026-06-13,AMC,90.9113520381022,高優先觀察,消費復甦,短線漲幅過大,新聞提及 1 次，且價格站上 50DMA，值得加入觀察清單。,A Look At AMC Entertainment (AMC) Valuation As Attendance Rebounds And New Initiatives Support Recent Stock Momentum - simplywall.st,2.2799999713897705,20D,20,2026-07-15,-0.0921052810447921,-0.034235557777112735,-0.05786972326767936,False
2026-06-13,AMC,90.9113520381022,高優先觀察,消費復甦,短線漲幅過大,新聞提及 1 次，且價格站上 50DMA，值得加入觀察清單。,A Look At AMC Entertainment (AMC) Valuation As Attendance Rebounds And New Initiatives Support Recent Stock Momentum - simplywall.st,2.2799999713897705,60D,60,2026-09-10,0.03508768627628123,-0.0464128336583457,0.08150051993462692,True
2026-06-13,SFIX,88.68662907497536,高優先觀察,消費復甦,未觸發主要風險,新聞提及 1 次，且價格站上 50DMA，值得加入觀察清單。,"Stitch Fix (SFIX) Stock Trades Up, Here Is Why - StockStory",4.230000019073486,5D,5,2026-06-23,0.02364063928644411,-0.039738844622169034,0.06337948390861314,True
2026-06-13,SFIX,88.68662907497536,高優先觀察,消費復甦,未觸發主要風險,新聞提及 1 次，且價格站上 50DMA，值得加入觀察清單。,"Stitch Fix (SFIX) Stock Trades Up, Here Is Why - StockStory",4.230000019073486,20D,20,2026-07-15,-0.08510641415865916,-0.034235557777112735,-0.050870856381546425,False
2026-06-13,SFIX,88.68662907497536,高優先觀察,消費復甦,未觸發主要風險,新聞提及 1 次，且價格站上 50DMA，值得加入觀察清單。,"Stitch Fix (SFIX) Stock Trades Up, Here Is Why - StockStory",4.230000019073486,60D,60,2026-09-10,-0.32624116033531003,-0.0464128336583457,-0.27982832667696433,False
2026-06-13,RGTI,80.83271590263888,高優先觀察,量子運算,未觸發主要風險,新聞提及 1 次，且價格站上 50DMA，值得加入觀察清單。,"RGTI, INFQ Stocks Gain Overnight: Bernstein Thinks Rigetti And Infleqtion Could Be Early Winners In Quantum Race - TradingView",22.700000762939453,5D,5,2026-06-23,-0.06255506733780691,-0.039738844622169034,-0.02281622271563788,False
2026-06-13,RGTI,80.83271590263888,高優先觀察,量子運算,未觸發主要風險,新聞提及 1 次，且價格站上 50DMA，值得加入觀察清單。,"RGTI, INFQ Stocks Gain Overnight: Bernstein Thinks Rigetti And Infleqtion Could Be Early Winners In Quantum Race - TradingView",22.700000762939453,20D,20,2026-07-15,-0.32819385517830013,-0.034235557777112735,-0.2939582974011874,False
2026-06-13,RGTI,80.83271590263888,高優先觀察,量子運算,未觸發主要風險,新聞提及 1 次，且價格站上 50DMA，值得加入觀察清單。,"RGTI, INFQ Stocks Gain Overnight: Bernstein Thinks Rigetti And Infleqtion Could Be Early Winners In Quantum Race - TradingView",22.700000762939453,60D,60,2026-09-10,-0.33215861947623027,-0.0464128336583457,-0.28574578581788457,False
2026-06-13,IONQ,58.43541366507906,題材有熱度但訊號普通,量子運算,未觸發主要風險,新聞提及 1 次，量價訊號尚需確認。,"Alphabet (NASDAQ: GOOGL), IonQ (NYSE: IONQ), And Nvidia (NASDAQ: NVDA) Emerge As Top Quantum Computing Investments - foreignpolicyjournal.com",61.18000030517578,5D,5,2026-06-23,-0.05442958179869395,-0.039738844622169034,-0.014690737176524915,False
2026-06-13,IONQ,58.43541366507906,題材有熱度但訊號普通,量子運算,未觸發主要風險,新聞提及 1 次，量價訊號尚需確認。,"Alphabet (NASDAQ: GOOGL), IonQ (NYSE: IONQ), And Nvidia (NASDAQ: NVDA) Emerge As Top Quantum Computing Investments - foreignpolicyjournal.com",61.18000030517578,20D,20,2026-07-15,-0.3868911713888977,-0.034235557777112735,-0.352655613611785,False
2026-06-13,IONQ,58.43541366507906,題材有熱度但訊號普通,量子運算,未觸發主要風險,新聞提及 1 次，量價訊號尚需確認。,"Alphabet (NASDAQ: GOOGL), IonQ (NYSE: IONQ), And Nvidia (NASDAQ: NVDA) Emerge As Top Quantum Computing Investments - foreignpolicyjournal.com",61.18000030517578,60D,60,2026-09-10,-0.3978424326769535,-0.0464128336583457,-0.3514295990186078,False
2026-06-13,INFQ,10.340031567010401,低優先或資料不足,量子運算,低於50DMA,新聞提及 1 次，量價訊號尚需確認。,"RGTI, INFQ Stocks Gain Overnight: Bernstein Thinks Rigetti And Infleqtion Could Be Early Winners In Quantum Race - TradingView",14.819999694824219,5D,5,2026-06-23,0.07692310167326721,-0.039738844622169034,0.11666194629543625,True
2026-06-13,INFQ,10.340031567010401,低優先或資料不足,量子運算,低於50DMA,新聞提及 1 次，量價訊號尚需確認。,"RGTI, INFQ Stocks Gain Overnight: Bernstein Thinks Rigetti And Infleqtion Could Be Early Winners In Quantum Race - TradingView",14.819999694824219,20D,20,2026-07-15,-0.33400809117384056,-0.034235557777112735,-0.2997725333967278,False
2026-06-13,INFQ,10.340031567010401,低優先或資料不足,量子運算,低於50DMA,新聞提及 1 次，量價訊號尚需確認。,"RGTI, INFQ Stocks Gain Overnight: Bernstein Thinks Rigetti And Infleqtion Could Be Early Winners In Quantum Race - TradingView",14.819999694824219,60D,60,2026-09-10,-0.1255060522927567,-0.0464128336583457,-0.07909321863441099,False
2026-06-13,GOOGL,9.288017628020501,低優先或資料不足,量子運算,低於50DMA,新聞提及 1 次，量價訊號尚需確認。,"Alphabet (NASDAQ: GOOGL), IonQ (NYSE: IONQ), And Nvidia (NASDAQ: NVDA) Emerge As Top Quantum Computing Investments - foreignpolicyjournal.com",369.1127624511719,5D,5,2026-06-23,-0.06286726172370649,-0.039738844622169034,-0.023128417101537457,False
2026-06-13,GOOGL,9.288017628020501,低優先或資料不足,量子運算,低於50DMA,新聞提及 1 次，量價訊號尚需確認。,"Alphabet (NASDAQ: GOOGL), IonQ (NYSE: IONQ), And Nvidia (NASDAQ: NVDA) Emerge As Top Quantum Computing Investments - foreignpolicyjournal.com",369.1127624511719,20D,20,2026-07-15,0.004250734203069317,-0.034235557777112735,0.03848629198018205,True
2026-06-13,GOOGL,9.288017628020501,低優先或資料不足,量子運算,低於50DMA,新聞提及 1 次，量價訊號尚需確認。,"Alphabet (NASDAQ: GOOGL), IonQ (NYSE: IONQ), And Nvidia (NASDAQ: NVDA) Emerge As Top Quantum Computing Investments - foreignpolicyjournal.com",369.1127624511719,60D,60,2026-09-10,-0.0989203302134164,-0.0464128336583457,-0.0525074965550707,False
2026-06-13,NVDA,5.362290130877589,低優先或資料不足,量子運算,低於50DMA,新聞提及 1 次，量價訊號尚需確認。,"Alphabet (NASDAQ: GOOGL), IonQ (NYSE: IONQ), And Nvidia (NASDAQ: NVDA) Emerge As Top Quantum Computing Investments - foreignpolicyjournal.com",212.21253967285156,5D,5,2026-06-23,-0.05841376500164186,-0.039738844622169034,-0.018674920379472826,False
2026-06-13,NVDA,5.362290130877589,低優先或資料不足,量子運算,低於50DMA,新聞提及 1 次，量價訊號尚需確認。,"Alphabet (NASDAQ: GOOGL), IonQ (NYSE: IONQ), And Nvidia (NASDAQ: NVDA) Emerge As Top Quantum Computing Investments - foreignpolicyjournal.com",212.21253967285156,20D,20,2026-07-15,0.00023533961130928205,-0.034235557777112735,0.03447089738842202,True
2026-06-13,NVDA,5.362290130877589,低優先或資料不足,量子運算,低於50DMA,新聞提及 1 次，量價訊號尚需確認。,"Alphabet (NASDAQ: GOOGL), IonQ (NYSE: IONQ), And Nvidia (NASDAQ: NVDA) Emerge As Top Quantum Computing Investments - foreignpolicyjournal.com",212.21253967285156,60D,60,2026-09-10,0.028968415094494215,-0.0464128336583457,0.07538124875283991,True
2026-06-14,ONTO,95.98760042791807,高優先觀察,半導體設備,短線漲幅過大,新聞提及 2 次，且價格站上 50DMA，值得加入觀察清單。,ONTO Stock Grows 174% in a Year: Does it Have More Room to Run? - TradingView,335.9599914550781,5D,5,2026-06-23,-0.05976898167337452,-0.039738844622169034,-0.020030137051205488,False
2026-06-14,ONTO,95.98760042791807,高優先觀察,半導體設備,短線漲幅過大,新聞提及 2 次，且價格站上 50DMA，值得加入觀察清單。,ONTO Stock Grows 174% in a Year: Does it Have More Room to Run? - TradingView,335.9599914550781,20D,20,2026-07-15,-0.09295743916854404,-0.034235557777112735,-0.05872188139143131,False
2026-06-14,ONTO,95.98760042791807,高優先觀察,半導體設備,短線漲幅過大,新聞提及 2 次，且價格站上 50DMA，值得加入觀察清單。,ONTO Stock Grows 174% in a Year: Does it Have More Room to Run? - TradingView,335.9599914550781,60D,60,2026-09-10,-0.19954750485909512,-0.0464128336583457,-0.15313467120074942,False
2026-06-14,KLAC,87.01894349416575,高優先觀察,半導體設備,短線漲幅過大,新聞提及 1 次，且價格站上 50DMA，值得加入觀察清單。,"KLAC Stock Hits 52-Week High, Up 46% in 3 Months: Buy, Hold or Sell? - The Globe and Mail",256.1305236816406,5D,5,2026-06-23,-0.04652524132047564,-0.039738844622169034,-0.006786396698306607,False
2026-06-14,KLAC,87.01894349416575,高優先觀察,半導體設備,短線漲幅過大,新聞提及 1 次，且價格站上 50DMA，值得加入觀察清單。,"KLAC Stock Hits 52-Week High, Up 46% in 3 Months: Buy, Hold or Sell? - The Globe and Mail",256.1305236816406,20D,20,2026-07-15,-0.12448329745969355,-0.034235557777112735,-0.09024773968258082,False
2026-06-14,KLAC,87.01894349416575,高優先觀察,半導體設備,短線漲幅過大,新聞提及 1 次，且價格站上 50DMA，值得加入觀察清單。,"KLAC Stock Hits 52-Week High, Up 46% in 3 Months: Buy, Hold or Sell? - The Globe and Mail",256.1305236816406,60D,60,2026-09-10,-0.30824335136249337,-0.0464128336583457,-0.26183051770414767,False
2026-06-14,AVAV,35.63498442876147,暫時不強,國防/航太,低於50DMA,新聞提及 1 次，量價訊號尚需確認。,AVAV Stock Rides Drone Defense Bull Wave As New Air Force Contract Adds Fuel — Here's What Investors Need To Know - Stocktwits,171.9499969482422,5D,5,2026-06-23,-0.13300375413249632,-0.039738844622169034,-0.09326490951032729,False
2026-06-14,AVAV,35.63498442876147,暫時不強,國防/航太,低於50DMA,新聞提及 1 次，量價訊號尚需確認。,AVAV Stock Rides Drone Defense Bull Wave As New Air Force Contract Adds Fuel — Here's What Investors Need To Know - Stocktwits,171.9499969482422,20D,20,2026-07-15,-0.17871472098245478,-0.034235557777112735,-0.14447916320534204,False
2026-06-14,AVAV,35.63498442876147,暫時不強,國防/航太,低於50DMA,新聞提及 1 次，量價訊號尚需確認。,AVAV Stock Rides Drone Defense Bull Wave As New Air Force Contract Adds Fuel — Here's What Investors Need To Know - Stocktwits,171.9499969482422,60D,60,2026-09-10,-0.1446931669996624,-0.0464128336583457,-0.0982803333413167,False
2026-06-14,GLW,24.225734726759974,暫時不強,AI/資料中心,未觸發主要風險,新聞提及 1 次，量價訊號尚需確認。,GLW Stock On Track To Open At All-Time High – AI Data Centre Boom Spurs Price Target Hikes - Stocktwits,187.52688598632812,5D,5,2026-06-23,0.03294661035746671,-0.039738844622169034,0.07268545497963574,True
2026-06-14,GLW,24.225734726759974,暫時不強,AI/資料中心,未觸發主要風險,新聞提及 1 次，量價訊號尚需確認。,GLW Stock On Track To Open At All-Time High – AI Data Centre Boom Spurs Price Target Hikes - Stocktwits,187.52688598632812,20D,20,2026-07-15,-0.07169463493271877,-0.034235557777112735,-0.037459077155606035,False
2026-06-14,GLW,24.225734726759974,暫時不強,AI/資料中心,未觸發主要風險,新聞提及 1 次，量價訊號尚需確認。,GLW Stock On Track To Open At All-Time High – AI Data Centre Boom Spurs Price Target Hikes - Stocktwits,187.52688598632812,60D,60,2026-09-10,-0.13015142197220742,-0.0464128336583457,-0.08373858831386172,False
2026-06-15,IONQ,93.69514075554643,高優先觀察,量子運算,未觸發主要風險,新聞提及 1 次，且價格站上 50DMA，值得加入觀察清單。,"Alphabet (NASDAQ: GOOGL), IonQ (NYSE: IONQ), And Nvidia (NASDAQ: NVDA) Emerge As Top Quantum Computing Investments - foreignpolicyjournal.com",61.18000030517578,5D,5,2026-06-23,-0.05442958179869395,-0.039738844622169034,-0.014690737176524915,False
2026-06-15,IONQ,93.69514075554643,高優先觀察,量子運算,未觸發主要風險,新聞提及 1 次，且價格站上 50DMA，值得加入觀察清單。,"Alphabet (NASDAQ: GOOGL), IonQ (NYSE: IONQ), And Nvidia (NASDAQ: NVDA) Emerge As Top Quantum Computing Investments - foreignpolicyjournal.com",61.18000030517578,20D,20,2026-07-15,-0.3868911713888977,-0.034235557777112735,-0.352655613611785,False
2026-06-15,IONQ,93.69514075554643,高優先觀察,量子運算,未觸發主要風險,新聞提及 1 次，且價格站上 50DMA，值得加入觀察清單。,"Alphabet (NASDAQ: GOOGL), IonQ (NYSE: IONQ), And Nvidia (NASDAQ: NVDA) Emerge As Top Quantum Computing Investments - foreignpolicyjournal.com",61.18000030517578,60D,60,2026-09-10,-0.3978424326769535,-0.0464128336583457,-0.3514295990186078,False
2026-06-15,NVDA,33.210753267229066,暫時不強,量子運算,未觸發主要風險,新聞提及 1 次，量價訊號尚需確認。,"Alphabet (NASDAQ: GOOGL), IonQ (NYSE: IONQ), And Nvidia (NASDAQ: NVDA) Emerge As Top Quantum Computing Investments - foreignpolicyjournal.com",212.21253967285156,5D,5,2026-06-23,-0.05841376500164186,-0.039738844622169034,-0.018674920379472826,False
2026-06-15,NVDA,33.210753267229066,暫時不強,量子運算,未觸發主要風險,新聞提及 1 次，量價訊號尚需確認。,"Alphabet (NASDAQ: GOOGL), IonQ (NYSE: IONQ), And Nvidia (NASDAQ: NVDA) Emerge As Top Quantum Computing Investments - foreignpolicyjournal.com",212.21253967285156,20D,20,2026-07-15,0.00023533961130928205,-0.034235557777112735,0.03447089738842202,True
2026-06-15,NVDA,33.210753267229066,暫時不強,量子運算,未觸發主要風險,新聞提及 1 次，量價訊號尚需確認。,"Alphabet (NASDAQ: GOOGL), IonQ (NYSE: IONQ), And Nvidia (NASDAQ: NVDA) Emerge As Top Quantum Computing Investments - foreignpolicyjournal.com",212.21253967285156,60D,60,2026-09-10,0.028968415094494215,-0.0464128336583457,0.07538124875283991,True
2026-06-15,GOOGL,32.1247257662351,暫時不強,量子運算,未觸發主要風險,新聞提及 1 次，量價訊號尚需確認。,"Alphabet (NASDAQ: GOOGL), IonQ (NYSE: IONQ), And Nvidia (NASDAQ: NVDA) Emerge As Top Quantum Computing Investments - foreignpolicyjournal.com",369.1127624511719,5D,5,2026-06-23,-0.06286726172370649,-0.039738844622169034,-0.023128417101537457,False
2026-06-15,GOOGL,32.1247257662351,暫時不強,量子運算,未觸發主要風險,新聞提及 1 次，量價訊號尚需確認。,"Alphabet (NASDAQ: GOOGL), IonQ (NYSE: IONQ), And Nvidia (NASDAQ: NVDA) Emerge As Top Quantum Computing Investments - foreignpolicyjournal.com",369.1127624511719,20D,20,2026-07-15,0.004250734203069317,-0.034235557777112735,0.03848629198018205,True
2026-06-15,GOOGL,32.1247257662351,暫時不強,量子運算,未觸發主要風險,新聞提及 1 次，量價訊號尚需確認。,"Alphabet (NASDAQ: GOOGL), IonQ (NYSE: IONQ), And Nvidia (NASDAQ: NVDA) Emerge As Top Quantum Computing Investments - foreignpolicyjournal.com",369.1127624511719,60D,60,2026-09-10,-0.0989203302134164,-0.0464128336583457,-0.0525074965550707,False
2026-06-15,UFO,16.325968602662662,低優先或資料不足,太空,低於50DMA,新聞提及 1 次，量價訊號尚需確認。,The Unstoppable Space ETF Rally Means UFO’s 138% Surge Still Has Room to Run - AOL.com,52.523963928222656,5D,5,2026-06-23,-0.08480698667324382,-0.039738844622169034,-0.04506814205107479,False
2026-06-15,UFO,16.325968602662662,低優先或資料不足,太空,低於50DMA,新聞提及 1 次，量價訊號尚需確認。,The Unstoppable Space ETF Rally Means UFO’s 138% Surge Still Has Room to Run - AOL.com,52.523963928222656,20D,20,2026-07-15,-0.13620382890587313,-0.034235557777112735,-0.10196827112876039,False
2026-06-15,UFO,16.325968602662662,低優先或資料不足,太空,低於50DMA,新聞提及 1 次，量價訊號尚需確認。,The Unstoppable Space ETF Rally Means UFO’s 138% Surge Still Has Room to Run - AOL.com,52.523963928222656,60D,60,2026-09-10,-0.18532422697565998,-0.0464128336583457,-0.13891139331731428,False
2026-06-16,VST,93.63555662468701,高優先觀察,核能/電力,未觸發主要風險,新聞提及 1 次，且價格站上 50DMA，值得加入觀察清單。,Is Vistra (VST) Still The Best Data Center Energy Stock? - Yahoo Finance,158.1292266845703,5D,5,2026-06-24,0.028296300056054324,-0.025291169930102497,0.05358746998615682,True
2026-06-16,VST,93.63555662468701,高優先觀察,核能/電力,未觸發主要風險,新聞提及 1 次，且價格站上 50DMA，值得加入觀察清單。,Is Vistra (VST) Still The Best Data Center Energy Stock? - Yahoo Finance,158.1292266845703,20D,20,2026-07-16,-0.03679689500023975,-0.031710463847997916,-0.005086431152241833,False
2026-06-16,VST,93.63555662468701,高優先觀察,核能/電力,未觸發主要風險,新聞提及 1 次，且價格站上 50DMA，值得加入觀察清單。,Is Vistra (VST) Still The Best Data Center Energy Stock? - Yahoo Finance,158.1292266845703,60D,60,2026-09-11,-0.06318769463784057,-0.01944803525507932,-0.04373965938276125,False
2026-06-16,PH,77.28551885351224,可觀察,機器人/自動化,未觸發主要風險,新聞提及 1 次，且價格站上 50DMA，值得加入觀察清單。,Is PH stock a buy? - TradingView,936.6235961914062,5D,5,2026-06-24,0.024059470699203667,-0.025291169930102497,0.049350640629306164,True
2026-06-16,PH,77.28551885351224,可觀察,機器人/自動化,未觸發主要風險,新聞提及 1 次，且價格站上 50DMA，值得加入觀察清單。,Is PH stock a buy? - TradingView,936.6235961914062,20D,20,2026-07-16,0.02112925748751704,-0.031710463847997916,0.052839721335514955,True
2026-06-16,PH,77.28551885351224,可觀察,機器人/自動化,未觸發主要風險,新聞提及 1 次，且價格站上 50DMA，值得加入觀察清單。,Is PH stock a buy? - TradingView,936.6235961914062,60D,60,2026-09-11,0.014527056901695978,-0.01944803525507932,0.0339750921567753,True
2026-06-16,NBIX,50.352110853402316,題材有熱度但訊號普通,小型成長股,未觸發主要風險,新聞提及 1 次，量價訊號尚需確認。,Neurocrine Biosciences (NASDAQ:NBIX) Screens as a High-Growth Momentum Breakout Candidate - ChartMill,156.4199981689453,5D,5,2026-06-24,0.06162894452432166,-0.025291169930102497,0.08692011445442416,True
2026-06-16,NBIX,50.352110853402316,題材有熱度但訊號普通,小型成長股,未觸發主要風險,新聞提及 1 次，量價訊號尚需確認。,Neurocrine Biosciences (NASDAQ:NBIX) Screens as a High-Growth Momentum Breakout Candidate - ChartMill,156.4199981689453,20D,20,2026-07-16,0.0967267936320455,-0.031710463847997916,0.12843725748004342,True
2026-06-16,NBIX,50.352110853402316,題材有熱度但訊號普通,小型成長股,未觸發主要風險,新聞提及 1 次，量價訊號尚需確認。,Neurocrine Biosciences (NASDAQ:NBIX) Screens as a High-Growth Momentum Breakout Candidate - ChartMill,156.4199981689453,60D,60,2026-09-11,-0.0012785893784896807,-0.01944803525507932,0.01816944587658964,False
2026-06-17,AMC,94.6294605732414,高優先觀察,消費復甦,短線漲幅過大,新聞提及 1 次，且價格站上 50DMA，值得加入觀察清單。,A Look At AMC Entertainment (AMC) Valuation As Attendance Rebounds And New Initiatives Support Recent Stock Momentum - simplywall.st,2.6600000858306885,5D,5,2026-06-25,-0.2894737125150658,-0.007394664883214941,-0.2820790476318509,False
2026-06-17,AMC,94.6294605732414,高優先觀察,消費復甦,短線漲幅過大,新聞提及 1 次，且價格站上 50DMA，值得加入觀察清單。,A Look At AMC Entertainment (AMC) Valuation As Attendance Rebounds And New Initiatives Support Recent Stock Momentum - simplywall.st,2.6600000858306885,20D,20,2026-07-17,-0.27067669375107617,-0.03656121161839776,-0.2341154821326784,False
2026-06-17,AMC,94.6294605732414,高優先觀察,消費復甦,短線漲幅過大,新聞提及 1 次，且價格站上 50DMA，值得加入觀察清單。,A Look At AMC Entertainment (AMC) Valuation As Attendance Rebounds And New Initiatives Support Recent Stock Momentum - simplywall.st,2.6600000858306885,60D,60,2026-09-14,-0.06015040626614199,-0.01737087612065391,-0.042779530145488076,False
2026-06-17,ANET,93.03947526096799,高優先觀察,AI/資料中心,未觸發主要風險,新聞提及 1 次，且價格站上 50DMA，值得加入觀察清單。,Arista Networks (ANET): 1.6T Launch Shows How AI Fabrics Are Expanding Its Data Center Opportunity - Yahoo Finance,164.92999267578125,5D,5,2026-06-25,0.0031528787701042837,-0.007394664883214941,0.010547543653319225,True
2026-06-17,ANET,93.03947526096799,高優先觀察,AI/資料中心,未觸發主要風險,新聞提及 1 次，且價格站上 50DMA，值得加入觀察清單。,Arista Networks (ANET): 1.6T Launch Shows How AI Fabrics Are Expanding Its Data Center Opportunity - Yahoo Finance,164.92999267578125,20D,20,2026-07-17,0.022312545310084753,-0.03656121161839776,0.05887375692848251,True
2026-06-17,ANET,93.03947526096799,高優先觀察,AI/資料中心,未觸發主要風險,新聞提及 1 次，且價格站上 50DMA，值得加入觀察清單。,Arista Networks (ANET): 1.6T Launch Shows How AI Fabrics Are Expanding Its Data Center Opportunity - Yahoo Finance,164.92999267578125,60D,60,2026-09-14,0.13872555568343437,-0.01737087612065391,0.15609643180408828,True
2026-06-17,COHR,72.43178754105281,可觀察,AI/資料中心,未觸發主要風險,新聞提及 1 次，且價格站上 50DMA，值得加入觀察清單。,What Coherent (COHR)'s NVIDIA AI Datacenter Deal and Indium Phosphide Pivot Mean For Shareholders - simplywall.st,378.8500061035156,5D,5,2026-06-25,0.07496368863387182,-0.007394664883214941,0.08235835351708676,True
2026-06-17,COHR,72.43178754105281,可觀察,AI/資料中心,未觸發主要風險,新聞提及 1 次，且價格站上 50DMA，值得加入觀察清單。,What Coherent (COHR)'s NVIDIA AI Datacenter Deal and Indium Phosphide Pivot Mean For Shareholders - simplywall.st,378.8500061035156,20D,20,2026-07-17,-0.26725616568245436,-0.03656121161839776,-0.2306949540640566,False
2026-06-17,COHR,72.43178754105281,可觀察,AI/資料中心,未觸發主要風險,新聞提及 1 次，且價格站上 50DMA，值得加入觀察清單。,What Coherent (COHR)'s NVIDIA AI Datacenter Deal and Indium Phosphide Pivot Mean For Shareholders - simplywall.st,378.8500061035156,60D,60,2026-09-14,-0.2965553762530956,-0.01737087612065391,-0.27918450013244167,False
2026-06-17,MTN,56.6549493829491,題材有熱度但訊號普通,消費復甦,未觸發主要風險,新聞提及 1 次，量價訊號尚需確認。,Spotting Winners: Vail Resorts (NYSE:MTN) And Consumer Discretionary - Leisure Facilities Stocks In Q1 - TradingView,127.93024444580078,5D,5,2026-06-25,0.04228673145685846,-0.007394664883214941,0.0496813963400734,True
2026-06-17,MTN,56.6549493829491,題材有熱度但訊號普通,消費復甦,未觸發主要風險,新聞提及 1 次，量價訊號尚需確認。,Spotting Winners: Vail Resorts (NYSE:MTN) And Consumer Discretionary - Leisure Facilities Stocks In Q1 - TradingView,127.93024444580078,20D,20,2026-07-17,0.1557861180590041,-0.03656121161839776,0.19234732967740187,True
2026-06-17,MTN,56.6549493829491,題材有熱度但訊號普通,消費復甦,未觸發主要風險,新聞提及 1 次，量價訊號尚需確認。,Spotting Winners: Vail Resorts (NYSE:MTN) And Consumer Discretionary - Leisure Facilities Stocks In Q1 - TradingView,127.93024444580078,60D,60,2026-09-14,0.09833288535897955,-0.01737087612065391,0.11570376147963346,True
2026-06-17,ODD,0.0,低優先或資料不足,消費復甦,低於50DMA；負面關鍵字,新聞有負面關鍵字，僅列入風險觀察。,Oddity Tech: Recovery Proof Is Still Missing (Rating Downgrade) (NASDAQ:ODD) - Seeking Alpha,10.970000267028809,5D,5,2026-06-25,0.19781221727186726,-0.007394664883214941,0.2052068821550822,True
2026-06-17,ODD,0.0,低優先或資料不足,消費復甦,低於50DMA；負面關鍵字,新聞有負面關鍵字，僅列入風險觀察。,Oddity Tech: Recovery Proof Is Still Missing (Rating Downgrade) (NASDAQ:ODD) - Seeking Alpha,10.970000267028809,20D,20,2026-07-17,0.48814953195630406,-0.03656121161839776,0.5247107435747018,True
2026-06-17,ODD,0.0,低優先或資料不足,消費復甦,低於50DMA；負面關鍵字,新聞有負面關鍵字，僅列入風險觀察。,Oddity Tech: Recovery Proof Is Still Missing (Rating Downgrade) (NASDAQ:ODD) - Seeking Alpha,10.970000267028809,60D,60,2026-09-14,0.7155878976037215,-0.01737087612065391,0.7329587737243755,True
2026-06-18,TER,100.0,高優先觀察,機器人/自動化,未觸發主要風險,新聞提及 1 次，且價格站上 50DMA，值得加入觀察清單。,Teradyne (TER) to Showcase Physical AI Robotics at Automate 2026 - Yahoo Finance,437.7518615722656,5D,5,2026-06-26,-0.0024206209971338044,-0.04499412431769367,0.04257350332055987,False
2026-06-18,TER,100.0,高優先觀察,機器人/自動化,未觸發主要風險,新聞提及 1 次，且價格站上 50DMA，值得加入觀察清單。,Teradyne (TER) to Showcase Physical AI Robotics at Automate 2026 - Yahoo Finance,437.7518615722656,20D,20,2026-07-20,-0.237851632985001,-0.05913300878127303,-0.17871862420372797,False
2026-06-18,TER,100.0,高優先觀察,機器人/自動化,未觸發主要風險,新聞提及 1 次，且價格站上 50DMA，值得加入觀察清單。,Teradyne (TER) to Showcase Physical AI Robotics at Automate 2026 - Yahoo Finance,437.7518615722656,60D,60,2026-09-15,-0.23963771414238166,-0.04767061756646074,-0.19196709657592093,False
2026-06-18,KLAC,100.0,高優先觀察,半導體設備,未觸發主要風險,新聞提及 1 次，且價格站上 50DMA，值得加入觀察清單。,KLAC (NASDAQ:KLAC) Is a Rare Value Find With Perfect Valuation and Strong Fundamentals - ChartMill,259.2669677734375,5D,5,2026-06-26,-0.04207118693544709,-0.04499412431769367,0.002922937382246582,False
2026-06-18,KLAC,100.0,高優先觀察,半導體設備,未觸發主要風險,新聞提及 1 次，且價格站上 50DMA，值得加入觀察清單。,KLAC (NASDAQ:KLAC) Is a Rare Value Find With Perfect Valuation and Strong Fundamentals - ChartMill,259.2669677734375,20D,20,2026-07-20,-0.20018491794633964,-0.05913300878127303,-0.1410519091650666,False
2026-06-18,KLAC,100.0,高優先觀察,半導體設備,未觸發主要風險,新聞提及 1 次，且價格站上 50DMA，值得加入觀察清單。,KLAC (NASDAQ:KLAC) Is a Rare Value Find With Perfect Valuation and Strong Fundamentals - ChartMill,259.2669677734375,60D,60,2026-09-15,-0.3519421092652013,-0.04767061756646074,-0.30427149169874057,False
2026-06-18,ASML,96.65605391710888,高優先觀察,半導體設備,未觸發主要風險,新聞提及 1 次，且價格站上 50DMA，值得加入觀察清單。,ASML Surges 36% in 3 Months: Should Investors Buy the Stock? - TradingView,1927.1876220703125,5D,5,2026-06-26,-0.06999091244280842,-0.04499412431769367,-0.024996788125114744,False
2026-06-18,ASML,96.65605391710888,高優先觀察,半導體設備,未觸發主要風險,新聞提及 1 次，且價格站上 50DMA，值得加入觀察清單。,ASML Surges 36% in 3 Months: Should Investors Buy the Stock? - TradingView,1927.1876220703125,20D,20,2026-07-20,-0.09880398575558502,-0.05913300878127303,-0.03967097697431199,False
2026-06-18,ASML,96.65605391710888,高優先觀察,半導體設備,未觸發主要風險,新聞提及 1 次，且價格站上 50DMA，值得加入觀察清單。,ASML Surges 36% in 3 Months: Should Investors Buy the Stock? - TradingView,1927.1876220703125,60D,60,2026-09-15,-0.1741956194389227,-0.04767061756646074,-0.12652500187246196,False
2026-06-18,BB,91.97272975796282,高優先觀察,網路安全,未觸發主要風險,新聞提及 1 次，且價格站上 50DMA，值得加入觀察清單。,BB vs. CRWD: Which Cybersecurity Stock Is the Better Pick at Present? - Zacks Investment Research,8.380000114440918,5D,5,2026-06-26,0.3603817974757675,-0.04499412431769367,0.40537592179346116,True
2026-06-18,BB,91.97272975796282,高優先觀察,網路安全,未觸發主要風險,新聞提及 1 次，且價格站上 50DMA，值得加入觀察清單。,BB vs. CRWD: Which Cybersecurity Stock Is the Better Pick at Present? - Zacks Investment Research,8.380000114440918,20D,20,2026-07-20,0.05369926051548268,-0.05913300878127303,0.11283226929675572,True
2026-06-18,BB,91.97272975796282,高優先觀察,網路安全,未觸發主要風險,新聞提及 1 次，且價格站上 50DMA，值得加入觀察清單。,BB vs. CRWD: Which Cybersecurity Stock Is the Better Pick at Present? - Zacks Investment Research,8.380000114440918,60D,60,2026-09-15,-0.06921240045170929,-0.04767061756646074,-0.02154178288524855,False
2026-06-18,PH,82.9996390430548,高優先觀察,機器人/自動化,未觸發主要風險,新聞提及 1 次，且價格站上 50DMA，值得加入觀察清單。,Is PH stock a buy? - TradingView,951.3539428710938,5D,5,2026-06-26,0.016417160395953534,-0.04499412431769367,0.06141128471364721,True
2026-06-18,PH,82.9996390430548,高優先觀察,機器人/自動化,未觸發主要風險,新聞提及 1 次，且價格站上 50DMA，值得加入觀察清單。,Is PH stock a buy? - TradingView,951.3539428710938,20D,20,2026-07-20,-0.0026015939069158334,-0.05913300878127303,0.0565314148743572,False
2026-06-18,PH,82.9996390430548,高優先觀察,機器人/自動化,未觸發主要風險,新聞提及 1 次，且價格站上 50DMA，值得加入觀察清單。,Is PH stock a buy? - TradingView,951.3539428710938,60D,60,2026-09-15,-0.027701512216956936,-0.04767061756646074,0.019969105349503802,False
2026-06-18,CRWD,72.73589690549213,可觀察,網路安全,未觸發主要風險,新聞提及 1 次，且價格站上 50DMA，值得加入觀察清單。,BB vs. CRWD: Which Cybersecurity Stock Is the Better Pick at Present? - Zacks Investment Research,171.21499633789062,5D,5,2026-06-26,0.02369833520872855,-0.04499412431769367,0.06869245952642222,True
2026-06-18,CRWD,72.73589690549213,可觀察,網路安全,未觸發主要風險,新聞提及 1 次，且價格站上 50DMA，值得加入觀察清單。,BB vs. CRWD: Which Cybersecurity Stock Is the Better Pick at Present? - Zacks Investment Research,171.21499633789062,20D,20,2026-07-20,0.15930268807439352,-0.05913300878127303,0.21843569685566655,True
2026-06-18,CRWD,72.73589690549213,可觀察,網路安全,未觸發主要風險,新聞提及 1 次，且價格站上 50DMA，值得加入觀察清單。,BB vs. CRWD: Which Cybersecurity Stock Is the Better Pick at Present? - Zacks Investment Research,171.21499633789062,60D,60,2026-09-15,0.4162895229960646,-0.04767061756646074,0.4639601405625253,True
2026-06-18,MP,59.768014728366595,題材有熱度但訊號普通,能源/材料,低於50DMA,新聞提及 1 次，量價訊號尚需確認。,2 Supercharged Trends That Could Send MP Materials Stock to New Heights - AOL.com,60.880001068115234,5D,5,2026-06-26,-0.1146517644509697,-0.04499412431769367,-0.06965764013327602,False
2026-06-18,MP,59.768014728366595,題材有熱度但訊號普通,能源/材料,低於50DMA,新聞提及 1 次，量價訊號尚需確認。,2 Supercharged Trends That Could Send MP Materials Stock to New Heights - AOL.com,60.880001068115234,20D,20,2026-07-20,-0.24934297041472986,-0.05913300878127303,-0.19020996163345683,False
2026-06-18,MP,59.768014728366595,題材有熱度但訊號普通,能源/材料,低於50DMA,新聞提及 1 次，量價訊號尚需確認。,2 Supercharged Trends That Could Send MP Materials Stock to New Heights - AOL.com,60.880001068115234,60D,60,2026-09-15,-0.19234564214393246,-0.04767061756646074,-0.14467502457747172,False
2026-06-18,RPD,27.17887706964558,暫時不強,網路安全,未觸發主要風險,新聞提及 1 次，量價訊號尚需確認。,Cybersecurity Stocks Q1 Recap: Benchmarking Rapid7 (NASDAQ:RPD) - Yahoo Finance,6.730000019073486,5D,5,2026-06-26,0.13075781752554394,-0.04499412431769367,0.1757519418432376,True
2026-06-18,RPD,27.17887706964558,暫時不強,網路安全,未觸發主要風險,新聞提及 1 次，量價訊號尚需確認。,Cybersecurity Stocks Q1 Recap: Benchmarking Rapid7 (NASDAQ:RPD) - Yahoo Finance,6.730000019073486,20D,20,2026-07-20,0.7756314673696365,-0.05913300878127303,0.8347644761509095,True
2026-06-18,RPD,27.17887706964558,暫時不強,網路安全,未觸發主要風險,新聞提及 1 次，量價訊號尚需確認。,Cybersecurity Stocks Q1 Recap: Benchmarking Rapid7 (NASDAQ:RPD) - Yahoo Finance,6.730000019073486,60D,60,2026-09-15,0.8514115903171025,-0.04767061756646074,0.8990822078835632,True
2026-06-18,PAYP,0.0,低優先或資料不足,金融科技,低於50DMA,新聞提及 1 次，量價訊號尚需確認。,"PayPay Corporation (PAYP) Stock Price, News, Quote & History - Yahoo Finance",12.369999885559082,5D,5,2026-06-26,0.1600647141656102,-0.04499412431769367,0.20505883848330386,True
2026-06-18,PAYP,0.0,低優先或資料不足,金融科技,低於50DMA,新聞提及 1 次，量價訊號尚需確認。,"PayPay Corporation (PAYP) Stock Price, News, Quote & History - Yahoo Finance",12.369999885559082,20D,20,2026-07-20,0.21422801913670497,-0.05913300878127303,0.273361027917978,True
2026-06-18,PAYP,0.0,低優先或資料不足,金融科技,低於50DMA,新聞提及 1 次，量價訊號尚需確認。,"PayPay Corporation (PAYP) Stock Price, News, Quote & History - Yahoo Finance",12.369999885559082,60D,60,2026-09-15,0.4405820420117825,-0.04767061756646074,0.48825265957824326,True
2026-06-19,GE,100.0,高優先觀察,國際貿易,未觸發主要風險,新聞提及 1 次，且價格站上 50DMA，值得加入觀察清單。,"One Year After Trump’s ‘Liberation Day’ Tariffs, GE And Deere Emerge As Only Big Manufacturing Winners - Stocktwits",354.6778869628906,5D,5,2026-06-29,0.05234852438267312,-0.018795267787587444,0.07114379217026057,True
2026-06-19,GE,100.0,高優先觀察,國際貿易,未觸發主要風險,新聞提及 1 次，且價格站上 50DMA，值得加入觀察清單。,"One Year After Trump’s ‘Liberation Day’ Tariffs, GE And Deere Emerge As Only Big Manufacturing Winners - Stocktwits",354.6778869628906,20D,20,2026-07-21,-0.0394100542200474,-0.03927094804788245,-0.00013910617216494892,False
2026-06-19,GE,100.0,高優先觀察,國際貿易,未觸發主要風險,新聞提及 1 次，且價格站上 50DMA，值得加入觀察清單。,"One Year After Trump’s ‘Liberation Day’ Tariffs, GE And Deere Emerge As Only Big Manufacturing Winners - Stocktwits",354.6778869628906,60D,60,2026-09-16,-0.11779108481825762,-0.04503018590763508,-0.07276089891062254,False
2026-06-19,TER,100.0,高優先觀察,機器人/自動化,量能過熱,新聞提及 1 次，且價格站上 50DMA，值得加入觀察清單。,Teradyne (TER) to Showcase Physical AI Robotics at Automate 2026 - Yahoo Finance,456.82452392578125,5D,5,2026-06-29,0.013588611729156819,-0.018795267787587444,0.03238387951674426,True
2026-06-19,TER,100.0,高優先觀察,機器人/自動化,量能過熱,新聞提及 1 次，且價格站上 50DMA，值得加入觀察清單。,Teradyne (TER) to Showcase Physical AI Robotics at Automate 2026 - Yahoo Finance,456.82452392578125,20D,20,2026-07-21,-0.1815316970964297,-0.03927094804788245,-0.14226074904854724,False
2026-06-19,TER,100.0,高優先觀察,機器人/自動化,量能過熱,新聞提及 1 次，且價格站上 50DMA，值得加入觀察清單。,Teradyne (TER) to Showcase Physical AI Robotics at Automate 2026 - Yahoo Finance,456.82452392578125,60D,60,2026-09-16,-0.2532143612502076,-0.04503018590763508,-0.2081841753425725,False
2026-06-19,KLAC,100.0,高優先觀察,半導體設備,未觸發主要風險,新聞提及 1 次，且價格站上 50DMA，值得加入觀察清單。,KLAC (NASDAQ:KLAC) Is a Rare Value Find With Perfect Valuation and Strong Fundamentals - ChartMill,268.85614013671875,5D,5,2026-06-29,0.034291848309363715,-0.018795267787587444,0.05308711609695116,True
2026-06-19,KLAC,100.0,高優先觀察,半導體設備,未觸發主要風險,新聞提及 1 次，且價格站上 50DMA，值得加入觀察清單。,KLAC (NASDAQ:KLAC) Is a Rare Value Find With Perfect Valuation and Strong Fundamentals - ChartMill,268.85614013671875,20D,20,2026-07-21,-0.19170759231853152,-0.03927094804788245,-0.15243664427064907,False
2026-06-19,KLAC,100.0,高優先觀察,半導體設備,未觸發主要風險,新聞提及 1 次，且價格站上 50DMA，值得加入觀察清單。,KLAC (NASDAQ:KLAC) Is a Rare Value Find With Perfect Valuation and Strong Fundamentals - ChartMill,268.85614013671875,60D,60,2026-09-16,-0.37751095985665184,-0.04503018590763508,-0.33248077394901676,False
2026-06-19,ANET,98.76403721276931,高優先觀察,AI/資料中心,未觸發主要風險,新聞提及 1 次，且價格站上 50DMA，值得加入觀察清單。,Arista Networks (ANET): 1.6T Launch Shows How AI Fabrics Are Expanding Its Data Center Opportunity - Yahoo Finance,174.55999755859375,5D,5,2026-06-29,-0.05992204171271864,-0.018795267787587444,-0.0411267739251312,False
2026-06-19,ANET,98.76403721276931,高優先觀察,AI/資料中心,未觸發主要風險,新聞提及 1 次，且價格站上 50DMA，值得加入觀察清單。,Arista Networks (ANET): 1.6T Launch Shows How AI Fabrics Are Expanding Its Data Center Opportunity - Yahoo Finance,174.55999755859375,20D,20,2026-07-21,0.00011459826272175455,-0.03927094804788245,0.0393855463106042,True
2026-06-19,ANET,98.76403721276931,高優先觀察,AI/資料中心,未觸發主要風險,新聞提及 1 次，且價格站上 50DMA，值得加入觀察清單。,Arista Networks (ANET): 1.6T Launch Shows How AI Fabrics Are Expanding Its Data Center Opportunity - Yahoo Finance,174.55999755859375,60D,60,2026-09-16,0.13164525692563367,-0.04503018590763508,0.17667544283326875,True
2026-06-19,ASML,98.15137581087872,高優先觀察,半導體設備,未觸發主要風險,新聞提及 1 次，且價格站上 50DMA，值得加入觀察清單。,ASML Surges 36% in 3 Months: Should Investors Buy the Stock? - TradingView,1926.7581787109375,5D,5,2026-06-29,-0.02391604968650851,-0.018795267787587444,-0.005120781898921067,False
2026-06-19,ASML,98.15137581087872,高優先觀察,半導體設備,未觸發主要風險,新聞提及 1 次，且價格站上 50DMA，值得加入觀察清單。,ASML Surges 36% in 3 Months: Should Investors Buy the Stock? - TradingView,1926.7581787109375,20D,20,2026-07-21,-0.06621229101388282,-0.03927094804788245,-0.02694134296600037,False
2026-06-19,ASML,98.15137581087872,高優先觀察,半導體設備,未觸發主要風險,新聞提及 1 次，且價格站上 50DMA，值得加入觀察清單。,ASML Surges 36% in 3 Months: Should Investors Buy the Stock? - TradingView,1926.7581787109375,60D,60,2026-09-16,-0.16843743630814056,-0.04503018590763508,-0.12340725040050549,False
2026-06-19,WULF,97.25933591778237,高優先觀察,AI/資料中心,未觸發主要風險,新聞提及 1 次，且價格站上 50DMA，值得加入觀察清單。,IREN vs. WULF: Which AI Data Center Stock Has an Edge Right Now? - Zacks Investment Research,28.309999465942383,5D,5,2026-06-29,-0.09643234170740922,-0.018795267787587444,-0.07763707391982178,False
2026-06-19,WULF,97.25933591778237,高優先觀察,AI/資料中心,未觸發主要風險,新聞提及 1 次，且價格站上 50DMA，值得加入觀察清單。,IREN vs. WULF: Which AI Data Center Stock Has an Edge Right Now? - Zacks Investment Research,28.309999465942383,20D,20,2026-07-21,-0.29812782712562425,-0.03927094804788245,-0.2588568790777418,False
2026-06-19,WULF,97.25933591778237,高優先觀察,AI/資料中心,未觸發主要風險,新聞提及 1 次，且價格站上 50DMA，值得加入觀察清單。,IREN vs. WULF: Which AI Data Center Stock Has an Edge Right Now? - Zacks Investment Research,28.309999465942383,60D,60,2026-09-16,-0.4563758165436457,-0.04503018590763508,-0.4113456306360106,False
2026-06-19,IREN,90.30644818772532,高優先觀察,AI/資料中心,未觸發主要風險,新聞提及 1 次，且價格站上 50DMA，值得加入觀察清單。,IREN vs. WULF: Which AI Data Center Stock Has an Edge Right Now? - Zacks Investment Research,56.869998931884766,5D,5,2026-06-29,-0.19272022666291655,-0.018795267787587444,-0.1739249588753291,False
2026-06-19,IREN,90.30644818772532,高優先觀察,AI/資料中心,未觸發主要風險,新聞提及 1 次，且價格站上 50DMA，值得加入觀察清單。,IREN vs. WULF: Which AI Data Center Stock Has an Edge Right Now? - Zacks Investment Research,56.869998931884766,20D,20,2026-07-21,-0.2739581204321482,-0.03927094804788245,-0.23468717238426573,False
2026-06-19,IREN,90.30644818772532,高優先觀察,AI/資料中心,未觸發主要風險,新聞提及 1 次，且價格站上 50DMA，值得加入觀察清單。,IREN vs. WULF: Which AI Data Center Stock Has an Edge Right Now? - Zacks Investment Research,56.869998931884766,60D,60,2026-09-16,-0.25057148351748226,-0.04503018590763508,-0.20554129760984718,False
2026-06-19,PH,85.13049293733768,高優先觀察,機器人/自動化,未觸發主要風險,新聞提及 1 次，且價格站上 50DMA，值得加入觀察清單。,Is PH stock a buy? - TradingView,960.2061157226562,5D,5,2026-06-29,0.0017149104275695493,-0.018795267787587444,0.020510178215156993,True
2026-06-19,PH,85.13049293733768,高優先觀察,機器人/自動化,未觸發主要風險,新聞提及 1 次，且價格站上 50DMA，值得加入觀察清單。,Is PH stock a buy? - TradingView,960.2061157226562,20D,20,2026-07-21,-0.002660752273532352,-0.03927094804788245,0.036610195774350096,False
2026-06-19,PH,85.13049293733768,高優先觀察,機器人/自動化,未觸發主要風險,新聞提及 1 次，且價格站上 50DMA，值得加入觀察清單。,Is PH stock a buy? - TradingView,960.2061157226562,60D,60,2026-09-16,-0.04317418421299701,-0.04503018590763508,0.0018560016946380653,False
2026-06-20,TER,100.0,高優先觀察,機器人/自動化,量能過熱,新聞提及 1 次，且價格站上 50DMA，值得加入觀察清單。,Teradyne (TER) to Showcase Physical AI Robotics at Automate 2026 - Yahoo Finance,456.82452392578125,5D,5,2026-06-29,0.013588611729156819,-0.018795267787587444,0.03238387951674426,True
2026-06-20,TER,100.0,高優先觀察,機器人/自動化,量能過熱,新聞提及 1 次，且價格站上 50DMA，值得加入觀察清單。,Teradyne (TER) to Showcase Physical AI Robotics at Automate 2026 - Yahoo Finance,456.82452392578125,20D,20,2026-07-21,-0.1815316970964297,-0.03927094804788245,-0.14226074904854724,False
2026-06-20,TER,100.0,高優先觀察,機器人/自動化,量能過熱,新聞提及 1 次，且價格站上 50DMA，值得加入觀察清單。,Teradyne (TER) to Showcase Physical AI Robotics at Automate 2026 - Yahoo Finance,456.82452392578125,60D,60,2026-09-16,-0.2532143612502076,-0.04503018590763508,-0.2081841753425725,False
2026-06-20,PANW,99.13914717553763,高優先觀察,網路安全,未觸發主要風險,新聞提及 1 次，且價格站上 50DMA，值得加入觀察清單。,PANW Stock Gains After Revenue Forecast Beat As AI Usage Drives Cybersecurity Demand - Stocktwits,286.3999938964844,5D,5,2026-06-29,0.15921790179924789,-0.018795267787587444,0.17801316958683533,True
2026-06-20,PANW,99.13914717553763,高優先觀察,網路安全,未觸發主要風險,新聞提及 1 次，且價格站上 50DMA，值得加入觀察清單。,PANW Stock Gains After Revenue Forecast Beat As AI Usage Drives Cybersecurity Demand - Stocktwits,286.3999938964844,20D,20,2026-07-21,0.19465782537743404,-0.03927094804788245,0.23392877342531648,True
2026-06-20,PANW,99.13914717553763,高優先觀察,網路安全,未觸發主要風險,新聞提及 1 次，且價格站上 50DMA，值得加入觀察清單。,PANW Stock Gains After Revenue Forecast Beat As AI Usage Drives Cybersecurity Demand - Stocktwits,286.3999938964844,60D,60,2026-09-16,0.3116271016132015,-0.04503018590763508,0.3566572875208366,True
2026-06-20,PH,88.52186484102796,高優先觀察,機器人/自動化,未觸發主要風險,新聞提及 1 次，且價格站上 50DMA，值得加入觀察清單。,Is PH stock a buy? - TradingView,960.2061157226562,5D,5,2026-06-29,0.0017149104275695493,-0.018795267787587444,0.020510178215156993,True
2026-06-20,PH,88.52186484102796,高優先觀察,機器人/自動化,未觸發主要風險,新聞提及 1 次，且價格站上 50DMA，值得加入觀察清單。,Is PH stock a buy? - TradingView,960.2061157226562,20D,20,2026-07-21,-0.002660752273532352,-0.03927094804788245,0.036610195774350096,False
2026-06-20,PH,88.52186484102796,高優先觀察,機器人/自動化,未觸發主要風險,新聞提及 1 次，且價格站上 50DMA，值得加入觀察清單。,Is PH stock a buy? - TradingView,960.2061157226562,60D,60,2026-09-16,-0.04317418421299701,-0.04503018590763508,0.0018560016946380653,False
2026-06-20,BOTZ,35.211730236219566,暫時不強,機器人/自動化,低於50DMA,新聞提及 1 次，量價訊號尚需確認。,The Global X Robotics & AI ETF (BOTZ): A Solid Way to Play Robotics - 24/7 Wall St.,38.31084442138672,5D,5,2026-06-29,-0.0378703166935479,-0.018795267787587444,-0.019075048905960457,False
2026-06-20,BOTZ,35.211730236219566,暫時不強,機器人/自動化,低於50DMA,新聞提及 1 次，量價訊號尚需確認。,The Global X Robotics & AI ETF (BOTZ): A Solid Way to Play Robotics - 24/7 Wall St.,38.31084442138672,20D,20,2026-07-21,-0.08929182019879,-0.03927094804788245,-0.05002087215090756,False
2026-06-20,BOTZ,35.211730236219566,暫時不強,機器人/自動化,低於50DMA,新聞提及 1 次，量價訊號尚需確認。,The Global X Robotics & AI ETF (BOTZ): A Solid Way to Play Robotics - 24/7 Wall St.,38.31084442138672,60D,60,2026-09-16,-0.0937291582818528,-0.04503018590763508,-0.04869897237421772,False
2026-06-20,PAYP,0.0,低優先或資料不足,金融科技,低於50DMA,新聞提及 1 次，量價訊號尚需確認。,Is PayPay Corporation (PAYP) a Game Changer for Global FinTech Investors - Kavout,13.720000267028809,5D,5,2026-06-29,0.06122449972588817,-0.018795267787587444,0.08001976751347561,True
2026-06-20,PAYP,0.0,低優先或資料不足,金融科技,低於50DMA,新聞提及 1 次，量價訊號尚需確認。,Is PayPay Corporation (PAYP) a Game Changer for Global FinTech Investors - Kavout,13.720000267028809,20D,20,2026-07-21,0.12026236052600292,-0.03927094804788245,0.15953330857388537,True
2026-06-20,PAYP,0.0,低優先或資料不足,金融科技,低於50DMA,新聞提及 1 次，量價訊號尚需確認。,Is PayPay Corporation (PAYP) a Game Changer for Global FinTech Investors - Kavout,13.720000267028809,60D,60,2026-09-16,0.2864430958464217,-0.04503018590763508,0.33147328175405677,True
2026-06-20,ACN,0.0,低優先或資料不足,網路安全,量能過熱；低於50DMA,新聞提及 1 次，量價訊號尚需確認。,"ACN Q2 Deep Dive: Market Reacts to Cautious Outlook, AI and Security Initiatives in Focus - StockStory",123.34685516357422,5D,5,2026-06-29,-0.0007210224527641751,-0.018795267787587444,0.01807424533482327,False
2026-06-20,ACN,0.0,低優先或資料不足,網路安全,量能過熱；低於50DMA,新聞提及 1 次，量價訊號尚需確認。,"ACN Q2 Deep Dive: Market Reacts to Cautious Outlook, AI and Security Initiatives in Focus - StockStory",123.34685516357422,20D,20,2026-07-21,0.14198291009164854,-0.03927094804788245,0.181253858139531,True
2026-06-20,ACN,0.0,低優先或資料不足,網路安全,量能過熱；低於50DMA,新聞提及 1 次，量價訊號尚需確認。,"ACN Q2 Deep Dive: Market Reacts to Cautious Outlook, AI and Security Initiatives in Focus - StockStory",123.34685516357422,60D,60,2026-09-16,0.5374530557602037,-0.04503018590763508,0.5824832416678388,True
2026-06-21,PANW,99.13914717553763,高優先觀察,網路安全,未觸發主要風險,新聞提及 1 次，且價格站上 50DMA，值得加入觀察清單。,"How Investors Are Reacting To Palo Alto Networks (PANW) AI-Focused, Premium-Priced Cybersecurity Push - simplywall.st",286.3999938964844,5D,5,2026-06-29,0.15921790179924789,-0.018795267787587444,0.17801316958683533,True
2026-06-21,PANW,99.13914717553763,高優先觀察,網路安全,未觸發主要風險,新聞提及 1 次，且價格站上 50DMA，值得加入觀察清單。,"How Investors Are Reacting To Palo Alto Networks (PANW) AI-Focused, Premium-Priced Cybersecurity Push - simplywall.st",286.3999938964844,20D,20,2026-07-21,0.19465782537743404,-0.03927094804788245,0.23392877342531648,True
2026-06-21,PANW,99.13914717553763,高優先觀察,網路安全,未觸發主要風險,新聞提及 1 次，且價格站上 50DMA，值得加入觀察清單。,"How Investors Are Reacting To Palo Alto Networks (PANW) AI-Focused, Premium-Priced Cybersecurity Push - simplywall.st",286.3999938964844,60D,60,2026-09-16,0.3116271016132015,-0.04503018590763508,0.3566572875208366,True
2026-06-21,ASML,98.15137581087872,高優先觀察,半導體設備,未觸發主要風險,新聞提及 1 次，且價格站上 50DMA，值得加入觀察清單。,ASML Surges 36% in 3 Months: Should Investors Buy the Stock? - TradingView,1926.7581787109375,5D,5,2026-06-29,-0.02391604968650851,-0.018795267787587444,-0.005120781898921067,False
2026-06-21,ASML,98.15137581087872,高優先觀察,半導體設備,未觸發主要風險,新聞提及 1 次，且價格站上 50DMA，值得加入觀察清單。,ASML Surges 36% in 3 Months: Should Investors Buy the Stock? - TradingView,1926.7581787109375,20D,20,2026-07-21,-0.06621229101388282,-0.03927094804788245,-0.02694134296600037,False
2026-06-21,ASML,98.15137581087872,高優先觀察,半導體設備,未觸發主要風險,新聞提及 1 次，且價格站上 50DMA，值得加入觀察清單。,ASML Surges 36% in 3 Months: Should Investors Buy the Stock? - TradingView,1926.7581787109375,60D,60,2026-09-16,-0.16843743630814056,-0.04503018590763508,-0.12340725040050549,False
2026-06-21,UCTT,96.92695846673746,高優先觀察,半導體設備,未觸發主要風險,新聞提及 1 次，且價格站上 50DMA，值得加入觀察清單。,UCTT Rides on Holistic Growth Focus: Is the Stock Worth Buying Now? - The Globe and Mail,123.13999938964844,5D,5,2026-06-29,0.06139351629093204,-0.018795267787587444,0.08018878407851948,True
2026-06-21,UCTT,96.92695846673746,高優先觀察,半導體設備,未觸發主要風險,新聞提及 1 次，且價格站上 50DMA，值得加入觀察清單。,UCTT Rides on Holistic Growth Focus: Is the Stock Worth Buying Now? - The Globe and Mail,123.13999938964844,20D,20,2026-07-21,-0.14609386026423699,-0.03927094804788245,-0.10682291221635454,False
2026-06-21,UCTT,96.92695846673746,高優先觀察,半導體設備,未觸發主要風險,新聞提及 1 次，且價格站上 50DMA，值得加入觀察清單。,UCTT Rides on Holistic Growth Focus: Is the Stock Worth Buying Now? - The Globe and Mail,123.13999938964844,60D,60,2026-09-16,-0.4597206504055772,-0.04503018590763508,-0.4146904644979421,False
2026-06-21,BB,93.20164704916633,高優先觀察,網路安全,未觸發主要風險,新聞提及 1 次，且價格站上 50DMA，值得加入觀察清單。,BB vs. CRWD: Which Cybersecurity Stock Is the Better Pick at Present? - Zacks Investment Research,8.789999961853027,5D,5,2026-06-29,0.4197951759268732,-0.018795267787587444,0.43859044371446065,True
2026-06-21,BB,93.20164704916633,高優先觀察,網路安全,未觸發主要風險,新聞提及 1 次，且價格站上 50DMA，值得加入觀察清單。,BB vs. CRWD: Which Cybersecurity Stock Is the Better Pick at Present? - Zacks Investment Research,8.789999961853027,20D,20,2026-07-21,0.022753106954846336,-0.03927094804788245,0.062024055002728784,True
2026-06-21,BB,93.20164704916633,高優先觀察,網路安全,未觸發主要風險,新聞提及 1 次，且價格站上 50DMA，值得加入觀察清單。,BB vs. CRWD: Which Cybersecurity Stock Is the Better Pick at Present? - Zacks Investment Research,8.789999961853027,60D,60,2026-09-16,-0.13083050060958124,-0.04503018590763508,-0.08580031470194616,False
2026-06-21,QBTS,92.69315385632022,高優先觀察,量子運算,未觸發主要風險,新聞提及 1 次，且價格站上 50DMA，值得加入觀察清單。,Is QBTS the NVIDIA of Quantum Computing or is it Overvalued? - TradingView,24.469999313354492,5D,5,2026-06-29,-0.02615445065824573,-0.018795267787587444,-0.007359182870658287,False
2026-06-21,QBTS,92.69315385632022,高優先觀察,量子運算,未觸發主要風險,新聞提及 1 次，且價格站上 50DMA，值得加入觀察清單。,Is QBTS the NVIDIA of Quantum Computing or is it Overvalued? - TradingView,24.469999313354492,20D,20,2026-07-21,-0.2725786785230433,-0.03927094804788245,-0.23330773047516085,False
2026-06-21,QBTS,92.69315385632022,高優先觀察,量子運算,未觸發主要風險,新聞提及 1 次，且價格站上 50DMA，值得加入觀察清單。,Is QBTS the NVIDIA of Quantum Computing or is it Overvalued? - TradingView,24.469999313354492,60D,60,2026-09-16,-0.33510417187121355,-0.04503018590763508,-0.2900739859635785,False
2026-06-21,CRWD,74.74904169553531,可觀察,網路安全,未觸發主要風險,新聞提及 1 次，且價格站上 50DMA，值得加入觀察清單。,BB vs. CRWD: Which Cybersecurity Stock Is the Better Pick at Present? - Zacks Investment Research,168.86000061035156,5D,5,2026-06-29,0.09989039805053301,-0.018795267787587444,0.11868566583812046,True
2026-06-21,CRWD,74.74904169553531,可觀察,網路安全,未觸發主要風險,新聞提及 1 次，且價格站上 50DMA，值得加入觀察清單。,BB vs. CRWD: Which Cybersecurity Stock Is the Better Pick at Present? - Zacks Investment Research,168.86000061035156,20D,20,2026-07-21,0.1320028023544042,-0.03927094804788245,0.17127375040228665,True
2026-06-21,CRWD,74.74904169553531,可觀察,網路安全,未觸發主要風險,新聞提及 1 次，且價格站上 50DMA，值得加入觀察清單。,BB vs. CRWD: Which Cybersecurity Stock Is the Better Pick at Present? - Zacks Investment Research,168.86000061035156,60D,60,2026-09-16,0.42934975564340694,-0.04503018590763508,0.474379941551042,True
2026-06-21,AVAV,35.27464557336929,暫時不強,國防/航太,低於50DMA,新聞提及 1 次，量價訊號尚需確認。,AVAV Stock Rides Drone Defense Bull Wave As New Air Force Contract Adds Fuel — Here's What Investors Need To Know - Stocktwits,151.3300018310547,5D,5,2026-06-29,-0.08147757669903377,-0.018795267787587444,-0.06268230891144633,False
2026-06-21,AVAV,35.27464557336929,暫時不強,國防/航太,低於50DMA,新聞提及 1 次，量價訊號尚需確認。,AVAV Stock Rides Drone Defense Bull Wave As New Air Force Contract Adds Fuel — Here's What Investors Need To Know - Stocktwits,151.3300018310547,20D,20,2026-07-21,-0.0164541430188041,-0.03927094804788245,0.022816805029078346,False
2026-06-21,AVAV,35.27464557336929,暫時不強,國防/航太,低於50DMA,新聞提及 1 次，量價訊號尚需確認。,AVAV Stock Rides Drone Defense Bull Wave As New Air Force Contract Adds Fuel — Here's What Investors Need To Know - Stocktwits,151.3300018310547,60D,60,2026-09-16,0.03383331167142578,-0.04503018590763508,0.07886349757906086,True
2026-06-21,RKLB,24.0,暫時不強,太空,負面關鍵字,新聞有負面關鍵字，僅列入風險觀察。,Rocket Lab Stock (RKLB) Opinions on Recent Space Force Mission Success and Nasdaq Inclusion - Quiver Quantitative,100.29000091552734,5D,5,2026-06-29,-0.02273405881427082,-0.018795267787587444,-0.003938791026683375,False
2026-06-21,RKLB,24.0,暫時不強,太空,負面關鍵字,新聞有負面關鍵字，僅列入風險觀察。,Rocket Lab Stock (RKLB) Opinions on Recent Space Force Mission Success and Nasdaq Inclusion - Quiver Quantitative,100.29000091552734,20D,20,2026-07-21,-0.3107986627221122,-0.03927094804788245,-0.27152771467422976,False
2026-06-21,RKLB,24.0,暫時不強,太空,負面關鍵字,新聞有負面關鍵字，僅列入風險觀察。,Rocket Lab Stock (RKLB) Opinions on Recent Space Force Mission Success and Nasdaq Inclusion - Quiver Quantitative,100.29000091552734,60D,60,2026-09-16,-0.3648419565117669,-0.04503018590763508,-0.3198117706041318,False
2026-06-21,ACN,0.0,低優先或資料不足,網路安全,量能過熱；低於50DMA,新聞提及 1 次，量價訊號尚需確認。,"ACN Q2 Deep Dive: Market Reacts to Cautious Outlook, AI and Security Initiatives in Focus - StockStory",123.34685516357422,5D,5,2026-06-29,-0.0007210224527641751,-0.018795267787587444,0.01807424533482327,False
2026-06-21,ACN,0.0,低優先或資料不足,網路安全,量能過熱；低於50DMA,新聞提及 1 次，量價訊號尚需確認。,"ACN Q2 Deep Dive: Market Reacts to Cautious Outlook, AI and Security Initiatives in Focus - StockStory",123.34685516357422,20D,20,2026-07-21,0.14198291009164854,-0.03927094804788245,0.181253858139531,True
2026-06-21,ACN,0.0,低優先或資料不足,網路安全,量能過熱；低於50DMA,新聞提及 1 次，量價訊號尚需確認。,"ACN Q2 Deep Dive: Market Reacts to Cautious Outlook, AI and Security Initiatives in Focus - StockStory",123.34685516357422,60D,60,2026-09-16,0.5374530557602037,-0.04503018590763508,0.5824832416678388,True
2026-06-22,QBTS,41.648151260655666,題材有熱度但訊號普通,量子運算,未觸發主要風險,新聞提及 2 次，量價訊號尚需確認。,D-Wave Just Unveiled a Major Quantum Breakthrough. QBTS Stock Looks Ready for Another Surge. - Barchart.com,24.469999313354492,5D,5,2026-06-29,-0.02615445065824573,-0.018795267787587444,-0.007359182870658287,False
2026-06-22,QBTS,41.648151260655666,題材有熱度但訊號普通,量子運算,未觸發主要風險,新聞提及 2 次，量價訊號尚需確認。,D-Wave Just Unveiled a Major Quantum Breakthrough. QBTS Stock Looks Ready for Another Surge. - Barchart.com,24.469999313354492,20D,20,2026-07-21,-0.2725786785230433,-0.03927094804788245,-0.23330773047516085,False
2026-06-22,QBTS,41.648151260655666,題材有熱度但訊號普通,量子運算,未觸發主要風險,新聞提及 2 次，量價訊號尚需確認。,D-Wave Just Unveiled a Major Quantum Breakthrough. QBTS Stock Looks Ready for Another Surge. - Barchart.com,24.469999313354492,60D,60,2026-09-16,-0.33510417187121355,-0.04503018590763508,-0.2900739859635785,False
2026-06-22,AVAV,9.240151708515555,低優先或資料不足,國防/航太,低於50DMA,新聞提及 1 次，量價訊號尚需確認。,AVAV Stock Rides Drone Defense Bull Wave As New Air Force Contract Adds Fuel — Here's What Investors Need To Know - Stocktwits,151.3300018310547,5D,5,2026-06-29,-0.08147757669903377,-0.018795267787587444,-0.06268230891144633,False
2026-06-22,AVAV,9.240151708515555,低優先或資料不足,國防/航太,低於50DMA,新聞提及 1 次，量價訊號尚需確認。,AVAV Stock Rides Drone Defense Bull Wave As New Air Force Contract Adds Fuel — Here's What Investors Need To Know - Stocktwits,151.3300018310547,20D,20,2026-07-21,-0.0164541430188041,-0.03927094804788245,0.022816805029078346,False
2026-06-22,AVAV,9.240151708515555,低優先或資料不足,國防/航太,低於50DMA,新聞提及 1 次，量價訊號尚需確認。,AVAV Stock Rides Drone Defense Bull Wave As New Air Force Contract Adds Fuel — Here's What Investors Need To Know - Stocktwits,151.3300018310547,60D,60,2026-09-16,0.03383331167142578,-0.04503018590763508,0.07886349757906086,True
2026-06-22,FLY,0.0,低優先或資料不足,國防/航太,低於50DMA,新聞提及 1 次，量價訊號尚需確認。,Firefly Aerospace (FLY) Wins $75 Million NASA Moon Drone Contract - Yahoo Finance,28.959999084472656,5D,5,2026-06-29,0.003107740173795337,-0.018795267787587444,0.02190300796138278,True
2026-06-22,FLY,0.0,低優先或資料不足,國防/航太,低於50DMA,新聞提及 1 次，量價訊號尚需確認。,Firefly Aerospace (FLY) Wins $75 Million NASA Moon Drone Contract - Yahoo Finance,28.959999084472656,20D,20,2026-07-21,-0.27106349179168276,-0.03927094804788245,-0.23179254374380032,False
2026-06-22,FLY,0.0,低優先或資料不足,國防/航太,低於50DMA,新聞提及 1 次，量價訊號尚需確認。,Firefly Aerospace (FLY) Wins $75 Million NASA Moon Drone Contract - Yahoo Finance,28.959999084472656,60D,60,2026-09-16,-0.29972371105774864,-0.04503018590763508,-0.25469352515011356,False
2026-06-23,TER,100.0,高優先觀察,機器人/自動化,未觸發主要風險,新聞提及 1 次，且價格站上 50DMA，值得加入觀察清單。,Teradyne (TER) to Showcase Physical AI Robotics at Automate 2026 - Yahoo Finance,419.95867919921875,5D,5,2026-06-30,0.15167093639903362,0.03187836994535487,0.11979256645367875,True
2026-06-23,TER,100.0,高優先觀察,機器人/自動化,未觸發主要風險,新聞提及 1 次，且價格站上 50DMA，值得加入觀察清單。,Teradyne (TER) to Showcase Physical AI Robotics at Automate 2026 - Yahoo Finance,419.95867919921875,20D,20,2026-07-22,-0.12058463480599013,-0.011630466450650023,-0.10895416835534011,False
2026-06-23,TER,100.0,高優先觀察,機器人/自動化,未觸發主要風險,新聞提及 1 次，且價格站上 50DMA，值得加入觀察清單。,Teradyne (TER) to Showcase Physical AI Robotics at Automate 2026 - Yahoo Finance,419.95867919921875,60D,60,2026-09-17,-0.15913154704609467,0.004581999852572016,-0.16371354689866668,False
2026-06-23,PANW,87.62312015874166,高優先觀察,網路安全,未觸發主要風險,新聞提及 1 次，且價格站上 50DMA，值得加入觀察清單。,"How Investors Are Reacting To Palo Alto Networks (PANW) AI-Focused, Premium-Priced Cybersecurity Push - simplywall.st",290.9200134277344,5D,5,2026-06-30,0.1722122001702111,0.03187836994535487,0.14033383022485624,True
2026-06-23,PANW,87.62312015874166,高優先觀察,網路安全,未觸發主要風險,新聞提及 1 次，且價格站上 50DMA，值得加入觀察清單。,"How Investors Are Reacting To Palo Alto Networks (PANW) AI-Focused, Premium-Priced Cybersecurity Push - simplywall.st",290.9200134277344,20D,20,2026-07-22,0.15248172454309916,-0.011630466450650023,0.16411219099374919,True
2026-06-23,PANW,87.62312015874166,高優先觀察,網路安全,未觸發主要風險,新聞提及 1 次，且價格站上 50DMA，值得加入觀察清單。,"How Investors Are Reacting To Palo Alto Networks (PANW) AI-Focused, Premium-Priced Cybersecurity Push - simplywall.st",290.9200134277344,60D,60,2026-09-17,0.28922033633743127,0.004581999852572016,0.28463833648485926,True
2026-06-23,AIT,79.95819506346729,可觀察,機器人/自動化,未觸發主要風險,新聞提及 1 次，且價格站上 50DMA，值得加入觀察清單。,Applied Industrial Technologies (AIT) Stock Looks Slightly Rich After Drone And AI Venture News - Sahm,330.4281005859375,5D,5,2026-06-30,0.021909923908341344,0.03187836994535487,-0.009968446037013523,True
2026-06-23,AIT,79.95819506346729,可觀察,機器人/自動化,未觸發主要風險,新聞提及 1 次，且價格站上 50DMA，值得加入觀察清單。,Applied Industrial Technologies (AIT) Stock Looks Slightly Rich After Drone And AI Venture News - Sahm,330.4281005859375,20D,20,2026-07-22,0.031852506975776684,-0.011630466450650023,0.04348297342642671,True
2026-06-23,AIT,79.95819506346729,可觀察,機器人/自動化,未觸發主要風險,新聞提及 1 次，且價格站上 50DMA，值得加入觀察清單。,Applied Industrial Technologies (AIT) Stock Looks Slightly Rich After Drone And AI Venture News - Sahm,330.4281005859375,60D,60,2026-09-17,-0.040698988904885214,0.004581999852572016,-0.04528098875745723,False
2026-06-23,ECL,63.08663800913973,可觀察,AI/資料中心,未觸發主要風險,新聞提及 1 次，量價訊號尚需確認。,Ecolab Inc (ECL) Raises $5 Billion to Push Into AI Data Center Cooling - Yahoo Finance,267.9481506347656,5D,5,2026-06-30,0.037035577511709716,0.03187836994535487,0.005157207566354849,True
2026-06-23,ECL,63.08663800913973,可觀察,AI/資料中心,未觸發主要風險,新聞提及 1 次，量價訊號尚需確認。,Ecolab Inc (ECL) Raises $5 Billion to Push Into AI Data Center Cooling - Yahoo Finance,267.9481506347656,20D,20,2026-07-22,-0.0066254182030438535,-0.011630466450650023,0.00500504824760617,False
2026-06-23,ECL,63.08663800913973,可觀察,AI/資料中心,未觸發主要風險,新聞提及 1 次，量價訊號尚需確認。,Ecolab Inc (ECL) Raises $5 Billion to Push Into AI Data Center Cooling - Yahoo Finance,267.9481506347656,60D,60,2026-09-17,0.01392747825344176,0.004581999852572016,0.009345478400869744,True
2026-06-23,BOTZ,2.3383792290079715,低優先或資料不足,機器人/自動化,低於50DMA,新聞提及 1 次，量價訊號尚需確認。,The Global X Robotics & AI ETF (BOTZ): A Solid Way to Play Robotics - 24/7 Wall St.,36.62168502807617,5D,5,2026-06-30,0.03599816877956652,0.03187836994535487,0.004119798834211652,True
2026-06-23,BOTZ,2.3383792290079715,低優先或資料不足,機器人/自動化,低於50DMA,新聞提及 1 次，量價訊號尚需確認。,The Global X Robotics & AI ETF (BOTZ): A Solid Way to Play Robotics - 24/7 Wall St.,36.62168502807617,20D,20,2026-07-22,-0.04728579903136976,-0.011630466450650023,-0.035655332580719734,False
2026-06-23,BOTZ,2.3383792290079715,低優先或資料不足,機器人/自動化,低於50DMA,新聞提及 1 次，量價訊號尚需確認。,The Global X Robotics & AI ETF (BOTZ): A Solid Way to Play Robotics - 24/7 Wall St.,36.62168502807617,60D,60,2026-09-17,-0.04114183573077723,0.004581999852572016,-0.04572383558334925,False
2026-06-23,RKLB,0.0,低優先或資料不足,太空,低於50DMA；負面關鍵字,新聞有負面關鍵字，僅列入風險觀察。,Rocket Lab Stock (RKLB) Opinions on Recent Space Force Mission Success and Nasdaq Inclusion - Quiver Quantitative,95.12000274658203,5D,5,2026-06-30,0.06865011134087173,0.03187836994535487,0.036771741395516866,True
2026-06-23,RKLB,0.0,低優先或資料不足,太空,低於50DMA；負面關鍵字,新聞有負面關鍵字，僅列入風險觀察。,Rocket Lab Stock (RKLB) Opinions on Recent Space Force Mission Success and Nasdaq Inclusion - Quiver Quantitative,95.12000274658203,20D,20,2026-07-22,-0.266715748675624,-0.011630466450650023,-0.25508528222497395,False
2026-06-23,RKLB,0.0,低優先或資料不足,太空,低於50DMA；負面關鍵字,新聞有負面關鍵字，僅列入風險觀察。,Rocket Lab Stock (RKLB) Opinions on Recent Space Force Mission Success and Nasdaq Inclusion - Quiver Quantitative,95.12000274658203,60D,60,2026-09-17,-0.287005911096221,0.004581999852572016,-0.291587910948793,False
2026-06-24,GE,95.98048621660168,高優先觀察,國際貿易,未觸發主要風險,新聞提及 1 次，且價格站上 50DMA，值得加入觀察清單。,"One Year After Trump’s ‘Liberation Day’ Tariffs, GE And Deere Emerge As Only Big Manufacturing Winners - Stocktwits",365.42449951171875,5D,5,2026-07-01,0.024762176774623557,0.020474986885976376,0.00428718988864718,True
2026-06-24,GE,95.98048621660168,高優先觀察,國際貿易,未觸發主要風險,新聞提及 1 次，且價格站上 50DMA，值得加入觀察清單。,"One Year After Trump’s ‘Liberation Day’ Tariffs, GE And Deere Emerge As Only Big Manufacturing Winners - Stocktwits",365.42449951171875,20D,20,2026-07-23,-0.04494635563205318,-0.026258742073442143,-0.018687613558611038,False
2026-06-24,GE,95.98048621660168,高優先觀察,國際貿易,未觸發主要風險,新聞提及 1 次，且價格站上 50DMA，值得加入觀察清單。,"One Year After Trump’s ‘Liberation Day’ Tariffs, GE And Deere Emerge As Only Big Manufacturing Winners - Stocktwits",365.42449951171875,60D,60,2026-09-18,-0.13998653775649872,0.015240210825180567,-0.15522674858167929,False
2026-06-24,PANW,86.37868257858517,高優先觀察,網路安全,未觸發主要風險,新聞提及 1 次，且價格站上 50DMA，值得加入觀察清單。,"How Investors Are Reacting To Palo Alto Networks (PANW) AI-Focused, Premium-Priced Cybersecurity Push - simplywall.st",285.260009765625,5D,5,2026-07-01,0.23410221024028077,0.020474986885976376,0.2136272233543044,True
2026-06-24,PANW,86.37868257858517,高優先觀察,網路安全,未觸發主要風險,新聞提及 1 次，且價格站上 50DMA，值得加入觀察清單。,"How Investors Are Reacting To Palo Alto Networks (PANW) AI-Focused, Premium-Priced Cybersecurity Push - simplywall.st",285.260009765625,20D,20,2026-07-23,0.1415199948648822,-0.026258742073442143,0.16777873693832435,True
2026-06-24,PANW,86.37868257858517,高優先觀察,網路安全,未觸發主要風險,新聞提及 1 次，且價格站上 50DMA，值得加入觀察清單。,"How Investors Are Reacting To Palo Alto Networks (PANW) AI-Focused, Premium-Priced Cybersecurity Push - simplywall.st",285.260009765625,60D,60,2026-09-18,0.27455645420116825,0.015240210825180567,0.2593162433759877,True
2026-06-24,AIT,82.19013110089244,高優先觀察,機器人/自動化,未觸發主要風險,新聞提及 1 次，且價格站上 50DMA，值得加入觀察清單。,Applied Industrial Technologies (AIT) Stock Looks Slightly Rich After Drone And AI Venture News - Sahm,333.3039855957031,5D,5,2026-07-01,-0.005093160820586196,0.020474986885976376,-0.025568147706562572,False
2026-06-24,AIT,82.19013110089244,高優先觀察,機器人/自動化,未觸發主要風險,新聞提及 1 次，且價格站上 50DMA，值得加入觀察清單。,Applied Industrial Technologies (AIT) Stock Looks Slightly Rich After Drone And AI Venture News - Sahm,333.3039855957031,20D,20,2026-07-23,0.030858643407782882,-0.026258742073442143,0.057117385481225025,True
2026-06-24,AIT,82.19013110089244,高優先觀察,機器人/自動化,未觸發主要風險,新聞提及 1 次，且價格站上 50DMA，值得加入觀察清單。,Applied Industrial Technologies (AIT) Stock Looks Slightly Rich After Drone And AI Venture News - Sahm,333.3039855957031,60D,60,2026-09-18,-0.03439499601939444,0.015240210825180567,-0.04963520684457501,False
2026-06-24,IT,0.0,低優先或資料不足,國際貿易,低於50DMA,新聞提及 1 次，量價訊號尚需確認。,"Markets fall over 1% on selling in IT and metal stocks, FII outflows - MillenniumPost",130.47000122070312,5D,5,2026-07-01,0.025216473176599807,0.020474986885976376,0.004741486290623431,True
2026-06-24,IT,0.0,低優先或資料不足,國際貿易,低於50DMA,新聞提及 1 次，量價訊號尚需確認。,"Markets fall over 1% on selling in IT and metal stocks, FII outflows - MillenniumPost",130.47000122070312,20D,20,2026-07-23,0.0246800121911257,-0.026258742073442143,0.05093875426456784,True
2026-06-24,IT,0.0,低優先或資料不足,國際貿易,低於50DMA,新聞提及 1 次，量價訊號尚需確認。,"Markets fall over 1% on selling in IT and metal stocks, FII outflows - MillenniumPost",130.47000122070312,60D,60,2026-09-18,0.4239288498589904,0.015240210825180567,0.4086886390338098,True
2026-06-24,PAYP,0.0,低優先或資料不足,金融科技,低於50DMA,新聞提及 1 次，量價訊號尚需確認。,Is PayPay Corporation (PAYP) a Game Changer for Global FinTech Investors - Kavout | AI,13.890000343322754,5D,5,2026-07-01,0.05183580241598862,0.020474986885976376,0.03136081553001224,True
2026-06-24,PAYP,0.0,低優先或資料不足,金融科技,低於50DMA,新聞提及 1 次，量價訊號尚需確認。,Is PayPay Corporation (PAYP) a Game Changer for Global FinTech Investors - Kavout | AI,13.890000343322754,20D,20,2026-07-23,0.12670980789813968,-0.026258742073442143,0.15296854997158182,True
2026-06-24,PAYP,0.0,低優先或資料不足,金融科技,低於50DMA,新聞提及 1 次，量價訊號尚需確認。,Is PayPay Corporation (PAYP) a Game Changer for Global FinTech Investors - Kavout | AI,13.890000343322754,60D,60,2026-09-18,0.2750179011324694,0.015240210825180567,0.2597776903072888,True
2026-06-24,BOTZ,0.0,低優先或資料不足,機器人/自動化,低於50DMA,新聞提及 1 次，量價訊號尚需確認。,The Global X Robotics & AI ETF (BOTZ): A Solid Way to Play Robotics - 24/7 Wall St.,36.56171798706055,5D,5,2026-07-01,0.04097956739233988,0.020474986885976376,0.0205045805063635,True
2026-06-24,BOTZ,0.0,低優先或資料不足,機器人/自動化,低於50DMA,新聞提及 1 次，量價訊號尚需確認。,The Global X Robotics & AI ETF (BOTZ): A Solid Way to Play Robotics - 24/7 Wall St.,36.56171798706055,20D,20,2026-07-23,-0.061586728899512555,-0.026258742073442143,-0.03532798682607041,False
2026-06-24,BOTZ,0.0,低優先或資料不足,機器人/自動化,低於50DMA,新聞提及 1 次，量價訊號尚需確認。,The Global X Robotics & AI ETF (BOTZ): A Solid Way to Play Robotics - 24/7 Wall St.,36.56171798706055,60D,60,2026-09-18,-0.03970593989108384,0.015240210825180567,-0.05494615071626441,False
2026-06-25,PANW,95.48788518564608,高優先觀察,網路安全,未觸發主要風險,新聞提及 1 次，且價格站上 50DMA，值得加入觀察清單。,"How Investors Are Reacting To Palo Alto Networks (PANW) AI-Focused, Premium-Priced Cybersecurity Push - simplywall.st",293.0899963378906,5D,5,2026-07-02,0.18755331777796536,-0.005276524799419202,0.19282984257738456,True
2026-06-25,PANW,95.48788518564608,高優先觀察,網路安全,未觸發主要風險,新聞提及 1 次，且價格站上 50DMA，值得加入觀察清單。,"How Investors Are Reacting To Palo Alto Networks (PANW) AI-Focused, Premium-Priced Cybersecurity Push - simplywall.st",293.0899963378906,20D,20,2026-07-24,0.1047460254209378,-0.04487839267913418,0.149624418100072,True
2026-06-25,PANW,95.48788518564608,高優先觀察,網路安全,未觸發主要風險,新聞提及 1 次，且價格站上 50DMA，值得加入觀察清單。,"How Investors Are Reacting To Palo Alto Networks (PANW) AI-Focused, Premium-Priced Cybersecurity Push - simplywall.st",293.0899963378906,60D,60,2026-09-21,0.2684158941304813,0.036101810907200216,0.23231408322328106,True
2026-06-25,OKTA,92.22504273913306,高優先觀察,網路安全,未觸發主要風險,新聞提及 1 次，且價格站上 50DMA，值得加入觀察清單。,OKTA News | OKTA INC (NASDAQ:OKTA) - ChartMill,119.26000213623047,5D,5,2026-07-02,0.18581247388710853,-0.005276524799419202,0.19108899868652773,True
2026-06-25,OKTA,92.22504273913306,高優先觀察,網路安全,未觸發主要風險,新聞提及 1 次，且價格站上 50DMA，值得加入觀察清單。,OKTA News | OKTA INC (NASDAQ:OKTA) - ChartMill,119.26000213623047,20D,20,2026-07-24,0.16132816970598163,-0.04487839267913418,0.2062065623851158,True
2026-06-25,OKTA,92.22504273913306,高優先觀察,網路安全,未觸發主要風險,新聞提及 1 次，且價格站上 50DMA，值得加入觀察清單。,OKTA News | OKTA INC (NASDAQ:OKTA) - ChartMill,119.26000213623047,60D,60,2026-09-21,0.6043098977350243,0.036101810907200216,0.5682080868278241,True
2026-06-25,BIO,58.168452379717465,題材有熱度但訊號普通,醫療科技,未觸發主要風險,新聞提及 1 次，量價訊號尚需確認。,"‘The window’s open’: At BIO, investors take stock of a growing class of biotech IPOs - BioPharma Dive",298.2900085449219,5D,5,2026-07-02,-0.004794070040545884,-0.005276524799419202,0.00048245475887331857,False
2026-06-25,BIO,58.168452379717465,題材有熱度但訊號普通,醫療科技,未觸發主要風險,新聞提及 1 次，量價訊號尚需確認。,"‘The window’s open’: At BIO, investors take stock of a growing class of biotech IPOs - BioPharma Dive",298.2900085449219,20D,20,2026-07-24,0.05420893240452296,-0.04487839267913418,0.09908732508365714,True
2026-06-25,BIO,58.168452379717465,題材有熱度但訊號普通,醫療科技,未觸發主要風險,新聞提及 1 次，量價訊號尚需確認。,"‘The window’s open’: At BIO, investors take stock of a growing class of biotech IPOs - BioPharma Dive",298.2900085449219,60D,60,2026-09-21,0.26497695451787306,0.036101810907200216,0.22887514361067285,True
2026-06-25,NMS,43.53380339361068,題材有熱度但訊號普通,加密/交易平台,低於50DMA,新聞提及 1 次，量價訊號尚需確認。,"A New Era for Equity Market Structure: SEC Proposes Rescinding Regulation NMS's Trade-Through Rule and Locked/Crossed Market Prohibition - Skadden, Arps, Slate, Meagher & Flom LLP",11.812020301818848,5D,5,2026-07-02,0.01915063870314082,-0.005276524799419202,0.024427163502560023,True
2026-06-25,NMS,43.53380339361068,題材有熱度但訊號普通,加密/交易平台,低於50DMA,新聞提及 1 次，量價訊號尚需確認。,"A New Era for Equity Market Structure: SEC Proposes Rescinding Regulation NMS's Trade-Through Rule and Locked/Crossed Market Prohibition - Skadden, Arps, Slate, Meagher & Flom LLP",11.812020301818848,20D,20,2026-07-24,0.014825282595772427,-0.04487839267913418,0.05970367527490661,True
2026-06-25,NMS,43.53380339361068,題材有熱度但訊號普通,加密/交易平台,低於50DMA,新聞提及 1 次，量價訊號尚需確認。,"A New Era for Equity Market Structure: SEC Proposes Rescinding Regulation NMS's Trade-Through Rule and Locked/Crossed Market Prohibition - Skadden, Arps, Slate, Meagher & Flom LLP",11.812020301818848,60D,60,2026-09-21,-0.1398592630383776,0.036101810907200216,-0.1759610739455778,False
2026-06-25,QBTS,4.430899745231272,低優先或資料不足,量子運算,低於50DMA,新聞提及 1 次，量價訊號尚需確認。,D-Wave Just Unveiled a Major Quantum Breakthrough. QBTS Stock Looks Ready for Another Surge. - Barchart.com,21.90999984741211,5D,5,2026-07-02,0.028297619513978578,-0.005276524799419202,0.03357414431339778,True
2026-06-25,QBTS,4.430899745231272,低優先或資料不足,量子運算,低於50DMA,新聞提及 1 次，量價訊號尚需確認。,D-Wave Just Unveiled a Major Quantum Breakthrough. QBTS Stock Looks Ready for Another Surge. - Barchart.com,21.90999984741211,20D,20,2026-07-24,-0.2601552169162934,-0.04487839267913418,-0.21527682423715921,False
2026-06-25,QBTS,4.430899745231272,低優先或資料不足,量子運算,低於50DMA,新聞提及 1 次，量價訊號尚需確認。,D-Wave Just Unveiled a Major Quantum Breakthrough. QBTS Stock Looks Ready for Another Surge. - Barchart.com,21.90999984741211,60D,60,2026-09-21,-0.19214966288417923,0.036101810907200216,-0.22825147379137944,False
2026-06-26,SPHR,96.45718122052789,高優先觀察,消費復甦,未觸發主要風險,新聞提及 1 次，且價格站上 50DMA，值得加入觀察清單。,Q1 Earnings Highlights: Sphere Entertainment (NYSE:SPHR) Vs The Rest Of The Consumer Discretionary - Leisure Facilities Stocks - StockStory,169.85000610351562,5D,5,2026-07-06,-0.10797769171407812,0.02307080638989234,-0.13104849810397046,False
2026-06-26,SPHR,96.45718122052789,高優先觀察,消費復甦,未觸發主要風險,新聞提及 1 次，且價格站上 50DMA，值得加入觀察清單。,Q1 Earnings Highlights: Sphere Entertainment (NYSE:SPHR) Vs The Rest Of The Consumer Discretionary - Leisure Facilities Stocks - StockStory,169.85000610351562,20D,20,2026-07-27,-0.1760377278823928,-0.034535513454965305,-0.1415022144274275,False
2026-06-26,SPHR,96.45718122052789,高優先觀察,消費復甦,未觸發主要風險,新聞提及 1 次，且價格站上 50DMA，值得加入觀察清單。,Q1 Earnings Highlights: Sphere Entertainment (NYSE:SPHR) Vs The Rest Of The Consumer Discretionary - Leisure Facilities Stocks - StockStory,169.85000610351562,60D,60,2026-09-22,-0.16449809500965296,0.059048347937380896,-0.22354644294703385,False
2026-06-26,QBTS,4.464195931521871,低優先或資料不足,量子運算,低於50DMA,新聞提及 1 次，量價訊號尚需確認。,D-Wave Just Unveiled a Major Quantum Breakthrough. QBTS Stock Looks Ready for Another Surge. - Barchart,22.760000228881836,5D,5,2026-07-06,-0.008787379654138006,0.02307080638989234,-0.031858186044030345,False
2026-06-26,QBTS,4.464195931521871,低優先或資料不足,量子運算,低於50DMA,新聞提及 1 次，量價訊號尚需確認。,D-Wave Just Unveiled a Major Quantum Breakthrough. QBTS Stock Looks Ready for Another Surge. - Barchart,22.760000228881836,20D,20,2026-07-27,-0.1427943746624324,-0.034535513454965305,-0.10825886120746708,False
2026-06-26,QBTS,4.464195931521871,低優先或資料不足,量子運算,低於50DMA,新聞提及 1 次，量價訊號尚需確認。,D-Wave Just Unveiled a Major Quantum Breakthrough. QBTS Stock Looks Ready for Another Surge. - Barchart,22.760000228881836,60D,60,2026-09-22,-0.22847103298095706,0.059048347937380896,-0.28751938091833795,False
2026-06-26,META,0.0,低優先或資料不足,小型成長股,低於50DMA,新聞提及 1 次，量價訊號尚需確認。,META PLATFORMS INC-CLASS A (NASDAQ:META): Strong Growth Stock with a 7/10 Technical Setup Poised for a Breakout - ChartMill,549.8161010742188,5D,5,2026-07-06,0.09094038567360996,0.02307080638989234,0.06786957928371762,True
2026-06-26,META,0.0,低優先或資料不足,小型成長股,低於50DMA,新聞提及 1 次，量價訊號尚需確認。,META PLATFORMS INC-CLASS A (NASDAQ:META): Strong Growth Stock with a 7/10 Technical Setup Poised for a Breakout - ChartMill,549.8161010742188,20D,20,2026-07-27,0.07927299910625751,-0.034535513454965305,0.11380851256122282,True
2026-06-26,META,0.0,低優先或資料不足,小型成長股,低於50DMA,新聞提及 1 次，量價訊號尚需確認。,META PLATFORMS INC-CLASS A (NASDAQ:META): Strong Growth Stock with a 7/10 Technical Setup Poised for a Breakout - ChartMill,549.8161010742188,60D,60,2026-09-22,0.33972063412982,0.059048347937380896,0.2806722861924391,True
2026-06-26,ICE,0.0,低優先或資料不足,加密/交易平台,低於50DMA,新聞提及 1 次，量價訊號尚需確認。,NYSE Parent ICE and OKX Form Joint Venture to Put Tokenized Stocks on Blockchain - Tech Times,123.44950103759766,5D,5,2026-07-06,0.08921372297850039,0.02307080638989234,0.06614291658860805,True
2026-06-26,ICE,0.0,低優先或資料不足,加密/交易平台,低於50DMA,新聞提及 1 次，量價訊號尚需確認。,NYSE Parent ICE and OKX Form Joint Venture to Put Tokenized Stocks on Blockchain - Tech Times,123.44950103759766,20D,20,2026-07-27,0.20079121065476913,-0.034535513454965305,0.23532672410973443,True
2026-06-26,ICE,0.0,低優先或資料不足,加密/交易平台,低於50DMA,新聞提及 1 次，量價訊號尚需確認。,NYSE Parent ICE and OKX Form Joint Venture to Put Tokenized Stocks on Blockchain - Tech Times,123.44950103759766,60D,60,2026-09-22,0.23880608176135953,0.059048347937380896,0.17975773382397864,True
2026-06-27,SPHR,100.0,高優先觀察,消費復甦,未觸發主要風險,新聞提及 1 次，且價格站上 50DMA，值得加入觀察清單。,Q1 Earnings Highlights: Sphere Entertainment (NYSE:SPHR) Vs The Rest Of The Consumer Discretionary - Leisure Facilities Stocks - StockStory,172.33999633789062,5D,5,2026-07-07,-0.0920273932190202,-0.02023259177428227,-0.07179480144473793,False
2026-06-27,SPHR,100.0,高優先觀察,消費復甦,未觸發主要風險,新聞提及 1 次，且價格站上 50DMA，值得加入觀察清單。,Q1 Earnings Highlights: Sphere Entertainment (NYSE:SPHR) Vs The Rest Of The Consumer Discretionary - Leisure Facilities Stocks - StockStory,172.33999633789062,20D,20,2026-07-28,-0.1801090515591961,-0.06710585404850133,-0.11300319751069476,False
2026-06-27,SPHR,100.0,高優先觀察,消費復甦,未觸發主要風險,新聞提及 1 次，且價格站上 50DMA，值得加入觀察清單。,Q1 Earnings Highlights: Sphere Entertainment (NYSE:SPHR) Vs The Rest Of The Consumer Discretionary - Leisure Facilities Stocks - StockStory,172.33999633789062,60D,60,2026-09-23,-0.2115005090099813,0.024724288577702147,-0.23622479758768344,False
2026-06-27,UBS,76.61023330363322,可觀察,消費復甦,未觸發主要風險,新聞提及 1 次，且價格站上 50DMA，值得加入觀察清單。,Daily: Equities can move higher despite tech sell-off - UBS,49.4900016784668,5D,5,2026-07-07,0.03940183637315653,-0.02023259177428227,0.0596344281474388,True
2026-06-27,UBS,76.61023330363322,可觀察,消費復甦,未觸發主要風險,新聞提及 1 次，且價格站上 50DMA，值得加入觀察清單。,Daily: Equities can move higher despite tech sell-off - UBS,49.4900016784668,20D,20,2026-07-28,0.05132343937533612,-0.06710585404850133,0.11842929342383746,True
2026-06-27,UBS,76.61023330363322,可觀察,消費復甦,未觸發主要風險,新聞提及 1 次，且價格站上 50DMA，值得加入觀察清單。,Daily: Equities can move higher despite tech sell-off - UBS,49.4900016784668,60D,60,2026-09-23,-0.03536067772576834,0.024724288577702147,-0.06008496630347049,False
2026-06-27,VCTR,72.16525630329946,可觀察,小型成長股,未觸發主要風險,新聞提及 1 次，且價格站上 50DMA，值得加入觀察清單。,Victory Capital Holdings (NASDAQ:VCTR) Shows Strong Growth and an 8/10 Technical Setup for a Potential Breakout - ChartMill,82.12127685546875,5D,5,2026-07-07,0.08473763912372956,-0.02023259177428227,0.10497023089801183,True
2026-06-27,VCTR,72.16525630329946,可觀察,小型成長股,未觸發主要風險,新聞提及 1 次，且價格站上 50DMA，值得加入觀察清單。,Victory Capital Holdings (NASDAQ:VCTR) Shows Strong Growth and an 8/10 Technical Setup for a Potential Breakout - ChartMill,82.12127685546875,20D,20,2026-07-28,0.21796586707296672,-0.06710585404850133,0.28507172112146806,True
2026-06-27,VCTR,72.16525630329946,可觀察,小型成長股,未觸發主要風險,新聞提及 1 次，且價格站上 50DMA，值得加入觀察清單。,Victory Capital Holdings (NASDAQ:VCTR) Shows Strong Growth and an 8/10 Technical Setup for a Potential Breakout - ChartMill,82.12127685546875,60D,60,2026-09-23,0.2945487653059329,0.024724288577702147,0.26982447672823073,True
2026-06-27,QBTS,8.237780626561928,低優先或資料不足,量子運算,低於50DMA,新聞提及 1 次，量價訊號尚需確認。,D-Wave Just Unveiled a Major Quantum Breakthrough. QBTS Stock Looks Ready for Another Surge. - Barchart.com,23.829999923706055,5D,5,2026-07-07,-0.11624005315283614,-0.02023259177428227,-0.09600746137855387,False
2026-06-27,QBTS,8.237780626561928,低優先或資料不足,量子運算,低於50DMA,新聞提及 1 次，量價訊號尚需確認。,D-Wave Just Unveiled a Major Quantum Breakthrough. QBTS Stock Looks Ready for Another Surge. - Barchart.com,23.829999923706055,20D,20,2026-07-28,-0.259966416897108,-0.06710585404850133,-0.19286056284860664,False
2026-06-27,QBTS,8.237780626561928,低優先或資料不足,量子運算,低於50DMA,新聞提及 1 次，量價訊號尚需確認。,D-Wave Just Unveiled a Major Quantum Breakthrough. QBTS Stock Looks Ready for Another Surge. - Barchart.com,23.829999923706055,60D,60,2026-09-23,-0.2945866756289909,0.024724288577702147,-0.319310964206693,False
2026-06-27,RKLB,0.0,低優先或資料不足,太空,低於50DMA；負面關鍵字,新聞有負面關鍵字，僅列入風險觀察。,Rocket Lab Stock (RKLB) Opinions on Recent Space Force Mission Success and Nasdaq Inclusion - Quiver Quantitative,98.01000213623047,5D,5,2026-07-07,-0.14896437257319517,-0.02023259177428227,-0.1287317807989129,False
2026-06-27,RKLB,0.0,低優先或資料不足,太空,低於50DMA；負面關鍵字,新聞有負面關鍵字，僅列入風險觀察。,Rocket Lab Stock (RKLB) Opinions on Recent Space Force Mission Success and Nasdaq Inclusion - Quiver Quantitative,98.01000213623047,20D,20,2026-07-28,-0.34812776250281496,-0.06710585404850133,-0.28102190845431363,False
2026-06-27,RKLB,0.0,低優先或資料不足,太空,低於50DMA；負面關鍵字,新聞有負面關鍵字，僅列入風險觀察。,Rocket Lab Stock (RKLB) Opinions on Recent Space Force Mission Success and Nasdaq Inclusion - Quiver Quantitative,98.01000213623047,60D,60,2026-09-23,-0.28262426256388284,0.024724288577702147,-0.307348551141585,False
2026-06-28,SPHR,100.0,高優先觀察,消費復甦,未觸發主要風險,新聞提及 1 次，且價格站上 50DMA，值得加入觀察清單。,Q1 Earnings Highlights: Sphere Entertainment (NYSE:SPHR) Vs The Rest Of The Consumer Discretionary - Leisure Facilities Stocks - StockStory,172.33999633789062,5D,5,2026-07-07,-0.0920273932190202,-0.02023259177428227,-0.07179480144473793,False
2026-06-28,SPHR,100.0,高優先觀察,消費復甦,未觸發主要風險,新聞提及 1 次，且價格站上 50DMA，值得加入觀察清單。,Q1 Earnings Highlights: Sphere Entertainment (NYSE:SPHR) Vs The Rest Of The Consumer Discretionary - Leisure Facilities Stocks - StockStory,172.33999633789062,20D,20,2026-07-28,-0.1801090515591961,-0.06710585404850133,-0.11300319751069476,False
2026-06-28,SPHR,100.0,高優先觀察,消費復甦,未觸發主要風險,新聞提及 1 次，且價格站上 50DMA，值得加入觀察清單。,Q1 Earnings Highlights: Sphere Entertainment (NYSE:SPHR) Vs The Rest Of The Consumer Discretionary - Leisure Facilities Stocks - StockStory,172.33999633789062,60D,60,2026-09-23,-0.2115005090099813,0.024724288577702147,-0.23622479758768344,False
2026-06-28,VCTR,72.16525630329946,可觀察,小型成長股,未觸發主要風險,新聞提及 1 次，且價格站上 50DMA，值得加入觀察清單。,Victory Capital Holdings (NASDAQ:VCTR) Shows Strong Growth and an 8/10 Technical Setup for a Potential Breakout - ChartMill,82.12127685546875,5D,5,2026-07-07,0.08473763912372956,-0.02023259177428227,0.10497023089801183,True
2026-06-28,VCTR,72.16525630329946,可觀察,小型成長股,未觸發主要風險,新聞提及 1 次，且價格站上 50DMA，值得加入觀察清單。,Victory Capital Holdings (NASDAQ:VCTR) Shows Strong Growth and an 8/10 Technical Setup for a Potential Breakout - ChartMill,82.12127685546875,20D,20,2026-07-28,0.21796586707296672,-0.06710585404850133,0.28507172112146806,True
2026-06-28,VCTR,72.16525630329946,可觀察,小型成長股,未觸發主要風險,新聞提及 1 次，且價格站上 50DMA，值得加入觀察清單。,Victory Capital Holdings (NASDAQ:VCTR) Shows Strong Growth and an 8/10 Technical Setup for a Potential Breakout - ChartMill,82.12127685546875,60D,60,2026-09-23,0.2945487653059329,0.024724288577702147,0.26982447672823073,True
2026-06-28,NKE,0.3735112126521294,低優先或資料不足,消費復甦,低於50DMA,新聞提及 1 次，量價訊號尚需確認。,Nike (NYSE: NKE) Earnings Report Looms As Stock Price Hovers Near 52-Week Lows - foreignpolicyjournal.com,41.04459762573242,5D,5,2026-07-07,0.0417068672194445,-0.02023259177428227,0.06193945899372677,True
2026-06-28,NKE,0.3735112126521294,低優先或資料不足,消費復甦,低於50DMA,新聞提及 1 次，量價訊號尚需確認。,Nike (NYSE: NKE) Earnings Report Looms As Stock Price Hovers Near 52-Week Lows - foreignpolicyjournal.com,41.04459762573242,20D,20,2026-07-28,0.03784956589908828,-0.06710585404850133,0.10495541994758961,True
2026-06-28,NKE,0.3735112126521294,低優先或資料不足,消費復甦,低於50DMA,新聞提及 1 次，量價訊號尚需確認。,Nike (NYSE: NKE) Earnings Report Looms As Stock Price Hovers Near 52-Week Lows - foreignpolicyjournal.com,41.04459762573242,60D,60,2026-09-23,-0.12168710811141126,0.024724288577702147,-0.1464113966891134,False
2026-06-29,CGNX,78.68750920856696,可觀察,機器人/自動化,未觸發主要風險,新聞提及 1 次，且價格站上 50DMA，值得加入觀察清單。,What Makes Cognex Corp. (CGNX) a Standout Robotics and Automation Stock - Yahoo Finance,68.26417541503906,5D,5,2026-07-07,-0.06070798149476475,-0.02023259177428227,-0.04047538972048248,False
2026-06-29,CGNX,78.68750920856696,可觀察,機器人/自動化,未觸發主要風險,新聞提及 1 次，且價格站上 50DMA，值得加入觀察清單。,What Makes Cognex Corp. (CGNX) a Standout Robotics and Automation Stock - Yahoo Finance,68.26417541503906,20D,20,2026-07-28,-0.11702742949388667,-0.06710585404850133,-0.049921575445385336,False
2026-06-29,CGNX,78.68750920856696,可觀察,機器人/自動化,未觸發主要風險,新聞提及 1 次，且價格站上 50DMA，值得加入觀察清單。,What Makes Cognex Corp. (CGNX) a Standout Robotics and Automation Stock - Yahoo Finance,68.26417541503906,60D,60,2026-09-23,-0.14757633454268115,0.024724288577702147,-0.1723006231203833,False
2026-06-29,ROBO,19.078878486618045,低優先或資料不足,機器人/自動化,低於50DMA,新聞提及 1 次，量價訊號尚需確認。,Why Robo Global Robotics & Automation ETF (ROBO) Is a Top ETF Buy for Robotics Investors - 24/7 Wall St.,83.4000015258789,5D,5,2026-07-07,-0.01774584328364015,-0.02023259177428227,0.002486748490642121,False
2026-06-29,ROBO,19.078878486618045,低優先或資料不足,機器人/自動化,低於50DMA,新聞提及 1 次，量價訊號尚需確認。,Why Robo Global Robotics & Automation ETF (ROBO) Is a Top ETF Buy for Robotics Investors - 24/7 Wall St.,83.4000015258789,20D,20,2026-07-28,-0.07074342227737418,-0.06710585404850133,-0.003637568228872845,False
2026-06-29,ROBO,19.078878486618045,低優先或資料不足,機器人/自動化,低於50DMA,新聞提及 1 次，量價訊號尚需確認。,Why Robo Global Robotics & Automation ETF (ROBO) Is a Top ETF Buy for Robotics Investors - 24/7 Wall St.,83.4000015258789,60D,60,2026-09-23,-0.03824942905326445,0.024724288577702147,-0.0629737176309666,False
2026-06-29,CMC,0.0,低優先或資料不足,機器人/自動化,低於50DMA,新聞提及 1 次，量價訊號尚需確認。,Is Symbotic the Most Promising of These Industrial Automation Stocks? - CMC Markets,64.42060089111328,5D,5,2026-07-07,-0.04409457566004249,-0.02023259177428227,-0.02386198388576022,False
2026-06-29,CMC,0.0,低優先或資料不足,機器人/自動化,低於50DMA,新聞提及 1 次，量價訊號尚需確認。,Is Symbotic the Most Promising of These Industrial Automation Stocks? - CMC Markets,64.42060089111328,20D,20,2026-07-28,0.09390474857281794,-0.06710585404850133,0.16101060262131928,True
2026-06-29,CMC,0.0,低優先或資料不足,機器人/自動化,低於50DMA,新聞提及 1 次，量價訊號尚需確認。,Is Symbotic the Most Promising of These Industrial Automation Stocks? - CMC Markets,64.42060089111328,60D,60,2026-09-23,0.0037162455438866093,0.024724288577702147,-0.021008043033815538,True
2026-06-29,ICE,0.0,低優先或資料不足,加密/交易平台,低於50DMA,新聞提及 1 次，量價訊號尚需確認。,NYSE Parent ICE and OKX Form Joint Venture to Put Tokenized Stocks on Blockchain - Tech Times,122.50265502929688,5D,5,2026-07-07,0.11016183432328552,-0.02023259177428227,0.1303944260975678,True
2026-06-29,ICE,0.0,低優先或資料不足,加密/交易平台,低於50DMA,新聞提及 1 次，量價訊號尚需確認。,NYSE Parent ICE and OKX Form Joint Venture to Put Tokenized Stocks on Blockchain - Tech Times,122.50265502929688,20D,20,2026-07-28,0.2425351262167219,-0.06710585404850133,0.30964098026522324,True
2026-06-29,ICE,0.0,低優先或資料不足,加密/交易平台,低於50DMA,新聞提及 1 次，量價訊號尚需確認。,NYSE Parent ICE and OKX Form Joint Venture to Put Tokenized Stocks on Blockchain - Tech Times,122.50265502929688,60D,60,2026-09-23,0.2762989183060893,0.024724288577702147,0.2515746297283872,True
2026-06-30,UAA,95.75217305368417,高優先觀察,消費復甦,未觸發主要風險,新聞提及 1 次，且價格站上 50DMA，值得加入觀察清單。,Consumer Discretionary - Apparel and Accessories Stocks Q1 In Review: Under Armour (NYSE:UAA) Vs Peers - StockStory,6.389999866485596,5D,5,2026-07-08,0.012519550137338742,-0.03389462489439021,0.046414175031728955,True
2026-06-30,UAA,95.75217305368417,高優先觀察,消費復甦,未觸發主要風險,新聞提及 1 次，且價格站上 50DMA，值得加入觀察清單。,Consumer Discretionary - Apparel and Accessories Stocks Q1 In Review: Under Armour (NYSE:UAA) Vs Peers - StockStory,6.389999866485596,20D,20,2026-07-29,0.10485134433382015,-0.10139879141620589,0.20625013575002604,True
2026-06-30,UAA,95.75217305368417,高優先觀察,消費復甦,未觸發主要風險,新聞提及 1 次，且價格站上 50DMA，值得加入觀察清單。,Consumer Discretionary - Apparel and Accessories Stocks Q1 In Review: Under Armour (NYSE:UAA) Vs Peers - StockStory,6.389999866485596,60D,60,2026-09-24,-0.29577463317304686,0.0074309990218723865,-0.30320563219491925,False
2026-06-30,SPHR,92.08057827424962,高優先觀察,消費復甦,未觸發主要風險,新聞提及 1 次，且價格站上 50DMA，值得加入觀察清單。,Q1 Earnings Highlights: Sphere Entertainment (NYSE:SPHR) Vs The Rest Of The Consumer Discretionary - Leisure Facilities Stocks - StockStory,173.02999877929688,5D,5,2026-07-08,-0.12685659771771618,-0.03389462489439021,-0.09296197282332597,False
2026-06-30,SPHR,92.08057827424962,高優先觀察,消費復甦,未觸發主要風險,新聞提及 1 次，且價格站上 50DMA，值得加入觀察清單。,Q1 Earnings Highlights: Sphere Entertainment (NYSE:SPHR) Vs The Rest Of The Consumer Discretionary - Leisure Facilities Stocks - StockStory,173.02999877929688,20D,20,2026-07-29,-0.18990926915664563,-0.10139879141620589,-0.08851047774043974,False
2026-06-30,SPHR,92.08057827424962,高優先觀察,消費復甦,未觸發主要風險,新聞提及 1 次，且價格站上 50DMA，值得加入觀察清單。,Q1 Earnings Highlights: Sphere Entertainment (NYSE:SPHR) Vs The Rest Of The Consumer Discretionary - Leisure Facilities Stocks - StockStory,173.02999877929688,60D,60,2026-09-24,-0.19990751073177104,0.0074309990218723865,-0.20733850975364343,False
2026-06-30,ANET,57.1244329852251,題材有熱度但訊號普通,能源/材料,未觸發主要風險,新聞提及 1 次，量價訊號尚需確認。,ANET Stock Slides On Chip Supply Warning – But Retail Calls It A ‘Fake Selloff’ - Stocktwits,169.8800048828125,5D,5,2026-07-08,0.06575228306975056,-0.03389462489439021,0.09964690796414077,True
2026-06-30,ANET,57.1244329852251,題材有熱度但訊號普通,能源/材料,未觸發主要風險,新聞提及 1 次，量價訊號尚需確認。,ANET Stock Slides On Chip Supply Warning – But Retail Calls It A ‘Fake Selloff’ - Stocktwits,169.8800048828125,20D,20,2026-07-29,-0.07010833129140304,-0.10139879141620589,0.031290460124802855,False
2026-06-30,ANET,57.1244329852251,題材有熱度但訊號普通,能源/材料,未觸發主要風險,新聞提及 1 次，量價訊號尚需確認。,ANET Stock Slides On Chip Supply Warning – But Retail Calls It A ‘Fake Selloff’ - Stocktwits,169.8800048828125,60D,60,2026-09-24,0.21085466821206666,0.0074309990218723865,0.20342366919019428,True
2026-06-30,OKTA,49.87249627116721,題材有熱度但訊號普通,網路安全,未觸發主要風險,新聞提及 1 次，量價訊號尚需確認。,Spotting Winners: Okta (NASDAQ:OKTA) And Cybersecurity Stocks In Q1 - StockStory,136.4499969482422,5D,5,2026-07-08,0.0756321550386938,-0.03389462489439021,0.10952677993308402,True
2026-06-30,OKTA,49.87249627116721,題材有熱度但訊號普通,網路安全,未觸發主要風險,新聞提及 1 次，量價訊號尚需確認。,Spotting Winners: Okta (NASDAQ:OKTA) And Cybersecurity Stocks In Q1 - StockStory,136.4499969482422,20D,20,2026-07-29,0.0033712475203768744,-0.10139879141620589,0.10477003893658277,True
2026-06-30,OKTA,49.87249627116721,題材有熱度但訊號普通,網路安全,未觸發主要風險,新聞提及 1 次，量價訊號尚需確認。,Spotting Winners: Okta (NASDAQ:OKTA) And Cybersecurity Stocks In Q1 - StockStory,136.4499969482422,60D,60,2026-09-24,0.5144009088401118,0.0074309990218723865,0.5069699098182394,True
2026-06-30,AAON,33.243508726089026,暫時不強,AI/資料中心,未觸發主要風險,新聞提及 1 次，量價訊號尚需確認。,AI Data Centers In North Dakota? That's No Problem For AAON Stock. - Investor's Business Daily,126.69731903076172,5D,5,2026-07-08,-0.14882547893528975,-0.03389462489439021,-0.11493085404089953,False
2026-06-30,AAON,33.243508726089026,暫時不強,AI/資料中心,未觸發主要風險,新聞提及 1 次，量價訊號尚需確認。,AI Data Centers In North Dakota? That's No Problem For AAON Stock. - Investor's Business Daily,126.69731903076172,20D,20,2026-07-29,-0.3309947670399087,-0.10139879141620589,-0.22959597562370282,False
2026-06-30,AAON,33.243508726089026,暫時不強,AI/資料中心,未觸發主要風險,新聞提及 1 次，量價訊號尚需確認。,AI Data Centers In North Dakota? That's No Problem For AAON Stock. - Investor's Business Daily,126.69731903076172,60D,60,2026-09-24,-0.33487150882327743,0.0074309990218723865,-0.3423025078451498,False
2026-06-30,AMC,26.018834800912593,暫時不強,消費復甦,未觸發主要風險,新聞提及 1 次，量價訊號尚需確認。,Q1 Earnings Roundup: AMC Entertainment (NYSE:AMC) And The Rest Of The Consumer Discretionary - Leisure Facilities Segment - TradingView,1.899999976158142,5D,5,2026-07-08,0.005263152941442195,-0.03389462489439021,0.03915777783583241,True
2026-06-30,AMC,26.018834800912593,暫時不強,消費復甦,未觸發主要風險,新聞提及 1 次，量價訊號尚需確認。,Q1 Earnings Roundup: AMC Entertainment (NYSE:AMC) And The Rest Of The Consumer Discretionary - Leisure Facilities Segment - TradingView,1.899999976158142,20D,20,2026-07-29,0.4473684392147119,-0.10139879141620589,0.5487672306309178,True
2026-06-30,AMC,26.018834800912593,暫時不強,消費復甦,未觸發主要風險,新聞提及 1 次，量價訊號尚需確認。,Q1 Earnings Roundup: AMC Entertainment (NYSE:AMC) And The Rest Of The Consumer Discretionary - Leisure Facilities Segment - TradingView,1.899999976158142,60D,60,2026-09-24,0.5315790117612513,0.0074309990218723865,0.5241480127393789,True
2026-06-30,RKLB,9.766485770913729,低優先或資料不足,太空,低於50DMA,新聞提及 1 次，量價訊號尚需確認。,RKLB Stock Alert: Rocket Lab Reaches New Milestone With 10th Consecutive Successful Launch - Yahoo Finance,101.6500015258789,5D,5,2026-07-08,-0.18002954035469287,-0.03389462489439021,-0.14613491546030266,False
2026-06-30,RKLB,9.766485770913729,低優先或資料不足,太空,低於50DMA,新聞提及 1 次，量價訊號尚需確認。,RKLB Stock Alert: Rocket Lab Reaches New Milestone With 10th Consecutive Successful Launch - Yahoo Finance,101.6500015258789,20D,20,2026-07-29,-0.42351207482075426,-0.10139879141620589,-0.32211328340454837,False
2026-06-30,RKLB,9.766485770913729,低優先或資料不足,太空,低於50DMA,新聞提及 1 次，量價訊號尚需確認。,RKLB Stock Alert: Rocket Lab Reaches New Milestone With 10th Consecutive Successful Launch - Yahoo Finance,101.6500015258789,60D,60,2026-09-24,-0.2758485046199305,0.0074309990218723865,-0.2832795036418029,False
2026-07-01,GGHCX,90.4183379396614,高優先觀察,醫療科技,未觸發主要風險,新聞提及 1 次，且價格站上 50DMA，值得加入觀察清單。,Invesco Health Care Fund Q1 2026 Commentary (Mutual Fund:GGHCX) - Seeking Alpha,40.29999923706055,5D,5,2026-07-09,0.013399526693557595,-0.002606156957344563,0.01600568365090216,True
2026-07-01,GGHCX,90.4183379396614,高優先觀察,醫療科技,未觸發主要風險,新聞提及 1 次，且價格站上 50DMA，值得加入觀察清單。,Invesco Health Care Fund Q1 2026 Commentary (Mutual Fund:GGHCX) - Seeking Alpha,40.29999923706055,20D,20,2026-07-30,-0.004962798181780803,-0.057393420085590674,0.05243062190380987,False
2026-07-01,GGHCX,90.4183379396614,高優先觀察,醫療科技,未觸發主要風險,新聞提及 1 次，且價格站上 50DMA，值得加入觀察清單。,Invesco Health Care Fund Q1 2026 Commentary (Mutual Fund:GGHCX) - Seeking Alpha,40.29999923706055,60D,60,2026-09-25,0.0178660355914102,0.027725678136245602,-0.0098596425448354,True
2026-07-01,JCI,72.50600324802186,可觀察,能源/材料,未觸發主要風險,新聞提及 1 次，且價格站上 50DMA，值得加入觀察清單。,JCI Rises as Energy Stocks Offset Inflation and Trade Deficit Concerns - Jakarta Globe,144.395751953125,5D,5,2026-07-09,-0.029489005740178764,-0.002606156957344563,-0.0268828487828342,False
2026-07-01,JCI,72.50600324802186,可觀察,能源/材料,未觸發主要風險,新聞提及 1 次，且價格站上 50DMA，值得加入觀察清單。,JCI Rises as Energy Stocks Offset Inflation and Trade Deficit Concerns - Jakarta Globe,144.395751953125,20D,20,2026-07-30,-0.006353507088571186,-0.057393420085590674,0.05103991299701949,False
2026-07-01,JCI,72.50600324802186,可觀察,能源/材料,未觸發主要風險,新聞提及 1 次，且價格站上 50DMA，值得加入觀察清單。,JCI Rises as Energy Stocks Offset Inflation and Trade Deficit Concerns - Jakarta Globe,144.395751953125,60D,60,2026-09-25,0.04019678499268742,0.027725678136245602,0.012471106856441816,True
2026-07-01,ANET,45.504364431296246,題材有熱度但訊號普通,能源/材料,未觸發主要風險,新聞提及 1 次，量價訊號尚需確認。,ANET Stock Slides On Chip Supply Warning – But Retail Calls It A ‘Fake Selloff’ - Stocktwits,166.6199951171875,5D,5,2026-07-09,0.10845041323827731,-0.002606156957344563,0.11105657019562187,True
2026-07-01,ANET,45.504364431296246,題材有熱度但訊號普通,能源/材料,未觸發主要風險,新聞提及 1 次，量價訊號尚需確認。,ANET Stock Slides On Chip Supply Warning – But Retail Calls It A ‘Fake Selloff’ - Stocktwits,166.6199951171875,20D,20,2026-07-30,0.02640744979123788,-0.057393420085590674,0.08380086987682855,True
2026-07-01,ANET,45.504364431296246,題材有熱度但訊號普通,能源/材料,未觸發主要風險,新聞提及 1 次，量價訊號尚需確認。,ANET Stock Slides On Chip Supply Warning – But Retail Calls It A ‘Fake Selloff’ - Stocktwits,166.6199951171875,60D,60,2026-09-25,0.2396471558319675,0.027725678136245602,0.2119214776957219,True
2026-07-02,GGHCX,92.93303258532698,高優先觀察,醫療科技,未觸發主要風險,新聞提及 1 次，且價格站上 50DMA，值得加入觀察清單。,Invesco Health Care Fund Q1 2026 Commentary (Mutual Fund:GGHCX) - Seeking Alpha,41.189998626708984,5D,5,2026-07-10,-0.026705474891854375,0.01811681900629214,-0.044822293898146515,False
2026-07-02,GGHCX,92.93303258532698,高優先觀察,醫療科技,未觸發主要風險,新聞提及 1 次，且價格站上 50DMA，值得加入觀察清單。,Invesco Health Care Fund Q1 2026 Commentary (Mutual Fund:GGHCX) - Seeking Alpha,41.189998626708984,20D,20,2026-07-31,-0.04200047584159272,-0.034535459528932555,-0.0074650163126601665,False
2026-07-02,GGHCX,92.93303258532698,高優先觀察,醫療科技,未觸發主要風險,新聞提及 1 次，且價格站上 50DMA，值得加入觀察清單。,Invesco Health Care Fund Q1 2026 Commentary (Mutual Fund:GGHCX) - Seeking Alpha,41.189998626708984,60D,60,,,,,
2026-07-02,AVAV,52.87194978855875,題材有熱度但訊號普通,國防/航太,短線漲幅過大,題材熱但短線漲幅偏大，等待回檔或量價整理。,Why Is AeroVironment (AVAV) Stock Rocketing Higher Today - StockStory,190.88999938964844,5D,5,2026-07-10,-0.2426004385073357,0.01811681900629214,-0.26071725751362784,False
2026-07-02,AVAV,52.87194978855875,題材有熱度但訊號普通,國防/航太,短線漲幅過大,題材熱但短線漲幅偏大，等待回檔或量價整理。,Why Is AeroVironment (AVAV) Stock Rocketing Higher Today - StockStory,190.88999938964844,20D,20,2026-07-31,-0.2175074881094713,-0.034535459528932555,-0.18297202858053874,False
2026-07-02,AVAV,52.87194978855875,題材有熱度但訊號普通,國防/航太,短線漲幅過大,題材熱但短線漲幅偏大，等待回檔或量價整理。,Why Is AeroVironment (AVAV) Stock Rocketing Higher Today - StockStory,190.88999938964844,60D,60,,,,,
2026-07-02,IBD,27.5040172136624,暫時不強,醫療科技,低於50DMA,新聞提及 1 次，量價訊號尚需確認。,Healthcare Stocks Rise To The Heart Of IBD's Elite List Of Growth Names - Investor's Business Daily,23.559528350830078,5D,5,2026-07-10,-0.003779961395656617,0.01811681900629214,-0.021896780401948757,False
2026-07-02,IBD,27.5040172136624,暫時不強,醫療科技,低於50DMA,新聞提及 1 次，量價訊號尚需確認。,Healthcare Stocks Rise To The Heart Of IBD's Elite List Of Growth Names - Investor's Business Daily,23.559528350830078,20D,20,2026-07-31,-0.005614890181961152,-0.034535459528932555,0.028920569346971403,False
2026-07-02,IBD,27.5040172136624,暫時不強,醫療科技,低於50DMA,新聞提及 1 次，量價訊號尚需確認。,Healthcare Stocks Rise To The Heart Of IBD's Elite List Of Growth Names - Investor's Business Daily,23.559528350830078,60D,60,,,,,
2026-07-02,AAON,7.640680531247217,低優先或資料不足,AI/資料中心,低於50DMA,新聞提及 1 次，量價訊號尚需確認。,AI Data Centers In North Dakota? That's No Problem For AAON Stock. - Investor's Business Daily,107.48199462890625,5D,5,2026-07-10,0.060769327961339714,0.01811681900629214,0.042652508955047574,True
2026-07-02,AAON,7.640680531247217,低優先或資料不足,AI/資料中心,低於50DMA,新聞提及 1 次，量價訊號尚需確認。,AI Data Centers In North Dakota? That's No Problem For AAON Stock. - Investor's Business Daily,107.48199462890625,20D,20,2026-07-31,-0.17245873758152397,-0.034535459528932555,-0.1379232780525914,False
2026-07-02,AAON,7.640680531247217,低優先或資料不足,AI/資料中心,低於50DMA,新聞提及 1 次，量價訊號尚需確認。,AI Data Centers In North Dakota? That's No Problem For AAON Stock. - Investor's Business Daily,107.48199462890625,60D,60,,,,,
2026-07-02,NVDA,0.0,低優先或資料不足,機器人/自動化,低於50DMA,新聞提及 1 次，量價訊號尚需確認。,How Investors Are Reacting To NVIDIA (NVDA) Expanding Into Full‑Stack AI Infrastructure Partnerships - Yahoo! Finance Canada,194.61224365234375,5D,5,2026-07-10,0.08279010966505851,0.01811681900629214,0.06467329065876637,True
2026-07-02,NVDA,0.0,低優先或資料不足,機器人/自動化,低於50DMA,新聞提及 1 次，量價訊號尚需確認。,How Investors Are Reacting To NVIDIA (NVDA) Expanding Into Full‑Stack AI Infrastructure Partnerships - Yahoo! Finance Canada,194.61224365234375,20D,20,2026-07-31,0.030385425621297868,-0.034535459528932555,0.06492088515023042,True
2026-07-02,NVDA,0.0,低優先或資料不足,機器人/自動化,低於50DMA,新聞提及 1 次，量價訊號尚需確認。,How Investors Are Reacting To NVIDIA (NVDA) Expanding Into Full‑Stack AI Infrastructure Partnerships - Yahoo! Finance Canada,194.61224365234375,60D,60,,,,,
2026-07-03,MKC,81.26277871627029,高優先觀察,消費復甦,未觸發主要風險,新聞提及 1 次，且價格站上 50DMA，值得加入觀察清單。,Is MKC Stock Undervalued After Its Pullback and Margin Recovery Signs - Zacks Investment Research,51.779998779296875,5D,5,2026-07-13,0.038045601914745264,-0.01532895544309909,0.053374557357844354,True
2026-07-03,MKC,81.26277871627029,高優先觀察,消費復甦,未觸發主要風險,新聞提及 1 次，且價格站上 50DMA，值得加入觀察清單。,Is MKC Stock Undervalued After Its Pullback and Margin Recovery Signs - Zacks Investment Research,51.779998779296875,20D,20,2026-08-03,-0.00502121142646994,-0.03147394719144547,0.026452735764975532,False
2026-07-03,MKC,81.26277871627029,高優先觀察,消費復甦,未觸發主要風險,新聞提及 1 次，且價格站上 50DMA，值得加入觀察清單。,Is MKC Stock Undervalued After Its Pullback and Margin Recovery Signs - Zacks Investment Research,51.779998779296875,60D,60,,,,,
2026-07-03,AMC,73.1088961711269,可觀察,消費復甦,未觸發主要風險,新聞提及 1 次，且價格站上 50DMA，值得加入觀察清單。,Q1 Earnings Roundup: AMC Entertainment (NYSE:AMC) And The Rest Of The Consumer Discretionary - Leisure Facilities Segment - Yahoo Finance,1.7400000095367432,5D,5,2026-07-13,0.0747126405282259,-0.01532895544309909,0.090041595971325,True
2026-07-03,AMC,73.1088961711269,可觀察,消費復甦,未觸發主要風險,新聞提及 1 次，且價格站上 50DMA，值得加入觀察清單。,Q1 Earnings Roundup: AMC Entertainment (NYSE:AMC) And The Rest Of The Consumer Discretionary - Leisure Facilities Segment - Yahoo Finance,1.7400000095367432,20D,20,2026-08-03,0.6379309706965755,-0.03147394719144547,0.6694049178880209,True
2026-07-03,AMC,73.1088961711269,可觀察,消費復甦,未觸發主要風險,新聞提及 1 次，且價格站上 50DMA，值得加入觀察清單。,Q1 Earnings Roundup: AMC Entertainment (NYSE:AMC) And The Rest Of The Consumer Discretionary - Leisure Facilities Segment - Yahoo Finance,1.7400000095367432,60D,60,,,,,
2026-07-03,ANET,39.19269476122062,暫時不強,能源/材料,未觸發主要風險,新聞提及 1 次，量價訊號尚需確認。,ANET Stock Slides On Chip Supply Warning – But Retail Calls It A ‘Fake Selloff’ - Stocktwits,173.27999877929688,5D,5,2026-07-13,0.04541779300917104,-0.01532895544309909,0.06074674845227013,True
2026-07-03,ANET,39.19269476122062,暫時不強,能源/材料,未觸發主要風險,新聞提及 1 次，量價訊號尚需確認。,ANET Stock Slides On Chip Supply Warning – But Retail Calls It A ‘Fake Selloff’ - Stocktwits,173.27999877929688,20D,20,2026-08-03,0.06700138903589781,-0.03147394719144547,0.09847533622734328,True
2026-07-03,ANET,39.19269476122062,暫時不強,能源/材料,未觸發主要風險,新聞提及 1 次，量價訊號尚需確認。,ANET Stock Slides On Chip Supply Warning – But Retail Calls It A ‘Fake Selloff’ - Stocktwits,173.27999877929688,60D,60,,,,,
2026-07-03,JCI,33.478393082186976,暫時不強,能源/材料,低於50DMA,新聞提及 1 次，量價訊號尚需確認。,JCI Rises as Energy Stocks Offset Inflation and Trade Deficit Concerns - Jakarta Globe,142.32156372070312,5D,5,2026-07-13,0.008478012553839953,-0.01532895544309909,0.023806967996939044,True
2026-07-03,JCI,33.478393082186976,暫時不強,能源/材料,低於50DMA,新聞提及 1 次，量價訊號尚需確認。,JCI Rises as Energy Stocks Offset Inflation and Trade Deficit Concerns - Jakarta Globe,142.32156372070312,20D,20,2026-08-03,0.025714615319132772,-0.03147394719144547,0.057188562510578245,True
2026-07-03,JCI,33.478393082186976,暫時不強,能源/材料,低於50DMA,新聞提及 1 次，量價訊號尚需確認。,JCI Rises as Energy Stocks Offset Inflation and Trade Deficit Concerns - Jakarta Globe,142.32156372070312,60D,60,,,,,
2026-07-03,NVDA,15.833069873328098,低優先或資料不足,機器人/自動化,低於50DMA,新聞提及 1 次，量價訊號尚需確認。,How Investors Are Reacting To NVIDIA (NVDA) Expanding Into Full‑Stack AI Infrastructure Partnerships - Yahoo! Finance Canada,195.33143615722656,5D,5,2026-07-13,0.04080791854477228,-0.01532895544309909,0.05613687398787137,True
2026-07-03,NVDA,15.833069873328098,低優先或資料不足,機器人/自動化,低於50DMA,新聞提及 1 次，量價訊號尚需確認。,How Investors Are Reacting To NVIDIA (NVDA) Expanding Into Full‑Stack AI Infrastructure Partnerships - Yahoo! Finance Canada,195.33143615722656,20D,20,2026-08-03,0.056711845359367796,-0.03147394719144547,0.08818579255081327,True
2026-07-03,NVDA,15.833069873328098,低優先或資料不足,機器人/自動化,低於50DMA,新聞提及 1 次，量價訊號尚需確認。,How Investors Are Reacting To NVIDIA (NVDA) Expanding Into Full‑Stack AI Infrastructure Partnerships - Yahoo! Finance Canada,195.33143615722656,60D,60,,,,,
2026-07-03,AAON,13.54755538286135,低優先或資料不足,AI/資料中心,低於50DMA,新聞提及 1 次，量價訊號尚需確認。,AI Data Centers In North Dakota? That's No Problem For AAON Stock. - Investor's Business Daily,109.20977020263672,5D,5,2026-07-13,0.025971642568576092,-0.01532895544309909,0.04130059801167518,True
2026-07-03,AAON,13.54755538286135,低優先或資料不足,AI/資料中心,低於50DMA,新聞提及 1 次，量價訊號尚需確認。,AI Data Centers In North Dakota? That's No Problem For AAON Stock. - Investor's Business Daily,109.20977020263672,20D,20,2026-08-03,-0.15354368691598352,-0.03147394719144547,-0.12206973972453805,False
2026-07-03,AAON,13.54755538286135,低優先或資料不足,AI/資料中心,低於50DMA,新聞提及 1 次，量價訊號尚需確認。,AI Data Centers In North Dakota? That's No Problem For AAON Stock. - Investor's Business Daily,109.20977020263672,60D,60,,,,,
2026-07-03,IONQ,5.336225087574853,低優先或資料不足,量子運算,低於50DMA,新聞提及 1 次，量價訊號尚需確認。,IONQ Stock Analysis: Quantum Breakthrough Triggers Big Buying! Coppa Del Mondo Fifa 2026 (yUEQdS5ogf) - Mshale,48.869998931884766,5D,5,2026-07-13,-0.20441985025810283,-0.01532895544309909,-0.18909089481500374,False
2026-07-03,IONQ,5.336225087574853,低優先或資料不足,量子運算,低於50DMA,新聞提及 1 次，量價訊號尚需確認。,IONQ Stock Analysis: Quantum Breakthrough Triggers Big Buying! Coppa Del Mondo Fifa 2026 (yUEQdS5ogf) - Mshale,48.869998931884766,20D,20,2026-08-03,-0.20503377689305036,-0.03147394719144547,-0.17355982970160488,False
2026-07-03,IONQ,5.336225087574853,低優先或資料不足,量子運算,低於50DMA,新聞提及 1 次，量價訊號尚需確認。,IONQ Stock Analysis: Quantum Breakthrough Triggers Big Buying! Coppa Del Mondo Fifa 2026 (yUEQdS5ogf) - Mshale,48.869998931884766,60D,60,,,,,
2026-07-03,HBM,0.0,低優先或資料不足,能源/材料,低於50DMA,新聞提及 1 次，量價訊號尚需確認。,SK Hynix Stock Price Forecast 2026–2027: Structural HBM Shortage Analysis - WEEX,23.33404541015625,5D,5,2026-07-13,-0.10582690848929521,-0.01532895544309909,-0.09049795304619612,False
2026-07-03,HBM,0.0,低優先或資料不足,能源/材料,低於50DMA,新聞提及 1 次，量價訊號尚需確認。,SK Hynix Stock Price Forecast 2026–2027: Structural HBM Shortage Analysis - WEEX,23.33404541015625,20D,20,2026-08-03,0.0025706732844195113,-0.03147394719144547,0.034044620475864984,True
2026-07-03,HBM,0.0,低優先或資料不足,能源/材料,低於50DMA,新聞提及 1 次，量價訊號尚需確認。,SK Hynix Stock Price Forecast 2026–2027: Structural HBM Shortage Analysis - WEEX,23.33404541015625,60D,60,,,,,
2026-07-04,UAA,94.60630903283094,高優先觀察,消費復甦,未觸發主要風險,新聞提及 1 次，且價格站上 50DMA，值得加入觀察清單。,Consumer Discretionary - Apparel and Accessories Stocks Q1 In Review: Under Armour (NYSE:UAA) Vs Peers - Yahoo Finance,6.809999942779541,5D,5,2026-07-13,-0.008810564358837869,-0.01532895544309909,0.006518391084261221,False
2026-07-04,UAA,94.60630903283094,高優先觀察,消費復甦,未觸發主要風險,新聞提及 1 次，且價格站上 50DMA，值得加入觀察清單。,Consumer Discretionary - Apparel and Accessories Stocks Q1 In Review: Under Armour (NYSE:UAA) Vs Peers - Yahoo Finance,6.809999942779541,20D,20,2026-08-03,-0.004405247169348314,-0.03147394719144547,0.02706870002209716,False
2026-07-04,UAA,94.60630903283094,高優先觀察,消費復甦,未觸發主要風險,新聞提及 1 次，且價格站上 50DMA，值得加入觀察清單。,Consumer Discretionary - Apparel and Accessories Stocks Q1 In Review: Under Armour (NYSE:UAA) Vs Peers - Yahoo Finance,6.809999942779541,60D,60,,,,,
2026-07-04,POOL,90.55614207190794,高優先觀察,小型成長股,未觸發主要風險,新聞提及 1 次，且價格站上 50DMA，值得加入觀察清單。,Does Pool (POOL) Shifting Between Russell Growth and Small Cap Indices Signal a Deeper Style Recast? - simplywall.st,213.81692504882812,5D,5,2026-07-13,-0.02044415975044367,-0.01532895544309909,-0.0051152043073445785,False
2026-07-04,POOL,90.55614207190794,高優先觀察,小型成長股,未觸發主要風險,新聞提及 1 次，且價格站上 50DMA，值得加入觀察清單。,Does Pool (POOL) Shifting Between Russell Growth and Small Cap Indices Signal a Deeper Style Recast? - simplywall.st,213.81692504882812,20D,20,2026-08-03,-0.09125546486167624,-0.03147394719144547,-0.059781517670230766,False
2026-07-04,POOL,90.55614207190794,高優先觀察,小型成長股,未觸發主要風險,新聞提及 1 次，且價格站上 50DMA，值得加入觀察清單。,Does Pool (POOL) Shifting Between Russell Growth and Small Cap Indices Signal a Deeper Style Recast? - simplywall.st,213.81692504882812,60D,60,,,,,
2026-07-04,MKC,81.26277871627029,高優先觀察,消費復甦,未觸發主要風險,新聞提及 1 次，且價格站上 50DMA，值得加入觀察清單。,Is MKC Stock Undervalued After Its Pullback and Margin Recovery Signs - Zacks Investment Research,51.779998779296875,5D,5,2026-07-13,0.038045601914745264,-0.01532895544309909,0.053374557357844354,True
2026-07-04,MKC,81.26277871627029,高優先觀察,消費復甦,未觸發主要風險,新聞提及 1 次，且價格站上 50DMA，值得加入觀察清單。,Is MKC Stock Undervalued After Its Pullback and Margin Recovery Signs - Zacks Investment Research,51.779998779296875,20D,20,2026-08-03,-0.00502121142646994,-0.03147394719144547,0.026452735764975532,False
2026-07-04,MKC,81.26277871627029,高優先觀察,消費復甦,未觸發主要風險,新聞提及 1 次，且價格站上 50DMA，值得加入觀察清單。,Is MKC Stock Undervalued After Its Pullback and Margin Recovery Signs - Zacks Investment Research,51.779998779296875,60D,60,,,,,
2026-07-04,EIKN,75.36844190389948,可觀察,醫療科技,短線漲幅過大,新聞提及 1 次，且價格站上 50DMA，值得加入觀察清單。,"Is Eikon Therapeutics, Inc. (EIKN) Stock a Biotech Growth Opportunity Despite Limited Q1 Updates? - Yahoo Finance",12.029999732971191,5D,5,2026-07-13,-0.13216959167755438,-0.01532895544309909,-0.11684063623445529,False
2026-07-04,EIKN,75.36844190389948,可觀察,醫療科技,短線漲幅過大,新聞提及 1 次，且價格站上 50DMA，值得加入觀察清單。,"Is Eikon Therapeutics, Inc. (EIKN) Stock a Biotech Growth Opportunity Despite Limited Q1 Updates? - Yahoo Finance",12.029999732971191,20D,20,2026-08-03,-0.23940151108628582,-0.03147394719144547,-0.20792756389484035,False
2026-07-04,EIKN,75.36844190389948,可觀察,醫療科技,短線漲幅過大,新聞提及 1 次，且價格站上 50DMA，值得加入觀察清單。,"Is Eikon Therapeutics, Inc. (EIKN) Stock a Biotech Growth Opportunity Despite Limited Q1 Updates? - Yahoo Finance",12.029999732971191,60D,60,,,,,
2026-07-04,AMC,73.12674495041182,可觀察,消費復甦,未觸發主要風險,新聞提及 1 次，且價格站上 50DMA，值得加入觀察清單。,Q1 Earnings Roundup: AMC Entertainment (NYSE:AMC) And The Rest Of The Consumer Discretionary - Leisure Facilities Segment - Yahoo Finance,1.7400000095367432,5D,5,2026-07-13,0.0747126405282259,-0.01532895544309909,0.090041595971325,True
2026-07-04,AMC,73.12674495041182,可觀察,消費復甦,未觸發主要風險,新聞提及 1 次，且價格站上 50DMA，值得加入觀察清單。,Q1 Earnings Roundup: AMC Entertainment (NYSE:AMC) And The Rest Of The Consumer Discretionary - Leisure Facilities Segment - Yahoo Finance,1.7400000095367432,20D,20,2026-08-03,0.6379309706965755,-0.03147394719144547,0.6694049178880209,True
2026-07-04,AMC,73.12674495041182,可觀察,消費復甦,未觸發主要風險,新聞提及 1 次，且價格站上 50DMA，值得加入觀察清單。,Q1 Earnings Roundup: AMC Entertainment (NYSE:AMC) And The Rest Of The Consumer Discretionary - Leisure Facilities Segment - Yahoo Finance,1.7400000095367432,60D,60,,,,,
2026-07-04,IBD,61.35031030356712,可觀察,醫療科技,未觸發主要風險,新聞提及 1 次，量價訊號尚需確認。,Healthcare Stocks Rise To The Heart Of IBD's Elite List Of Growth Names - Investor's Business Daily,23.46057891845703,5D,5,2026-07-13,-0.0021087633433874986,-0.01532895544309909,0.013220192099711592,False
2026-07-04,IBD,61.35031030356712,可觀察,醫療科技,未觸發主要風險,新聞提及 1 次，量價訊號尚需確認。,Healthcare Stocks Rise To The Heart Of IBD's Elite List Of Growth Names - Investor's Business Daily,23.46057891845703,20D,20,2026-08-03,-0.000574548174405054,-0.03147394719144547,0.03089939901704042,False
2026-07-04,IBD,61.35031030356712,可觀察,醫療科技,未觸發主要風險,新聞提及 1 次，量價訊號尚需確認。,Healthcare Stocks Rise To The Heart Of IBD's Elite List Of Growth Names - Investor's Business Daily,23.46057891845703,60D,60,,,,,
2026-07-04,AVAV,55.74781055878617,題材有熱度但訊號普通,國防/航太,短線漲幅過大,題材熱但短線漲幅偏大，等待回檔或量價整理。,AVAV Stock Rides Drone Defense Bull Wave As New Air Force Contract Adds Fuel — Here's What Investors Need To Know - Stocktwits,176.83999633789062,5D,5,2026-07-13,-0.19814518215201393,-0.01532895544309909,-0.18281622670891484,False
2026-07-04,AVAV,55.74781055878617,題材有熱度但訊號普通,國防/航太,短線漲幅過大,題材熱但短線漲幅偏大，等待回檔或量價整理。,AVAV Stock Rides Drone Defense Bull Wave As New Air Force Contract Adds Fuel — Here's What Investors Need To Know - Stocktwits,176.83999633789062,20D,20,2026-08-03,-0.09986430687527359,-0.03147394719144547,-0.06839035968382812,False
2026-07-04,AVAV,55.74781055878617,題材有熱度但訊號普通,國防/航太,短線漲幅過大,題材熱但短線漲幅偏大，等待回檔或量價整理。,AVAV Stock Rides Drone Defense Bull Wave As New Air Force Contract Adds Fuel — Here's What Investors Need To Know - Stocktwits,176.83999633789062,60D,60,,,,,
2026-07-04,IBM,43.4344720101508,題材有熱度但訊號普通,量子運算,未觸發主要風險,新聞提及 1 次，量價訊號尚需確認。,International Business Machines Corp Stock (IBM) Moved Up by 3.90% on Jul 1: What Investors Need To Know - TradingKey,297.3866882324219,5D,5,2026-07-13,-0.031016236714536127,-0.01532895544309909,-0.015687281271437037,False
2026-07-04,IBM,43.4344720101508,題材有熱度但訊號普通,量子運算,未觸發主要風險,新聞提及 1 次，量價訊號尚需確認。,International Business Machines Corp Stock (IBM) Moved Up by 3.90% on Jul 1: What Investors Need To Know - TradingKey,297.3866882324219,20D,20,2026-08-03,-0.24442436643174736,-0.03147394719144547,-0.2129504192403019,False
2026-07-04,IBM,43.4344720101508,題材有熱度但訊號普通,量子運算,未觸發主要風險,新聞提及 1 次，量價訊號尚需確認。,International Business Machines Corp Stock (IBM) Moved Up by 3.90% on Jul 1: What Investors Need To Know - TradingKey,297.3866882324219,60D,60,,,,,
2026-07-04,QBTS,6.164525906290173,低優先或資料不足,量子運算,低於50DMA,新聞提及 1 次，量價訊號尚需確認。,Could D-Wave (NYSE:QBTS) Stay Ahead in the Quantum Computing Race? - Kalkine Media,22.559999465942383,5D,5,2026-07-13,-0.17287232760877913,-0.01532895544309909,-0.15754337216568004,False
2026-07-04,QBTS,6.164525906290173,低優先或資料不足,量子運算,低於50DMA,新聞提及 1 次，量價訊號尚需確認。,Could D-Wave (NYSE:QBTS) Stay Ahead in the Quantum Computing Race? - Kalkine Media,22.559999465942383,20D,20,2026-08-03,-0.11436170145309366,-0.03147394719144547,-0.08288775426164818,False
2026-07-04,QBTS,6.164525906290173,低優先或資料不足,量子運算,低於50DMA,新聞提及 1 次，量價訊號尚需確認。,Could D-Wave (NYSE:QBTS) Stay Ahead in the Quantum Computing Race? - Kalkine Media,22.559999465942383,60D,60,,,,,
2026-07-04,IONQ,5.352815929297357,低優先或資料不足,量子運算,低於50DMA,新聞提及 1 次，量價訊號尚需確認。,IONQ Stock Analysis: Quantum Breakthrough Triggers Big Buying! Coppa Del Mondo Fifa 2026 (yUEQdS5ogf) - Mshale,48.869998931884766,5D,5,2026-07-13,-0.20441985025810283,-0.01532895544309909,-0.18909089481500374,False
2026-07-04,IONQ,5.352815929297357,低優先或資料不足,量子運算,低於50DMA,新聞提及 1 次，量價訊號尚需確認。,IONQ Stock Analysis: Quantum Breakthrough Triggers Big Buying! Coppa Del Mondo Fifa 2026 (yUEQdS5ogf) - Mshale,48.869998931884766,20D,20,2026-08-03,-0.20503377689305036,-0.03147394719144547,-0.17355982970160488,False
2026-07-04,IONQ,5.352815929297357,低優先或資料不足,量子運算,低於50DMA,新聞提及 1 次，量價訊號尚需確認。,IONQ Stock Analysis: Quantum Breakthrough Triggers Big Buying! Coppa Del Mondo Fifa 2026 (yUEQdS5ogf) - Mshale,48.869998931884766,60D,60,,,,,
2026-07-05,UPST,94.07740080451303,高優先觀察,小型成長股,未觸發主要風險,新聞提及 1 次，且價格站上 50DMA，值得加入觀察清單。,Is Upstart Holdings (UPST) Below Fair Value On Its Breakout And Revenue Recovery? - simplywall.st,34.33000183105469,5D,5,2026-07-13,-0.08360042509481735,-0.01532895544309909,-0.06827146965171826,False
2026-07-05,UPST,94.07740080451303,高優先觀察,小型成長股,未觸發主要風險,新聞提及 1 次，且價格站上 50DMA，值得加入觀察清單。,Is Upstart Holdings (UPST) Below Fair Value On Its Breakout And Revenue Recovery? - simplywall.st,34.33000183105469,20D,20,2026-08-03,-0.14273234094168907,-0.03147394719144547,-0.1112583937502436,False
2026-07-05,UPST,94.07740080451303,高優先觀察,小型成長股,未觸發主要風險,新聞提及 1 次，且價格站上 50DMA，值得加入觀察清單。,Is Upstart Holdings (UPST) Below Fair Value On Its Breakout And Revenue Recovery? - simplywall.st,34.33000183105469,60D,60,,,,,
2026-07-05,MELI,71.0122427557543,可觀察,金融科技,未觸發主要風險,新聞提及 1 次，且價格站上 50DMA，值得加入觀察清單。,BofA Highlights MercadoLibre Inc. (MELI) Credit Card Growth and Fintech Expansion - Yahoo Finance,1805.6800537109375,5D,5,2026-07-13,0.034125644236114416,-0.01532895544309909,0.04945459967921351,True
2026-07-05,MELI,71.0122427557543,可觀察,金融科技,未觸發主要風險,新聞提及 1 次，且價格站上 50DMA，值得加入觀察清單。,BofA Highlights MercadoLibre Inc. (MELI) Credit Card Growth and Fintech Expansion - Yahoo Finance,1805.6800537109375,20D,20,2026-08-03,0.05156505171567227,-0.03147394719144547,0.08303899890711774,True
2026-07-05,MELI,71.0122427557543,可觀察,金融科技,未觸發主要風險,新聞提及 1 次，且價格站上 50DMA，值得加入觀察清單。,BofA Highlights MercadoLibre Inc. (MELI) Credit Card Growth and Fintech Expansion - Yahoo Finance,1805.6800537109375,60D,60,,,,,
2026-07-05,AVAV,55.68110546442874,題材有熱度但訊號普通,國防/航太,短線漲幅過大,題材熱但短線漲幅偏大，等待回檔或量價整理。,AVAV Stock Rides Drone Defense Bull Wave As New Air Force Contract Adds Fuel — Here's What Investors Need To Know - Stocktwits,176.83999633789062,5D,5,2026-07-13,-0.19814518215201393,-0.01532895544309909,-0.18281622670891484,False
2026-07-05,AVAV,55.68110546442874,題材有熱度但訊號普通,國防/航太,短線漲幅過大,題材熱但短線漲幅偏大，等待回檔或量價整理。,AVAV Stock Rides Drone Defense Bull Wave As New Air Force Contract Adds Fuel — Here's What Investors Need To Know - Stocktwits,176.83999633789062,20D,20,2026-08-03,-0.09986430687527359,-0.03147394719144547,-0.06839035968382812,False
2026-07-05,AVAV,55.68110546442874,題材有熱度但訊號普通,國防/航太,短線漲幅過大,題材熱但短線漲幅偏大，等待回檔或量價整理。,AVAV Stock Rides Drone Defense Bull Wave As New Air Force Contract Adds Fuel — Here's What Investors Need To Know - Stocktwits,176.83999633789062,60D,60,,,,,
2026-07-05,IBM,43.4344720101508,題材有熱度但訊號普通,量子運算,未觸發主要風險,新聞提及 1 次，量價訊號尚需確認。,International Business Machines Corp Stock (IBM) Moved Up by 3.90% on Jul 1: What Investors Need To Know - TradingKey,297.3866882324219,5D,5,2026-07-13,-0.031016236714536127,-0.01532895544309909,-0.015687281271437037,False
2026-07-05,IBM,43.4344720101508,題材有熱度但訊號普通,量子運算,未觸發主要風險,新聞提及 1 次，量價訊號尚需確認。,International Business Machines Corp Stock (IBM) Moved Up by 3.90% on Jul 1: What Investors Need To Know - TradingKey,297.3866882324219,20D,20,2026-08-03,-0.24442436643174736,-0.03147394719144547,-0.2129504192403019,False
2026-07-05,IBM,43.4344720101508,題材有熱度但訊號普通,量子運算,未觸發主要風險,新聞提及 1 次，量價訊號尚需確認。,International Business Machines Corp Stock (IBM) Moved Up by 3.90% on Jul 1: What Investors Need To Know - TradingKey,297.3866882324219,60D,60,,,,,
2026-07-05,GOOG,41.10841686502134,題材有熱度但訊號普通,量子運算,低於50DMA,新聞提及 1 次，量價訊號尚需確認。,"Quantum Computing Emerges As The Next Major Investment Frontier, With NVIDIA (NASDAQ: NVDA), Google (NASDAQ: GOOG), And Microsoft (NASDAQ: MSFT) Leading - foreignpolicyjournal.com",364.6632385253906,5D,5,2026-07-13,-0.03899689395641659,-0.01532895544309909,-0.0236679385133175,False
2026-07-05,GOOG,41.10841686502134,題材有熱度但訊號普通,量子運算,低於50DMA,新聞提及 1 次，量價訊號尚需確認。,"Quantum Computing Emerges As The Next Major Investment Frontier, With NVIDIA (NASDAQ: NVDA), Google (NASDAQ: GOOG), And Microsoft (NASDAQ: MSFT) Leading - foreignpolicyjournal.com",364.6632385253906,20D,20,2026-08-03,0.020745425353901892,-0.03147394719144547,0.052219372545347365,True
2026-07-05,GOOG,41.10841686502134,題材有熱度但訊號普通,量子運算,低於50DMA,新聞提及 1 次，量價訊號尚需確認。,"Quantum Computing Emerges As The Next Major Investment Frontier, With NVIDIA (NASDAQ: NVDA), Google (NASDAQ: GOOG), And Microsoft (NASDAQ: MSFT) Leading - foreignpolicyjournal.com",364.6632385253906,60D,60,,,,,
2026-07-05,HON,25.294815322380366,暫時不強,機器人/自動化,低於50DMA,新聞提及 1 次，量價訊號尚需確認。,​Honeywell International Inc. (HON): One of The Best Robotics Stocks to Buy Poised for Manufacturing Automation Opportunities - Yahoo Finance,230.4884033203125,5D,5,2026-07-13,-0.03862786330191126,-0.01532895544309909,-0.023298907858812168,False
2026-07-05,HON,25.294815322380366,暫時不強,機器人/自動化,低於50DMA,新聞提及 1 次，量價訊號尚需確認。,​Honeywell International Inc. (HON): One of The Best Robotics Stocks to Buy Poised for Manufacturing Automation Opportunities - Yahoo Finance,230.4884033203125,20D,20,2026-08-03,0.06743671487759784,-0.03147394719144547,0.09891066206904331,True
2026-07-05,HON,25.294815322380366,暫時不強,機器人/自動化,低於50DMA,新聞提及 1 次，量價訊號尚需確認。,​Honeywell International Inc. (HON): One of The Best Robotics Stocks to Buy Poised for Manufacturing Automation Opportunities - Yahoo Finance,230.4884033203125,60D,60,,,,,
2026-07-05,NVDA,15.833069873328098,低優先或資料不足,量子運算,低於50DMA,新聞提及 1 次，量價訊號尚需確認。,"Quantum Computing Emerges As The Next Major Investment Frontier, With NVIDIA (NASDAQ: NVDA), Google (NASDAQ: GOOG), And Microsoft (NASDAQ: MSFT) Leading - foreignpolicyjournal.com",195.33143615722656,5D,5,2026-07-13,0.04080791854477228,-0.01532895544309909,0.05613687398787137,True
2026-07-05,NVDA,15.833069873328098,低優先或資料不足,量子運算,低於50DMA,新聞提及 1 次，量價訊號尚需確認。,"Quantum Computing Emerges As The Next Major Investment Frontier, With NVIDIA (NASDAQ: NVDA), Google (NASDAQ: GOOG), And Microsoft (NASDAQ: MSFT) Leading - foreignpolicyjournal.com",195.33143615722656,20D,20,2026-08-03,0.056711845359367796,-0.03147394719144547,0.08818579255081327,True
2026-07-05,NVDA,15.833069873328098,低優先或資料不足,量子運算,低於50DMA,新聞提及 1 次，量價訊號尚需確認。,"Quantum Computing Emerges As The Next Major Investment Frontier, With NVIDIA (NASDAQ: NVDA), Google (NASDAQ: GOOG), And Microsoft (NASDAQ: MSFT) Leading - foreignpolicyjournal.com",195.33143615722656,60D,60,,,,,
2026-07-05,TER,15.684258186660848,低優先或資料不足,機器人/自動化,低於50DMA,新聞提及 1 次，量價訊號尚需確認。,Teradyne (TER) Stock Still Trades At A Premium Following AI Automation Expansion - Yahoo Finance,379.374267578125,5D,5,2026-07-13,-0.10120682121374569,-0.01532895544309909,-0.0858778657706466,False
2026-07-05,TER,15.684258186660848,低優先或資料不足,機器人/自動化,低於50DMA,新聞提及 1 次，量價訊號尚需確認。,Teradyne (TER) Stock Still Trades At A Premium Following AI Automation Expansion - Yahoo Finance,379.374267578125,20D,20,2026-08-03,-0.03615098168048869,-0.03147394719144547,-0.004677034489043219,False
2026-07-05,TER,15.684258186660848,低優先或資料不足,機器人/自動化,低於50DMA,新聞提及 1 次，量價訊號尚需確認。,Teradyne (TER) Stock Still Trades At A Premium Following AI Automation Expansion - Yahoo Finance,379.374267578125,60D,60,,,,,
2026-07-05,IONQ,5.336225087574853,低優先或資料不足,量子運算,低於50DMA,新聞提及 1 次，量價訊號尚需確認。,IONQ Stock Analysis: Quantum Breakthrough Triggers Big Buying! Coppa Del Mondo Fifa 2026 (yUEQdS5ogf) - Mshale,48.869998931884766,5D,5,2026-07-13,-0.20441985025810283,-0.01532895544309909,-0.18909089481500374,False
2026-07-05,IONQ,5.336225087574853,低優先或資料不足,量子運算,低於50DMA,新聞提及 1 次，量價訊號尚需確認。,IONQ Stock Analysis: Quantum Breakthrough Triggers Big Buying! Coppa Del Mondo Fifa 2026 (yUEQdS5ogf) - Mshale,48.869998931884766,20D,20,2026-08-03,-0.20503377689305036,-0.03147394719144547,-0.17355982970160488,False
2026-07-05,IONQ,5.336225087574853,低優先或資料不足,量子運算,低於50DMA,新聞提及 1 次，量價訊號尚需確認。,IONQ Stock Analysis: Quantum Breakthrough Triggers Big Buying! Coppa Del Mondo Fifa 2026 (yUEQdS5ogf) - Mshale,48.869998931884766,60D,60,,,,,
2026-07-05,MSFT,3.82502306992788,低優先或資料不足,量子運算,低於50DMA,新聞提及 1 次，量價訊號尚需確認。,"Quantum Computing Emerges As The Next Major Investment Frontier, With NVIDIA (NASDAQ: NVDA), Google (NASDAQ: GOOG), And Microsoft (NASDAQ: MSFT) Leading - foreignpolicyjournal.com",386.0133056640625,5D,5,2026-07-13,0.010989348941772281,-0.01532895544309909,0.02631830438487137,True
2026-07-05,MSFT,3.82502306992788,低優先或資料不足,量子運算,低於50DMA,新聞提及 1 次，量價訊號尚需確認。,"Quantum Computing Emerges As The Next Major Investment Frontier, With NVIDIA (NASDAQ: NVDA), Google (NASDAQ: GOOG), And Microsoft (NASDAQ: MSFT) Leading - foreignpolicyjournal.com",386.0133056640625,20D,20,2026-08-03,0.2609246792049007,-0.03147394719144547,0.2923986263963462,True
2026-07-05,MSFT,3.82502306992788,低優先或資料不足,量子運算,低於50DMA,新聞提及 1 次，量價訊號尚需確認。,"Quantum Computing Emerges As The Next Major Investment Frontier, With NVIDIA (NASDAQ: NVDA), Google (NASDAQ: GOOG), And Microsoft (NASDAQ: MSFT) Leading - foreignpolicyjournal.com",386.0133056640625,60D,60,,,,,
2026-07-06,GE,91.91714344799063,高優先觀察,國防/航太,未觸發主要風險,新聞提及 1 次，且價格站上 50DMA，值得加入觀察清單。,GE Aerospace or Lockheed Martin: Which Aerospace and Defense Stock Is a Better Buy for 2026? - The Motley Fool,378.67999267578125,5D,5,2026-07-13,-0.0667053441866785,-0.01532895544309909,-0.051376388743579415,False
2026-07-06,GE,91.91714344799063,高優先觀察,國防/航太,未觸發主要風險,新聞提及 1 次，且價格站上 50DMA，值得加入觀察清單。,GE Aerospace or Lockheed Martin: Which Aerospace and Defense Stock Is a Better Buy for 2026? - The Motley Fool,378.67999267578125,20D,20,2026-08-03,-0.025747333338383638,-0.03147394719144547,0.005726613853061835,False
2026-07-06,GE,91.91714344799063,高優先觀察,國防/航太,未觸發主要風險,新聞提及 1 次，且價格站上 50DMA，值得加入觀察清單。,GE Aerospace or Lockheed Martin: Which Aerospace and Defense Stock Is a Better Buy for 2026? - The Motley Fool,378.67999267578125,60D,60,,,,,
2026-07-06,BE,59.59326275635261,題材有熱度但訊號普通,核能/電力,未觸發主要風險,新聞提及 1 次，量價訊號尚需確認。,AI data centers are reshaping the energy infrastructure landscape (BE:NYSE) - Seeking Alpha,295.04998779296875,5D,5,2026-07-13,-0.20864255159027567,-0.01532895544309909,-0.19331359614717658,False
2026-07-06,BE,59.59326275635261,題材有熱度但訊號普通,核能/電力,未觸發主要風險,新聞提及 1 次，量價訊號尚需確認。,AI data centers are reshaping the energy infrastructure landscape (BE:NYSE) - Seeking Alpha,295.04998779296875,20D,20,2026-08-03,-0.26005756191588136,-0.03147394719144547,-0.2285836147244359,False
2026-07-06,BE,59.59326275635261,題材有熱度但訊號普通,核能/電力,未觸發主要風險,新聞提及 1 次，量價訊號尚需確認。,AI data centers are reshaping the energy infrastructure landscape (BE:NYSE) - Seeking Alpha,295.04998779296875,60D,60,,,,,
2026-07-06,IBM,55.0328751014204,題材有熱度但訊號普通,量子運算,未觸發主要風險,新聞提及 1 次，量價訊號尚需確認。,International Business Machines Corp Stock (IBM) Moved Up by 3.90% on Jul 1: What Investors Need To Know - TradingKey,297.3866882324219,5D,5,2026-07-13,-0.031016236714536127,-0.01532895544309909,-0.015687281271437037,False
2026-07-06,IBM,55.0328751014204,題材有熱度但訊號普通,量子運算,未觸發主要風險,新聞提及 1 次，量價訊號尚需確認。,International Business Machines Corp Stock (IBM) Moved Up by 3.90% on Jul 1: What Investors Need To Know - TradingKey,297.3866882324219,20D,20,2026-08-03,-0.24442436643174736,-0.03147394719144547,-0.2129504192403019,False
2026-07-06,IBM,55.0328751014204,題材有熱度但訊號普通,量子運算,未觸發主要風險,新聞提及 1 次，量價訊號尚需確認。,International Business Machines Corp Stock (IBM) Moved Up by 3.90% on Jul 1: What Investors Need To Know - TradingKey,297.3866882324219,60D,60,,,,,
2026-07-06,AVAV,6.400236205932313,低優先或資料不足,國防/航太,短線漲幅過大,題材熱但短線漲幅偏大，等待回檔或量價整理。,Why Is AeroVironment (AVAV) Stock Rocketing Higher Today - StockStory,176.83999633789062,5D,5,2026-07-13,-0.19814518215201393,-0.01532895544309909,-0.18281622670891484,False
2026-07-06,AVAV,6.400236205932313,低優先或資料不足,國防/航太,短線漲幅過大,題材熱但短線漲幅偏大，等待回檔或量價整理。,Why Is AeroVironment (AVAV) Stock Rocketing Higher Today - StockStory,176.83999633789062,20D,20,2026-08-03,-0.09986430687527359,-0.03147394719144547,-0.06839035968382812,False
2026-07-06,AVAV,6.400236205932313,低優先或資料不足,國防/航太,短線漲幅過大,題材熱但短線漲幅偏大，等待回檔或量價整理。,Why Is AeroVironment (AVAV) Stock Rocketing Higher Today - StockStory,176.83999633789062,60D,60,,,,,
2026-07-06,CEG,4.410335556060662,低優先或資料不足,核能/電力,低於50DMA,新聞提及 1 次，量價訊號尚需確認。,Constellation Energy Stock analysis: Is CEG a strong AI data centre power demand trade idea? - FXStreet,245.49261474609375,5D,5,2026-07-13,0.047586229358370646,-0.01532895544309909,0.06291518480146974,True
2026-07-06,CEG,4.410335556060662,低優先或資料不足,核能/電力,低於50DMA,新聞提及 1 次，量價訊號尚需確認。,Constellation Energy Stock analysis: Is CEG a strong AI data centre power demand trade idea? - FXStreet,245.49261474609375,20D,20,2026-08-03,0.11323058234263206,-0.03147394719144547,0.14470452953407753,True
2026-07-06,CEG,4.410335556060662,低優先或資料不足,核能/電力,低於50DMA,新聞提及 1 次，量價訊號尚需確認。,Constellation Energy Stock analysis: Is CEG a strong AI data centre power demand trade idea? - FXStreet,245.49261474609375,60D,60,,,,,
2026-07-06,IONQ,3.3696918204296793,低優先或資料不足,量子運算,低於50DMA,新聞提及 1 次，量價訊號尚需確認。,IONQ Stock Analysis: Quantum Breakthrough Triggers Big Buying! Coppa Del Mondo Fifa 2026 (yUEQdS5ogf) - Mshale,48.869998931884766,5D,5,2026-07-13,-0.20441985025810283,-0.01532895544309909,-0.18909089481500374,False
2026-07-06,IONQ,3.3696918204296793,低優先或資料不足,量子運算,低於50DMA,新聞提及 1 次，量價訊號尚需確認。,IONQ Stock Analysis: Quantum Breakthrough Triggers Big Buying! Coppa Del Mondo Fifa 2026 (yUEQdS5ogf) - Mshale,48.869998931884766,20D,20,2026-08-03,-0.20503377689305036,-0.03147394719144547,-0.17355982970160488,False
2026-07-06,IONQ,3.3696918204296793,低優先或資料不足,量子運算,低於50DMA,新聞提及 1 次，量價訊號尚需確認。,IONQ Stock Analysis: Quantum Breakthrough Triggers Big Buying! Coppa Del Mondo Fifa 2026 (yUEQdS5ogf) - Mshale,48.869998931884766,60D,60,,,,,
2026-07-07,XPOF,97.18556553718066,高優先觀察,消費復甦,未觸發主要風險,新聞提及 1 次，且價格站上 50DMA，值得加入觀察清單。,Winners And Losers Of Q1: Xponential Fitness (NYSE:XPOF) Vs The Rest Of The Consumer Discretionary - Leisure Facilities Stocks - StockStory,6.909999847412109,5D,5,2026-07-14,-0.04486251079956827,0.014462326983890161,-0.05932483778345843,False
2026-07-07,XPOF,97.18556553718066,高優先觀察,消費復甦,未觸發主要風險,新聞提及 1 次，且價格站上 50DMA，值得加入觀察清單。,Winners And Losers Of Q1: Xponential Fitness (NYSE:XPOF) Vs The Rest Of The Consumer Discretionary - Leisure Facilities Stocks - StockStory,6.909999847412109,20D,20,2026-08-04,-0.03328509756185083,0.020326147112073256,-0.053611244673924086,False
2026-07-07,XPOF,97.18556553718066,高優先觀察,消費復甦,未觸發主要風險,新聞提及 1 次，且價格站上 50DMA，值得加入觀察清單。,Winners And Losers Of Q1: Xponential Fitness (NYSE:XPOF) Vs The Rest Of The Consumer Discretionary - Leisure Facilities Stocks - StockStory,6.909999847412109,60D,60,,,,,
2026-07-07,GE,89.59288492877648,高優先觀察,國防/航太,未觸發主要風險,新聞提及 1 次，且價格站上 50DMA，值得加入觀察清單。,GE Aerospace or Lockheed Martin: Which Aerospace and Defense Stock Is a Better Buy for 2026? - The Motley Fool,366.9800109863281,5D,5,2026-07-14,-0.03610550875615304,0.014462326983890161,-0.0505678357400432,False
2026-07-07,GE,89.59288492877648,高優先觀察,國防/航太,未觸發主要風險,新聞提及 1 次，且價格站上 50DMA，值得加入觀察清單。,GE Aerospace or Lockheed Martin: Which Aerospace and Defense Stock Is a Better Buy for 2026? - The Motley Fool,366.9800109863281,20D,20,2026-08-04,0.02806689052432465,0.020326147112073256,0.007740743412251394,True
2026-07-07,GE,89.59288492877648,高優先觀察,國防/航太,未觸發主要風險,新聞提及 1 次，且價格站上 50DMA，值得加入觀察清單。,GE Aerospace or Lockheed Martin: Which Aerospace and Defense Stock Is a Better Buy for 2026? - The Motley Fool,366.9800109863281,60D,60,,,,,
2026-07-07,MKC,72.65622302608118,可觀察,消費復甦,未觸發主要風險,新聞提及 1 次，且價格站上 50DMA，值得加入觀察清單。,Is MKC Stock Undervalued After Its Pullback and Margin Recovery Signs - Yahoo Finance,52.220001220703125,5D,5,2026-07-14,0.012064290285159984,0.014462326983890161,-0.002398036698730177,True
2026-07-07,MKC,72.65622302608118,可觀察,消費復甦,未觸發主要風險,新聞提及 1 次，且價格站上 50DMA，值得加入觀察清單。,Is MKC Stock Undervalued After Its Pullback and Margin Recovery Signs - Yahoo Finance,52.220001220703125,20D,20,2026-08-04,-0.0030639571748741767,0.020326147112073256,-0.023390104286947433,False
2026-07-07,MKC,72.65622302608118,可觀察,消費復甦,未觸發主要風險,新聞提及 1 次，且價格站上 50DMA，值得加入觀察清單。,Is MKC Stock Undervalued After Its Pullback and Margin Recovery Signs - Yahoo Finance,52.220001220703125,60D,60,,,,,
2026-07-07,BE,42.06155044628942,題材有熱度但訊號普通,核能/電力,低於50DMA,新聞提及 1 次，量價訊號尚需確認。,AI data centers are reshaping the energy infrastructure landscape (BE:NYSE) - Seeking Alpha,269.57000732421875,5D,5,2026-07-14,-0.09708058284191468,0.014462326983890161,-0.11154290982580484,False
2026-07-07,BE,42.06155044628942,題材有熱度但訊號普通,核能/電力,低於50DMA,新聞提及 1 次，量價訊號尚需確認。,AI data centers are reshaping the energy infrastructure landscape (BE:NYSE) - Seeking Alpha,269.57000732421875,20D,20,2026-08-04,-0.15380051781503334,0.020326147112073256,-0.1741266649271066,False
2026-07-07,BE,42.06155044628942,題材有熱度但訊號普通,核能/電力,低於50DMA,新聞提及 1 次，量價訊號尚需確認。,AI data centers are reshaping the energy infrastructure landscape (BE:NYSE) - Seeking Alpha,269.57000732421875,60D,60,,,,,
2026-07-07,TER,31.604406039015885,暫時不強,機器人/自動化,低於50DMA,新聞提及 2 次，量價訊號尚需確認。,"How Teradyne, Inc.’s (TER) Robotics Demos Keep Its Automation Story Grounded in Factory Use Cases - Insider Monkey",342.9782409667969,5D,5,2026-07-14,0.029495019491114327,0.014462326983890161,0.015032692507224166,True
2026-07-07,TER,31.604406039015885,暫時不強,機器人/自動化,低於50DMA,新聞提及 2 次，量價訊號尚需確認。,"How Teradyne, Inc.’s (TER) Robotics Demos Keep Its Automation Story Grounded in Factory Use Cases - Insider Monkey",342.9782409667969,20D,20,2026-08-04,0.17618257111513946,0.020326147112073256,0.1558564240030662,True
2026-07-07,TER,31.604406039015885,暫時不強,機器人/自動化,低於50DMA,新聞提及 2 次，量價訊號尚需確認。,"How Teradyne, Inc.’s (TER) Robotics Demos Keep Its Automation Story Grounded in Factory Use Cases - Insider Monkey",342.9782409667969,60D,60,,,,,
2026-07-07,PEP,30.34911127344344,暫時不強,消費復甦,低於50DMA,新聞提及 1 次，量價訊號尚需確認。,"PEP Stock Faces Fresh Pressure: Barclays Cuts Price Target, Warns Turnaround Is Losing Steam Ahead Of Q2 Earnings - TradingView",143.44757080078125,5D,5,2026-07-14,-0.0657332533416729,0.014462326983890161,-0.08019558032556307,False
2026-07-07,PEP,30.34911127344344,暫時不強,消費復甦,低於50DMA,新聞提及 1 次，量價訊號尚需確認。,"PEP Stock Faces Fresh Pressure: Barclays Cuts Price Target, Warns Turnaround Is Losing Steam Ahead Of Q2 Earnings - TradingView",143.44757080078125,20D,20,2026-08-04,-0.040557261051507365,0.020326147112073256,-0.06088340816358062,False
2026-07-07,PEP,30.34911127344344,暫時不強,消費復甦,低於50DMA,新聞提及 1 次，量價訊號尚需確認。,"PEP Stock Faces Fresh Pressure: Barclays Cuts Price Target, Warns Turnaround Is Losing Steam Ahead Of Q2 Earnings - TradingView",143.44757080078125,60D,60,,,,,
2026-07-07,CEG,10.66878381597119,低優先或資料不足,核能/電力,低於50DMA,新聞提及 2 次，量價訊號尚需確認。,Constellation Energy Stock analysis: Is CEG a strong AI data centre power demand trade idea? - FXStreet,239.3420867919922,5D,5,2026-07-14,0.069750877927373,0.014462326983890161,0.05528855094348284,True
2026-07-07,CEG,10.66878381597119,低優先或資料不足,核能/電力,低於50DMA,新聞提及 2 次，量價訊號尚需確認。,Constellation Energy Stock analysis: Is CEG a strong AI data centre power demand trade idea? - FXStreet,239.3420867919922,20D,20,2026-08-04,0.1148888054290571,0.020326147112073256,0.09456265831698385,True
2026-07-07,CEG,10.66878381597119,低優先或資料不足,核能/電力,低於50DMA,新聞提及 2 次，量價訊號尚需確認。,Constellation Energy Stock analysis: Is CEG a strong AI data centre power demand trade idea? - FXStreet,239.3420867919922,60D,60,,,,,
2026-07-07,RKLB,0.0,低優先或資料不足,太空,低於50DMA,新聞提及 2 次，量價訊號尚需確認。,Rocket Lab (RKLB) Sets New Benchmark With VICTUS HAZE Launch For U.S. Space Force - Yahoo Finance,83.41000366210938,5D,5,2026-07-14,-0.05514933343187545,0.014462326983890161,-0.06961166041576561,False
2026-07-07,RKLB,0.0,低優先或資料不足,太空,低於50DMA,新聞提及 2 次，量價訊號尚需確認。,Rocket Lab (RKLB) Sets New Benchmark With VICTUS HAZE Launch For U.S. Space Force - Yahoo Finance,83.41000366210938,20D,20,2026-08-04,-0.10706150237507317,0.020326147112073256,-0.12738764948714643,False
2026-07-07,RKLB,0.0,低優先或資料不足,太空,低於50DMA,新聞提及 2 次，量價訊號尚需確認。,Rocket Lab (RKLB) Sets New Benchmark With VICTUS HAZE Launch For U.S. Space Force - Yahoo Finance,83.41000366210938,60D,60,,,,,
2026-07-07,AVAV,0.0,低優先或資料不足,國防/航太,低於50DMA,新聞提及 1 次，量價訊號尚需確認。,Why Is AeroVironment (AVAV) Stock Rocketing Higher Today - The Globe and Mail,162.52999877929688,5D,5,2026-07-14,-0.11727064358423911,0.014462326983890161,-0.13173297056812927,False
2026-07-07,AVAV,0.0,低優先或資料不足,國防/航太,低於50DMA,新聞提及 1 次，量價訊號尚需確認。,Why Is AeroVironment (AVAV) Stock Rocketing Higher Today - The Globe and Mail,162.52999877929688,20D,20,2026-08-04,0.039931123742743546,0.020326147112073256,0.01960497663067029,True
2026-07-07,AVAV,0.0,低優先或資料不足,國防/航太,低於50DMA,新聞提及 1 次，量價訊號尚需確認。,Why Is AeroVironment (AVAV) Stock Rocketing Higher Today - The Globe and Mail,162.52999877929688,60D,60,,,,,
2026-07-08,NTSK,91.91848479822602,高優先觀察,網路安全,未觸發主要風險,新聞提及 1 次，且價格站上 50DMA，值得加入觀察清單。,Is Netskope (NTSK) Undervalued Following Its Earnings Update And AI Security Traction? - simplywall.st,11.920000076293945,5D,5,2026-07-15,0.11157717409340528,0.008855214228665087,0.1027219598647402,True
2026-07-08,NTSK,91.91848479822602,高優先觀察,網路安全,未觸發主要風險,新聞提及 1 次，且價格站上 50DMA，值得加入觀察清單。,Is Netskope (NTSK) Undervalued Following Its Earnings Update And AI Security Traction? - simplywall.st,11.920000076293945,20D,20,2026-08-05,0.18120803973045585,0.008236789447016113,0.17297125028343974,True
2026-07-08,NTSK,91.91848479822602,高優先觀察,網路安全,未觸發主要風險,新聞提及 1 次，且價格站上 50DMA，值得加入觀察清單。,Is Netskope (NTSK) Undervalued Following Its Earnings Update And AI Security Traction? - simplywall.st,11.920000076293945,60D,60,,,,,
2026-07-08,IBD,29.905198292089104,暫時不強,醫療科技,低於50DMA,新聞提及 1 次，量價訊號尚需確認。,Healthcare Stocks Rise To The Heart Of IBD's Elite List Of Growth Names - Investor's Business Daily,23.312156677246094,5D,5,2026-07-15,0.006366731455430097,0.008855214228665087,-0.00248848277323499,True
2026-07-08,IBD,29.905198292089104,暫時不強,醫療科技,低於50DMA,新聞提及 1 次，量價訊號尚需確認。,Healthcare Stocks Rise To The Heart Of IBD's Elite List Of Growth Names - Investor's Business Daily,23.312156677246094,20D,20,2026-08-05,0.008769228402809137,0.008236789447016113,0.0005324389557930242,True
2026-07-08,IBD,29.905198292089104,暫時不強,醫療科技,低於50DMA,新聞提及 1 次，量價訊號尚需確認。,Healthcare Stocks Rise To The Heart Of IBD's Elite List Of Growth Names - Investor's Business Daily,23.312156677246094,60D,60,,,,,
2026-07-08,RKLB,0.0,低優先或資料不足,太空,低於50DMA,新聞提及 1 次，量價訊號尚需確認。,Rocket Lab (RKLB) Sets New Benchmark With VICTUS HAZE Launch For U.S. Space Force - Yahoo Finance,83.3499984741211,5D,5,2026-07-15,-0.08578286330861629,0.008855214228665087,-0.09463807753728137,False
2026-07-08,RKLB,0.0,低優先或資料不足,太空,低於50DMA,新聞提及 1 次，量價訊號尚需確認。,Rocket Lab (RKLB) Sets New Benchmark With VICTUS HAZE Launch For U.S. Space Force - Yahoo Finance,83.3499984741211,20D,20,2026-08-05,-0.1023395193215908,0.008236789447016113,-0.11057630876860691,False
2026-07-08,RKLB,0.0,低優先或資料不足,太空,低於50DMA,新聞提及 1 次，量價訊號尚需確認。,Rocket Lab (RKLB) Sets New Benchmark With VICTUS HAZE Launch For U.S. Space Force - Yahoo Finance,83.3499984741211,60D,60,,,,,
2026-07-08,APLD,0.0,低優先或資料不足,AI/資料中心,低於50DMA,新聞提及 1 次，量價訊號尚需確認。,Applied Digital (APLD) Stock Analysis 2025 Tumbler Ridge Shooting (4JikLa22ow) - Mshale,31.440000534057617,5D,5,2026-07-15,-0.07665393786496466,0.008855214228665087,-0.08550915209362975,False
2026-07-08,APLD,0.0,低優先或資料不足,AI/資料中心,低於50DMA,新聞提及 1 次，量價訊號尚需確認。,Applied Digital (APLD) Stock Analysis 2025 Tumbler Ridge Shooting (4JikLa22ow) - Mshale,31.440000534057617,20D,20,2026-08-05,-0.04993637621359148,0.008236789447016113,-0.058173165660607595,False
2026-07-08,APLD,0.0,低優先或資料不足,AI/資料中心,低於50DMA,新聞提及 1 次，量價訊號尚需確認。,Applied Digital (APLD) Stock Analysis 2025 Tumbler Ridge Shooting (4JikLa22ow) - Mshale,31.440000534057617,60D,60,,,,,
2026-07-09,UCTT,95.39893148898562,高優先觀察,半導體設備,未觸發主要風險,新聞提及 1 次，且價格站上 50DMA，值得加入觀察清單。,Does Ultra Clean (UCTT) Losing Russell Value Status Recast Its Role in the AI Chip Supply Chain? - simplywall.st,106.19000244140625,5D,5,2026-07-16,-0.12797818678631145,-0.023974214988572662,-0.10400397179773879,False
2026-07-09,UCTT,95.39893148898562,高優先觀察,半導體設備,未觸發主要風險,新聞提及 1 次，且價格站上 50DMA，值得加入觀察清單。,Does Ultra Clean (UCTT) Losing Russell Value Status Recast Its Role in the AI Chip Supply Chain? - simplywall.st,106.19000244140625,20D,20,2026-08-06,-0.217063777397278,-0.011931776664497074,-0.20513200073278093,False
2026-07-09,UCTT,95.39893148898562,高優先觀察,半導體設備,未觸發主要風險,新聞提及 1 次，且價格站上 50DMA，值得加入觀察清單。,Does Ultra Clean (UCTT) Losing Russell Value Status Recast Its Role in the AI Chip Supply Chain? - simplywall.st,106.19000244140625,60D,60,,,,,
2026-07-09,PANW,93.6310553774424,高優先觀察,網路安全,未觸發主要風險,新聞提及 1 次，且價格站上 50DMA，值得加入觀察清單。,Here’s Why Palo Alto (PANW) is Among the 8 High Growth Cybersecurity Stocks to Buy Now - Yahoo Finance,338.30999755859375,5D,5,2026-07-16,0.046348002686694256,-0.023974214988572662,0.07032221767526692,True
2026-07-09,PANW,93.6310553774424,高優先觀察,網路安全,未觸發主要風險,新聞提及 1 次，且價格站上 50DMA，值得加入觀察清單。,Here’s Why Palo Alto (PANW) is Among the 8 High Growth Cybersecurity Stocks to Buy Now - Yahoo Finance,338.30999755859375,20D,20,2026-08-06,0.06260528163112578,-0.011931776664497074,0.07453705829562285,True
2026-07-09,PANW,93.6310553774424,高優先觀察,網路安全,未觸發主要風險,新聞提及 1 次，且價格站上 50DMA，值得加入觀察清單。,Here’s Why Palo Alto (PANW) is Among the 8 High Growth Cybersecurity Stocks to Buy Now - Yahoo Finance,338.30999755859375,60D,60,,,,,
2026-07-09,SIMO,93.19923433138727,高優先觀察,半導體設備,未觸發主要風險,新聞提及 1 次，且價格站上 50DMA，值得加入觀察清單。,Silicon Motion Technology (NASDAQ:SIMO): A Growth Stock with a Technical Breakout Setup - ChartMill,323.6026916503906,5D,5,2026-07-16,-0.1597792228135294,-0.023974214988572662,-0.13580500782495675,False
2026-07-09,SIMO,93.19923433138727,高優先觀察,半導體設備,未觸發主要風險,新聞提及 1 次，且價格站上 50DMA，值得加入觀察清單。,Silicon Motion Technology (NASDAQ:SIMO): A Growth Stock with a Technical Breakout Setup - ChartMill,323.6026916503906,20D,20,2026-08-06,-0.17358538857673178,-0.011931776664497074,-0.1616536119122347,False
2026-07-09,SIMO,93.19923433138727,高優先觀察,半導體設備,未觸發主要風險,新聞提及 1 次，且價格站上 50DMA，值得加入觀察清單。,Silicon Motion Technology (NASDAQ:SIMO): A Growth Stock with a Technical Breakout Setup - ChartMill,323.6026916503906,60D,60,,,,,
2026-07-09,AMD,93.10985431804974,高優先觀察,半導體設備,未觸發主要風險,新聞提及 1 次，且價格站上 50DMA，值得加入觀察清單。,"Intel and Applied Materials Dive 10%, AMD Craters 8% as Samsung Earnings Trigger Chip Selloff - 24/7 Wall St.",546.719970703125,5D,5,2026-07-16,-0.08373567953415362,-0.023974214988572662,-0.059761464545580956,False
2026-07-09,AMD,93.10985431804974,高優先觀察,半導體設備,未觸發主要風險,新聞提及 1 次，且價格站上 50DMA，值得加入觀察清單。,"Intel and Applied Materials Dive 10%, AMD Craters 8% as Samsung Earnings Trigger Chip Selloff - 24/7 Wall St.",546.719970703125,20D,20,2026-08-06,-0.10506287496678746,-0.011931776664497074,-0.09313109830229038,False
2026-07-09,AMD,93.10985431804974,高優先觀察,半導體設備,未觸發主要風險,新聞提及 1 次，且價格站上 50DMA，值得加入觀察清單。,"Intel and Applied Materials Dive 10%, AMD Craters 8% as Samsung Earnings Trigger Chip Selloff - 24/7 Wall St.",546.719970703125,60D,60,,,,,
2026-07-09,PLNT,21.340529574438634,暫時不強,消費復甦,低於50DMA,新聞提及 1 次，量價訊號尚需確認。,Q1 Earnings Highlights: Planet Fitness (NYSE:PLNT) Vs The Rest Of The Consumer Discretionary - Leisure Facilities Stocks - Yahoo Finance,51.380001068115234,5D,5,2026-07-16,0.029194238396597738,-0.023974214988572662,0.0531684533851704,True
2026-07-09,PLNT,21.340529574438634,暫時不強,消費復甦,低於50DMA,新聞提及 1 次，量價訊號尚需確認。,Q1 Earnings Highlights: Planet Fitness (NYSE:PLNT) Vs The Rest Of The Consumer Discretionary - Leisure Facilities Stocks - Yahoo Finance,51.380001068115234,20D,20,2026-08-06,-0.0033087189589039445,-0.011931776664497074,0.008623057705593129,False
2026-07-09,PLNT,21.340529574438634,暫時不強,消費復甦,低於50DMA,新聞提及 1 次，量價訊號尚需確認。,Q1 Earnings Highlights: Planet Fitness (NYSE:PLNT) Vs The Rest Of The Consumer Discretionary - Leisure Facilities Stocks - Yahoo Finance,51.380001068115234,60D,60,,,,,
2026-07-09,PEP,14.455192958444883,低優先或資料不足,消費復甦,低於50DMA,新聞提及 1 次，量價訊號尚需確認。,"PEP Stock Faces Fresh Pressure: Barclays Cuts Price Target, Warns Turnaround Is Losing Steam Ahead Of Q2 Earnings - TradingView",136.40283203125,5D,5,2026-07-16,0.011388256972361122,-0.023974214988572662,0.03536247196093378,True
2026-07-09,PEP,14.455192958444883,低優先或資料不足,消費復甦,低於50DMA,新聞提及 1 次，量價訊號尚需確認。,"PEP Stock Faces Fresh Pressure: Barclays Cuts Price Target, Warns Turnaround Is Losing Steam Ahead Of Q2 Earnings - TradingView",136.40283203125,20D,20,2026-08-06,0.00420715456787657,-0.011931776664497074,0.016138931232373643,True
2026-07-09,PEP,14.455192958444883,低優先或資料不足,消費復甦,低於50DMA,新聞提及 1 次，量價訊號尚需確認。,"PEP Stock Faces Fresh Pressure: Barclays Cuts Price Target, Warns Turnaround Is Losing Steam Ahead Of Q2 Earnings - TradingView",136.40283203125,60D,60,,,,,
2026-07-09,FCA,0.0,低優先或資料不足,加密/交易平台,低於50DMA,新聞提及 1 次，量價訊號尚需確認。,Coinbase Expands Beyond Crypto in the UK with FCA Approval for Stocks and Derivatives - Finance Magnates,25.745637893676758,5D,5,2026-07-16,-0.003004120052490289,-0.023974214988572662,0.020970094936082373,False
2026-07-09,FCA,0.0,低優先或資料不足,加密/交易平台,低於50DMA,新聞提及 1 次，量價訊號尚需確認。,Coinbase Expands Beyond Crypto in the UK with FCA Approval for Stocks and Derivatives - Finance Magnates,25.745637893676758,20D,20,2026-08-06,0.02891474811064554,-0.011931776664497074,0.04084652477514261,True
2026-07-09,FCA,0.0,低優先或資料不足,加密/交易平台,低於50DMA,新聞提及 1 次，量價訊號尚需確認。,Coinbase Expands Beyond Crypto in the UK with FCA Approval for Stocks and Derivatives - Finance Magnates,25.745637893676758,60D,60,,,,,
2026-07-10,UPST,69.42064161923157,可觀察,小型成長股,未觸發主要風險,新聞提及 1 次，量價訊號尚需確認。,Is Upstart Holdings (UPST) Below Fair Value On Its Breakout And Revenue Recovery? - simplywall.st,32.7400016784668,5D,5,2026-07-17,-0.09865611740971114,-0.041598371890143704,-0.05705774551956744,False
2026-07-10,UPST,69.42064161923157,可觀察,小型成長股,未觸發主要風險,新聞提及 1 次，量價訊號尚需確認。,Is Upstart Holdings (UPST) Below Fair Value On Its Breakout And Revenue Recovery? - simplywall.st,32.7400016784668,20D,20,2026-08-07,-0.05039711182923112,-0.003418282869939393,-0.04697882895929173,False
2026-07-10,UPST,69.42064161923157,可觀察,小型成長股,未觸發主要風險,新聞提及 1 次，量價訊號尚需確認。,Is Upstart Holdings (UPST) Below Fair Value On Its Breakout And Revenue Recovery? - simplywall.st,32.7400016784668,60D,60,,,,,
2026-07-10,IBM,65.56027750474306,可觀察,量子運算,未觸發主要風險,新聞提及 2 次，量價訊號尚需確認。,IBM (IBM) Stock May Be 17% Below Fair Value After Chip Breakthrough - simplywall.st,285.5118713378906,5D,5,2026-07-17,-0.2604325962068067,-0.041598371890143704,-0.218834224316663,False
2026-07-10,IBM,65.56027750474306,可觀察,量子運算,未觸發主要風險,新聞提及 2 次，量價訊號尚需確認。,IBM (IBM) Stock May Be 17% Below Fair Value After Chip Breakthrough - simplywall.st,285.5118713378906,20D,20,2026-08-07,-0.17485043534641564,-0.003418282869939393,-0.17143215247647625,False
2026-07-10,IBM,65.56027750474306,可觀察,量子運算,未觸發主要風險,新聞提及 2 次，量價訊號尚需確認。,IBM (IBM) Stock May Be 17% Below Fair Value After Chip Breakthrough - simplywall.st,285.5118713378906,60D,60,,,,,
2026-07-10,WHR,29.206106326659786,暫時不強,消費復甦,低於50DMA,新聞提及 1 次，量價訊號尚需確認。,Why Is Whirlpool Trading Like Housing Never Recovers? (NYSE:WHR) - Seeking Alpha,40.720001220703125,5D,5,2026-07-17,-0.06090371974191966,-0.041598371890143704,-0.019305347851775956,False
2026-07-10,WHR,29.206106326659786,暫時不強,消費復甦,低於50DMA,新聞提及 1 次，量價訊號尚需確認。,Why Is Whirlpool Trading Like Housing Never Recovers? (NYSE:WHR) - Seeking Alpha,40.720001220703125,20D,20,2026-08-07,0.06286830751105632,-0.003418282869939393,0.06628659038099571,True
2026-07-10,WHR,29.206106326659786,暫時不強,消費復甦,低於50DMA,新聞提及 1 次，量價訊號尚需確認。,Why Is Whirlpool Trading Like Housing Never Recovers? (NYSE:WHR) - Seeking Alpha,40.720001220703125,60D,60,,,,,
2026-07-10,PLNT,18.273712177868582,低優先或資料不足,消費復甦,低於50DMA,新聞提及 1 次，量價訊號尚需確認。,Q1 Earnings Highlights: Planet Fitness (NYSE:PLNT) Vs The Rest Of The Consumer Discretionary - Leisure Facilities Stocks - Yahoo Finance,51.33000183105469,5D,5,2026-07-17,0.020066213570125502,-0.041598371890143704,0.061664585460269206,True
2026-07-10,PLNT,18.273712177868582,低優先或資料不足,消費復甦,低於50DMA,新聞提及 1 次，量價訊號尚需確認。,Q1 Earnings Highlights: Planet Fitness (NYSE:PLNT) Vs The Rest Of The Consumer Discretionary - Leisure Facilities Stocks - Yahoo Finance,51.33000183105469,20D,20,2026-08-07,-0.02571602303592524,-0.003418282869939393,-0.022297740165985847,False
2026-07-10,PLNT,18.273712177868582,低優先或資料不足,消費復甦,低於50DMA,新聞提及 1 次，量價訊號尚需確認。,Q1 Earnings Highlights: Planet Fitness (NYSE:PLNT) Vs The Rest Of The Consumer Discretionary - Leisure Facilities Stocks - Yahoo Finance,51.33000183105469,60D,60,,,,,
2026-07-11,SIMO,92.13576419416039,高優先觀察,半導體設備,未觸發主要風險,新聞提及 1 次，且價格站上 50DMA，值得加入觀察清單。,Silicon Motion Technology (NASDAQ:SIMO): A Growth Stock with a Technical Breakout Setup - ChartMill,298.9028625488281,5D,5,2026-07-20,-0.15658915575546928,-0.022030457698161254,-0.13455869805730802,False
2026-07-11,SIMO,92.13576419416039,高優先觀察,半導體設備,未觸發主要風險,新聞提及 1 次，且價格站上 50DMA，值得加入觀察清單。,Silicon Motion Technology (NASDAQ:SIMO): A Growth Stock with a Technical Breakout Setup - ChartMill,298.9028625488281,20D,20,2026-08-10,-0.22847844733276979,0.012827786466642843,-0.24130623379941263,False
2026-07-11,SIMO,92.13576419416039,高優先觀察,半導體設備,未觸發主要風險,新聞提及 1 次，且價格站上 50DMA，值得加入觀察清單。,Silicon Motion Technology (NASDAQ:SIMO): A Growth Stock with a Technical Breakout Setup - ChartMill,298.9028625488281,60D,60,,,,,
2026-07-11,XRP,17.940031333770694,低優先或資料不足,半導體設備,低於50DMA,新聞提及 1 次，量價訊號尚需確認。,Analysts see XRP gains but millionaire dreams unlikely - MSN,11.930000305175781,5D,5,2026-07-20,0.04610219807135563,-0.022030457698161254,0.06813265576951688,True
2026-07-11,XRP,17.940031333770694,低優先或資料不足,半導體設備,低於50DMA,新聞提及 1 次，量價訊號尚需確認。,Analysts see XRP gains but millionaire dreams unlikely - MSN,11.930000305175781,20D,20,2026-08-10,-0.044425873687159,0.012827786466642843,-0.057253660153801844,False
2026-07-11,XRP,17.940031333770694,低優先或資料不足,半導體設備,低於50DMA,新聞提及 1 次，量價訊號尚需確認。,Analysts see XRP gains but millionaire dreams unlikely - MSN,11.930000305175781,60D,60,,,,,
2026-07-11,AVAV,0.0,低優先或資料不足,國防/航太,低於50DMA,新聞提及 1 次，量價訊號尚需確認。,AVAV Stock Rides Drone Defense Bull Wave As New Air Force Contract Adds Fuel — Here's What Investors Need To Know - Stocktwits,141.8000030517578,5D,5,2026-07-20,0.00564177034231661,-0.022030457698161254,0.027672228040477864,True
2026-07-11,AVAV,0.0,低優先或資料不足,國防/航太,低於50DMA,新聞提及 1 次，量價訊號尚需確認。,AVAV Stock Rides Drone Defense Bull Wave As New Air Force Contract Adds Fuel — Here's What Investors Need To Know - Stocktwits,141.8000030517578,20D,20,2026-08-10,0.3339209437636157,0.012827786466642843,0.32109315729697285,True
2026-07-11,AVAV,0.0,低優先或資料不足,國防/航太,低於50DMA,新聞提及 1 次，量價訊號尚需確認。,AVAV Stock Rides Drone Defense Bull Wave As New Air Force Contract Adds Fuel — Here's What Investors Need To Know - Stocktwits,141.8000030517578,60D,60,,,,,
2026-07-12,AMD,92.8158212270445,高優先觀察,半導體設備,未觸發主要風險,新聞提及 1 次，且價格站上 50DMA，值得加入觀察清單。,"Intel and Applied Materials Dive 10%, AMD Craters 8% as Samsung Earnings Trigger Chip Selloff - 24/7 Wall St.",534.3900146484375,5D,5,2026-07-20,-0.05767324702819254,-0.022030457698161254,-0.03564278933003129,False
2026-07-12,AMD,92.8158212270445,高優先觀察,半導體設備,未觸發主要風險,新聞提及 1 次，且價格站上 50DMA，值得加入觀察清單。,"Intel and Applied Materials Dive 10%, AMD Craters 8% as Samsung Earnings Trigger Chip Selloff - 24/7 Wall St.",534.3900146484375,20D,20,2026-08-10,-0.12131592154186088,0.012827786466642843,-0.13414370800850373,False
2026-07-12,AMD,92.8158212270445,高優先觀察,半導體設備,未觸發主要風險,新聞提及 1 次，且價格站上 50DMA，值得加入觀察清單。,"Intel and Applied Materials Dive 10%, AMD Craters 8% as Samsung Earnings Trigger Chip Selloff - 24/7 Wall St.",534.3900146484375,60D,60,,,,,
2026-07-12,NCLH,59.97378741883399,題材有熱度但訊號普通,消費復甦,未觸發主要風險,新聞提及 1 次，量價訊號尚需確認。,Why Are Norwegian Cruise Line (NCLH) Shares Soaring Today - StockStory,19.6299991607666,5D,5,2026-07-20,-0.007131910118888141,-0.022030457698161254,0.014898547579273114,False
2026-07-12,NCLH,59.97378741883399,題材有熱度但訊號普通,消費復甦,未觸發主要風險,新聞提及 1 次，量價訊號尚需確認。,Why Are Norwegian Cruise Line (NCLH) Shares Soaring Today - StockStory,19.6299991607666,20D,20,2026-08-10,-0.055017828317822426,0.012827786466642843,-0.06784561478446527,False
2026-07-12,NCLH,59.97378741883399,題材有熱度但訊號普通,消費復甦,未觸發主要風險,新聞提及 1 次，量價訊號尚需確認。,Why Are Norwegian Cruise Line (NCLH) Shares Soaring Today - StockStory,19.6299991607666,60D,60,,,,,
2026-07-12,PLNT,19.394949148834705,低優先或資料不足,消費復甦,低於50DMA,新聞提及 1 次，量價訊號尚需確認。,Q1 Earnings Highlights: Planet Fitness (NYSE:PLNT) Vs The Rest Of The Consumer Discretionary - Leisure Facilities Stocks - Yahoo Finance,50.5,5D,5,2026-07-20,0.09405940594059414,-0.022030457698161254,0.1160898636387554,True
2026-07-12,PLNT,19.394949148834705,低優先或資料不足,消費復甦,低於50DMA,新聞提及 1 次，量價訊號尚需確認。,Q1 Earnings Highlights: Planet Fitness (NYSE:PLNT) Vs The Rest Of The Consumer Discretionary - Leisure Facilities Stocks - Yahoo Finance,50.5,20D,20,2026-08-10,-0.030495067634204842,0.012827786466642843,-0.043322854100847685,False
2026-07-12,PLNT,19.394949148834705,低優先或資料不足,消費復甦,低於50DMA,新聞提及 1 次，量價訊號尚需確認。,Q1 Earnings Highlights: Planet Fitness (NYSE:PLNT) Vs The Rest Of The Consumer Discretionary - Leisure Facilities Stocks - Yahoo Finance,50.5,60D,60,,,,,
2026-07-12,XRP,17.940031333770694,低優先或資料不足,半導體設備,低於50DMA,新聞提及 1 次，量價訊號尚需確認。,Analysts see XRP gains but millionaire dreams unlikely - MSN,11.930000305175781,5D,5,2026-07-20,0.04610219807135563,-0.022030457698161254,0.06813265576951688,True
2026-07-12,XRP,17.940031333770694,低優先或資料不足,半導體設備,低於50DMA,新聞提及 1 次，量價訊號尚需確認。,Analysts see XRP gains but millionaire dreams unlikely - MSN,11.930000305175781,20D,20,2026-08-10,-0.044425873687159,0.012827786466642843,-0.057253660153801844,False
2026-07-12,XRP,17.940031333770694,低優先或資料不足,半導體設備,低於50DMA,新聞提及 1 次，量價訊號尚需確認。,Analysts see XRP gains but millionaire dreams unlikely - MSN,11.930000305175781,60D,60,,,,,
2026-07-12,AVAV,0.0,低優先或資料不足,國防/航太,低於50DMA,新聞提及 1 次，量價訊號尚需確認。,AVAV Stock Rides Drone Defense Bull Wave As New Air Force Contract Adds Fuel — Here's What Investors Need To Know - Stocktwits,141.8000030517578,5D,5,2026-07-20,0.00564177034231661,-0.022030457698161254,0.027672228040477864,True
2026-07-12,AVAV,0.0,低優先或資料不足,國防/航太,低於50DMA,新聞提及 1 次，量價訊號尚需確認。,AVAV Stock Rides Drone Defense Bull Wave As New Air Force Contract Adds Fuel — Here's What Investors Need To Know - Stocktwits,141.8000030517578,20D,20,2026-08-10,0.3339209437636157,0.012827786466642843,0.32109315729697285,True
2026-07-12,AVAV,0.0,低優先或資料不足,國防/航太,低於50DMA,新聞提及 1 次，量價訊號尚需確認。,AVAV Stock Rides Drone Defense Bull Wave As New Air Force Contract Adds Fuel — Here's What Investors Need To Know - Stocktwits,141.8000030517578,60D,60,,,,,
2026-07-13,GIS,70.96737888344916,可觀察,消費復甦,未觸發主要風險,新聞提及 1 次，且價格站上 50DMA，值得加入觀察清單。,GIS Stock Outlook as Sales Pressure Tests Margin Recovery in 2027 - TradingView,36.599998474121094,5D,5,2026-07-20,0.026776049119961787,-0.022030457698161254,0.04880650681812304,True
2026-07-13,GIS,70.96737888344916,可觀察,消費復甦,未觸發主要風險,新聞提及 1 次，且價格站上 50DMA，值得加入觀察清單。,GIS Stock Outlook as Sales Pressure Tests Margin Recovery in 2027 - TradingView,36.599998474121094,20D,20,2026-08-10,0.018032783467976765,0.012827786466642843,0.005204997001333922,True
2026-07-13,GIS,70.96737888344916,可觀察,消費復甦,未觸發主要風險,新聞提及 1 次，且價格站上 50DMA，值得加入觀察清單。,GIS Stock Outlook as Sales Pressure Tests Margin Recovery in 2027 - TradingView,36.599998474121094,60D,60,,,,,
2026-07-13,PLNT,17.58181694344877,低優先或資料不足,消費復甦,低於50DMA,新聞提及 1 次，量價訊號尚需確認。,Q1 Earnings Highlights: Planet Fitness (NYSE:PLNT) Vs The Rest Of The Consumer Discretionary - Leisure Facilities Stocks - StockStory,50.5,5D,5,2026-07-20,0.09405940594059414,-0.022030457698161254,0.1160898636387554,True
2026-07-13,PLNT,17.58181694344877,低優先或資料不足,消費復甦,低於50DMA,新聞提及 1 次，量價訊號尚需確認。,Q1 Earnings Highlights: Planet Fitness (NYSE:PLNT) Vs The Rest Of The Consumer Discretionary - Leisure Facilities Stocks - StockStory,50.5,20D,20,2026-08-10,-0.030495067634204842,0.012827786466642843,-0.043322854100847685,False
2026-07-13,PLNT,17.58181694344877,低優先或資料不足,消費復甦,低於50DMA,新聞提及 1 次，量價訊號尚需確認。,Q1 Earnings Highlights: Planet Fitness (NYSE:PLNT) Vs The Rest Of The Consumer Discretionary - Leisure Facilities Stocks - StockStory,50.5,60D,60,,,,,
2026-07-13,CNK,7.10080739385824,低優先或資料不足,消費復甦,低於50DMA,新聞提及 1 次，量價訊號尚需確認。,Cinemark (CNK) Stock Draws Fresh Attention As Box Office Recovery Lifts Earnings Outlook - Yahoo Finance,29.079853057861328,5D,5,2026-07-20,0.09571186769072826,-0.022030457698161254,0.11774232538888951,True
2026-07-13,CNK,7.10080739385824,低優先或資料不足,消費復甦,低於50DMA,新聞提及 1 次，量價訊號尚需確認。,Cinemark (CNK) Stock Draws Fresh Attention As Box Office Recovery Lifts Earnings Outlook - Yahoo Finance,29.079853057861328,20D,20,2026-08-10,0.2950256909615223,0.012827786466642843,0.28219790449487947,True
2026-07-13,CNK,7.10080739385824,低優先或資料不足,消費復甦,低於50DMA,新聞提及 1 次，量價訊號尚需確認。,Cinemark (CNK) Stock Draws Fresh Attention As Box Office Recovery Lifts Earnings Outlook - Yahoo Finance,29.079853057861328,60D,60,,,,,
2026-07-14,CLS,4.086201184050985,低優先或資料不足,半導體設備,低於50DMA,新聞提及 1 次，量價訊號尚需確認。,Celestica Inc. (NYSE:CLS): A High Growth Stock With a Strong Technical Setup - ChartMill,345.0299987792969,5D,5,2026-07-21,-0.01576675205243827,-0.01489533137727439,-0.0008714206751638809,False
2026-07-14,CLS,4.086201184050985,低優先或資料不足,半導體設備,低於50DMA,新聞提及 1 次，量價訊號尚需確認。,Celestica Inc. (NYSE:CLS): A High Growth Stock With a Strong Technical Setup - ChartMill,345.0299987792969,20D,20,2026-08-11,-0.10042603257419569,-0.0017229630005687335,-0.09870306957362696,False
2026-07-14,CLS,4.086201184050985,低優先或資料不足,半導體設備,低於50DMA,新聞提及 1 次，量價訊號尚需確認。,Celestica Inc. (NYSE:CLS): A High Growth Stock With a Strong Technical Setup - ChartMill,345.0299987792969,60D,60,,,,,
2026-07-14,TER,3.127976277427784,低優先或資料不足,機器人/自動化,低於50DMA,新聞提及 1 次，量價訊號尚需確認。,Can Teradyne (TER) Justify Its Price After AI Test And Robotics Optimism? - Yahoo Finance,353.0943908691406,5D,5,2026-07-21,0.05891343077390987,-0.01489533137727439,0.07380876215118426,True
2026-07-14,TER,3.127976277427784,低優先或資料不足,機器人/自動化,低於50DMA,新聞提及 1 次，量價訊號尚需確認。,Can Teradyne (TER) Justify Its Price After AI Test And Robotics Optimism? - Yahoo Finance,353.0943908691406,20D,20,2026-08-11,0.07454056313820767,-0.0017229630005687335,0.0762635261387764,True
2026-07-14,TER,3.127976277427784,低優先或資料不足,機器人/自動化,低於50DMA,新聞提及 1 次，量價訊號尚需確認。,Can Teradyne (TER) Justify Its Price After AI Test And Robotics Optimism? - Yahoo Finance,353.0943908691406,60D,60,,,,,
2026-07-14,ASTS,0.0,低優先或資料不足,太空,低於50DMA,新聞提及 1 次，量價訊號尚需確認。,"ASTS, RKLB, RDW, LUNR Slip Overnight: SpaceX IPO Hype Loses Orbit After Valuation Target Reportedly Falls Below $2 Trillion - Stocktwits",68.81999969482422,5D,5,2026-07-21,-0.07962800881338084,-0.01489533137727439,-0.06473267743610644,False
2026-07-14,ASTS,0.0,低優先或資料不足,太空,低於50DMA,新聞提及 1 次，量價訊號尚需確認。,"ASTS, RKLB, RDW, LUNR Slip Overnight: SpaceX IPO Hype Loses Orbit After Valuation Target Reportedly Falls Below $2 Trillion - Stocktwits",68.81999969482422,20D,20,2026-08-11,0.04083111844019793,-0.0017229630005687335,0.04255408144076667,True
2026-07-14,ASTS,0.0,低優先或資料不足,太空,低於50DMA,新聞提及 1 次，量價訊號尚需確認。,"ASTS, RKLB, RDW, LUNR Slip Overnight: SpaceX IPO Hype Loses Orbit After Valuation Target Reportedly Falls Below $2 Trillion - Stocktwits",68.81999969482422,60D,60,,,,,
2026-07-14,RDW,0.0,低優先或資料不足,太空,低於50DMA,新聞提及 1 次，量價訊號尚需確認。,"ASTS, RKLB, RDW, LUNR Slip Overnight: SpaceX IPO Hype Loses Orbit After Valuation Target Reportedly Falls Below $2 Trillion - Stocktwits",9.739999771118164,5D,5,2026-07-21,-0.0328541788854152,-0.01489533137727439,-0.017958847508140807,False
2026-07-14,RDW,0.0,低優先或資料不足,太空,低於50DMA,新聞提及 1 次，量價訊號尚需確認。,"ASTS, RKLB, RDW, LUNR Slip Overnight: SpaceX IPO Hype Loses Orbit After Valuation Target Reportedly Falls Below $2 Trillion - Stocktwits",9.739999771118164,20D,20,2026-08-11,0.3870637111247972,-0.0017229630005687335,0.38878667412536594,True
2026-07-14,RDW,0.0,低優先或資料不足,太空,低於50DMA,新聞提及 1 次，量價訊號尚需確認。,"ASTS, RKLB, RDW, LUNR Slip Overnight: SpaceX IPO Hype Loses Orbit After Valuation Target Reportedly Falls Below $2 Trillion - Stocktwits",9.739999771118164,60D,60,,,,,
2026-07-14,RKLB,0.0,低優先或資料不足,太空,低於50DMA,新聞提及 1 次，量價訊號尚需確認。,"ASTS, RKLB, RDW, LUNR Slip Overnight: SpaceX IPO Hype Loses Orbit After Valuation Target Reportedly Falls Below $2 Trillion - Stocktwits",78.80999755859375,5D,5,2026-07-21,-0.12295387783519962,-0.01489533137727439,-0.10805854645792523,False
2026-07-14,RKLB,0.0,低優先或資料不足,太空,低於50DMA,新聞提及 1 次，量價訊號尚需確認。,"ASTS, RKLB, RDW, LUNR Slip Overnight: SpaceX IPO Hype Loses Orbit After Valuation Target Reportedly Falls Below $2 Trillion - Stocktwits",78.80999755859375,20D,20,2026-08-11,0.015226552655893011,-0.0017229630005687335,0.016949515656461744,True
2026-07-14,RKLB,0.0,低優先或資料不足,太空,低於50DMA,新聞提及 1 次，量價訊號尚需確認。,"ASTS, RKLB, RDW, LUNR Slip Overnight: SpaceX IPO Hype Loses Orbit After Valuation Target Reportedly Falls Below $2 Trillion - Stocktwits",78.80999755859375,60D,60,,,,,
2026-07-14,LUNR,0.0,低優先或資料不足,太空,低於50DMA,新聞提及 1 次，量價訊號尚需確認。,"ASTS, RKLB, RDW, LUNR Slip Overnight: SpaceX IPO Hype Loses Orbit After Valuation Target Reportedly Falls Below $2 Trillion - Stocktwits",14.90999984741211,5D,5,2026-07-21,-0.01810861883651993,-0.01489533137727439,-0.0032132874592455396,False
2026-07-14,LUNR,0.0,低優先或資料不足,太空,低於50DMA,新聞提及 1 次，量價訊號尚需確認。,"ASTS, RKLB, RDW, LUNR Slip Overnight: SpaceX IPO Hype Loses Orbit After Valuation Target Reportedly Falls Below $2 Trillion - Stocktwits",14.90999984741211,20D,20,2026-08-11,0.105298438020891,-0.0017229630005687335,0.10702140102145974,True
2026-07-14,LUNR,0.0,低優先或資料不足,太空,低於50DMA,新聞提及 1 次，量價訊號尚需確認。,"ASTS, RKLB, RDW, LUNR Slip Overnight: SpaceX IPO Hype Loses Orbit After Valuation Target Reportedly Falls Below $2 Trillion - Stocktwits",14.90999984741211,60D,60,,,,,
2026-07-14,SMR,0.0,低優先或資料不足,核能/電力,低於50DMA,新聞提及 1 次，量價訊號尚需確認。,Nuclear Energy Stock SMR Is Trading Under $10: Bargain Buy or Value Trap? - The Motley Fool,8.600000381469727,5D,5,2026-07-21,0.012790657185813625,-0.01489533137727439,0.027685988563088015,True
2026-07-14,SMR,0.0,低優先或資料不足,核能/電力,低於50DMA,新聞提及 1 次，量價訊號尚需確認。,Nuclear Energy Stock SMR Is Trading Under $10: Bargain Buy or Value Trap? - The Motley Fool,8.600000381469727,20D,20,2026-08-11,0.14999998891076416,-0.0017229630005687335,0.1517229519113329,True
2026-07-14,SMR,0.0,低優先或資料不足,核能/電力,低於50DMA,新聞提及 1 次，量價訊號尚需確認。,Nuclear Energy Stock SMR Is Trading Under $10: Bargain Buy or Value Trap? - The Motley Fool,8.600000381469727,60D,60,,,,,
2026-07-15,CRWD,98.20290470557181,高優先觀察,網路安全,未觸發主要風險,新聞提及 2 次，且價格站上 50DMA，值得加入觀察清單。,Unpacking Q1 Earnings: CrowdStrike (NASDAQ:CRWD) In The Context Of Other Cybersecurity Stocks - Yahoo Finance,206.77000427246094,5D,5,2026-07-22,-0.08874597729047684,-0.01726256555705008,-0.07148341173342676,False
2026-07-15,CRWD,98.20290470557181,高優先觀察,網路安全,未觸發主要風險,新聞提及 2 次，且價格站上 50DMA，值得加入觀察清單。,Unpacking Q1 Earnings: CrowdStrike (NASDAQ:CRWD) In The Context Of Other Cybersecurity Stocks - Yahoo Finance,206.77000427246094,20D,20,2026-08-12,0.07259270782360328,0.008303928481407263,0.06428877934219601,True
2026-07-15,CRWD,98.20290470557181,高優先觀察,網路安全,未觸發主要風險,新聞提及 2 次，且價格站上 50DMA，值得加入觀察清單。,Unpacking Q1 Earnings: CrowdStrike (NASDAQ:CRWD) In The Context Of Other Cybersecurity Stocks - Yahoo Finance,206.77000427246094,60D,60,,,,,
2026-07-15,PANW,92.03523529827396,高優先觀察,網路安全,未觸發主要風險,新聞提及 1 次，且價格站上 50DMA，值得加入觀察清單。,PANW vs. ZS: Which Cybersecurity Stock Has an Edge Right Now? - TradingView,354.0199890136719,5D,5,2026-07-22,-0.05293483649492825,-0.01726256555705008,-0.03567227093787817,False
2026-07-15,PANW,92.03523529827396,高優先觀察,網路安全,未觸發主要風險,新聞提及 1 次，且價格站上 50DMA，值得加入觀察清單。,PANW vs. ZS: Which Cybersecurity Stock Has an Edge Right Now? - TradingView,354.0199890136719,20D,20,2026-08-12,0.0931868871129733,0.008303928481407263,0.08488295863156603,True
2026-07-15,PANW,92.03523529827396,高優先觀察,網路安全,未觸發主要風險,新聞提及 1 次，且價格站上 50DMA，值得加入觀察清單。,PANW vs. ZS: Which Cybersecurity Stock Has an Edge Right Now? - TradingView,354.0199890136719,60D,60,,,,,
2026-07-15,FTNT,83.56333756483224,高優先觀察,網路安全,未觸發主要風險,新聞提及 1 次，且價格站上 50DMA，值得加入觀察清單。,Fortinet (NASDAQ:FTNT) Shows Strong Growth and a Powerful Technical Breakout Setup - ChartMill,164.50999450683594,5D,5,2026-07-22,-0.05750405307250206,-0.01726256555705008,-0.04024148751545198,False
2026-07-15,FTNT,83.56333756483224,高優先觀察,網路安全,未觸發主要風險,新聞提及 1 次，且價格站上 50DMA，值得加入觀察清單。,Fortinet (NASDAQ:FTNT) Shows Strong Growth and a Powerful Technical Breakout Setup - ChartMill,164.50999450683594,20D,20,2026-08-12,-0.022308663859281874,0.008303928481407263,-0.030612592340689138,False
2026-07-15,FTNT,83.56333756483224,高優先觀察,網路安全,未觸發主要風險,新聞提及 1 次，且價格站上 50DMA，值得加入觀察清單。,Fortinet (NASDAQ:FTNT) Shows Strong Growth and a Powerful Technical Breakout Setup - ChartMill,164.50999450683594,60D,60,,,,,
2026-07-15,LNG,81.88455637732291,高優先觀察,能源/材料,未觸發主要風險,新聞提及 1 次，且價格站上 50DMA，值得加入觀察清單。,"Forget the Tanker Trade, The Hormuz Crisis Points to One Overlooked LNG Stock - CryptoRank",255.27566528320312,5D,5,2026-07-22,0.04522531304420285,-0.01726256555705008,0.06248787860125293,True
2026-07-15,LNG,81.88455637732291,高優先觀察,能源/材料,未觸發主要風險,新聞提及 1 次，且價格站上 50DMA，值得加入觀察清單。,"Forget the Tanker Trade, The Hormuz Crisis Points to One Overlooked LNG Stock - CryptoRank",255.27566528320312,20D,20,2026-08-12,0.050276316209463046,0.008303928481407263,0.04197238772805578,True
2026-07-15,LNG,81.88455637732291,高優先觀察,能源/材料,未觸發主要風險,新聞提及 1 次，且價格站上 50DMA，值得加入觀察清單。,"Forget the Tanker Trade, The Hormuz Crisis Points to One Overlooked LNG Stock - CryptoRank",255.27566528320312,60D,60,,,,,
2026-07-15,ZS,75.85881202365677,可觀察,網路安全,未觸發主要風險,新聞提及 1 次，且價格站上 50DMA，值得加入觀察清單。,PANW vs. ZS: Which Cybersecurity Stock Has an Edge Right Now? - TradingView,148.19000244140625,5D,5,2026-07-22,-0.04001624830875494,-0.01726256555705008,-0.022753682751704862,False
2026-07-15,ZS,75.85881202365677,可觀察,網路安全,未觸發主要風險,新聞提及 1 次，且價格站上 50DMA，值得加入觀察清單。,PANW vs. ZS: Which Cybersecurity Stock Has an Edge Right Now? - TradingView,148.19000244140625,20D,20,2026-08-12,0.19657199813010595,0.008303928481407263,0.1882680696486987,True
2026-07-15,ZS,75.85881202365677,可觀察,網路安全,未觸發主要風險,新聞提及 1 次，且價格站上 50DMA，值得加入觀察清單。,PANW vs. ZS: Which Cybersecurity Stock Has an Edge Right Now? - TradingView,148.19000244140625,60D,60,,,,,
2026-07-15,ANET,61.43770906252776,可觀察,能源/材料,未觸發主要風險,新聞提及 1 次，量價訊號尚需確認。,ANET Stock Slides On Chip Supply Warning – But Retail Calls It A ‘Fake Selloff’ - Stocktwits,171.9199981689453,5D,5,2026-07-22,0.01715912621952942,-0.01726256555705008,0.0344216917765795,True
2026-07-15,ANET,61.43770906252776,可觀察,能源/材料,未觸發主要風險,新聞提及 1 次，量價訊號尚需確認。,ANET Stock Slides On Chip Supply Warning – But Retail Calls It A ‘Fake Selloff’ - Stocktwits,171.9199981689453,20D,20,2026-08-12,0.22440671383175692,0.008303928481407263,0.21610278535034966,True
2026-07-15,ANET,61.43770906252776,可觀察,能源/材料,未觸發主要風險,新聞提及 1 次，量價訊號尚需確認。,ANET Stock Slides On Chip Supply Warning – But Retail Calls It A ‘Fake Selloff’ - Stocktwits,171.9199981689453,60D,60,,,,,
2026-07-15,AS,55.93087425661527,題材有熱度但訊號普通,能源/材料,未觸發主要風險,新聞提及 1 次，量價訊號尚需確認。,BUSINESSES CONTINUE BUILDING BUFFER STOCKS IN ANTICIPATION OF FURTHER DISRUPTION AS SUPPLY SHORTAGES PERSIST: GEP GLOBAL SUPPLY CHAIN VOLATILITY INDEX - PR Newswire,35.61000061035156,5D,5,2026-07-22,-0.03454084586223727,-0.01726256555705008,-0.017278280305187188,False
2026-07-15,AS,55.93087425661527,題材有熱度但訊號普通,能源/材料,未觸發主要風險,新聞提及 1 次，量價訊號尚需確認。,BUSINESSES CONTINUE BUILDING BUFFER STOCKS IN ANTICIPATION OF FURTHER DISRUPTION AS SUPPLY SHORTAGES PERSIST: GEP GLOBAL SUPPLY CHAIN VOLATILITY INDEX - PR Newswire,35.61000061035156,20D,20,2026-08-12,-0.07245160872883272,0.008303928481407263,-0.08075553721023998,False
2026-07-15,AS,55.93087425661527,題材有熱度但訊號普通,能源/材料,未觸發主要風險,新聞提及 1 次，量價訊號尚需確認。,BUSINESSES CONTINUE BUILDING BUFFER STOCKS IN ANTICIPATION OF FURTHER DISRUPTION AS SUPPLY SHORTAGES PERSIST: GEP GLOBAL SUPPLY CHAIN VOLATILITY INDEX - PR Newswire,35.61000061035156,60D,60,,,,,
2026-07-15,SYM,31.149804391913985,暫時不強,機器人/自動化,低於50DMA,新聞提及 1 次，量價訊號尚需確認。,Is Symbotic (SYM) One Of The Best Low-Priced AI Stocks To Buy Right Now? - Yahoo Finance,42.63999938964844,5D,5,2026-07-22,-0.004221395585185639,-0.01726256555705008,0.013041169971864441,False
2026-07-15,SYM,31.149804391913985,暫時不強,機器人/自動化,低於50DMA,新聞提及 1 次，量價訊號尚需確認。,Is Symbotic (SYM) One Of The Best Low-Priced AI Stocks To Buy Right Now? - Yahoo Finance,42.63999938964844,20D,20,2026-08-12,-0.03400564689715879,0.008303928481407263,-0.042309575378566056,False
2026-07-15,SYM,31.149804391913985,暫時不強,機器人/自動化,低於50DMA,新聞提及 1 次，量價訊號尚需確認。,Is Symbotic (SYM) One Of The Best Low-Priced AI Stocks To Buy Right Now? - Yahoo Finance,42.63999938964844,60D,60,,,,,
2026-07-15,CSCO,18.714891304741407,低優先或資料不足,網路安全,低於50DMA,新聞提及 1 次，量價訊號尚需確認。,CRWD vs. CSCO: Which Cybersecurity Stock Should You Buy Right Now? - Zacks Investment Research,111.7699966430664,5D,5,2026-07-22,0.0039366775934635,-0.01726256555705008,0.02119924315051358,True
2026-07-15,CSCO,18.714891304741407,低優先或資料不足,網路安全,低於50DMA,新聞提及 1 次，量價訊號尚需確認。,CRWD vs. CSCO: Which Cybersecurity Stock Should You Buy Right Now? - Zacks Investment Research,111.7699966430664,20D,20,2026-08-12,0.10834750804390225,0.008303928481407263,0.10004357956249499,True
2026-07-15,CSCO,18.714891304741407,低優先或資料不足,網路安全,低於50DMA,新聞提及 1 次，量價訊號尚需確認。,CRWD vs. CSCO: Which Cybersecurity Stock Should You Buy Right Now? - Zacks Investment Research,111.7699966430664,60D,60,,,,,
2026-07-15,IBM,5.9968955347009185,低優先或資料不足,網路安全,低於50DMA,新聞提及 1 次，量價訊號尚需確認。,IBM warns AI boom squeezing software budgets; shares sink in sector rout - Reuters,209.69573974609375,5D,5,2026-07-22,-0.025710162982022333,-0.01726256555705008,-0.008447597424972253,False
2026-07-15,IBM,5.9968955347009185,低優先或資料不足,網路安全,低於50DMA,新聞提及 1 次，量價訊號尚需確認。,IBM warns AI boom squeezing software budgets; shares sink in sector rout - Reuters,209.69573974609375,20D,20,2026-08-12,0.1253447304807962,0.008303928481407263,0.11704080199938893,True
2026-07-15,IBM,5.9968955347009185,低優先或資料不足,網路安全,低於50DMA,新聞提及 1 次，量價訊號尚需確認。,IBM warns AI boom squeezing software budgets; shares sink in sector rout - Reuters,209.69573974609375,60D,60,,,,,
2026-07-15,RKLB,0.0,低優先或資料不足,太空,低於50DMA,新聞提及 1 次，量價訊號尚需確認。,RKLB Stock Jumps Overnight On $90M Space Force Deal Ahead Of Electron Liftoff - Stocktwits,76.19999694824219,5D,5,2026-07-22,-0.08464563263202307,-0.01726256555705008,-0.06738306707497299,False
2026-07-15,RKLB,0.0,低優先或資料不足,太空,低於50DMA,新聞提及 1 次，量價訊號尚需確認。,RKLB Stock Jumps Overnight On $90M Space Force Deal Ahead Of Electron Liftoff - Stocktwits,76.19999694824219,20D,20,2026-08-12,0.06522311574472806,0.008303928481407263,0.05691918726332079,True
2026-07-15,RKLB,0.0,低優先或資料不足,太空,低於50DMA,新聞提及 1 次，量價訊號尚需確認。,RKLB Stock Jumps Overnight On $90M Space Force Deal Ahead Of Electron Liftoff - Stocktwits,76.19999694824219,60D,60,,,,,
2026-07-16,CRWD,97.79250644221253,高優先觀察,網路安全,未觸發主要風險,新聞提及 2 次，且價格站上 50DMA，值得加入觀察清單。,CRWD vs. CSCO: Which Cybersecurity Stock Should You Buy Right Now? - Zacks Investment Research,203.75999450683594,5D,5,2026-07-23,-0.0998233062732451,-0.019803305862231668,-0.08002000041101343,False
2026-07-16,CRWD,97.79250644221253,高優先觀察,網路安全,未觸發主要風險,新聞提及 2 次，且價格站上 50DMA，值得加入觀察清單。,CRWD vs. CSCO: Which Cybersecurity Stock Should You Buy Right Now? - Zacks Investment Research,203.75999450683594,20D,20,2026-08-13,0.10684140586650126,0.03701454057661535,0.06982686528988591,True
2026-07-16,CRWD,97.79250644221253,高優先觀察,網路安全,未觸發主要風險,新聞提及 2 次，且價格站上 50DMA，值得加入觀察清單。,CRWD vs. CSCO: Which Cybersecurity Stock Should You Buy Right Now? - Zacks Investment Research,203.75999450683594,60D,60,,,,,
2026-07-16,PANW,93.80484751621158,高優先觀察,網路安全,未觸發主要風險,新聞提及 1 次，且價格站上 50DMA，值得加入觀察清單。,PANW vs. ZS: Which Cybersecurity Stock Has an Edge Right Now? - TradingView,353.989990234375,5D,5,2026-07-23,-0.08011521832237545,-0.019803305862231668,-0.06031191246014378,False
2026-07-16,PANW,93.80484751621158,高優先觀察,網路安全,未觸發主要風險,新聞提及 1 次，且價格站上 50DMA，值得加入觀察清單。,PANW vs. ZS: Which Cybersecurity Stock Has an Edge Right Now? - TradingView,353.989990234375,20D,20,2026-08-13,0.11867569966543523,0.03701454057661535,0.08166115908881988,True
2026-07-16,PANW,93.80484751621158,高優先觀察,網路安全,未觸發主要風險,新聞提及 1 次，且價格站上 50DMA，值得加入觀察清單。,PANW vs. ZS: Which Cybersecurity Stock Has an Edge Right Now? - TradingView,353.989990234375,60D,60,,,,,
2026-07-16,LNG,88.29878203290016,高優先觀察,能源/材料,未觸發主要風險,新聞提及 1 次，且價格站上 50DMA，值得加入觀察清單。,"Forget the Tanker Trade, The Hormuz Crisis Points to One Overlooked LNG Stock - CryptoRank",258.43878173828125,5D,5,2026-07-23,0.050154442534364296,-0.019803305862231668,0.06995774839659596,True
2026-07-16,LNG,88.29878203290016,高優先觀察,能源/材料,未觸發主要風險,新聞提及 1 次，且價格站上 50DMA，值得加入觀察清單。,"Forget the Tanker Trade, The Hormuz Crisis Points to One Overlooked LNG Stock - CryptoRank",258.43878173828125,20D,20,2026-08-13,0.031114638422147234,0.03701454057661535,-0.005899902154468117,True
2026-07-16,LNG,88.29878203290016,高優先觀察,能源/材料,未觸發主要風險,新聞提及 1 次，且價格站上 50DMA，值得加入觀察清單。,"Forget the Tanker Trade, The Hormuz Crisis Points to One Overlooked LNG Stock - CryptoRank",258.43878173828125,60D,60,,,,,
2026-07-16,FTNT,84.52796325831707,高優先觀察,網路安全,未觸發主要風險,新聞提及 1 次，且價格站上 50DMA，值得加入觀察清單。,Fortinet (NASDAQ:FTNT) Shows Strong Growth and a Powerful Technical Breakout Setup - ChartMill,160.77999877929688,5D,5,2026-07-23,-0.05746986915858754,-0.019803305862231668,-0.03766656329635587,False
2026-07-16,FTNT,84.52796325831707,高優先觀察,網路安全,未觸發主要風險,新聞提及 1 次，且價格站上 50DMA，值得加入觀察清單。,Fortinet (NASDAQ:FTNT) Shows Strong Growth and a Powerful Technical Breakout Setup - ChartMill,160.77999877929688,20D,20,2026-08-13,0.028983727438051332,0.03701454057661535,-0.008030813138564019,True
2026-07-16,FTNT,84.52796325831707,高優先觀察,網路安全,未觸發主要風險,新聞提及 1 次，且價格站上 50DMA，值得加入觀察清單。,Fortinet (NASDAQ:FTNT) Shows Strong Growth and a Powerful Technical Breakout Setup - ChartMill,160.77999877929688,60D,60,,,,,
2026-07-16,ZS,78.68228162882603,可觀察,網路安全,未觸發主要風險,新聞提及 1 次，且價格站上 50DMA，值得加入觀察清單。,PANW vs. ZS: Which Cybersecurity Stock Has an Edge Right Now? - TradingView,146.42999267578125,5D,5,2026-07-23,-0.04596050033574961,-0.019803305862231668,-0.026157194473517942,False
2026-07-16,ZS,78.68228162882603,可觀察,網路安全,未觸發主要風險,新聞提及 1 次，且價格站上 50DMA，值得加入觀察清單。,PANW vs. ZS: Which Cybersecurity Stock Has an Edge Right Now? - TradingView,146.42999267578125,20D,20,2026-08-13,0.2851191838303304,0.03701454057661535,0.24810464325371506,True
2026-07-16,ZS,78.68228162882603,可觀察,網路安全,未觸發主要風險,新聞提及 1 次，且價格站上 50DMA，值得加入觀察清單。,PANW vs. ZS: Which Cybersecurity Stock Has an Edge Right Now? - TradingView,146.42999267578125,60D,60,,,,,
2026-07-16,BKNG,72.67064962039485,可觀察,小型成長股,未觸發主要風險,新聞提及 1 次，且價格站上 50DMA，值得加入觀察清單。,Booking Holdings (NASDAQ:BKNG): Strong Growth Stock with a High-Quality Breakout Setup - ChartMill,184.1652374267578,5D,5,2026-07-23,-0.0638101826155667,-0.019803305862231668,-0.044006876753335034,False
2026-07-16,BKNG,72.67064962039485,可觀察,小型成長股,未觸發主要風險,新聞提及 1 次，且價格站上 50DMA，值得加入觀察清單。,Booking Holdings (NASDAQ:BKNG): Strong Growth Stock with a High-Quality Breakout Setup - ChartMill,184.1652374267578,20D,20,2026-08-13,0.15562536264070959,0.03701454057661535,0.11861082206409423,True
2026-07-16,BKNG,72.67064962039485,可觀察,小型成長股,未觸發主要風險,新聞提及 1 次，且價格站上 50DMA，值得加入觀察清單。,Booking Holdings (NASDAQ:BKNG): Strong Growth Stock with a High-Quality Breakout Setup - ChartMill,184.1652374267578,60D,60,,,,,
2026-07-16,AS,68.43624577724165,可觀察,能源/材料,未觸發主要風險,新聞提及 1 次，量價訊號尚需確認。,BUSINESSES CONTINUE BUILDING BUFFER STOCKS IN ANTICIPATION OF FURTHER DISRUPTION AS SUPPLY SHORTAGES PERSIST: GEP GLOBAL SUPPLY CHAIN VOLATILITY INDEX - PR Newswire,36.029998779296875,5D,5,2026-07-23,-0.07577018136911529,-0.019803305862231668,-0.05596687550688362,False
2026-07-16,AS,68.43624577724165,可觀察,能源/材料,未觸發主要風險,新聞提及 1 次，量價訊號尚需確認。,BUSINESSES CONTINUE BUILDING BUFFER STOCKS IN ANTICIPATION OF FURTHER DISRUPTION AS SUPPLY SHORTAGES PERSIST: GEP GLOBAL SUPPLY CHAIN VOLATILITY INDEX - PR Newswire,36.029998779296875,20D,20,2026-08-13,-0.08076602681108658,0.03701454057661535,-0.11778056738770193,False
2026-07-16,AS,68.43624577724165,可觀察,能源/材料,未觸發主要風險,新聞提及 1 次，量價訊號尚需確認。,BUSINESSES CONTINUE BUILDING BUFFER STOCKS IN ANTICIPATION OF FURTHER DISRUPTION AS SUPPLY SHORTAGES PERSIST: GEP GLOBAL SUPPLY CHAIN VOLATILITY INDEX - PR Newswire,36.029998779296875,60D,60,,,,,
2026-07-16,ASML,63.67775169293944,可觀察,半導體設備,未觸發主要風險,新聞提及 2 次，量價訊號尚需確認。,"Should You Buy, Sell or Hold ASML Stock Post Q2 Earnings? - TradingView",1782.5645751953125,5D,5,2026-07-23,0.010157594083697319,-0.019803305862231668,0.029960899945928987,True
2026-07-16,ASML,63.67775169293944,可觀察,半導體設備,未觸發主要風險,新聞提及 2 次，量價訊號尚需確認。,"Should You Buy, Sell or Hold ASML Stock Post Q2 Earnings? - TradingView",1782.5645751953125,20D,20,2026-08-13,0.03665250063190073,0.03701454057661535,-0.00036203994471462053,True
2026-07-16,ASML,63.67775169293944,可觀察,半導體設備,未觸發主要風險,新聞提及 2 次，量價訊號尚需確認。,"Should You Buy, Sell or Hold ASML Stock Post Q2 Earnings? - TradingView",1782.5645751953125,60D,60,,,,,
2026-07-16,ANET,59.234444993034366,題材有熱度但訊號普通,能源/材料,未觸發主要風險,新聞提及 1 次，量價訊號尚需確認。,ANET Stock Slides On Chip Supply Warning – But Retail Calls It A ‘Fake Selloff’ - Stocktwits,168.55999755859375,5D,5,2026-07-23,0.047757493879646784,-0.019803305862231668,0.06756079974187845,True
2026-07-16,ANET,59.234444993034366,題材有熱度但訊號普通,能源/材料,未觸發主要風險,新聞提及 1 次，量價訊號尚需確認。,ANET Stock Slides On Chip Supply Warning – But Retail Calls It A ‘Fake Selloff’ - Stocktwits,168.55999755859375,20D,20,2026-08-13,0.20799714087802124,0.03701454057661535,0.17098260030140588,True
2026-07-16,ANET,59.234444993034366,題材有熱度但訊號普通,能源/材料,未觸發主要風險,新聞提及 1 次，量價訊號尚需確認。,ANET Stock Slides On Chip Supply Warning – But Retail Calls It A ‘Fake Selloff’ - Stocktwits,168.55999755859375,60D,60,,,,,
2026-07-16,AMAT,53.173190104514106,題材有熱度但訊號普通,半導體設備,未觸發主要風險,新聞提及 1 次，量價訊號尚需確認。,Applied Materials CEO Just Reinforced the AI Investment Thesis. How to Play AMAT Stock Here. - Barchart.com,560.330810546875,5D,5,2026-07-23,0.0033337109469460113,-0.019803305862231668,0.02313701680917768,True
2026-07-16,AMAT,53.173190104514106,題材有熱度但訊號普通,半導體設備,未觸發主要風險,新聞提及 1 次，量價訊號尚需確認。,Applied Materials CEO Just Reinforced the AI Investment Thesis. How to Play AMAT Stock Here. - Barchart.com,560.330810546875,20D,20,2026-08-13,-0.04704688000383428,0.03701454057661535,-0.08406142058044963,False
2026-07-16,AMAT,53.173190104514106,題材有熱度但訊號普通,半導體設備,未觸發主要風險,新聞提及 1 次，量價訊號尚需確認。,Applied Materials CEO Just Reinforced the AI Investment Thesis. How to Play AMAT Stock Here. - Barchart.com,560.330810546875,60D,60,,,,,
2026-07-16,AMS,27.480949224738165,暫時不強,半導體設備,低於50DMA,新聞提及 1 次，量價訊號尚需確認。,"ASML Holding NV (AMS:ASML) Surges as Quality Stock with Q2 Revenue and Earnings Beat, Lifts Full-Year Guidance - ChartMill",1.4700000286102295,5D,5,2026-07-23,-0.027210938968575293,-0.019803305862231668,-0.007407633106343625,False
2026-07-16,AMS,27.480949224738165,暫時不強,半導體設備,低於50DMA,新聞提及 1 次，量價訊號尚需確認。,"ASML Holding NV (AMS:ASML) Surges as Quality Stock with Q2 Revenue and Earnings Beat, Lifts Full-Year Guidance - ChartMill",1.4700000286102295,20D,20,2026-08-13,0.08843536918467487,0.03701454057661535,0.05142082860805952,True
2026-07-16,AMS,27.480949224738165,暫時不強,半導體設備,低於50DMA,新聞提及 1 次，量價訊號尚需確認。,"ASML Holding NV (AMS:ASML) Surges as Quality Stock with Q2 Revenue and Earnings Beat, Lifts Full-Year Guidance - ChartMill",1.4700000286102295,60D,60,,,,,
2026-07-16,CSCO,18.031604732937016,低優先或資料不足,網路安全,低於50DMA,新聞提及 1 次，量價訊號尚需確認。,CRWD vs. CSCO: Which Cybersecurity Stock Should You Buy Right Now? - Zacks Investment Research,109.66000366210938,5D,5,2026-07-23,0.02826918083709895,-0.019803305862231668,0.04807248669933062,True
2026-07-16,CSCO,18.031604732937016,低優先或資料不足,網路安全,低於50DMA,新聞提及 1 次，量價訊號尚需確認。,CRWD vs. CSCO: Which Cybersecurity Stock Should You Buy Right Now? - Zacks Investment Research,109.66000366210938,20D,20,2026-08-13,0.034743729995973194,0.03701454057661535,-0.0022708105806421575,True
2026-07-16,CSCO,18.031604732937016,低優先或資料不足,網路安全,低於50DMA,新聞提及 1 次，量價訊號尚需確認。,CRWD vs. CSCO: Which Cybersecurity Stock Should You Buy Right Now? - Zacks Investment Research,109.66000366210938,60D,60,,,,,
2026-07-16,IBM,2.9872271564740913,低優先或資料不足,網路安全,低於50DMA,新聞提及 1 次，量價訊號尚需確認。,IBM warns AI boom squeezing software budgets; shares sink in sector rout - Reuters,217.48983764648438,5D,5,2026-07-23,-0.05660812209622201,-0.019803305862231668,-0.036804816233990345,False
2026-07-16,IBM,2.9872271564740913,低優先或資料不足,網路安全,低於50DMA,新聞提及 1 次，量價訊號尚需確認。,IBM warns AI boom squeezing software budgets; shares sink in sector rout - Reuters,217.48983764648438,20D,20,2026-08-13,0.09034979268826393,0.03701454057661535,0.05333525211164858,True
2026-07-16,IBM,2.9872271564740913,低優先或資料不足,網路安全,低於50DMA,新聞提及 1 次，量價訊號尚需確認。,IBM warns AI boom squeezing software budgets; shares sink in sector rout - Reuters,217.48983764648438,60D,60,,,,,
2026-07-16,CACI,0.5831603965995882,低優先或資料不足,國防/航太,低於50DMA,新聞提及 1 次，量價訊號尚需確認。,CACI Shares Advance After Securing Southern Border Counter-Drone Contract (CACI) - Yahoo Finance,462.8500061035156,5D,5,2026-07-23,0.038370917173705,-0.019803305862231668,0.05817422303593667,True
2026-07-16,CACI,0.5831603965995882,低優先或資料不足,國防/航太,低於50DMA,新聞提及 1 次，量價訊號尚需確認。,CACI Shares Advance After Securing Southern Border Counter-Drone Contract (CACI) - Yahoo Finance,462.8500061035156,20D,20,2026-08-13,0.44755318389291676,0.03701454057661535,0.4105386433163014,True
2026-07-16,CACI,0.5831603965995882,低優先或資料不足,國防/航太,低於50DMA,新聞提及 1 次，量價訊號尚需確認。,CACI Shares Advance After Securing Southern Border Counter-Drone Contract (CACI) - Yahoo Finance,462.8500061035156,60D,60,,,,,
2026-07-17,CRWD,98.93207973953304,高優先觀察,網路安全,未觸發主要風險,新聞提及 2 次，且價格站上 50DMA，值得加入觀察清單。,CRWD vs. CSCO: Which Cybersecurity Stock Should You Buy Right Now? - Zacks Investment Research,203.0800018310547,5D,5,2026-07-24,-0.09749853689793508,-0.015963635111087227,-0.08153490178684786,False
2026-07-17,CRWD,98.93207973953304,高優先觀察,網路安全,未觸發主要風險,新聞提及 2 次，且價格站上 50DMA，值得加入觀察清單。,CRWD vs. CSCO: Which Cybersecurity Stock Should You Buy Right Now? - Zacks Investment Research,203.0800018310547,20D,20,2026-08-14,0.0682981829433218,0.051400087940453476,0.01689809500286832,True
2026-07-17,CRWD,98.93207973953304,高優先觀察,網路安全,未觸發主要風險,新聞提及 2 次，且價格站上 50DMA，值得加入觀察清單。,CRWD vs. CSCO: Which Cybersecurity Stock Should You Buy Right Now? - Zacks Investment Research,203.0800018310547,60D,60,,,,,
2026-07-17,PANW,96.05500448927903,高優先觀察,網路安全,未觸發主要風險,新聞提及 1 次，且價格站上 50DMA，值得加入觀察清單。,PANW vs. ZS: Which Cybersecurity Stock Has an Edge Right Now? - TradingView,358.67999267578125,5D,5,2026-07-24,-0.09727329330687595,-0.015963635111087227,-0.08130965819578873,False
2026-07-17,PANW,96.05500448927903,高優先觀察,網路安全,未觸發主要風險,新聞提及 1 次，且價格站上 50DMA，值得加入觀察清單。,PANW vs. ZS: Which Cybersecurity Stock Has an Edge Right Now? - TradingView,358.67999267578125,20D,20,2026-08-14,0.07134492266208436,0.051400087940453476,0.01994483472163089,True
2026-07-17,PANW,96.05500448927903,高優先觀察,網路安全,未觸發主要風險,新聞提及 1 次，且價格站上 50DMA，值得加入觀察清單。,PANW vs. ZS: Which Cybersecurity Stock Has an Edge Right Now? - TradingView,358.67999267578125,60D,60,,,,,
2026-07-17,JNJ,82.95379231669968,高優先觀察,小型成長股,未觸發主要風險,新聞提及 1 次，且價格站上 50DMA，值得加入觀察清單。,Why Is The Market Punishing JNJ Stock? - Trefis,251.7981414794922,5D,5,2026-07-24,0.040942154158174926,-0.015963635111087227,0.05690578926926215,True
2026-07-17,JNJ,82.95379231669968,高優先觀察,小型成長股,未觸發主要風險,新聞提及 1 次，且價格站上 50DMA，值得加入觀察清單。,Why Is The Market Punishing JNJ Stock? - Trefis,251.7981414794922,20D,20,2026-08-14,0.028888712612282097,0.051400087940453476,-0.02251137532817138,True
2026-07-17,JNJ,82.95379231669968,高優先觀察,小型成長股,未觸發主要風險,新聞提及 1 次，且價格站上 50DMA，值得加入觀察清單。,Why Is The Market Punishing JNJ Stock? - Trefis,251.7981414794922,60D,60,,,,,
2026-07-17,ZS,80.18407840916065,高優先觀察,網路安全,未觸發主要風險,新聞提及 1 次，且價格站上 50DMA，值得加入觀察清單。,PANW vs. ZS: Which Cybersecurity Stock Has an Edge Right Now? - TradingView,149.94000244140625,5D,5,2026-07-24,-0.0508202947386589,-0.015963635111087227,-0.03485665962757167,False
2026-07-17,ZS,80.18407840916065,高優先觀察,網路安全,未觸發主要風險,新聞提及 1 次，且價格站上 50DMA，值得加入觀察清單。,PANW vs. ZS: Which Cybersecurity Stock Has an Edge Right Now? - TradingView,149.94000244140625,20D,20,2026-08-14,0.22448981668693158,0.051400087940453476,0.1730897287464781,True
2026-07-17,ZS,80.18407840916065,高優先觀察,網路安全,未觸發主要風險,新聞提及 1 次，且價格站上 50DMA，值得加入觀察清單。,PANW vs. ZS: Which Cybersecurity Stock Has an Edge Right Now? - TradingView,149.94000244140625,60D,60,,,,,
2026-07-17,BKNG,76.64806738000635,可觀察,小型成長股,未觸發主要風險,新聞提及 1 次，且價格站上 50DMA，值得加入觀察清單。,Booking Holdings (NASDAQ:BKNG): Strong Growth Stock with a High-Quality Breakout Setup - ChartMill,181.24227905273438,5D,5,2026-07-24,-0.023227518278913784,-0.015963635111087227,-0.007263883167826557,False
2026-07-17,BKNG,76.64806738000635,可觀察,小型成長股,未觸發主要風險,新聞提及 1 次，且價格站上 50DMA，值得加入觀察清單。,Booking Holdings (NASDAQ:BKNG): Strong Growth Stock with a High-Quality Breakout Setup - ChartMill,181.24227905273438,20D,20,2026-08-14,0.16721718513399764,0.051400087940453476,0.11581709719354416,True
2026-07-17,BKNG,76.64806738000635,可觀察,小型成長股,未觸發主要風險,新聞提及 1 次，且價格站上 50DMA，值得加入觀察清單。,Booking Holdings (NASDAQ:BKNG): Strong Growth Stock with a High-Quality Breakout Setup - ChartMill,181.24227905273438,60D,60,,,,,
2026-07-17,NVDA,39.2991402460881,暫時不強,機器人/自動化,低於50DMA,新聞提及 1 次，量價訊號尚需確認。,NVDA Stock Eyes Third Weekly Gains: Why Japan Wants Nvidia’s Rubin Chips To Power Its Next Robotics Boom - TradingView,202.58331298828125,5D,5,2026-07-24,0.01987082438895804,-0.015963635111087227,0.03583445950004527,True
2026-07-17,NVDA,39.2991402460881,暫時不強,機器人/自動化,低於50DMA,新聞提及 1 次，量價訊號尚需確認。,NVDA Stock Eyes Third Weekly Gains: Why Japan Wants Nvidia’s Rubin Chips To Power Its Next Robotics Boom - TradingView,202.58331298828125,20D,20,2026-08-14,0.11020170978797128,0.051400087940453476,0.058801621847517804,True
2026-07-17,NVDA,39.2991402460881,暫時不強,機器人/自動化,低於50DMA,新聞提及 1 次，量價訊號尚需確認。,NVDA Stock Eyes Third Weekly Gains: Why Japan Wants Nvidia’s Rubin Chips To Power Its Next Robotics Boom - TradingView,202.58331298828125,60D,60,,,,,
2026-07-17,SYM,35.697802770072926,暫時不強,機器人/自動化,低於50DMA,新聞提及 1 次，量價訊號尚需確認。,Is Symbotic (SYM) One Of The Best Low-Priced AI Stocks To Buy Right Now? - Yahoo Finance,41.25,5D,5,2026-07-24,-0.026666629675662912,-0.015963635111087227,-0.010702994564575685,False
2026-07-17,SYM,35.697802770072926,暫時不強,機器人/自動化,低於50DMA,新聞提及 1 次，量價訊號尚需確認。,Is Symbotic (SYM) One Of The Best Low-Priced AI Stocks To Buy Right Now? - Yahoo Finance,41.25,20D,20,2026-08-14,0.03515153364701695,0.051400087940453476,-0.016248554293436523,True
2026-07-17,SYM,35.697802770072926,暫時不強,機器人/自動化,低於50DMA,新聞提及 1 次，量價訊號尚需確認。,Is Symbotic (SYM) One Of The Best Low-Priced AI Stocks To Buy Right Now? - Yahoo Finance,41.25,60D,60,,,,,
2026-07-17,CSCO,30.403037630187697,暫時不強,網路安全,低於50DMA,新聞提及 1 次，量價訊號尚需確認。,CRWD vs. CSCO: Which Cybersecurity Stock Should You Buy Right Now? - Zacks Investment Research,111.94000244140625,5D,5,2026-07-24,0.019921347855127447,-0.015963635111087227,0.035884982966214674,True
2026-07-17,CSCO,30.403037630187697,暫時不強,網路安全,低於50DMA,新聞提及 1 次，量價訊號尚需確認。,CRWD vs. CSCO: Which Cybersecurity Stock Should You Buy Right Now? - Zacks Investment Research,111.94000244140625,20D,20,2026-08-14,-0.0023226918935128626,0.051400087940453476,-0.05372277983396634,False
2026-07-17,CSCO,30.403037630187697,暫時不強,網路安全,低於50DMA,新聞提及 1 次，量價訊號尚需確認。,CRWD vs. CSCO: Which Cybersecurity Stock Should You Buy Right Now? - Zacks Investment Research,111.94000244140625,60D,60,,,,,
2026-07-17,DOCN,4.165699599956408,低優先或資料不足,國際貿易,低於50DMA,新聞提及 1 次，量價訊號尚需確認。,DOCN Stock Climbs On Strong Preliminary Q2 Numbers – CEO Touts Winning ‘World’s Most Sophisticated AI Customers’ - Stocktwits,118.91000366210938,5D,5,2026-07-24,0.038936986887784686,-0.015963635111087227,0.05490062199887191,True
2026-07-17,DOCN,4.165699599956408,低優先或資料不足,國際貿易,低於50DMA,新聞提及 1 次，量價訊號尚需確認。,DOCN Stock Climbs On Strong Preliminary Q2 Numbers – CEO Touts Winning ‘World’s Most Sophisticated AI Customers’ - Stocktwits,118.91000366210938,20D,20,2026-08-14,0.0925909861891987,0.051400087940453476,0.04119089824874522,True
2026-07-17,DOCN,4.165699599956408,低優先或資料不足,國際貿易,低於50DMA,新聞提及 1 次，量價訊號尚需確認。,DOCN Stock Climbs On Strong Preliminary Q2 Numbers – CEO Touts Winning ‘World’s Most Sophisticated AI Customers’ - Stocktwits,118.91000366210938,60D,60,,,,,
2026-07-17,IBM,0.0,低優先或資料不足,網路安全,低於50DMA,新聞提及 2 次，量價訊號尚需確認。,Jim Cramer says IBM's 25% plunge isn't enough to make the stock a buy - CNBC,211.1552734375,5D,5,2026-07-24,0.007147279660350669,-0.015963635111087227,0.023110914771437896,True
2026-07-17,IBM,0.0,低優先或資料不足,網路安全,低於50DMA,新聞提及 2 次，量價訊號尚需確認。,Jim Cramer says IBM's 25% plunge isn't enough to make the stock a buy - CNBC,211.1552734375,20D,20,2026-08-14,0.1097047377013547,0.051400087940453476,0.05830464976090122,True
2026-07-17,IBM,0.0,低優先或資料不足,網路安全,低於50DMA,新聞提及 2 次，量價訊號尚需確認。,Jim Cramer says IBM's 25% plunge isn't enough to make the stock a buy - CNBC,211.1552734375,60D,60,,,,,
2026-07-17,IONQ,0.0,低優先或資料不足,量子運算,低於50DMA,新聞提及 1 次，量價訊號尚需確認。,IonQ’s (IONQ) 256-Qubit Milestones: Breakthrough in Commercial Path or Overlooked Amid Geopolitical Jitters? - simplywall.st,34.779998779296875,5D,5,2026-07-24,-0.05577914591140776,-0.015963635111087227,-0.03981551080032053,False
2026-07-17,IONQ,0.0,低優先或資料不足,量子運算,低於50DMA,新聞提及 1 次，量價訊號尚需確認。,IonQ’s (IONQ) 256-Qubit Milestones: Breakthrough in Commercial Path or Overlooked Amid Geopolitical Jitters? - simplywall.st,34.779998779296875,20D,20,2026-08-14,0.33007475402989117,0.051400087940453476,0.2786746660894377,True
2026-07-17,IONQ,0.0,低優先或資料不足,量子運算,低於50DMA,新聞提及 1 次，量價訊號尚需確認。,IonQ’s (IONQ) 256-Qubit Milestones: Breakthrough in Commercial Path or Overlooked Amid Geopolitical Jitters? - simplywall.st,34.779998779296875,60D,60,,,,,
2026-07-18,TMED,90.6570887159373,高優先觀察,醫療科技,量能過熱,新聞提及 1 次，且價格站上 50DMA，值得加入觀察清單。,Active Healthcare Stocks ETF TMED Spiked in 1H - ETF Database,33.88600158691406,5D,5,2026-07-27,0.014991424080030402,-0.020026989979965548,0.03501841405999595,True
2026-07-18,TMED,90.6570887159373,高優先觀察,醫療科技,量能過熱,新聞提及 1 次，且價格站上 50DMA，值得加入觀察清單。,Active Healthcare Stocks ETF TMED Spiked in 1H - ETF Database,33.88600158691406,20D,20,2026-08-17,0.03712445733496694,0.04857336169382043,-0.011448904358853484,True
2026-07-18,TMED,90.6570887159373,高優先觀察,醫療科技,量能過熱,新聞提及 1 次，且價格站上 50DMA，值得加入觀察清單。,Active Healthcare Stocks ETF TMED Spiked in 1H - ETF Database,33.88600158691406,60D,60,,,,,
2026-07-18,ASML,50.94508254751245,題材有熱度但訊號普通,半導體設備,未觸發主要風險,新聞提及 3 次，量價訊號尚需確認。,"Should You Buy, Sell or Hold ASML Stock Post Q2 Earnings? - TradingView",1736.7738037109375,5D,5,2026-07-27,-0.04816501332510892,-0.020026989979965548,-0.02813802334514337,False
2026-07-18,ASML,50.94508254751245,題材有熱度但訊號普通,半導體設備,未觸發主要風險,新聞提及 3 次，量價訊號尚需確認。,"Should You Buy, Sell or Hold ASML Stock Post Q2 Earnings? - TradingView",1736.7738037109375,20D,20,2026-08-17,0.0842632420488807,0.04857336169382043,0.035689880355060266,True
2026-07-18,ASML,50.94508254751245,題材有熱度但訊號普通,半導體設備,未觸發主要風險,新聞提及 3 次，量價訊號尚需確認。,"Should You Buy, Sell or Hold ASML Stock Post Q2 Earnings? - TradingView",1736.7738037109375,60D,60,,,,,
2026-07-18,NVDA,39.681411976102,暫時不強,機器人/自動化,低於50DMA,新聞提及 1 次，量價訊號尚需確認。,NVDA Stock Eyes Third Weekly Gains: Why Japan Wants Nvidia’s Rubin Chips To Power Its Next Robotics Boom - TradingView,203.05279541015625,5D,5,2026-07-27,-0.033303830658554356,-0.020026989979965548,-0.013276840678588808,False
2026-07-18,NVDA,39.681411976102,暫時不強,機器人/自動化,低於50DMA,新聞提及 1 次，量價訊號尚需確認。,NVDA Stock Eyes Third Weekly Gains: Why Japan Wants Nvidia’s Rubin Chips To Power Its Next Robotics Boom - TradingView,203.05279541015625,20D,20,2026-08-17,0.1068968476474661,0.04857336169382043,0.05832348595364567,True
2026-07-18,NVDA,39.681411976102,暫時不強,機器人/自動化,低於50DMA,新聞提及 1 次，量價訊號尚需確認。,NVDA Stock Eyes Third Weekly Gains: Why Japan Wants Nvidia’s Rubin Chips To Power Its Next Robotics Boom - TradingView,203.05279541015625,60D,60,,,,,
2026-07-18,SYM,35.74268143193396,暫時不強,機器人/自動化,低於50DMA,新聞提及 1 次，量價訊號尚需確認。,Is Symbotic (SYM) One Of The Best Low-Priced AI Stocks To Buy Right Now? - Yahoo Finance,40.83000183105469,5D,5,2026-07-27,0.016164580402005413,-0.020026989979965548,0.03619157038197096,True
2026-07-18,SYM,35.74268143193396,暫時不強,機器人/自動化,低於50DMA,新聞提及 1 次，量價訊號尚需確認。,Is Symbotic (SYM) One Of The Best Low-Priced AI Stocks To Buy Right Now? - Yahoo Finance,40.83000183105469,20D,20,2026-08-17,0.03722744489103391,0.04857336169382043,-0.011345916802786515,True
2026-07-18,SYM,35.74268143193396,暫時不強,機器人/自動化,低於50DMA,新聞提及 1 次，量價訊號尚需確認。,Is Symbotic (SYM) One Of The Best Low-Priced AI Stocks To Buy Right Now? - Yahoo Finance,40.83000183105469,60D,60,,,,,
2026-07-18,AMAT,29.711169508609366,暫時不強,半導體設備,未觸發主要風險,新聞提及 1 次，量價訊號尚需確認。,Applied Materials CEO Just Reinforced the AI Investment Thesis. How to Play AMAT Stock Here. - Barchart.com,525.1384887695312,5D,5,2026-07-27,-0.016758623358863356,-0.020026989979965548,0.0032683666211021922,False
2026-07-18,AMAT,29.711169508609366,暫時不強,半導體設備,未觸發主要風險,新聞提及 1 次，量價訊號尚需確認。,Applied Materials CEO Just Reinforced the AI Investment Thesis. How to Play AMAT Stock Here. - Barchart.com,525.1384887695312,20D,20,2026-08-17,0.018280380605516067,0.04857336169382043,-0.03029298108830436,True
2026-07-18,AMAT,29.711169508609366,暫時不強,半導體設備,未觸發主要風險,新聞提及 1 次，量價訊號尚需確認。,Applied Materials CEO Just Reinforced the AI Investment Thesis. How to Play AMAT Stock Here. - Barchart.com,525.1384887695312,60D,60,,,,,
2026-07-18,AMS,23.466270010052238,暫時不強,半導體設備,低於50DMA,新聞提及 1 次，量價訊號尚需確認。,"ASML Holding NV (AMS:ASML) Surges as Quality Stock with Q2 Revenue and Earnings Beat, Lifts Full-Year Guidance - ChartMill",1.4700000286102295,5D,5,2026-07-27,0.04761900127918861,-0.020026989979965548,0.06764599125915416,True
2026-07-18,AMS,23.466270010052238,暫時不強,半導體設備,低於50DMA,新聞提及 1 次，量價訊號尚需確認。,"ASML Holding NV (AMS:ASML) Surges as Quality Stock with Q2 Revenue and Earnings Beat, Lifts Full-Year Guidance - ChartMill",1.4700000286102295,20D,20,2026-08-17,0.054421715747644095,0.04857336169382043,0.005848354053823668,True
2026-07-18,AMS,23.466270010052238,暫時不強,半導體設備,低於50DMA,新聞提及 1 次，量價訊號尚需確認。,"ASML Holding NV (AMS:ASML) Surges as Quality Stock with Q2 Revenue and Earnings Beat, Lifts Full-Year Guidance - ChartMill",1.4700000286102295,60D,60,,,,,
2026-07-18,RKLB,0.0,低優先或資料不足,太空,低於50DMA,新聞提及 2 次，量價訊號尚需確認。,RKLB Stock Forecast 2030: Vertical Space Infrastructure - Northwise Project,65.73999786376953,5D,5,2026-07-27,0.018253797028156882,-0.020026989979965548,0.03828078700812243,True
2026-07-18,RKLB,0.0,低優先或資料不足,太空,低於50DMA,新聞提及 2 次，量價訊號尚需確認。,RKLB Stock Forecast 2030: Vertical Space Infrastructure - Northwise Project,65.73999786376953,20D,20,2026-08-17,0.24855498171974255,0.04857336169382043,0.19998162002592212,True
2026-07-18,RKLB,0.0,低優先或資料不足,太空,低於50DMA,新聞提及 2 次，量價訊號尚需確認。,RKLB Stock Forecast 2030: Vertical Space Infrastructure - Northwise Project,65.73999786376953,60D,60,,,,,
2026-07-18,AVAV,0.0,低優先或資料不足,國防/航太,低於50DMA,新聞提及 1 次，量價訊號尚需確認。,AVAV Stock Rides Drone Defense Bull Wave As New Air Force Contract Adds Fuel — Here's What Investors Need To Know - Stocktwits,142.60000610351562,5D,5,2026-07-27,0.08162692069731592,-0.020026989979965548,0.10165391067728147,True
2026-07-18,AVAV,0.0,低優先或資料不足,國防/航太,低於50DMA,新聞提及 1 次，量價訊號尚需確認。,AVAV Stock Rides Drone Defense Bull Wave As New Air Force Contract Adds Fuel — Here's What Investors Need To Know - Stocktwits,142.60000610351562,20D,20,2026-08-17,0.2701963333110051,0.04857336169382043,0.2216229716171847,True
2026-07-18,AVAV,0.0,低優先或資料不足,國防/航太,低於50DMA,新聞提及 1 次，量價訊號尚需確認。,AVAV Stock Rides Drone Defense Bull Wave As New Air Force Contract Adds Fuel — Here's What Investors Need To Know - Stocktwits,142.60000610351562,60D,60,,,,,
2026-07-19,AS,70.45879688625779,可觀察,能源/材料,未觸發主要風險,新聞提及 1 次，且價格站上 50DMA，值得加入觀察清單。,BUSINESSES CONTINUE BUILDING BUFFER STOCKS IN ANTICIPATION OF FURTHER DISRUPTION AS SUPPLY SHORTAGES PERSIST: GEP GLOBAL SUPPLY CHAIN VOLATILITY INDEX - PR Newswire,36.34000015258789,5D,5,2026-07-27,-0.03192074415358803,-0.020026989979965548,-0.011893754173622484,False
2026-07-19,AS,70.45879688625779,可觀察,能源/材料,未觸發主要風險,新聞提及 1 次，且價格站上 50DMA，值得加入觀察清單。,BUSINESSES CONTINUE BUILDING BUFFER STOCKS IN ANTICIPATION OF FURTHER DISRUPTION AS SUPPLY SHORTAGES PERSIST: GEP GLOBAL SUPPLY CHAIN VOLATILITY INDEX - PR Newswire,36.34000015258789,20D,20,2026-08-17,-0.1037424447422628,0.04857336169382043,-0.15231580643608322,False
2026-07-19,AS,70.45879688625779,可觀察,能源/材料,未觸發主要風險,新聞提及 1 次，且價格站上 50DMA，值得加入觀察清單。,BUSINESSES CONTINUE BUILDING BUFFER STOCKS IN ANTICIPATION OF FURTHER DISRUPTION AS SUPPLY SHORTAGES PERSIST: GEP GLOBAL SUPPLY CHAIN VOLATILITY INDEX - PR Newswire,36.34000015258789,60D,60,,,,,
2026-07-19,ANET,65.6954294639482,可觀察,能源/材料,未觸發主要風險,新聞提及 1 次，量價訊號尚需確認。,ANET Stock Slides On Chip Supply Warning – But Retail Calls It A ‘Fake Selloff’ - Stocktwits,169.35000610351562,5D,5,2026-07-27,0.008325883392401368,-0.020026989979965548,0.028352873372366916,True
2026-07-19,ANET,65.6954294639482,可觀察,能源/材料,未觸發主要風險,新聞提及 1 次，量價訊號尚需確認。,ANET Stock Slides On Chip Supply Warning – But Retail Calls It A ‘Fake Selloff’ - Stocktwits,169.35000610351562,20D,20,2026-08-17,0.19161497359738533,0.04857336169382043,0.1430416119035649,True
2026-07-19,ANET,65.6954294639482,可觀察,能源/材料,未觸發主要風險,新聞提及 1 次，量價訊號尚需確認。,ANET Stock Slides On Chip Supply Warning – But Retail Calls It A ‘Fake Selloff’ - Stocktwits,169.35000610351562,60D,60,,,,,
2026-07-19,ASML,45.94508254751245,題材有熱度但訊號普通,半導體設備,未觸發主要風險,新聞提及 2 次，量價訊號尚需確認。,"Should You Buy, Sell or Hold ASML Stock Post Q2 Earnings? - TradingView",1736.7738037109375,5D,5,2026-07-27,-0.04816501332510892,-0.020026989979965548,-0.02813802334514337,False
2026-07-19,ASML,45.94508254751245,題材有熱度但訊號普通,半導體設備,未觸發主要風險,新聞提及 2 次，量價訊號尚需確認。,"Should You Buy, Sell or Hold ASML Stock Post Q2 Earnings? - TradingView",1736.7738037109375,20D,20,2026-08-17,0.0842632420488807,0.04857336169382043,0.035689880355060266,True
2026-07-19,ASML,45.94508254751245,題材有熱度但訊號普通,半導體設備,未觸發主要風險,新聞提及 2 次，量價訊號尚需確認。,"Should You Buy, Sell or Hold ASML Stock Post Q2 Earnings? - TradingView",1736.7738037109375,60D,60,,,,,
2026-07-19,AMAT,29.711169508609366,暫時不強,半導體設備,未觸發主要風險,新聞提及 1 次，量價訊號尚需確認。,Applied Materials CEO Just Reinforced the AI Investment Thesis. How to Play AMAT Stock Here. - Barchart.com,525.1384887695312,5D,5,2026-07-27,-0.016758623358863356,-0.020026989979965548,0.0032683666211021922,False
2026-07-19,AMAT,29.711169508609366,暫時不強,半導體設備,未觸發主要風險,新聞提及 1 次，量價訊號尚需確認。,Applied Materials CEO Just Reinforced the AI Investment Thesis. How to Play AMAT Stock Here. - Barchart.com,525.1384887695312,20D,20,2026-08-17,0.018280380605516067,0.04857336169382043,-0.03029298108830436,True
2026-07-19,AMAT,29.711169508609366,暫時不強,半導體設備,未觸發主要風險,新聞提及 1 次，量價訊號尚需確認。,Applied Materials CEO Just Reinforced the AI Investment Thesis. How to Play AMAT Stock Here. - Barchart.com,525.1384887695312,60D,60,,,,,
2026-07-19,NGL,28.160569547199543,暫時不強,能源/材料,低於50DMA,新聞提及 1 次，量價訊號尚需確認。,"Zacks Industry Outlook Highlights Suburban Propane Partners, NGL Energy Partners and Global Partners - Yahoo Finance Singapore",15.40999984741211,5D,5,2026-07-27,-0.025308202044786676,-0.020026989979965548,-0.005281212064821128,False
2026-07-19,NGL,28.160569547199543,暫時不強,能源/材料,低於50DMA,新聞提及 1 次，量價訊號尚需確認。,"Zacks Industry Outlook Highlights Suburban Propane Partners, NGL Energy Partners and Global Partners - Yahoo Finance Singapore",15.40999984741211,20D,20,2026-08-17,0.19143418508436016,0.04857336169382043,0.14286082339053974,True
2026-07-19,NGL,28.160569547199543,暫時不強,能源/材料,低於50DMA,新聞提及 1 次，量價訊號尚需確認。,"Zacks Industry Outlook Highlights Suburban Propane Partners, NGL Energy Partners and Global Partners - Yahoo Finance Singapore",15.40999984741211,60D,60,,,,,
2026-07-19,MP,0.13796184140267798,低優先或資料不足,能源/材料,低於50DMA,新聞提及 1 次，量價訊號尚需確認。,"MP, USAR, UAMY, UUUU Stocks In Focus: U.S.-China Agreement Could Ease Rare Earth Supply Crunch - Stocktwits",45.70000076293945,5D,5,2026-07-27,-0.05623631623455827,-0.020026989979965548,-0.03620932625459272,False
2026-07-19,MP,0.13796184140267798,低優先或資料不足,能源/材料,低於50DMA,新聞提及 1 次，量價訊號尚需確認。,"MP, USAR, UAMY, UUUU Stocks In Focus: U.S.-China Agreement Could Ease Rare Earth Supply Crunch - Stocktwits",45.70000076293945,20D,20,2026-08-17,0.2803062876310072,0.04857336169382043,0.23173292593718675,True
2026-07-19,MP,0.13796184140267798,低優先或資料不足,能源/材料,低於50DMA,新聞提及 1 次，量價訊號尚需確認。,"MP, USAR, UAMY, UUUU Stocks In Focus: U.S.-China Agreement Could Ease Rare Earth Supply Crunch - Stocktwits",45.70000076293945,60D,60,,,,,
2026-07-19,USAR,0.0,低優先或資料不足,能源/材料,低於50DMA,新聞提及 1 次，量價訊號尚需確認。,"MP, USAR, UAMY, UUUU Stocks In Focus: U.S.-China Agreement Could Ease Rare Earth Supply Crunch - Stocktwits",15.229999542236328,5D,5,2026-07-27,-0.019697915041203995,-0.020026989979965548,0.00032907493876155325,False
2026-07-19,USAR,0.0,低優先或資料不足,能源/材料,低於50DMA,新聞提及 1 次，量價訊號尚需確認。,"MP, USAR, UAMY, UUUU Stocks In Focus: U.S.-China Agreement Could Ease Rare Earth Supply Crunch - Stocktwits",15.229999542236328,20D,20,2026-08-17,0.26657921834020337,0.04857336169382043,0.21800585664638295,True
2026-07-19,USAR,0.0,低優先或資料不足,能源/材料,低於50DMA,新聞提及 1 次，量價訊號尚需確認。,"MP, USAR, UAMY, UUUU Stocks In Focus: U.S.-China Agreement Could Ease Rare Earth Supply Crunch - Stocktwits",15.229999542236328,60D,60,,,,,
2026-07-19,UAMY,0.0,低優先或資料不足,能源/材料,低於50DMA,新聞提及 1 次，量價訊號尚需確認。,"MP, USAR, UAMY, UUUU Stocks In Focus: U.S.-China Agreement Could Ease Rare Earth Supply Crunch - Stocktwits",5.360000133514404,5D,5,2026-07-27,0.016790983863599562,-0.020026989979965548,0.03681797384356511,True
2026-07-19,UAMY,0.0,低優先或資料不足,能源/材料,低於50DMA,新聞提及 1 次，量價訊號尚需確認。,"MP, USAR, UAMY, UUUU Stocks In Focus: U.S.-China Agreement Could Ease Rare Earth Supply Crunch - Stocktwits",5.360000133514404,20D,20,2026-08-17,0.048507415217954986,0.04857336169382043,-6.594647586544156e-05,True
2026-07-19,UAMY,0.0,低優先或資料不足,能源/材料,低於50DMA,新聞提及 1 次，量價訊號尚需確認。,"MP, USAR, UAMY, UUUU Stocks In Focus: U.S.-China Agreement Could Ease Rare Earth Supply Crunch - Stocktwits",5.360000133514404,60D,60,,,,,
2026-07-19,RKLB,0.0,低優先或資料不足,太空,低於50DMA,新聞提及 2 次，量價訊號尚需確認。,RKLB Stock Heads For Best Month Of 2026: Retail Bulls Energized By Hints Of 'Central Role' In America's Space Defense Push - Stocktwits,65.73999786376953,5D,5,2026-07-27,0.018253797028156882,-0.020026989979965548,0.03828078700812243,True
2026-07-19,RKLB,0.0,低優先或資料不足,太空,低於50DMA,新聞提及 2 次，量價訊號尚需確認。,RKLB Stock Heads For Best Month Of 2026: Retail Bulls Energized By Hints Of 'Central Role' In America's Space Defense Push - Stocktwits,65.73999786376953,20D,20,2026-08-17,0.24855498171974255,0.04857336169382043,0.19998162002592212,True
2026-07-19,RKLB,0.0,低優先或資料不足,太空,低於50DMA,新聞提及 2 次，量價訊號尚需確認。,RKLB Stock Heads For Best Month Of 2026: Retail Bulls Energized By Hints Of 'Central Role' In America's Space Defense Push - Stocktwits,65.73999786376953,60D,60,,,,,
2026-07-19,UUUU,0.0,低優先或資料不足,能源/材料,低於50DMA,新聞提及 1 次，量價訊號尚需確認。,"MP, USAR, UAMY, UUUU Stocks In Focus: U.S.-China Agreement Could Ease Rare Earth Supply Crunch - Stocktwits",11.739999771118164,5D,5,2026-07-27,-0.0025553435737702968,-0.020026989979965548,0.01747164640619525,False
2026-07-19,UUUU,0.0,低優先或資料不足,能源/材料,低於50DMA,新聞提及 1 次，量價訊號尚需確認。,"MP, USAR, UAMY, UUUU Stocks In Focus: U.S.-China Agreement Could Ease Rare Earth Supply Crunch - Stocktwits",11.739999771118164,20D,20,2026-08-17,0.25979559200999613,0.04857336169382043,0.2112222303161757,True
2026-07-19,UUUU,0.0,低優先或資料不足,能源/材料,低於50DMA,新聞提及 1 次，量價訊號尚需確認。,"MP, USAR, UAMY, UUUU Stocks In Focus: U.S.-China Agreement Could Ease Rare Earth Supply Crunch - Stocktwits",11.739999771118164,60D,60,,,,,
2026-07-19,IONQ,0.0,低優先或資料不足,量子運算,低於50DMA,新聞提及 1 次，量價訊號尚需確認。,IonQ’s (IONQ) 256-Qubit Milestones: Breakthrough in Commercial Path or Overlooked Amid Geopolitical Jitters? - simplywall.st,34.2400016784668,5D,5,2026-07-27,0.04906531565782757,-0.020026989979965548,0.06909230563779312,True
2026-07-19,IONQ,0.0,低優先或資料不足,量子運算,低於50DMA,新聞提及 1 次，量價訊號尚需確認。,IonQ’s (IONQ) 256-Qubit Milestones: Breakthrough in Commercial Path or Overlooked Amid Geopolitical Jitters? - simplywall.st,34.2400016784668,20D,20,2026-08-17,0.3679905916022519,0.04857336169382043,0.31941722990843147,True
2026-07-19,IONQ,0.0,低優先或資料不足,量子運算,低於50DMA,新聞提及 1 次，量價訊號尚需確認。,IonQ’s (IONQ) 256-Qubit Milestones: Breakthrough in Commercial Path or Overlooked Amid Geopolitical Jitters? - simplywall.st,34.2400016784668,60D,60,,,,,
2026-07-19,IBM,0.0,低優先或資料不足,量子運算,低於50DMA,新聞提及 1 次，量價訊號尚需確認。,IBM warns AI boom squeezing software budgets; shares sink in sector rout - Reuters,211.48292541503906,5D,5,2026-07-27,0.015399056764752839,-0.020026989979965548,0.03542604674471839,True
2026-07-19,IBM,0.0,低優先或資料不足,量子運算,低於50DMA,新聞提及 1 次，量價訊號尚需確認。,IBM warns AI boom squeezing software budgets; shares sink in sector rout - Reuters,211.48292541503906,20D,20,2026-08-17,0.08212048634372415,0.04857336169382043,0.033547124649903726,True
2026-07-19,IBM,0.0,低優先或資料不足,量子運算,低於50DMA,新聞提及 1 次，量價訊號尚需確認。,IBM warns AI boom squeezing software budgets; shares sink in sector rout - Reuters,211.48292541503906,60D,60,,,,,
2026-07-20,MELI,89.67474455576559,高優先觀察,金融科技,未觸發主要風險,新聞提及 1 次，且價格站上 50DMA，值得加入觀察清單。,MercadoLibre Rallies 13% in a Month: Time to Buy MELI Stock? - The Globe and Mail,1832.4200439453125,5D,5,2026-07-27,-0.006919840105894415,-0.020026989979965548,0.013107149874071133,False
2026-07-20,MELI,89.67474455576559,高優先觀察,金融科技,未觸發主要風險,新聞提及 1 次，且價格站上 50DMA，值得加入觀察清單。,MercadoLibre Rallies 13% in a Month: Time to Buy MELI Stock? - The Globe and Mail,1832.4200439453125,20D,20,2026-08-17,-0.024475882483628086,0.04857336169382043,-0.07304924417744851,False
2026-07-20,MELI,89.67474455576559,高優先觀察,金融科技,未觸發主要風險,新聞提及 1 次，且價格站上 50DMA，值得加入觀察清單。,MercadoLibre Rallies 13% in a Month: Time to Buy MELI Stock? - The Globe and Mail,1832.4200439453125,60D,60,,,,,
2026-07-20,TMED,85.3811755365108,高優先觀察,醫療科技,未觸發主要風險,新聞提及 1 次，且價格站上 50DMA，值得加入觀察清單。,Active Healthcare Stocks ETF TMED Spiked in 1H - ETF Database,33.88600158691406,5D,5,2026-07-27,0.014991424080030402,-0.020026989979965548,0.03501841405999595,True
2026-07-20,TMED,85.3811755365108,高優先觀察,醫療科技,未觸發主要風險,新聞提及 1 次，且價格站上 50DMA，值得加入觀察清單。,Active Healthcare Stocks ETF TMED Spiked in 1H - ETF Database,33.88600158691406,20D,20,2026-08-17,0.03712445733496694,0.04857336169382043,-0.011448904358853484,True
2026-07-20,TMED,85.3811755365108,高優先觀察,醫療科技,未觸發主要風險,新聞提及 1 次，且價格站上 50DMA，值得加入觀察清單。,Active Healthcare Stocks ETF TMED Spiked in 1H - ETF Database,33.88600158691406,60D,60,,,,,
2026-07-20,ASML,42.1326668301367,題材有熱度但訊號普通,半導體設備,未觸發主要風險,新聞提及 3 次，量價訊號尚需確認。,ASML Holding (NASDAQ:ASML): Strong Growth Stock With a Quality Technical Setup - ChartMill,1736.7738037109375,5D,5,2026-07-27,-0.04816501332510892,-0.020026989979965548,-0.02813802334514337,False
2026-07-20,ASML,42.1326668301367,題材有熱度但訊號普通,半導體設備,未觸發主要風險,新聞提及 3 次，量價訊號尚需確認。,ASML Holding (NASDAQ:ASML): Strong Growth Stock With a Quality Technical Setup - ChartMill,1736.7738037109375,20D,20,2026-08-17,0.0842632420488807,0.04857336169382043,0.035689880355060266,True
2026-07-20,ASML,42.1326668301367,題材有熱度但訊號普通,半導體設備,未觸發主要風險,新聞提及 3 次，量價訊號尚需確認。,ASML Holding (NASDAQ:ASML): Strong Growth Stock With a Quality Technical Setup - ChartMill,1736.7738037109375,60D,60,,,,,
2026-07-20,AMAT,4.914961925900169,低優先或資料不足,半導體設備,低於50DMA,新聞提及 1 次，量價訊號尚需確認。,Applied Materials CEO Just Reinforced the AI Investment Thesis. How to Play AMAT Stock Here. - Barchart.com,525.1384887695312,5D,5,2026-07-27,-0.016758623358863356,-0.020026989979965548,0.0032683666211021922,False
2026-07-20,AMAT,4.914961925900169,低優先或資料不足,半導體設備,低於50DMA,新聞提及 1 次，量價訊號尚需確認。,Applied Materials CEO Just Reinforced the AI Investment Thesis. How to Play AMAT Stock Here. - Barchart.com,525.1384887695312,20D,20,2026-08-17,0.018280380605516067,0.04857336169382043,-0.03029298108830436,True
2026-07-20,AMAT,4.914961925900169,低優先或資料不足,半導體設備,低於50DMA,新聞提及 1 次，量價訊號尚需確認。,Applied Materials CEO Just Reinforced the AI Investment Thesis. How to Play AMAT Stock Here. - Barchart.com,525.1384887695312,60D,60,,,,,
2026-07-20,QBTS,0.0,低優先或資料不足,量子運算,低於50DMA,新聞提及 1 次，量價訊號尚需確認。,QBTS Stock Quote Price and Forecast - CNN,16.719999313354492,5D,5,2026-07-27,0.16686609031729627,-0.020026989979965548,0.18689308029726182,True
2026-07-20,QBTS,0.0,低優先或資料不足,量子運算,低於50DMA,新聞提及 1 次，量價訊號尚需確認。,QBTS Stock Quote Price and Forecast - CNN,16.719999313354492,20D,20,2026-08-17,0.24820584308064197,0.04857336169382043,0.19963248138682155,True
2026-07-20,QBTS,0.0,低優先或資料不足,量子運算,低於50DMA,新聞提及 1 次，量價訊號尚需確認。,QBTS Stock Quote Price and Forecast - CNN,16.719999313354492,60D,60,,,,,
2026-07-20,IONQ,0.0,低優先或資料不足,量子運算,低於50DMA,新聞提及 1 次，量價訊號尚需確認。,IonQ’s (IONQ) 256-Qubit Milestones: Breakthrough in Commercial Path or Overlooked Amid Geopolitical Jitters? - simplywall.st,34.2400016784668,5D,5,2026-07-27,0.04906531565782757,-0.020026989979965548,0.06909230563779312,True
2026-07-20,IONQ,0.0,低優先或資料不足,量子運算,低於50DMA,新聞提及 1 次，量價訊號尚需確認。,IonQ’s (IONQ) 256-Qubit Milestones: Breakthrough in Commercial Path or Overlooked Amid Geopolitical Jitters? - simplywall.st,34.2400016784668,20D,20,2026-08-17,0.3679905916022519,0.04857336169382043,0.31941722990843147,True
2026-07-20,IONQ,0.0,低優先或資料不足,量子運算,低於50DMA,新聞提及 1 次，量價訊號尚需確認。,IonQ’s (IONQ) 256-Qubit Milestones: Breakthrough in Commercial Path or Overlooked Amid Geopolitical Jitters? - simplywall.st,34.2400016784668,60D,60,,,,,
2026-07-20,IBM,0.0,低優先或資料不足,量子運算,低於50DMA,新聞提及 1 次，量價訊號尚需確認。,IBM warns AI boom squeezing software budgets; shares sink in sector rout - Reuters,211.48292541503906,5D,5,2026-07-27,0.015399056764752839,-0.020026989979965548,0.03542604674471839,True
2026-07-20,IBM,0.0,低優先或資料不足,量子運算,低於50DMA,新聞提及 1 次，量價訊號尚需確認。,IBM warns AI boom squeezing software budgets; shares sink in sector rout - Reuters,211.48292541503906,20D,20,2026-08-17,0.08212048634372415,0.04857336169382043,0.033547124649903726,True
2026-07-20,IBM,0.0,低優先或資料不足,量子運算,低於50DMA,新聞提及 1 次，量價訊號尚需確認。,IBM warns AI boom squeezing software budgets; shares sink in sector rout - Reuters,211.48292541503906,60D,60,,,,,
2026-07-21,NVDA,38.69516181257147,暫時不強,機器人/自動化,低於50DMA,新聞提及 1 次，量價訊號尚需確認。,NVDA Stock Eyes Third Weekly Gains: Why Japan Wants Nvidia’s Rubin Chips To Power Its Next Robotics Boom - TradingView,207.0583038330078,5D,5,2026-07-28,-0.04959235500844417,-0.04722340934633373,-0.0023689456621104332,False
2026-07-21,NVDA,38.69516181257147,暫時不強,機器人/自動化,低於50DMA,新聞提及 1 次，量價訊號尚需確認。,NVDA Stock Eyes Third Weekly Gains: Why Japan Wants Nvidia’s Rubin Chips To Power Its Next Robotics Boom - TradingView,207.0583038330078,20D,20,2026-08-18,0.06006084258004907,0.0120456686430237,0.04801517393702537,True
2026-07-21,NVDA,38.69516181257147,暫時不強,機器人/自動化,低於50DMA,新聞提及 1 次，量價訊號尚需確認。,NVDA Stock Eyes Third Weekly Gains: Why Japan Wants Nvidia’s Rubin Chips To Power Its Next Robotics Boom - TradingView,207.0583038330078,60D,60,,,,,
2026-07-21,AVAV,26.257902453607247,暫時不強,國防/航太,低於50DMA,新聞提及 2 次，量價訊號尚需確認。,AVAV Stock Rides Drone Defense Bull Wave As New Air Force Contract Adds Fuel — Here's What Investors Need To Know - Stocktwits,148.83999633789062,5D,5,2026-07-28,0.05045693328677636,-0.04722340934633373,0.0976803426331101,True
2026-07-21,AVAV,26.257902453607247,暫時不強,國防/航太,低於50DMA,新聞提及 2 次，量價訊號尚需確認。,AVAV Stock Rides Drone Defense Bull Wave As New Air Force Contract Adds Fuel — Here's What Investors Need To Know - Stocktwits,148.83999633789062,20D,20,2026-08-18,0.16998121253861598,0.0120456686430237,0.15793554389559228,True
2026-07-21,AVAV,26.257902453607247,暫時不強,國防/航太,低於50DMA,新聞提及 2 次，量價訊號尚需確認。,AVAV Stock Rides Drone Defense Bull Wave As New Air Force Contract Adds Fuel — Here's What Investors Need To Know - Stocktwits,148.83999633789062,60D,60,,,,,
2026-07-21,KTOS,8.602163640137654,低優先或資料不足,國防/航太,低於50DMA,新聞提及 1 次，量價訊號尚需確認。,"Kratos (KTOS) Stock Trades Up, Here Is Why - TradingView",48.209999084472656,5D,5,2026-07-28,0.008919317845709651,-0.04722340934633373,0.056142727192043385,True
2026-07-21,KTOS,8.602163640137654,低優先或資料不足,國防/航太,低於50DMA,新聞提及 1 次，量價訊號尚需確認。,"Kratos (KTOS) Stock Trades Up, Here Is Why - TradingView",48.209999084472656,20D,20,2026-08-18,0.28583287400294455,0.0120456686430237,0.27378720535992085,True
2026-07-21,KTOS,8.602163640137654,低優先或資料不足,國防/航太,低於50DMA,新聞提及 1 次，量價訊號尚需確認。,"Kratos (KTOS) Stock Trades Up, Here Is Why - TradingView",48.209999084472656,60D,60,,,,,
2026-07-21,TER,7.545310017198897,低優先或資料不足,機器人/自動化,低於50DMA,新聞提及 1 次，量價訊號尚需確認。,Is Teradyne (TER) Recasting Its AI Testing Story or Just Reframing Insider Stock Sales? - Sahm,373.8963928222656,5D,5,2026-07-28,-0.14273875827763627,-0.04722340934633373,-0.09551534893130254,False
2026-07-21,TER,7.545310017198897,低優先或資料不足,機器人/自動化,低於50DMA,新聞提及 1 次，量價訊號尚需確認。,Is Teradyne (TER) Recasting Its AI Testing Story or Just Reframing Insider Stock Sales? - Sahm,373.8963928222656,20D,20,2026-08-18,0.08087366816910802,0.0120456686430237,0.06882799952608432,True
2026-07-21,TER,7.545310017198897,低優先或資料不足,機器人/自動化,低於50DMA,新聞提及 1 次，量價訊號尚需確認。,Is Teradyne (TER) Recasting Its AI Testing Story or Just Reframing Insider Stock Sales? - Sahm,373.8963928222656,60D,60,,,,,
2026-07-21,RKLB,3.6582320378924678,低優先或資料不足,太空,低於50DMA,新聞提及 3 次，量價訊號尚需確認。,RKLB Stock Heads For Best Month Of 2026: Retail Bulls Energized By Hints Of 'Central Role' In America's Space Defense Push - Stocktwits,69.12000274658203,5D,5,2026-07-28,-0.0756655548193278,-0.04722340934633373,-0.028442145472994063,False
2026-07-21,RKLB,3.6582320378924678,低優先或資料不足,太空,低於50DMA,新聞提及 3 次，量價訊號尚需確認。,RKLB Stock Heads For Best Month Of 2026: Retail Bulls Energized By Hints Of 'Central Role' In America's Space Defense Push - Stocktwits,69.12000274658203,20D,20,2026-08-18,0.14525463710320552,0.0120456686430237,0.13320896846018182,True
2026-07-21,RKLB,3.6582320378924678,低優先或資料不足,太空,低於50DMA,新聞提及 3 次，量價訊號尚需確認。,RKLB Stock Heads For Best Month Of 2026: Retail Bulls Energized By Hints Of 'Central Role' In America's Space Defense Push - Stocktwits,69.12000274658203,60D,60,,,,,
2026-07-21,XE,0.0,低優先或資料不足,核能/電力,低於50DMA,新聞提及 1 次，量價訊號尚需確認。,"OKLO, XE Stocks Jump After-Hours — Trump Administration Taps Oklo, X-Energy In $200M Push To Power AI Data Centers - TradingView",16.790000915527344,5D,5,2026-07-28,-0.05955931501763756,-0.04722340934633373,-0.012335905671303826,False
2026-07-21,XE,0.0,低優先或資料不足,核能/電力,低於50DMA,新聞提及 1 次，量價訊號尚需確認。,"OKLO, XE Stocks Jump After-Hours — Trump Administration Taps Oklo, X-Energy In $200M Push To Power AI Data Centers - TradingView",16.790000915527344,20D,20,2026-08-18,0.12328764633418743,0.0120456686430237,0.11124197769116373,True
2026-07-21,XE,0.0,低優先或資料不足,核能/電力,低於50DMA,新聞提及 1 次，量價訊號尚需確認。,"OKLO, XE Stocks Jump After-Hours — Trump Administration Taps Oklo, X-Energy In $200M Push To Power AI Data Centers - TradingView",16.790000915527344,60D,60,,,,,
2026-07-21,OKLO,0.0,低優先或資料不足,核能/電力,低於50DMA,新聞提及 1 次，量價訊號尚需確認。,"OKLO, XE Stocks Jump After-Hours — Trump Administration Taps Oklo, X-Energy In $200M Push To Power AI Data Centers - TradingView",44.130001068115234,5D,5,2026-07-28,-0.10310444429941357,-0.04722340934633373,-0.05588103495307983,False
2026-07-21,OKLO,0.0,低優先或資料不足,核能/電力,低於50DMA,新聞提及 1 次，量價訊號尚需確認。,"OKLO, XE Stocks Jump After-Hours — Trump Administration Taps Oklo, X-Energy In $200M Push To Power AI Data Centers - TradingView",44.130001068115234,20D,20,2026-08-18,-0.06276910017491588,0.0120456686430237,-0.07481476881793958,False
2026-07-21,OKLO,0.0,低優先或資料不足,核能/電力,低於50DMA,新聞提及 1 次，量價訊號尚需確認。,"OKLO, XE Stocks Jump After-Hours — Trump Administration Taps Oklo, X-Energy In $200M Push To Power AI Data Centers - TradingView",44.130001068115234,60D,60,,,,,
2026-07-21,RDW,0.0,低優先或資料不足,國防/航太,低於50DMA,新聞提及 1 次，量價訊號尚需確認。,RDW Stock Rises: Fresh $21.5M Air Force Drone Contract Adds To Defense Pipeline - Yahoo Finance,9.420000076293945,5D,5,2026-07-28,-0.09023358541246818,-0.04722340934633373,-0.04301017606613444,False
2026-07-21,RDW,0.0,低優先或資料不足,國防/航太,低於50DMA,新聞提及 1 次，量價訊號尚需確認。,RDW Stock Rises: Fresh $21.5M Air Force Drone Contract Adds To Defense Pipeline - Yahoo Finance,9.420000076293945,20D,20,2026-08-18,0.3736729804225445,0.0120456686430237,0.3616273117795208,True
2026-07-21,RDW,0.0,低優先或資料不足,國防/航太,低於50DMA,新聞提及 1 次，量價訊號尚需確認。,RDW Stock Rises: Fresh $21.5M Air Force Drone Contract Adds To Defense Pipeline - Yahoo Finance,9.420000076293945,60D,60,,,,,
2026-07-22,RTX,64.42557469568493,可觀察,國防/航太,未觸發主要風險,新聞提及 1 次，量價訊號尚需確認。,Aerospace and defense: Here's what's affecting near-term outlooks (RTX:NYSE) - Seeking Alpha,194.23475646972656,5D,5,2026-07-29,0.10452584099023299,-0.06184163021039424,0.16636747120062723,True
2026-07-22,RTX,64.42557469568493,可觀察,國防/航太,未觸發主要風險,新聞提及 1 次，量價訊號尚需確認。,Aerospace and defense: Here's what's affecting near-term outlooks (RTX:NYSE) - Seeking Alpha,194.23475646972656,20D,20,2026-08-19,0.13445199051107726,0.015212365727384825,0.11923962478369243,True
2026-07-22,RTX,64.42557469568493,可觀察,國防/航太,未觸發主要風險,新聞提及 1 次，量價訊號尚需確認。,Aerospace and defense: Here's what's affecting near-term outlooks (RTX:NYSE) - Seeking Alpha,194.23475646972656,60D,60,,,,,
2026-07-22,MGM,46.749671371555685,題材有熱度但訊號普通,消費復甦,未觸發主要風險,新聞提及 2 次，量價訊號尚需確認。,MGM Resorts stock trades steadily as Vegas recovery supports earnings and cash flow - Ad-hoc-news.de,45.4900016784668,5D,5,2026-07-29,0.00747417322582411,-0.06184163021039424,0.06931580343621835,True
2026-07-22,MGM,46.749671371555685,題材有熱度但訊號普通,消費復甦,未觸發主要風險,新聞提及 2 次，量價訊號尚需確認。,MGM Resorts stock trades steadily as Vegas recovery supports earnings and cash flow - Ad-hoc-news.de,45.4900016784668,20D,20,2026-08-19,-0.049901085381542254,0.015212365727384825,-0.06511345110892708,False
2026-07-22,MGM,46.749671371555685,題材有熱度但訊號普通,消費復甦,未觸發主要風險,新聞提及 2 次，量價訊號尚需確認。,MGM Resorts stock trades steadily as Vegas recovery supports earnings and cash flow - Ad-hoc-news.de,45.4900016784668,60D,60,,,,,
2026-07-22,MXL,36.93907274466149,暫時不強,AI/資料中心,低於50DMA,新聞提及 1 次，量價訊號尚需確認。,AAOI vs. MXL: Which AI Data Center Infrastructure Stock Has an Edge? - Yahoo Finance,86.80000305175781,5D,5,2026-07-29,-0.3404378112076505,-0.06184163021039424,-0.27859618099725625,False
2026-07-22,MXL,36.93907274466149,暫時不強,AI/資料中心,低於50DMA,新聞提及 1 次，量價訊號尚需確認。,AAOI vs. MXL: Which AI Data Center Infrastructure Stock Has an Edge? - Yahoo Finance,86.80000305175781,20D,20,2026-08-19,-0.23467744274658198,0.015212365727384825,-0.2498898084739668,False
2026-07-22,MXL,36.93907274466149,暫時不強,AI/資料中心,低於50DMA,新聞提及 1 次，量價訊號尚需確認。,AAOI vs. MXL: Which AI Data Center Infrastructure Stock Has an Edge? - Yahoo Finance,86.80000305175781,60D,60,,,,,
2026-07-22,KTOS,2.3854762090945414,低優先或資料不足,國防/航太,低於50DMA,新聞提及 1 次，量價訊號尚需確認。,"Kratos (KTOS) Stock Trades Up, Here Is Why - StockStory",47.88999938964844,5D,5,2026-07-29,-0.08373352208477947,-0.06184163021039424,-0.021891891874385228,False
2026-07-22,KTOS,2.3854762090945414,低優先或資料不足,國防/航太,低於50DMA,新聞提及 1 次，量價訊號尚需確認。,"Kratos (KTOS) Stock Trades Up, Here Is Why - StockStory",47.88999938964844,20D,20,2026-08-19,0.26456467206347956,0.015212365727384825,0.24935230633609473,True
2026-07-22,KTOS,2.3854762090945414,低優先或資料不足,國防/航太,低於50DMA,新聞提及 1 次，量價訊號尚需確認。,"Kratos (KTOS) Stock Trades Up, Here Is Why - StockStory",47.88999938964844,60D,60,,,,,
2026-07-22,XE,0.0,低優先或資料不足,核能/電力,低於50DMA,新聞提及 1 次，量價訊號尚需確認。,"OKLO, XE Stocks Jump After-Hours — Trump Administration Taps Oklo, X-Energy In $200M Push To Power AI Data Centers - Stocktwits",16.450000762939453,5D,5,2026-07-29,-0.07173253802116708,-0.06184163021039424,-0.009890907810772842,False
2026-07-22,XE,0.0,低優先或資料不足,核能/電力,低於50DMA,新聞提及 1 次，量價訊號尚需確認。,"OKLO, XE Stocks Jump After-Hours — Trump Administration Taps Oklo, X-Energy In $200M Push To Power AI Data Centers - Stocktwits",16.450000762939453,20D,20,2026-08-19,0.20668689731554313,0.015212365727384825,0.1914745315881583,True
2026-07-22,XE,0.0,低優先或資料不足,核能/電力,低於50DMA,新聞提及 1 次，量價訊號尚需確認。,"OKLO, XE Stocks Jump After-Hours — Trump Administration Taps Oklo, X-Energy In $200M Push To Power AI Data Centers - Stocktwits",16.450000762939453,60D,60,,,,,
2026-07-22,OKLO,0.0,低優先或資料不足,核能/電力,低於50DMA,新聞提及 1 次，量價訊號尚需確認。,"OKLO, XE Stocks Jump After-Hours — Trump Administration Taps Oklo, X-Energy In $200M Push To Power AI Data Centers - Stocktwits",44.5,5D,5,2026-07-29,-0.17213482803173275,-0.06184163021039424,-0.1102931978213385,False
2026-07-22,OKLO,0.0,低優先或資料不足,核能/電力,低於50DMA,新聞提及 1 次，量價訊號尚需確認。,"OKLO, XE Stocks Jump After-Hours — Trump Administration Taps Oklo, X-Energy In $200M Push To Power AI Data Centers - Stocktwits",44.5,20D,20,2026-08-19,-0.03505621063575315,0.015212365727384825,-0.05026857636313797,False
2026-07-22,OKLO,0.0,低優先或資料不足,核能/電力,低於50DMA,新聞提及 1 次，量價訊號尚需確認。,"OKLO, XE Stocks Jump After-Hours — Trump Administration Taps Oklo, X-Energy In $200M Push To Power AI Data Centers - Stocktwits",44.5,60D,60,,,,,
2026-07-22,RCAT,0.0,低優先或資料不足,國防/航太,低於50DMA,新聞提及 1 次，量價訊號尚需確認。,"Red Cat Just Dropped 26% in a Month: Are Drone Stocks Like RCAT, Ondas, Redwire, and AeroVironment Out of Fuel? - 24/7 Wall St.",7.829999923706055,5D,5,2026-07-29,-0.13537675007764594,-0.06184163021039424,-0.0735351198672517,False
2026-07-22,RCAT,0.0,低優先或資料不足,國防/航太,低於50DMA,新聞提及 1 次，量價訊號尚需確認。,"Red Cat Just Dropped 26% in a Month: Are Drone Stocks Like RCAT, Ondas, Redwire, and AeroVironment Out of Fuel? - 24/7 Wall St.",7.829999923706055,20D,20,2026-08-19,0.2630907330381773,0.015212365727384825,0.2478783673107925,True
2026-07-22,RCAT,0.0,低優先或資料不足,國防/航太,低於50DMA,新聞提及 1 次，量價訊號尚需確認。,"Red Cat Just Dropped 26% in a Month: Are Drone Stocks Like RCAT, Ondas, Redwire, and AeroVironment Out of Fuel? - 24/7 Wall St.",7.829999923706055,60D,60,,,,,
2026-07-22,AAOI,0.0,低優先或資料不足,AI/資料中心,低於50DMA,新聞提及 1 次，量價訊號尚需確認。,AAOI vs. MXL: Which AI Data Center Infrastructure Stock Has an Edge? - Yahoo Finance,110.5199966430664,5D,5,2026-07-29,-0.3076366361990206,-0.06184163021039424,-0.24579500598862636,False
2026-07-22,AAOI,0.0,低優先或資料不足,AI/資料中心,低於50DMA,新聞提及 1 次，量價訊號尚需確認。,AAOI vs. MXL: Which AI Data Center Infrastructure Stock Has an Edge? - Yahoo Finance,110.5199966430664,20D,20,2026-08-19,0.10559180377130395,0.015212365727384825,0.09037943804391912,True
2026-07-22,AAOI,0.0,低優先或資料不足,AI/資料中心,低於50DMA,新聞提及 1 次，量價訊號尚需確認。,AAOI vs. MXL: Which AI Data Center Infrastructure Stock Has an Edge? - Yahoo Finance,110.5199966430664,60D,60,,,,,
2026-07-23,RTX,99.41713153137891,高優先觀察,國防/航太,未觸發主要風險,新聞提及 1 次，且價格站上 50DMA，值得加入觀察清單。,Aerospace and defense: Here's what's affecting near-term outlooks (RTX:NYSE) - Seeking Alpha,208.4674835205078,5D,5,2026-07-30,0.02495695215788163,-0.012153968575765783,0.03711092073364741,True
2026-07-23,RTX,99.41713153137891,高優先觀察,國防/航太,未觸發主要風險,新聞提及 1 次，且價格站上 50DMA，值得加入觀察清單。,Aerospace and defense: Here's what's affecting near-term outlooks (RTX:NYSE) - Seeking Alpha,208.4674835205078,20D,20,2026-08-20,0.018336239787002384,0.027414794099426487,-0.009078554312424103,True
2026-07-23,RTX,99.41713153137891,高優先觀察,國防/航太,未觸發主要風險,新聞提及 1 次，且價格站上 50DMA，值得加入觀察清單。,Aerospace and defense: Here's what's affecting near-term outlooks (RTX:NYSE) - Seeking Alpha,208.4674835205078,60D,60,,,,,
2026-07-23,MA,75.39346245110916,可觀察,小型成長股,未觸發主要風險,新聞提及 1 次，且價格站上 50DMA，值得加入觀察清單。,Mastercard (NYSE:MA): A Strong Growth Stock With a Promising Technical Breakout Setup - ChartMill,530.2899780273438,5D,5,2026-07-30,0.08874389392319837,-0.012153968575765783,0.10089786249896415,True
2026-07-23,MA,75.39346245110916,可觀察,小型成長股,未觸發主要風險,新聞提及 1 次，且價格站上 50DMA，值得加入觀察清單。,Mastercard (NYSE:MA): A Strong Growth Stock With a Promising Technical Breakout Setup - ChartMill,530.2899780273438,20D,20,2026-08-20,0.08214373147430609,0.027414794099426487,0.054728937374879605,True
2026-07-23,MA,75.39346245110916,可觀察,小型成長股,未觸發主要風險,新聞提及 1 次，且價格站上 50DMA，值得加入觀察清單。,Mastercard (NYSE:MA): A Strong Growth Stock With a Promising Technical Breakout Setup - ChartMill,530.2899780273438,60D,60,,,,,
2026-07-23,KCE,75.29483865977619,可觀察,小型成長股,未觸發主要風險,新聞提及 1 次，且價格站上 50DMA，值得加入觀察清單。,KCE: Why Capital Markets Stocks Are Still Strong & On Breakout Watch (NYSEARCA:KCE) - Seeking Alpha,155.13987731933594,5D,5,2026-07-30,0.027685173774179006,-0.012153968575765783,0.03983914234994479,True
2026-07-23,KCE,75.29483865977619,可觀察,小型成長股,未觸發主要風險,新聞提及 1 次，且價格站上 50DMA，值得加入觀察清單。,KCE: Why Capital Markets Stocks Are Still Strong & On Breakout Watch (NYSEARCA:KCE) - Seeking Alpha,155.13987731933594,20D,20,2026-08-20,0.06673960020839464,0.027414794099426487,0.03932480610896816,True
2026-07-23,KCE,75.29483865977619,可觀察,小型成長股,未觸發主要風險,新聞提及 1 次，且價格站上 50DMA，值得加入觀察清單。,KCE: Why Capital Markets Stocks Are Still Strong & On Breakout Watch (NYSEARCA:KCE) - Seeking Alpha,155.13987731933594,60D,60,,,,,
2026-07-23,AVAV,53.24764920061128,題材有熱度但訊號普通,國防/航太,低於50DMA,新聞提及 1 次，量價訊號尚需確認。,AVAV Stock Rides Drone Defense Bull Wave As New Air Force Contract Adds Fuel — Here's What Investors Need To Know - Stocktwits,158.72999572753906,5D,5,2026-07-30,-0.07660800561094327,-0.012153968575765783,-0.06445403703517749,False
2026-07-23,AVAV,53.24764920061128,題材有熱度但訊號普通,國防/航太,低於50DMA,新聞提及 1 次，量價訊號尚需確認。,AVAV Stock Rides Drone Defense Bull Wave As New Air Force Contract Adds Fuel — Here's What Investors Need To Know - Stocktwits,158.72999572753906,20D,20,2026-08-20,0.006677991476880196,0.027414794099426487,-0.02073680262254629,True
2026-07-23,AVAV,53.24764920061128,題材有熱度但訊號普通,國防/航太,低於50DMA,新聞提及 1 次，量價訊號尚需確認。,AVAV Stock Rides Drone Defense Bull Wave As New Air Force Contract Adds Fuel — Here's What Investors Need To Know - Stocktwits,158.72999572753906,60D,60,,,,,
2026-07-23,KTOS,32.86415260790572,暫時不強,國防/航太,低於50DMA,新聞提及 1 次，量價訊號尚需確認。,"Kratos (KTOS) Stock Trades Up, Here Is Why - The Globe and Mail",49.439998626708984,5D,5,2026-07-30,-0.06614078779519061,-0.012153968575765783,-0.05398681921942483,False
2026-07-23,KTOS,32.86415260790572,暫時不強,國防/航太,低於50DMA,新聞提及 1 次，量價訊號尚需確認。,"Kratos (KTOS) Stock Trades Up, Here Is Why - The Globe and Mail",49.439998626708984,20D,20,2026-08-20,0.1363268985777366,0.027414794099426487,0.10891210447831012,True
2026-07-23,KTOS,32.86415260790572,暫時不強,國防/航太,低於50DMA,新聞提及 1 次，量價訊號尚需確認。,"Kratos (KTOS) Stock Trades Up, Here Is Why - The Globe and Mail",49.439998626708984,60D,60,,,,,
2026-07-23,RCAT,0.0,低優先或資料不足,國防/航太,低於50DMA,新聞提及 1 次，量價訊號尚需確認。,"Red Cat Just Dropped 26% in a Month: Are Drone Stocks Like RCAT, Ondas, Redwire, and AeroVironment Out of Fuel? - 24/7 Wall St.",8.029999732971191,5D,5,2026-07-30,-0.08094640599567815,-0.012153968575765783,-0.06879243741991237,False
2026-07-23,RCAT,0.0,低優先或資料不足,國防/航太,低於50DMA,新聞提及 1 次，量價訊號尚需確認。,"Red Cat Just Dropped 26% in a Month: Are Drone Stocks Like RCAT, Ondas, Redwire, and AeroVironment Out of Fuel? - 24/7 Wall St.",8.029999732971191,20D,20,2026-08-20,0.18679950807980705,0.027414794099426487,0.15938471398038057,True
2026-07-23,RCAT,0.0,低優先或資料不足,國防/航太,低於50DMA,新聞提及 1 次，量價訊號尚需確認。,"Red Cat Just Dropped 26% in a Month: Are Drone Stocks Like RCAT, Ondas, Redwire, and AeroVironment Out of Fuel? - 24/7 Wall St.",8.029999732971191,60D,60,,,,,
2026-07-23,USAR,0.0,低優先或資料不足,量子運算,低於50DMA,新聞提及 1 次，量價訊號尚需確認。,Can USA Rare Earth’s (USAR) Magnet Scrap Breakthrough Validate Its Integrated Rare Earth Supply Strategy? - simplywall.st,15.140000343322754,5D,5,2026-07-30,-0.03236464423256025,-0.012153968575765783,-0.020210675656794463,False
2026-07-23,USAR,0.0,低優先或資料不足,量子運算,低於50DMA,新聞提及 1 次，量價訊號尚需確認。,Can USA Rare Earth’s (USAR) Magnet Scrap Breakthrough Validate Its Integrated Rare Earth Supply Strategy? - simplywall.st,15.140000343322754,20D,20,2026-08-20,0.13011890504333068,0.027414794099426487,0.10270411094390419,True
2026-07-23,USAR,0.0,低優先或資料不足,量子運算,低於50DMA,新聞提及 1 次，量價訊號尚需確認。,Can USA Rare Earth’s (USAR) Magnet Scrap Breakthrough Validate Its Integrated Rare Earth Supply Strategy? - simplywall.st,15.140000343322754,60D,60,,,,,
2026-07-24,MEDP,93.49680674646876,高優先觀察,醫療科技,未觸發主要風險,新聞提及 1 次，且價格站上 50DMA，值得加入觀察清單。,"Medpace (NASDAQ:MEDP) Exceeds Q2 CY2026 Expectations, Stock Jumps 18.6% - StockStory",601.3800048828125,5D,5,2026-07-31,-0.040357210639185404,0.005495253713470927,-0.04585246435265633,False
2026-07-24,MEDP,93.49680674646876,高優先觀察,醫療科技,未觸發主要風險,新聞提及 1 次，且價格站上 50DMA，值得加入觀察清單。,"Medpace (NASDAQ:MEDP) Exceeds Q2 CY2026 Expectations, Stock Jumps 18.6% - StockStory",601.3800048828125,20D,20,2026-08-21,0.03220924367274569,0.04269037049207691,-0.010481126819331221,True
2026-07-24,MEDP,93.49680674646876,高優先觀察,醫療科技,未觸發主要風險,新聞提及 1 次，且價格站上 50DMA，值得加入觀察清單。,"Medpace (NASDAQ:MEDP) Exceeds Q2 CY2026 Expectations, Stock Jumps 18.6% - StockStory",601.3800048828125,60D,60,,,,,
2026-07-24,FBT,66.31458715536436,可觀察,醫療科技,未觸發主要風險,新聞提及 1 次，量價訊號尚需確認。,Which Healthcare ETF Is the Better Buy: iShares' Global IXJ or First Trust's Biotech FBT? - The Motley Fool,247.38999938964844,5D,5,2026-07-31,-0.009418334762129388,0.005495253713470927,-0.014913588475600315,False
2026-07-24,FBT,66.31458715536436,可觀察,醫療科技,未觸發主要風險,新聞提及 1 次，量價訊號尚需確認。,Which Healthcare ETF Is the Better Buy: iShares' Global IXJ or First Trust's Biotech FBT? - The Motley Fool,247.38999938964844,20D,20,2026-08-21,0.09523429756865354,0.04269037049207691,0.052543927076576624,True
2026-07-24,FBT,66.31458715536436,可觀察,醫療科技,未觸發主要風險,新聞提及 1 次，量價訊號尚需確認。,Which Healthcare ETF Is the Better Buy: iShares' Global IXJ or First Trust's Biotech FBT? - The Motley Fool,247.38999938964844,60D,60,,,,,
2026-07-24,IXJ,65.07577068395676,可觀察,醫療科技,未觸發主要風險,新聞提及 1 次，量價訊號尚需確認。,Which Healthcare ETF Is the Better Buy: iShares' Global IXJ or First Trust's Biotech FBT? - The Motley Fool,99.88999938964844,5D,5,2026-07-31,0.0037041020006289838,0.005495253713470927,-0.001791151712841943,True
2026-07-24,IXJ,65.07577068395676,可觀察,醫療科技,未觸發主要風險,新聞提及 1 次，量價訊號尚需確認。,Which Healthcare ETF Is the Better Buy: iShares' Global IXJ or First Trust's Biotech FBT? - The Motley Fool,99.88999938964844,20D,20,2026-08-21,0.06967663556912496,0.04269037049207691,0.026986265077048044,True
2026-07-24,IXJ,65.07577068395676,可觀察,醫療科技,未觸發主要風險,新聞提及 1 次，量價訊號尚需確認。,Which Healthcare ETF Is the Better Buy: iShares' Global IXJ or First Trust's Biotech FBT? - The Motley Fool,99.88999938964844,60D,60,,,,,
2026-07-24,GEV,17.06978837463524,低優先或資料不足,AI/資料中心,低於50DMA,新聞提及 1 次，量價訊號尚需確認。,"GEV Stock Edges Higher Overnight: Growing Backlog Shows 'AI Data Centers Cannot Wait For The Grid,' Says Strategist - Stocktwits",1014.75,5D,5,2026-07-31,-0.02410448087968098,0.005495253713470927,-0.029599734593151905,False
2026-07-24,GEV,17.06978837463524,低優先或資料不足,AI/資料中心,低於50DMA,新聞提及 1 次，量價訊號尚需確認。,"GEV Stock Edges Higher Overnight: Growing Backlog Shows 'AI Data Centers Cannot Wait For The Grid,' Says Strategist - Stocktwits",1014.75,20D,20,2026-08-21,-0.05705841282489532,0.04269037049207691,-0.09974878331697223,False
2026-07-24,GEV,17.06978837463524,低優先或資料不足,AI/資料中心,低於50DMA,新聞提及 1 次，量價訊號尚需確認。,"GEV Stock Edges Higher Overnight: Growing Backlog Shows 'AI Data Centers Cannot Wait For The Grid,' Says Strategist - Stocktwits",1014.75,60D,60,,,,,
2026-07-24,TRIB,0.0,低優先或資料不足,醫療科技,低於50DMA,新聞提及 1 次，量價訊號尚需確認。,"Trinity Biotech plc (TRIB) stock price, news, quote and history - Yahoo Finance UK",8.449999809265137,5D,5,2026-07-31,0.3727811412197575,0.005495253713470927,0.36728588750628655,True
2026-07-24,TRIB,0.0,低優先或資料不足,醫療科技,低於50DMA,新聞提及 1 次，量價訊號尚需確認。,"Trinity Biotech plc (TRIB) stock price, news, quote and history - Yahoo Finance UK",8.449999809265137,20D,20,2026-08-21,0.25443794328222213,0.04269037049207691,0.21174757279014522,True
2026-07-24,TRIB,0.0,低優先或資料不足,醫療科技,低於50DMA,新聞提及 1 次，量價訊號尚需確認。,"Trinity Biotech plc (TRIB) stock price, news, quote and history - Yahoo Finance UK",8.449999809265137,60D,60,,,,,
2026-07-24,XE,0.0,低優先或資料不足,核能/電力,低於50DMA,新聞提及 1 次，量價訊號尚需確認。,"OKLO, XE Stocks Jump After-Hours — Trump Administration Taps Oklo, X-Energy In $200M Push To Power AI Data Centers - Stocktwits",14.5600004196167,5D,5,2026-07-31,0.12019223872877838,0.005495253713470927,0.11469698501530745,True
2026-07-24,XE,0.0,低優先或資料不足,核能/電力,低於50DMA,新聞提及 1 次，量價訊號尚需確認。,"OKLO, XE Stocks Jump After-Hours — Trump Administration Taps Oklo, X-Energy In $200M Push To Power AI Data Centers - Stocktwits",14.5600004196167,20D,20,2026-08-21,0.2822801880650938,0.04269037049207691,0.2395898175730169,True
2026-07-24,XE,0.0,低優先或資料不足,核能/電力,低於50DMA,新聞提及 1 次，量價訊號尚需確認。,"OKLO, XE Stocks Jump After-Hours — Trump Administration Taps Oklo, X-Energy In $200M Push To Power AI Data Centers - Stocktwits",14.5600004196167,60D,60,,,,,
2026-07-24,OKLO,0.0,低優先或資料不足,核能/電力,低於50DMA,新聞提及 1 次，量價訊號尚需確認。,"OKLO, XE Stocks Jump After-Hours — Trump Administration Taps Oklo, X-Energy In $200M Push To Power AI Data Centers - Stocktwits",40.25,5D,5,2026-07-31,-0.035279457613548115,0.005495253713470927,-0.04077471132701904,False
2026-07-24,OKLO,0.0,低優先或資料不足,核能/電力,低於50DMA,新聞提及 1 次，量價訊號尚需確認。,"OKLO, XE Stocks Jump After-Hours — Trump Administration Taps Oklo, X-Energy In $200M Push To Power AI Data Centers - Stocktwits",40.25,20D,20,2026-08-21,0.04571428950528911,0.04269037049207691,0.003023919013212195,True
2026-07-24,OKLO,0.0,低優先或資料不足,核能/電力,低於50DMA,新聞提及 1 次，量價訊號尚需確認。,"OKLO, XE Stocks Jump After-Hours — Trump Administration Taps Oklo, X-Energy In $200M Push To Power AI Data Centers - Stocktwits",40.25,60D,60,,,,,
2026-07-25,BX,97.16220707512909,高優先觀察,機器人/自動化,未觸發主要風險,新聞提及 1 次，且價格站上 50DMA，值得加入觀察清單。,"Blackstone (BX) Expands In India And AI, Is The Stock Cheap? - Yahoo Finance Singapore",131.2610321044922,5D,5,2026-08-03,0.02604703403952624,0.026315046970137868,-0.00026801293061162745,True
2026-07-25,BX,97.16220707512909,高優先觀察,機器人/自動化,未觸發主要風險,新聞提及 1 次，且價格站上 50DMA，值得加入觀察清單。,"Blackstone (BX) Expands In India And AI, Is The Stock Cheap? - Yahoo Finance Singapore",131.2610321044922,20D,20,2026-08-24,0.09430801424219948,0.03547762087475692,0.05883039336744256,True
2026-07-25,BX,97.16220707512909,高優先觀察,機器人/自動化,未觸發主要風險,新聞提及 1 次，且價格站上 50DMA，值得加入觀察清單。,"Blackstone (BX) Expands In India And AI, Is The Stock Cheap? - Yahoo Finance Singapore",131.2610321044922,60D,60,,,,,
2026-07-25,GE,44.16852650095548,題材有熱度但訊號普通,量子運算,未觸發主要風險,新聞提及 1 次，量價訊號尚需確認。,Did GE’s (GE) Hybrid-Electric Milestone and New Engine Deals Just Shift Its Aerospace Investment Narrative? - simplywall.st,361.6099853515625,5D,5,2026-08-03,0.020242824094312883,0.026315046970137868,-0.006072222875824984,True
2026-07-25,GE,44.16852650095548,題材有熱度但訊號普通,量子運算,未觸發主要風險,新聞提及 1 次，量價訊號尚需確認。,Did GE’s (GE) Hybrid-Electric Milestone and New Engine Deals Just Shift Its Aerospace Investment Narrative? - simplywall.st,361.6099853515625,20D,20,2026-08-24,-0.05467213244803293,0.03547762087475692,-0.09014975332278985,False
2026-07-25,GE,44.16852650095548,題材有熱度但訊號普通,量子運算,未觸發主要風險,新聞提及 1 次，量價訊號尚需確認。,Did GE’s (GE) Hybrid-Electric Milestone and New Engine Deals Just Shift Its Aerospace Investment Narrative? - simplywall.st,361.6099853515625,60D,60,,,,,
2026-07-25,MGM,25.79549287894703,暫時不強,消費復甦,低於50DMA,新聞提及 1 次，量價訊號尚需確認。,MGM Resorts stock trades near yearly range as Las Vegas recovery supports earnings - AD HOC NEWS,46.29999923706055,5D,5,2026-08-03,-0.038876874011258056,0.026315046970137868,-0.06519192098139592,False
2026-07-25,MGM,25.79549287894703,暫時不強,消費復甦,低於50DMA,新聞提及 1 次，量價訊號尚需確認。,MGM Resorts stock trades near yearly range as Las Vegas recovery supports earnings - AD HOC NEWS,46.29999923706055,20D,20,2026-08-24,-0.056371504392216165,0.03547762087475692,-0.09184912526697309,False
2026-07-25,MGM,25.79549287894703,暫時不強,消費復甦,低於50DMA,新聞提及 1 次，量價訊號尚需確認。,MGM Resorts stock trades near yearly range as Las Vegas recovery supports earnings - AD HOC NEWS,46.29999923706055,60D,60,,,,,
2026-07-25,AD,20.98412378847816,暫時不強,消費復甦,低於50DMA,新聞提及 4 次，量價訊號尚需確認。,Wynn Resorts stock trades steadily as Las Vegas recovery supports revenue and earnings - AD HOC NEWS,34.599998474121094,5D,5,2026-08-03,0.01156073825199977,0.026315046970137868,-0.014754308718138098,True
2026-07-25,AD,20.98412378847816,暫時不強,消費復甦,低於50DMA,新聞提及 4 次，量價訊號尚需確認。,Wynn Resorts stock trades steadily as Las Vegas recovery supports revenue and earnings - AD HOC NEWS,34.599998474121094,20D,20,2026-08-24,0.028612766535445422,0.03547762087475692,-0.006864854339311499,True
2026-07-25,AD,20.98412378847816,暫時不強,消費復甦,低於50DMA,新聞提及 4 次，量價訊號尚需確認。,Wynn Resorts stock trades steadily as Las Vegas recovery supports revenue and earnings - AD HOC NEWS,34.599998474121094,60D,60,,,,,
2026-07-25,PATH,20.450710543786318,暫時不強,機器人/自動化,低於50DMA,新聞提及 1 次，量價訊號尚需確認。,PATH or APP: Which AI-driven Tech Stock Should You Bet on? - TradingView,11.619999885559082,5D,5,2026-08-03,0.12306371077963041,0.026315046970137868,0.09674866380949254,True
2026-07-25,PATH,20.450710543786318,暫時不強,機器人/自動化,低於50DMA,新聞提及 1 次，量價訊號尚需確認。,PATH or APP: Which AI-driven Tech Stock Should You Bet on? - TradingView,11.619999885559082,20D,20,2026-08-24,0.4259896607586733,0.03547762087475692,0.39051203988391636,True
2026-07-25,PATH,20.450710543786318,暫時不強,機器人/自動化,低於50DMA,新聞提及 1 次，量價訊號尚需確認。,PATH or APP: Which AI-driven Tech Stock Should You Bet on? - TradingView,11.619999885559082,60D,60,,,,,
2026-07-25,APP,0.0,低優先或資料不足,機器人/自動化,低於50DMA,新聞提及 1 次，量價訊號尚需確認。,PATH or APP: Which AI-driven Tech Stock Should You Bet on? - TradingView,412.7300109863281,5D,5,2026-08-03,-0.01591841433705765,0.026315046970137868,-0.04223346130719552,False
2026-07-25,APP,0.0,低優先或資料不足,機器人/自動化,低於50DMA,新聞提及 1 次，量價訊號尚需確認。,PATH or APP: Which AI-driven Tech Stock Should You Bet on? - TradingView,412.7300109863281,20D,20,2026-08-24,-0.27654886150796154,0.03547762087475692,-0.31202648238271846,False
2026-07-25,APP,0.0,低優先或資料不足,機器人/自動化,低於50DMA,新聞提及 1 次，量價訊號尚需確認。,PATH or APP: Which AI-driven Tech Stock Should You Bet on? - TradingView,412.7300109863281,60D,60,,,,,
2026-07-26,VCTR,98.73964854796871,高優先觀察,小型成長股,未觸發主要風險,新聞提及 1 次，且價格站上 50DMA，值得加入觀察清單。,Victory Capital (NASDAQ:VCTR): A High-Growth Stock with a Strong Technical Breakout Setup - ChartMill,99.2244873046875,5D,5,2026-08-03,0.04113573956722494,0.026315046970137868,0.01482069259708707,True
2026-07-26,VCTR,98.73964854796871,高優先觀察,小型成長股,未觸發主要風險,新聞提及 1 次，且價格站上 50DMA，值得加入觀察清單。,Victory Capital (NASDAQ:VCTR): A High-Growth Stock with a Strong Technical Breakout Setup - ChartMill,99.2244873046875,20D,20,2026-08-24,0.16384064282700184,0.03547762087475692,0.12836302195224492,True
2026-07-26,VCTR,98.73964854796871,高優先觀察,小型成長股,未觸發主要風險,新聞提及 1 次，且價格站上 50DMA，值得加入觀察清單。,Victory Capital (NASDAQ:VCTR): A High-Growth Stock with a Strong Technical Breakout Setup - ChartMill,99.2244873046875,60D,60,,,,,
2026-07-26,TENB,92.99477360147075,高優先觀察,網路安全,未觸發主要風險,新聞提及 1 次，且價格站上 50DMA，值得加入觀察清單。,"Tenable (TENB) Stock Trades Down, Here Is Why - StockStory",32.439998626708984,5D,5,2026-08-03,0.07799021889942681,0.026315046970137868,0.05167517192928894,True
2026-07-26,TENB,92.99477360147075,高優先觀察,網路安全,未觸發主要風險,新聞提及 1 次，且價格站上 50DMA，值得加入觀察清單。,"Tenable (TENB) Stock Trades Down, Here Is Why - StockStory",32.439998626708984,20D,20,2026-08-24,0.04623921280825827,0.03547762087475692,0.010761591933501347,True
2026-07-26,TENB,92.99477360147075,高優先觀察,網路安全,未觸發主要風險,新聞提及 1 次，且價格站上 50DMA，值得加入觀察清單。,"Tenable (TENB) Stock Trades Down, Here Is Why - StockStory",32.439998626708984,60D,60,,,,,
2026-07-26,KCE,76.40023073851377,可觀察,小型成長股,未觸發主要風險,新聞提及 1 次，且價格站上 50DMA，值得加入觀察清單。,KCE: Why Capital Markets Stocks Are Still Strong & On Breakout Watch (NYSEARCA:KCE) - Seeking Alpha,159.47479248046875,5D,5,2026-08-03,0.024183023420920158,0.026315046970137868,-0.0021320235492177098,True
2026-07-26,KCE,76.40023073851377,可觀察,小型成長股,未觸發主要風險,新聞提及 1 次，且價格站上 50DMA，值得加入觀察清單。,KCE: Why Capital Markets Stocks Are Still Strong & On Breakout Watch (NYSEARCA:KCE) - Seeking Alpha,159.47479248046875,20D,20,2026-08-24,0.06111359883038925,0.03547762087475692,0.025635977955632328,True
2026-07-26,KCE,76.40023073851377,可觀察,小型成長股,未觸發主要風險,新聞提及 1 次，且價格站上 50DMA，值得加入觀察清單。,KCE: Why Capital Markets Stocks Are Still Strong & On Breakout Watch (NYSEARCA:KCE) - Seeking Alpha,159.47479248046875,60D,60,,,,,
2026-07-26,AVAV,57.60225720869484,題材有熱度但訊號普通,國防/航太,低於50DMA,新聞提及 1 次，量價訊號尚需確認。,AVAV Stock Rides Drone Defense Bull Wave As New Air Force Contract Adds Fuel — Here's What Investors Need To Know - Stocktwits,154.24000549316406,5D,5,2026-08-03,0.03202792405784849,0.026315046970137868,0.005712877087710622,True
2026-07-26,AVAV,57.60225720869484,題材有熱度但訊號普通,國防/航太,低於50DMA,新聞提及 1 次，量價訊號尚需確認。,AVAV Stock Rides Drone Defense Bull Wave As New Air Force Contract Adds Fuel — Here's What Investors Need To Know - Stocktwits,154.24000549316406,20D,20,2026-08-24,-0.03915980504285943,0.03547762087475692,-0.07463742591761635,False
2026-07-26,AVAV,57.60225720869484,題材有熱度但訊號普通,國防/航太,低於50DMA,新聞提及 1 次，量價訊號尚需確認。,AVAV Stock Rides Drone Defense Bull Wave As New Air Force Contract Adds Fuel — Here's What Investors Need To Know - Stocktwits,154.24000549316406,60D,60,,,,,
2026-07-26,ZS,54.517472844940805,題材有熱度但訊號普通,網路安全,低於50DMA,新聞提及 1 次，量價訊號尚需確認。,ZS' Zero Trust Everywhere Gains Steam: Will It Fuel Revenue Growth? - Yahoo Finance,147.3000030517578,5D,5,2026-08-03,0.048608306271341384,0.026315046970137868,0.022293259301203516,True
2026-07-26,ZS,54.517472844940805,題材有熱度但訊號普通,網路安全,低於50DMA,新聞提及 1 次，量價訊號尚需確認。,ZS' Zero Trust Everywhere Gains Steam: Will It Fuel Revenue Growth? - Yahoo Finance,147.3000030517578,20D,20,2026-08-24,0.19524775228097146,0.03547762087475692,0.15977013140621454,True
2026-07-26,ZS,54.517472844940805,題材有熱度但訊號普通,網路安全,低於50DMA,新聞提及 1 次，量價訊號尚需確認。,ZS' Zero Trust Everywhere Gains Steam: Will It Fuel Revenue Growth? - Yahoo Finance,147.3000030517578,60D,60,,,,,
2026-07-26,GE,44.16852650095548,題材有熱度但訊號普通,國際貿易,未觸發主要風險,新聞提及 1 次，量價訊號尚需確認。,"One Year After Trump’s ‘Liberation Day’ Tariffs, GE And Deere Emerge As Only Big Manufacturing Winners - Stocktwits",361.6099853515625,5D,5,2026-08-03,0.020242824094312883,0.026315046970137868,-0.006072222875824984,True
2026-07-26,GE,44.16852650095548,題材有熱度但訊號普通,國際貿易,未觸發主要風險,新聞提及 1 次，量價訊號尚需確認。,"One Year After Trump’s ‘Liberation Day’ Tariffs, GE And Deere Emerge As Only Big Manufacturing Winners - Stocktwits",361.6099853515625,20D,20,2026-08-24,-0.05467213244803293,0.03547762087475692,-0.09014975332278985,False
2026-07-26,GE,44.16852650095548,題材有熱度但訊號普通,國際貿易,未觸發主要風險,新聞提及 1 次，量價訊號尚需確認。,"One Year After Trump’s ‘Liberation Day’ Tariffs, GE And Deere Emerge As Only Big Manufacturing Winners - Stocktwits",361.6099853515625,60D,60,,,,,
2026-07-26,KTOS,36.450705143250374,暫時不強,國防/航太,低於50DMA,新聞提及 1 次，量價訊號尚需確認。,"Kratos (KTOS) Stock Trades Up, Here Is Why - The Globe and Mail",49.45000076293945,5D,5,2026-08-03,-0.004853421127683166,0.026315046970137868,-0.031168468097821034,False
2026-07-26,KTOS,36.450705143250374,暫時不強,國防/航太,低於50DMA,新聞提及 1 次，量價訊號尚需確認。,"Kratos (KTOS) Stock Trades Up, Here Is Why - The Globe and Mail",49.45000076293945,20D,20,2026-08-24,0.07320523510684729,0.03547762087475692,0.03772761423209037,True
2026-07-26,KTOS,36.450705143250374,暫時不強,國防/航太,低於50DMA,新聞提及 1 次，量價訊號尚需確認。,"Kratos (KTOS) Stock Trades Up, Here Is Why - The Globe and Mail",49.45000076293945,60D,60,,,,,
2026-07-26,RCAT,0.0,低優先或資料不足,國防/航太,低於50DMA,新聞提及 1 次，量價訊號尚需確認。,"Red Cat Just Dropped 26% in a Month: Are Drone Stocks Like RCAT, Ondas, Redwire, and AeroVironment Out of Fuel? - 24/7 Wall St.",7.789999961853027,5D,5,2026-08-03,0.06033379580620801,0.026315046970137868,0.034018748836070145,True
2026-07-26,RCAT,0.0,低優先或資料不足,國防/航太,低於50DMA,新聞提及 1 次，量價訊號尚需確認。,"Red Cat Just Dropped 26% in a Month: Are Drone Stocks Like RCAT, Ondas, Redwire, and AeroVironment Out of Fuel? - 24/7 Wall St.",7.789999961853027,20D,20,2026-08-24,0.14634150820349667,0.03547762087475692,0.11086388732873975,True
2026-07-26,RCAT,0.0,低優先或資料不足,國防/航太,低於50DMA,新聞提及 1 次，量價訊號尚需確認。,"Red Cat Just Dropped 26% in a Month: Are Drone Stocks Like RCAT, Ondas, Redwire, and AeroVironment Out of Fuel? - 24/7 Wall St.",7.789999961853027,60D,60,,,,,
2026-07-27,MEDP,92.79113808454989,高優先觀察,醫療科技,未觸發主要風險,新聞提及 1 次，且價格站上 50DMA，值得加入觀察清單。,"Medpace (NASDAQ:MEDP) Exceeds Q2 CY2026 Expectations, Stock Jumps 18.6% - StockStory",589.3699951171875,5D,5,2026-08-03,-0.027283399601376823,0.026315046970137868,-0.05359844657151469,False
2026-07-27,MEDP,92.79113808454989,高優先觀察,醫療科技,未觸發主要風險,新聞提及 1 次，且價格站上 50DMA，值得加入觀察清單。,"Medpace (NASDAQ:MEDP) Exceeds Q2 CY2026 Expectations, Stock Jumps 18.6% - StockStory",589.3699951171875,20D,20,2026-08-24,0.05202170866128197,0.03547762087475692,0.016544087786525052,True
2026-07-27,MEDP,92.79113808454989,高優先觀察,醫療科技,未觸發主要風險,新聞提及 1 次，且價格站上 50DMA，值得加入觀察清單。,"Medpace (NASDAQ:MEDP) Exceeds Q2 CY2026 Expectations, Stock Jumps 18.6% - StockStory",589.3699951171875,60D,60,,,,,
2026-07-27,PATH,91.63921976876728,高優先觀察,機器人/自動化,未觸發主要風險,新聞提及 1 次，且價格站上 50DMA，值得加入觀察清單。,PATH or APP: Which AI-driven Tech Stock Should You Bet on? - TradingView,11.619999885559082,5D,5,2026-08-03,0.12306371077963041,0.026315046970137868,0.09674866380949254,True
2026-07-27,PATH,91.63921976876728,高優先觀察,機器人/自動化,未觸發主要風險,新聞提及 1 次，且價格站上 50DMA，值得加入觀察清單。,PATH or APP: Which AI-driven Tech Stock Should You Bet on? - TradingView,11.619999885559082,20D,20,2026-08-24,0.4259896607586733,0.03547762087475692,0.39051203988391636,True
2026-07-27,PATH,91.63921976876728,高優先觀察,機器人/自動化,未觸發主要風險,新聞提及 1 次，且價格站上 50DMA，值得加入觀察清單。,PATH or APP: Which AI-driven Tech Stock Should You Bet on? - TradingView,11.619999885559082,60D,60,,,,,
2026-07-27,AVAV,56.90430769436871,題材有熱度但訊號普通,國防/航太,低於50DMA,新聞提及 1 次，量價訊號尚需確認。,AVAV Stock Rides Drone Defense Bull Wave As New Air Force Contract Adds Fuel — Here's What Investors Need To Know - Stocktwits,154.24000549316406,5D,5,2026-08-03,0.03202792405784849,0.026315046970137868,0.005712877087710622,True
2026-07-27,AVAV,56.90430769436871,題材有熱度但訊號普通,國防/航太,低於50DMA,新聞提及 1 次，量價訊號尚需確認。,AVAV Stock Rides Drone Defense Bull Wave As New Air Force Contract Adds Fuel — Here's What Investors Need To Know - Stocktwits,154.24000549316406,20D,20,2026-08-24,-0.03915980504285943,0.03547762087475692,-0.07463742591761635,False
2026-07-27,AVAV,56.90430769436871,題材有熱度但訊號普通,國防/航太,低於50DMA,新聞提及 1 次，量價訊號尚需確認。,AVAV Stock Rides Drone Defense Bull Wave As New Air Force Contract Adds Fuel — Here's What Investors Need To Know - Stocktwits,154.24000549316406,60D,60,,,,,
2026-07-27,GE,48.41161026335046,題材有熱度但訊號普通,國際貿易,未觸發主要風險,新聞提及 1 次，量價訊號尚需確認。,"One Year After Trump’s ‘Liberation Day’ Tariffs, GE And Deere Emerge As Only Big Manufacturing Winners - Stocktwits",361.6099853515625,5D,5,2026-08-03,0.020242824094312883,0.026315046970137868,-0.006072222875824984,True
2026-07-27,GE,48.41161026335046,題材有熱度但訊號普通,國際貿易,未觸發主要風險,新聞提及 1 次，量價訊號尚需確認。,"One Year After Trump’s ‘Liberation Day’ Tariffs, GE And Deere Emerge As Only Big Manufacturing Winners - Stocktwits",361.6099853515625,20D,20,2026-08-24,-0.05467213244803293,0.03547762087475692,-0.09014975332278985,False
2026-07-27,GE,48.41161026335046,題材有熱度但訊號普通,國際貿易,未觸發主要風險,新聞提及 1 次，量價訊號尚需確認。,"One Year After Trump’s ‘Liberation Day’ Tariffs, GE And Deere Emerge As Only Big Manufacturing Winners - Stocktwits",361.6099853515625,60D,60,,,,,
2026-07-27,KTOS,43.556063071910486,題材有熱度但訊號普通,國防/航太,低於50DMA,新聞提及 1 次，量價訊號尚需確認。,"Kratos (KTOS) Stock Trades Up, Here Is Why - Yahoo Finance",49.45000076293945,5D,5,2026-08-03,-0.004853421127683166,0.026315046970137868,-0.031168468097821034,False
2026-07-27,KTOS,43.556063071910486,題材有熱度但訊號普通,國防/航太,低於50DMA,新聞提及 1 次，量價訊號尚需確認。,"Kratos (KTOS) Stock Trades Up, Here Is Why - Yahoo Finance",49.45000076293945,20D,20,2026-08-24,0.07320523510684729,0.03547762087475692,0.03772761423209037,True
2026-07-27,KTOS,43.556063071910486,題材有熱度但訊號普通,國防/航太,低於50DMA,新聞提及 1 次，量價訊號尚需確認。,"Kratos (KTOS) Stock Trades Up, Here Is Why - Yahoo Finance",49.45000076293945,60D,60,,,,,
2026-07-27,WDC,5.312991203574676,低優先或資料不足,機器人/自動化,低於50DMA,新聞提及 1 次，量價訊號尚需確認。,Why Western Digital (WDC) Is Up 6.6% After AI-Driven Cloud Demand Lifts Q3 Results - And What's Next - Yahoo Finance Singapore,497.7602233886719,5D,5,2026-08-03,0.058844713749770294,0.026315046970137868,0.03252966677963243,True
2026-07-27,WDC,5.312991203574676,低優先或資料不足,機器人/自動化,低於50DMA,新聞提及 1 次，量價訊號尚需確認。,Why Western Digital (WDC) Is Up 6.6% After AI-Driven Cloud Demand Lifts Q3 Results - And What's Next - Yahoo Finance Singapore,497.7602233886719,20D,20,2026-08-24,-0.12560249903636322,0.03547762087475692,-0.16108011991112015,False
2026-07-27,WDC,5.312991203574676,低優先或資料不足,機器人/自動化,低於50DMA,新聞提及 1 次，量價訊號尚需確認。,Why Western Digital (WDC) Is Up 6.6% After AI-Driven Cloud Demand Lifts Q3 Results - And What's Next - Yahoo Finance Singapore,497.7602233886719,60D,60,,,,,
2026-07-27,APP,4.319904827122556,低優先或資料不足,機器人/自動化,低於50DMA,新聞提及 1 次，量價訊號尚需確認。,PATH or APP: Which AI-driven Tech Stock Should You Bet on? - TradingView,412.7300109863281,5D,5,2026-08-03,-0.01591841433705765,0.026315046970137868,-0.04223346130719552,False
2026-07-27,APP,4.319904827122556,低優先或資料不足,機器人/自動化,低於50DMA,新聞提及 1 次，量價訊號尚需確認。,PATH or APP: Which AI-driven Tech Stock Should You Bet on? - TradingView,412.7300109863281,20D,20,2026-08-24,-0.27654886150796154,0.03547762087475692,-0.31202648238271846,False
2026-07-27,APP,4.319904827122556,低優先或資料不足,機器人/自動化,低於50DMA,新聞提及 1 次，量價訊號尚需確認。,PATH or APP: Which AI-driven Tech Stock Should You Bet on? - TradingView,412.7300109863281,60D,60,,,,,
2026-07-27,VRT,0.0,低優先或資料不足,AI/資料中心,低於50DMA,新聞提及 1 次，量價訊號尚需確認。,"Forget AI Chips and the Mag 7: Buy AI Infrastructure Stocks (VRT, EME) Now - TradingView",287.5295104980469,5D,5,2026-08-03,-0.08536169489226386,0.026315046970137868,-0.11167674186240173,False
2026-07-27,VRT,0.0,低優先或資料不足,AI/資料中心,低於50DMA,新聞提及 1 次，量價訊號尚需確認。,"Forget AI Chips and the Mag 7: Buy AI Infrastructure Stocks (VRT, EME) Now - TradingView",287.5295104980469,20D,20,2026-08-24,-0.11345615955053867,0.03547762087475692,-0.1489337804252956,False
2026-07-27,VRT,0.0,低優先或資料不足,AI/資料中心,低於50DMA,新聞提及 1 次，量價訊號尚需確認。,"Forget AI Chips and the Mag 7: Buy AI Infrastructure Stocks (VRT, EME) Now - TradingView",287.5295104980469,60D,60,,,,,
2026-07-27,EME,0.0,低優先或資料不足,AI/資料中心,低於50DMA,新聞提及 1 次，量價訊號尚需確認。,"Forget AI Chips and the Mag 7: Buy AI Infrastructure Stocks (VRT, EME) Now - TradingView",742.75,5D,5,2026-08-03,0.10053178446335398,0.026315046970137868,0.07421673749321611,True
2026-07-27,EME,0.0,低優先或資料不足,AI/資料中心,低於50DMA,新聞提及 1 次，量價訊號尚需確認。,"Forget AI Chips and the Mag 7: Buy AI Infrastructure Stocks (VRT, EME) Now - TradingView",742.75,20D,20,2026-08-24,0.029821641755721995,0.03547762087475692,-0.005655979119034926,True
2026-07-27,EME,0.0,低優先或資料不足,AI/資料中心,低於50DMA,新聞提及 1 次，量價訊號尚需確認。,"Forget AI Chips and the Mag 7: Buy AI Infrastructure Stocks (VRT, EME) Now - TradingView",742.75,60D,60,,,,,
2026-07-27,RCAT,0.0,低優先或資料不足,國防/航太,低於50DMA,新聞提及 1 次，量價訊號尚需確認。,"Red Cat Just Dropped 26% in a Month: Are Drone Stocks Like RCAT, Ondas, Redwire, and AeroVironment Out of Fuel? - 24/7 Wall St.",7.789999961853027,5D,5,2026-08-03,0.06033379580620801,0.026315046970137868,0.034018748836070145,True
2026-07-27,RCAT,0.0,低優先或資料不足,國防/航太,低於50DMA,新聞提及 1 次，量價訊號尚需確認。,"Red Cat Just Dropped 26% in a Month: Are Drone Stocks Like RCAT, Ondas, Redwire, and AeroVironment Out of Fuel? - 24/7 Wall St.",7.789999961853027,20D,20,2026-08-24,0.14634150820349667,0.03547762087475692,0.11086388732873975,True
2026-07-27,RCAT,0.0,低優先或資料不足,國防/航太,低於50DMA,新聞提及 1 次，量價訊號尚需確認。,"Red Cat Just Dropped 26% in a Month: Are Drone Stocks Like RCAT, Ondas, Redwire, and AeroVironment Out of Fuel? - 24/7 Wall St.",7.789999961853027,60D,60,,,,,
2026-07-28,KCE,91.35514700406739,高優先觀察,小型成長股,未觸發主要風險,新聞提及 1 次，且價格站上 50DMA，值得加入觀察清單。,KCE: Why Capital Markets Stocks Are Still Strong & On Breakout Watch (NYSEARCA:KCE) - Seeking Alpha,161.2685546875,5D,5,2026-08-04,0.023605019862055654,0.0715924299013686,-0.04798741003931295,True
2026-07-28,KCE,91.35514700406739,高優先觀察,小型成長股,未觸發主要風險,新聞提及 1 次，且價格站上 50DMA，值得加入觀察清單。,KCE: Why Capital Markets Stocks Are Still Strong & On Breakout Watch (NYSEARCA:KCE) - Seeking Alpha,161.2685546875,20D,20,2026-08-25,0.0563554604000267,0.05215468787706756,0.00420077252295914,True
2026-07-28,KCE,91.35514700406739,高優先觀察,小型成長股,未觸發主要風險,新聞提及 1 次，且價格站上 50DMA，值得加入觀察清單。,KCE: Why Capital Markets Stocks Are Still Strong & On Breakout Watch (NYSEARCA:KCE) - Seeking Alpha,161.2685546875,60D,60,,,,,
2026-07-28,PG,68.59027039517969,可觀察,消費復甦,未觸發主要風險,新聞提及 1 次，量價訊號尚需確認。,"Buy, Sell or Hold Before Earnings: Coca-Cola, PG, UPS - 24/7 Wall St.",148.8800048828125,5D,5,2026-08-04,-0.005843701957568892,0.0715924299013686,-0.0774361318589375,False
2026-07-28,PG,68.59027039517969,可觀察,消費復甦,未觸發主要風險,新聞提及 1 次，量價訊號尚需確認。,"Buy, Sell or Hold Before Earnings: Coca-Cola, PG, UPS - 24/7 Wall St.",148.8800048828125,20D,20,2026-08-25,-0.023374602849236426,0.05215468787706756,-0.07552929072630399,False
2026-07-28,PG,68.59027039517969,可觀察,消費復甦,未觸發主要風險,新聞提及 1 次，量價訊號尚需確認。,"Buy, Sell or Hold Before Earnings: Coca-Cola, PG, UPS - 24/7 Wall St.",148.8800048828125,60D,60,,,,,
2026-07-28,LYV,57.38337486582125,題材有熱度但訊號普通,消費復甦,未觸發主要風險,新聞提及 1 次，量價訊號尚需確認。,Consumer Discretionary - Leisure Facilities Stocks Q1 Recap: Benchmarking Live Nation (NYSE:LYV) - TradingView,180.8699951171875,5D,5,2026-08-04,0.015646607549367753,0.0715924299013686,-0.05594582235200085,True
2026-07-28,LYV,57.38337486582125,題材有熱度但訊號普通,消費復甦,未觸發主要風險,新聞提及 1 次，量價訊號尚需確認。,Consumer Discretionary - Leisure Facilities Stocks Q1 Recap: Benchmarking Live Nation (NYSE:LYV) - TradingView,180.8699951171875,20D,20,2026-08-25,0.032620165392555966,0.05215468787706756,-0.019534522484511596,True
2026-07-28,LYV,57.38337486582125,題材有熱度但訊號普通,消費復甦,未觸發主要風險,新聞提及 1 次，量價訊號尚需確認。,Consumer Discretionary - Leisure Facilities Stocks Q1 Recap: Benchmarking Live Nation (NYSE:LYV) - TradingView,180.8699951171875,60D,60,,,,,
2026-07-28,GE,54.77906941697114,題材有熱度但訊號普通,核能/電力,未觸發主要風險,新聞提及 1 次，量價訊號尚需確認。,GE Vernova Stock And 2 Nuclear Power Picks For AI Infrastructure Growth - Sahm,363.5899963378906,5D,5,2026-08-04,0.03765230776229567,0.0715924299013686,-0.03394012213907294,True
2026-07-28,GE,54.77906941697114,題材有熱度但訊號普通,核能/電力,未觸發主要風險,新聞提及 1 次，量價訊號尚需確認。,GE Vernova Stock And 2 Nuclear Power Picks For AI Infrastructure Growth - Sahm,363.5899963378906,20D,20,2026-08-25,-0.03864239372502387,0.05215468787706756,-0.09079708160209143,False
2026-07-28,GE,54.77906941697114,題材有熱度但訊號普通,核能/電力,未觸發主要風險,新聞提及 1 次，量價訊號尚需確認。,GE Vernova Stock And 2 Nuclear Power Picks For AI Infrastructure Growth - Sahm,363.5899963378906,60D,60,,,,,
2026-07-28,UPS,50.75271382007311,題材有熱度但訊號普通,消費復甦,低於50DMA,新聞提及 1 次，量價訊號尚需確認。,"Buy, Sell or Hold Before Earnings: Coca-Cola, PG, UPS - 24/7 Wall St.",103.87383270263672,5D,5,2026-08-04,0.03392402954663587,0.0715924299013686,-0.037668400354732734,True
2026-07-28,UPS,50.75271382007311,題材有熱度但訊號普通,消費復甦,低於50DMA,新聞提及 1 次，量價訊號尚需確認。,"Buy, Sell or Hold Before Earnings: Coca-Cola, PG, UPS - 24/7 Wall St.",103.87383270263672,20D,20,2026-08-25,0.012189467299588586,0.05215468787706756,-0.03996522057747898,True
2026-07-28,UPS,50.75271382007311,題材有熱度但訊號普通,消費復甦,低於50DMA,新聞提及 1 次，量價訊號尚需確認。,"Buy, Sell or Hold Before Earnings: Coca-Cola, PG, UPS - 24/7 Wall St.",103.87383270263672,60D,60,,,,,
2026-07-28,TVTX,49.20040026570203,題材有熱度但訊號普通,小型成長股,未觸發主要風險,新聞提及 1 次，量價訊號尚需確認。,Travere Therapeutics (NASDAQ:TVTX): High Growth Momentum Stock with Breakout Setup - ChartMill,55.90999984741211,5D,5,2026-08-04,0.0019674586058266996,0.0715924299013686,-0.0696249712955419,True
2026-07-28,TVTX,49.20040026570203,題材有熱度但訊號普通,小型成長股,未觸發主要風險,新聞提及 1 次，量價訊號尚需確認。,Travere Therapeutics (NASDAQ:TVTX): High Growth Momentum Stock with Breakout Setup - ChartMill,55.90999984741211,20D,20,2026-08-25,0.1985333986605644,0.05215468787706756,0.14637871078349685,True
2026-07-28,TVTX,49.20040026570203,題材有熱度但訊號普通,小型成長股,未觸發主要風險,新聞提及 1 次，量價訊號尚需確認。,Travere Therapeutics (NASDAQ:TVTX): High Growth Momentum Stock with Breakout Setup - ChartMill,55.90999984741211,60D,60,,,,,
2026-07-28,PLAY,2.7687782709687365,低優先或資料不足,消費復甦,低於50DMA,新聞提及 1 次，量價訊號尚需確認。,Consumer Discretionary - Leisure Facilities Stocks Q1 Recap: Benchmarking Dave & Buster's (NASDAQ:PLAY) - Yahoo Finance,10.390000343322754,5D,5,2026-08-04,0.021174139180455187,0.0715924299013686,-0.05041829072091342,True
2026-07-28,PLAY,2.7687782709687365,低優先或資料不足,消費復甦,低於50DMA,新聞提及 1 次，量價訊號尚需確認。,Consumer Discretionary - Leisure Facilities Stocks Q1 Recap: Benchmarking Dave & Buster's (NASDAQ:PLAY) - Yahoo Finance,10.390000343322754,20D,20,2026-08-25,-0.030798906441248275,0.05215468787706756,-0.08295359431831584,False
2026-07-28,PLAY,2.7687782709687365,低優先或資料不足,消費復甦,低於50DMA,新聞提及 1 次，量價訊號尚需確認。,Consumer Discretionary - Leisure Facilities Stocks Q1 Recap: Benchmarking Dave & Buster's (NASDAQ:PLAY) - Yahoo Finance,10.390000343322754,60D,60,,,,,
2026-07-28,RKLB,0.0,低優先或資料不足,太空,低於50DMA,新聞提及 1 次，量價訊號尚需確認。,Why Rocket Lab (RKLB) Stock Is Up Today - StockStory,63.88999938964844,5D,5,2026-08-04,0.16575370274617596,0.0715924299013686,0.09416127284480735,True
2026-07-28,RKLB,0.0,低優先或資料不足,太空,低於50DMA,新聞提及 1 次，量價訊號尚需確認。,Why Rocket Lab (RKLB) Stock Is Up Today - StockStory,63.88999938964844,20D,20,2026-08-25,0.04726881047599818,0.05215468787706756,-0.004885877401069383,True
2026-07-28,RKLB,0.0,低優先或資料不足,太空,低於50DMA,新聞提及 1 次，量價訊號尚需確認。,Why Rocket Lab (RKLB) Stock Is Up Today - StockStory,63.88999938964844,60D,60,,,,,
2026-07-29,KCE,82.99053689933166,高優先觀察,小型成長股,未觸發主要風險,新聞提及 1 次，且價格站上 50DMA，值得加入觀察清單。,KCE: Why Capital Markets Stocks Are Still Strong & On Breakout Watch (NYSEARCA:KCE) - Seeking Alpha,157.4219512939453,5D,5,2026-08-05,0.04652787369733158,0.08397693254733074,-0.03744905884999916,True
2026-07-29,KCE,82.99053689933166,高優先觀察,小型成長股,未觸發主要風險,新聞提及 1 次，且價格站上 50DMA，值得加入觀察清單。,KCE: Why Capital Markets Stocks Are Still Strong & On Breakout Watch (NYSEARCA:KCE) - Seeking Alpha,157.4219512939453,20D,20,2026-08-26,0.08147115313316466,0.07501557176779872,0.006455581365365948,True
2026-07-29,KCE,82.99053689933166,高優先觀察,小型成長股,未觸發主要風險,新聞提及 1 次，且價格站上 50DMA，值得加入觀察清單。,KCE: Why Capital Markets Stocks Are Still Strong & On Breakout Watch (NYSEARCA:KCE) - Seeking Alpha,157.4219512939453,60D,60,,,,,
2026-07-29,RXST,77.54924886902339,可觀察,醫療科技,未觸發主要風險,新聞提及 1 次，且價格站上 50DMA，值得加入觀察清單。,"RxSight, Inc. (RXST) Stock Analysis: Can this Medical Device Innovator Surge with a 56.96% Potential Upside? - DirectorsTalk Interviews",6.130000114440918,5D,5,2026-08-05,0.02610111654568903,0.08397693254733074,-0.05787581600164171,True
2026-07-29,RXST,77.54924886902339,可觀察,醫療科技,未觸發主要風險,新聞提及 1 次，且價格站上 50DMA，值得加入觀察清單。,"RxSight, Inc. (RXST) Stock Analysis: Can this Medical Device Innovator Surge with a 56.96% Potential Upside? - DirectorsTalk Interviews",6.130000114440918,20D,20,2026-08-26,0.04078303349637058,0.07501557176779872,-0.03423253827142814,True
2026-07-29,RXST,77.54924886902339,可觀察,醫療科技,未觸發主要風險,新聞提及 1 次，且價格站上 50DMA，值得加入觀察清單。,"RxSight, Inc. (RXST) Stock Analysis: Can this Medical Device Innovator Surge with a 56.96% Potential Upside? - DirectorsTalk Interviews",6.130000114440918,60D,60,,,,,
2026-07-29,TVTX,64.30801144955987,可觀察,小型成長股,未觸發主要風險,新聞提及 1 次，量價訊號尚需確認。,Travere Therapeutics (NASDAQ:TVTX): High Growth Momentum Stock with Breakout Setup - ChartMill,55.560001373291016,5D,5,2026-08-05,0.12958957469902788,0.08397693254733074,0.045612642151697136,True
2026-07-29,TVTX,64.30801144955987,可觀察,小型成長股,未觸發主要風險,新聞提及 1 次，量價訊號尚需確認。,Travere Therapeutics (NASDAQ:TVTX): High Growth Momentum Stock with Breakout Setup - ChartMill,55.560001373291016,20D,20,2026-08-26,0.20806337450610957,0.07501557176779872,0.13304780273831085,True
2026-07-29,TVTX,64.30801144955987,可觀察,小型成長股,未觸發主要風險,新聞提及 1 次，量價訊號尚需確認。,Travere Therapeutics (NASDAQ:TVTX): High Growth Momentum Stock with Breakout Setup - ChartMill,55.560001373291016,60D,60,,,,,
2026-07-29,QLYS,56.140120463436176,題材有熱度但訊號普通,網路安全,未觸發主要風險,新聞提及 1 次，量價訊號尚需確認。,Reflecting On Cybersecurity Stocks’ Q1 Earnings: Qualys (NASDAQ:QLYS) - Yahoo Finance,135.1300048828125,5D,5,2026-08-05,0.35610148285658805,0.08397693254733074,0.2721245503092573,True
2026-07-29,QLYS,56.140120463436176,題材有熱度但訊號普通,網路安全,未觸發主要風險,新聞提及 1 次，量價訊號尚需確認。,Reflecting On Cybersecurity Stocks’ Q1 Earnings: Qualys (NASDAQ:QLYS) - Yahoo Finance,135.1300048828125,20D,20,2026-08-26,0.30740762069946737,0.07501557176779872,0.23239204893166865,True
2026-07-29,QLYS,56.140120463436176,題材有熱度但訊號普通,網路安全,未觸發主要風險,新聞提及 1 次，量價訊號尚需確認。,Reflecting On Cybersecurity Stocks’ Q1 Earnings: Qualys (NASDAQ:QLYS) - Yahoo Finance,135.1300048828125,60D,60,,,,,
2026-07-29,GE,47.5058579192655,題材有熱度但訊號普通,核能/電力,未觸發主要風險,新聞提及 1 次，量價訊號尚需確認。,GE Vernova Stock And 2 Nuclear Power Picks For AI Infrastructure Growth - Sahm,350.6300048828125,5D,5,2026-08-05,0.08724295100789914,0.08397693254733074,0.0032660184605683984,True
2026-07-29,GE,47.5058579192655,題材有熱度但訊號普通,核能/電力,未觸發主要風險,新聞提及 1 次，量價訊號尚需確認。,GE Vernova Stock And 2 Nuclear Power Picks For AI Infrastructure Growth - Sahm,350.6300048828125,20D,20,2026-08-26,0.010723582446635405,0.07501557176779872,-0.06429198932116331,True
2026-07-29,GE,47.5058579192655,題材有熱度但訊號普通,核能/電力,未觸發主要風險,新聞提及 1 次，量價訊號尚需確認。,GE Vernova Stock And 2 Nuclear Power Picks For AI Infrastructure Growth - Sahm,350.6300048828125,60D,60,,,,,
2026-07-29,GEV,0.0,低優先或資料不足,AI/資料中心,低於50DMA,新聞提及 1 次，量價訊號尚需確認。,"GEV Stock Edges Higher Overnight: Growing Backlog Shows 'AI Data Centers Cannot Wait For The Grid,' Says Strategist - Stocktwits",900.280029296875,5D,5,2026-08-05,0.1307148763120849,0.08397693254733074,0.04673794376475415,True
2026-07-29,GEV,0.0,低優先或資料不足,AI/資料中心,低於50DMA,新聞提及 1 次，量價訊號尚需確認。,"GEV Stock Edges Higher Overnight: Growing Backlog Shows 'AI Data Centers Cannot Wait For The Grid,' Says Strategist - Stocktwits",900.280029296875,20D,20,2026-08-26,0.058659523526072954,0.07501557176779872,-0.016356048241725762,True
2026-07-29,GEV,0.0,低優先或資料不足,AI/資料中心,低於50DMA,新聞提及 1 次，量價訊號尚需確認。,"GEV Stock Edges Higher Overnight: Growing Backlog Shows 'AI Data Centers Cannot Wait For The Grid,' Says Strategist - Stocktwits",900.280029296875,60D,60,,,,,
2026-07-30,QLYS,57.355747809298194,題材有熱度但訊號普通,網路安全,未觸發主要風險,新聞提及 1 次，量價訊號尚需確認。,Reflecting On Cybersecurity Stocks’ Q1 Earnings: Qualys (NASDAQ:QLYS) - Yahoo Finance,141.7100067138672,5D,5,2026-08-06,0.282760497967774,0.04549786035910208,0.23726263760867194,True
2026-07-30,QLYS,57.355747809298194,題材有熱度但訊號普通,網路安全,未觸發主要風險,新聞提及 1 次，量價訊號尚需確認。,Reflecting On Cybersecurity Stocks’ Q1 Earnings: Qualys (NASDAQ:QLYS) - Yahoo Finance,141.7100067138672,20D,20,2026-08-27,0.3308163672497797,0.05494848102255845,0.27586788622722125,True
2026-07-30,QLYS,57.355747809298194,題材有熱度但訊號普通,網路安全,未觸發主要風險,新聞提及 1 次，量價訊號尚需確認。,Reflecting On Cybersecurity Stocks’ Q1 Earnings: Qualys (NASDAQ:QLYS) - Yahoo Finance,141.7100067138672,60D,60,,,,,
2026-07-31,LYV,46.66696704106114,題材有熱度但訊號普通,消費復甦,未觸發主要風險,新聞提及 1 次，量價訊號尚需確認。,Consumer Discretionary - Leisure Facilities Stocks Q1 Recap: Benchmarking Live Nation (NYSE:LYV) - TradingView,174.1300048828125,5D,5,2026-08-07,0.03750070979261433,0.05093099248287891,-0.013430282690264583,True
2026-07-31,LYV,46.66696704106114,題材有熱度但訊號普通,消費復甦,未觸發主要風險,新聞提及 1 次，量價訊號尚需確認。,Consumer Discretionary - Leisure Facilities Stocks Q1 Recap: Benchmarking Live Nation (NYSE:LYV) - TradingView,174.1300048828125,20D,20,2026-08-28,0.04318606100501032,0.041337815749942664,0.0018482452550676598,True
2026-07-31,LYV,46.66696704106114,題材有熱度但訊號普通,消費復甦,未觸發主要風險,新聞提及 1 次，量價訊號尚需確認。,Consumer Discretionary - Leisure Facilities Stocks Q1 Recap: Benchmarking Live Nation (NYSE:LYV) - TradingView,174.1300048828125,60D,60,,,,,
2026-07-31,EMN,35.15868775578719,暫時不強,能源/材料,低於50DMA,新聞提及 1 次，量價訊號尚需確認。,Eastman Chemical Stock: Benefits From Iran Conflict Appear In Solid Q2 (NYSE:EMN) - Seeking Alpha,69.07301330566406,5D,5,2026-08-07,0.052751973869221036,0.05093099248287891,0.0018209813863421243,True
2026-07-31,EMN,35.15868775578719,暫時不強,能源/材料,低於50DMA,新聞提及 1 次，量價訊號尚需確認。,Eastman Chemical Stock: Benefits From Iran Conflict Appear In Solid Q2 (NYSE:EMN) - Seeking Alpha,69.07301330566406,20D,20,2026-08-28,0.04403151563510299,0.041337815749942664,0.0026936998851603278,True
2026-07-31,EMN,35.15868775578719,暫時不強,能源/材料,低於50DMA,新聞提及 1 次，量價訊號尚需確認。,Eastman Chemical Stock: Benefits From Iran Conflict Appear In Solid Q2 (NYSE:EMN) - Seeking Alpha,69.07301330566406,60D,60,,,,,
2026-07-31,AMD,20.942782591929777,暫時不強,半導體設備,低於50DMA,新聞提及 1 次，量價訊號尚需確認。,Advanced Micro Devices (NASDAQ:AMD): High Growth Momentum Stock Poised for Breakout Setup - ChartMill,476.1499938964844,5D,5,2026-08-07,0.0151422693426424,0.05093099248287891,-0.03578872314023651,True
2026-07-31,AMD,20.942782591929777,暫時不強,半導體設備,低於50DMA,新聞提及 1 次，量價訊號尚需確認。,Advanced Micro Devices (NASDAQ:AMD): High Growth Momentum Stock Poised for Breakout Setup - ChartMill,476.1499938964844,20D,20,2026-08-28,-0.02219890257210988,0.041337815749942664,-0.06353671832205254,False
2026-07-31,AMD,20.942782591929777,暫時不強,半導體設備,低於50DMA,新聞提及 1 次，量價訊號尚需確認。,Advanced Micro Devices (NASDAQ:AMD): High Growth Momentum Stock Poised for Breakout Setup - ChartMill,476.1499938964844,60D,60,,,,,
2026-07-31,HSY,14.794988941233587,低優先或資料不足,消費復甦,低於50DMA,新聞提及 1 次，量價訊號尚需確認。,Hershey (NYSE:HSY) Reports Upbeat Q2 CY2026 - StockStory,173.6843719482422,5D,5,2026-08-07,0.04170232422722475,0.05093099248287891,-0.00922866825565416,True
2026-07-31,HSY,14.794988941233587,低優先或資料不足,消費復甦,低於50DMA,新聞提及 1 次，量價訊號尚需確認。,Hershey (NYSE:HSY) Reports Upbeat Q2 CY2026 - StockStory,173.6843719482422,20D,20,2026-08-28,0.030892998853774722,0.041337815749942664,-0.010444816896167941,True
2026-07-31,HSY,14.794988941233587,低優先或資料不足,消費復甦,低於50DMA,新聞提及 1 次，量價訊號尚需確認。,Hershey (NYSE:HSY) Reports Upbeat Q2 CY2026 - StockStory,173.6843719482422,60D,60,,,,,
2026-07-31,AMKR,0.0,低優先或資料不足,半導體設備,低於50DMA,新聞提及 1 次，量價訊號尚需確認。,AMKR vs. ASYS: Which Semiconductor Packaging Stock is the Better Buy? - TradingView,49.77839279174805,5D,5,2026-08-07,0.1082815858587105,0.05093099248287891,0.05735059337583159,True
2026-07-31,AMKR,0.0,低優先或資料不足,半導體設備,低於50DMA,新聞提及 1 次，量價訊號尚需確認。,AMKR vs. ASYS: Which Semiconductor Packaging Stock is the Better Buy? - TradingView,49.77839279174805,20D,20,2026-08-28,-0.039903726745439405,0.041337815749942664,-0.08124154249538207,False
2026-07-31,AMKR,0.0,低優先或資料不足,半導體設備,低於50DMA,新聞提及 1 次，量價訊號尚需確認。,AMKR vs. ASYS: Which Semiconductor Packaging Stock is the Better Buy? - TradingView,49.77839279174805,60D,60,,,,,
2026-07-31,ASYS,0.0,低優先或資料不足,半導體設備,低於50DMA,新聞提及 1 次，量價訊號尚需確認。,AMKR vs. ASYS: Which Semiconductor Packaging Stock is the Better Buy? - TradingView,15.34000015258789,5D,5,2026-08-07,0.01238589168796378,0.05093099248287891,-0.03854510079491513,True
2026-07-31,ASYS,0.0,低優先或資料不足,半導體設備,低於50DMA,新聞提及 1 次，量價訊號尚需確認。,AMKR vs. ASYS: Which Semiconductor Packaging Stock is the Better Buy? - TradingView,15.34000015258789,20D,20,2026-08-28,-0.018252915918254065,0.041337815749942664,-0.05959073166819673,False
2026-07-31,ASYS,0.0,低優先或資料不足,半導體設備,低於50DMA,新聞提及 1 次，量價訊號尚需確認。,AMKR vs. ASYS: Which Semiconductor Packaging Stock is the Better Buy? - TradingView,15.34000015258789,60D,60,,,,,
2026-08-01,AMZN,100.0,高優先觀察,小型成長股,未觸發主要風險,新聞提及 1 次，且價格站上 50DMA，值得加入觀察清單。,Amazon (AMZN) Stock Repriced After Profitability Breakout Recast Its Earnings Story - simplywall.st,284.0199890136719,5D,5,2026-08-10,-0.02087878637125007,0.02971127267497109,-0.05059005904622116,False
2026-08-01,AMZN,100.0,高優先觀察,小型成長股,未觸發主要風險,新聞提及 1 次，且價格站上 50DMA，值得加入觀察清單。,Amazon (AMZN) Stock Repriced After Profitability Breakout Recast Its Earnings Story - simplywall.st,284.0199890136719,20D,20,2026-08-31,-0.08538131447794917,0.023840444167956498,-0.10922175864590566,False
2026-08-01,AMZN,100.0,高優先觀察,小型成長股,未觸發主要風險,新聞提及 1 次，且價格站上 50DMA，值得加入觀察清單。,Amazon (AMZN) Stock Repriced After Profitability Breakout Recast Its Earnings Story - simplywall.st,284.0199890136719,60D,60,,,,,
2026-08-01,AEHR,73.4876778719518,可觀察,半導體設備,低於50DMA,新聞提及 1 次，量價訊號尚需確認。,FORM vs. AEHR: Which Semi Test Equipment Stock is a Better Buy? - Barchart.com,91.70999908447266,5D,5,2026-08-10,0.15799801557541193,0.02971127267497109,0.12828674290044084,True
2026-08-01,AEHR,73.4876778719518,可觀察,半導體設備,低於50DMA,新聞提及 1 次，量價訊號尚需確認。,FORM vs. AEHR: Which Semi Test Equipment Stock is a Better Buy? - Barchart.com,91.70999908447266,20D,20,2026-08-31,-0.13564499580845002,0.023840444167956498,-0.15948543997640652,False
2026-08-01,AEHR,73.4876778719518,可觀察,半導體設備,低於50DMA,新聞提及 1 次，量價訊號尚需確認。,FORM vs. AEHR: Which Semi Test Equipment Stock is a Better Buy? - Barchart.com,91.70999908447266,60D,60,,,,,
2026-08-01,YELP,57.58615546745142,題材有熱度但訊號普通,機器人/自動化,未觸發主要風險,新聞提及 1 次，量價訊號尚需確認。,Is Yelp’s (YELP) AI Restaurant Push Quietly Rewriting Its Core Competitive Moat? - simplywall.st,26.809999465942383,5D,5,2026-08-10,-0.08429691435662978,0.02971127267497109,-0.11400818703160087,False
2026-08-01,YELP,57.58615546745142,題材有熱度但訊號普通,機器人/自動化,未觸發主要風險,新聞提及 1 次，量價訊號尚需確認。,Is Yelp’s (YELP) AI Restaurant Push Quietly Rewriting Its Core Competitive Moat? - simplywall.st,26.809999465942383,20D,20,2026-08-31,-0.16635580653921078,0.023840444167956498,-0.19019625070716728,False
2026-08-01,YELP,57.58615546745142,題材有熱度但訊號普通,機器人/自動化,未觸發主要風險,新聞提及 1 次，量價訊號尚需確認。,Is Yelp’s (YELP) AI Restaurant Push Quietly Rewriting Its Core Competitive Moat? - simplywall.st,26.809999465942383,60D,60,,,,,
2026-08-01,NVDA,52.64747535742197,題材有熱度但訊號普通,小型成長股,低於50DMA,新聞提及 1 次，量價訊號尚需確認。,NVIDIA (NASDAQ:NVDA): A High Growth Stock with a Technical Breakout Setup - ChartMill,206.40904235839844,5D,5,2026-08-10,0.05279708924736437,0.02971127267497109,0.02308581657239328,True
2026-08-01,NVDA,52.64747535742197,題材有熱度但訊號普通,小型成長股,低於50DMA,新聞提及 1 次，量價訊號尚需確認。,NVIDIA (NASDAQ:NVDA): A High Growth Stock with a Technical Breakout Setup - ChartMill,206.40904235839844,20D,20,2026-08-31,0.06842816149330866,0.023840444167956498,0.04458771732535216,True
2026-08-01,NVDA,52.64747535742197,題材有熱度但訊號普通,小型成長股,低於50DMA,新聞提及 1 次，量價訊號尚需確認。,NVIDIA (NASDAQ:NVDA): A High Growth Stock with a Technical Breakout Setup - ChartMill,206.40904235839844,60D,60,,,,,
2026-08-01,SIMO,15.106846145756652,低優先或資料不足,機器人/自動化,低於50DMA,新聞提及 1 次，量價訊號尚需確認。,Silicon Motion (SIMO) Is Down 11.8% After Surging Q2 Results and AI Auto Storage Push - What's Changed - simplywall.st,251.0101318359375,5D,5,2026-08-10,-0.08127214258793203,0.02971127267497109,-0.11098341526290312,False
2026-08-01,SIMO,15.106846145756652,低優先或資料不足,機器人/自動化,低於50DMA,新聞提及 1 次，量價訊號尚需確認。,Silicon Motion (SIMO) Is Down 11.8% After Surging Q2 Results and AI Auto Storage Push - What's Changed - simplywall.st,251.0101318359375,20D,20,2026-08-31,-0.01661341503446767,0.023840444167956498,-0.04045385920242417,False
2026-08-01,SIMO,15.106846145756652,低優先或資料不足,機器人/自動化,低於50DMA,新聞提及 1 次，量價訊號尚需確認。,Silicon Motion (SIMO) Is Down 11.8% After Surging Q2 Results and AI Auto Storage Push - What's Changed - simplywall.st,251.0101318359375,60D,60,,,,,
2026-08-01,KEEL,11.222643287732886,低優先或資料不足,機器人/自動化,低於50DMA,新聞提及 1 次，量價訊號尚需確認。,Why Keel Infrastructure (KEEL) Is Down 6.8% After Pivoting From Bitcoin Mining To AI Data Centers – And What's Next - simplywall.st,4.199999809265137,5D,5,2026-08-10,-0.1904761310067009,0.02971127267497109,-0.220187403681672,False
2026-08-01,KEEL,11.222643287732886,低優先或資料不足,機器人/自動化,低於50DMA,新聞提及 1 次，量價訊號尚需確認。,Why Keel Infrastructure (KEEL) Is Down 6.8% After Pivoting From Bitcoin Mining To AI Data Centers – And What's Next - simplywall.st,4.199999809265137,20D,20,2026-08-31,-0.24999994323366903,0.023840444167956498,-0.27384038740162553,False
2026-08-01,KEEL,11.222643287732886,低優先或資料不足,機器人/自動化,低於50DMA,新聞提及 1 次，量價訊號尚需確認。,Why Keel Infrastructure (KEEL) Is Down 6.8% After Pivoting From Bitcoin Mining To AI Data Centers – And What's Next - simplywall.st,4.199999809265137,60D,60,,,,,
2026-08-01,MRVL,9.808653728223177,低優先或資料不足,機器人/自動化,低於50DMA,新聞提及 1 次，量價訊號尚需確認。,Did Marvell’s US$250 Million India R&D Push Just Reframe Its AI Data Center Story (MRVL)? - simplywall.st,193.77999877929688,5D,5,2026-08-10,0.07627205528125924,0.02971127267497109,0.046560782606288154,True
2026-08-01,MRVL,9.808653728223177,低優先或資料不足,機器人/自動化,低於50DMA,新聞提及 1 次，量價訊號尚需確認。,Did Marvell’s US$250 Million India R&D Push Just Reframe Its AI Data Center Story (MRVL)? - simplywall.st,193.77999877929688,20D,20,2026-08-31,0.09226960984335997,0.023840444167956498,0.06842916567540347,True
2026-08-01,MRVL,9.808653728223177,低優先或資料不足,機器人/自動化,低於50DMA,新聞提及 1 次，量價訊號尚需確認。,Did Marvell’s US$250 Million India R&D Push Just Reframe Its AI Data Center Story (MRVL)? - simplywall.st,193.77999877929688,60D,60,,,,,
2026-08-01,FORM,0.0,低優先或資料不足,半導體設備,低於50DMA,新聞提及 1 次，量價訊號尚需確認。,FORM vs. AEHR: Which Semi Test Equipment Stock is a Better Buy? - Barchart.com,108.80000305175781,5D,5,2026-08-10,0.03373159987136609,0.02971127267497109,0.004020327196395002,True
2026-08-01,FORM,0.0,低優先或資料不足,半導體設備,低於50DMA,新聞提及 1 次，量價訊號尚需確認。,FORM vs. AEHR: Which Semi Test Equipment Stock is a Better Buy? - Barchart.com,108.80000305175781,20D,20,2026-08-31,-0.07527575562208522,0.023840444167956498,-0.09911619979004171,False
2026-08-01,FORM,0.0,低優先或資料不足,半導體設備,低於50DMA,新聞提及 1 次，量價訊號尚需確認。,FORM vs. AEHR: Which Semi Test Equipment Stock is a Better Buy? - Barchart.com,108.80000305175781,60D,60,,,,,
2026-08-01,CIEN,0.0,低優先或資料不足,機器人/自動化,低於50DMA,新聞提及 1 次，量價訊號尚需確認。,How Ciena’s Hyper-Rail AI Win and Guidance Hike At Ciena (CIEN) Has Changed Its Investment Story - simplywall.st,390.760009765625,5D,5,2026-08-10,-0.007830887199611669,0.02971127267497109,-0.03754215987458276,False
2026-08-01,CIEN,0.0,低優先或資料不足,機器人/自動化,低於50DMA,新聞提及 1 次，量價訊號尚需確認。,How Ciena’s Hyper-Rail AI Win and Guidance Hike At Ciena (CIEN) Has Changed Its Investment Story - simplywall.st,390.760009765625,20D,20,2026-08-31,-0.020370615655963875,0.023840444167956498,-0.04421105982392037,False
2026-08-01,CIEN,0.0,低優先或資料不足,機器人/自動化,低於50DMA,新聞提及 1 次，量價訊號尚需確認。,How Ciena’s Hyper-Rail AI Win and Guidance Hike At Ciena (CIEN) Has Changed Its Investment Story - simplywall.st,390.760009765625,60D,60,,,,,
2026-08-01,AMKR,0.0,低優先或資料不足,半導體設備,低於50DMA,新聞提及 1 次，量價訊號尚需確認。,AMKR vs. ASYS: Which Semiconductor Packaging Stock is the Better Buy? - TradingView,50.746612548828125,5D,5,2026-08-10,0.039929128341747555,0.02971127267497109,0.010217855666776465,True
2026-08-01,AMKR,0.0,低優先或資料不足,半導體設備,低於50DMA,新聞提及 1 次，量價訊號尚需確認。,AMKR vs. ASYS: Which Semiconductor Packaging Stock is the Better Buy? - TradingView,50.746612548828125,20D,20,2026-08-31,-0.06963020148959775,0.023840444167956498,-0.09347064565755425,False
2026-08-01,AMKR,0.0,低優先或資料不足,半導體設備,低於50DMA,新聞提及 1 次，量價訊號尚需確認。,AMKR vs. ASYS: Which Semiconductor Packaging Stock is the Better Buy? - TradingView,50.746612548828125,60D,60,,,,,
2026-08-01,ASYS,0.0,低優先或資料不足,半導體設備,低於50DMA,新聞提及 1 次，量價訊號尚需確認。,AMKR vs. ASYS: Which Semiconductor Packaging Stock is the Better Buy? - TradingView,15.699999809265137,5D,5,2026-08-10,-0.03885348178904202,0.02971127267497109,-0.06856475446401311,False
2026-08-01,ASYS,0.0,低優先或資料不足,半導體設備,低於50DMA,新聞提及 1 次，量價訊號尚需確認。,AMKR vs. ASYS: Which Semiconductor Packaging Stock is the Better Buy? - TradingView,15.699999809265137,20D,20,2026-08-31,-0.06878980489341835,0.023840444167956498,-0.09263024906137485,False
2026-08-01,ASYS,0.0,低優先或資料不足,半導體設備,低於50DMA,新聞提及 1 次，量價訊號尚需確認。,AMKR vs. ASYS: Which Semiconductor Packaging Stock is the Better Buy? - TradingView,15.699999809265137,60D,60,,,,,
2026-08-02,AEHR,73.4876778719518,可觀察,半導體設備,低於50DMA,新聞提及 1 次，量價訊號尚需確認。,FORM vs. AEHR: Which Semi Test Equipment Stock is a Better Buy? - Barchart.com,91.70999908447266,5D,5,2026-08-10,0.15799801557541193,0.02971127267497109,0.12828674290044084,True
2026-08-02,AEHR,73.4876778719518,可觀察,半導體設備,低於50DMA,新聞提及 1 次，量價訊號尚需確認。,FORM vs. AEHR: Which Semi Test Equipment Stock is a Better Buy? - Barchart.com,91.70999908447266,20D,20,2026-08-31,-0.13564499580845002,0.023840444167956498,-0.15948543997640652,False
2026-08-02,AEHR,73.4876778719518,可觀察,半導體設備,低於50DMA,新聞提及 1 次，量價訊號尚需確認。,FORM vs. AEHR: Which Semi Test Equipment Stock is a Better Buy? - Barchart.com,91.70999908447266,60D,60,,,,,
2026-08-02,LRCX,9.68133302641315,低優先或資料不足,半導體設備,低於50DMA,新聞提及 1 次，量價訊號尚需確認。,"Lam Research (NASDAQ:LRCX) Releases Earnings Results, Beats Expectations By $0.13 EPS - MarketBeat",294.2973327636719,5D,5,2026-08-10,0.04001903866165257,0.02971127267497109,0.010307765986681483,True
2026-08-02,LRCX,9.68133302641315,低優先或資料不足,半導體設備,低於50DMA,新聞提及 1 次，量價訊號尚需確認。,"Lam Research (NASDAQ:LRCX) Releases Earnings Results, Beats Expectations By $0.13 EPS - MarketBeat",294.2973327636719,20D,20,2026-08-31,0.023352950966632147,0.023840444167956498,-0.0004874932013243516,True
2026-08-02,LRCX,9.68133302641315,低優先或資料不足,半導體設備,低於50DMA,新聞提及 1 次，量價訊號尚需確認。,"Lam Research (NASDAQ:LRCX) Releases Earnings Results, Beats Expectations By $0.13 EPS - MarketBeat",294.2973327636719,60D,60,,,,,
2026-08-02,ON,0.0,低優先或資料不足,半導體設備,低於50DMA,新聞提及 1 次，量價訊號尚需確認。,ON Semiconductor Stock and 2 Chip Picks Near the CHIPS Act Funding Shift - simplywall.st,80.4000015258789,5D,5,2026-08-10,-0.007711476801184669,0.02971127267497109,-0.03742274947615576,False
2026-08-02,ON,0.0,低優先或資料不足,半導體設備,低於50DMA,新聞提及 1 次，量價訊號尚需確認。,ON Semiconductor Stock and 2 Chip Picks Near the CHIPS Act Funding Shift - simplywall.st,80.4000015258789,20D,20,2026-08-31,-0.07848265010240374,0.023840444167956498,-0.10232309427036024,False
2026-08-02,ON,0.0,低優先或資料不足,半導體設備,低於50DMA,新聞提及 1 次，量價訊號尚需確認。,ON Semiconductor Stock and 2 Chip Picks Near the CHIPS Act Funding Shift - simplywall.st,80.4000015258789,60D,60,,,,,
2026-08-02,FORM,0.0,低優先或資料不足,半導體設備,低於50DMA,新聞提及 1 次，量價訊號尚需確認。,FORM vs. AEHR: Which Semi Test Equipment Stock is a Better Buy? - Barchart.com,108.80000305175781,5D,5,2026-08-10,0.03373159987136609,0.02971127267497109,0.004020327196395002,True
2026-08-02,FORM,0.0,低優先或資料不足,半導體設備,低於50DMA,新聞提及 1 次，量價訊號尚需確認。,FORM vs. AEHR: Which Semi Test Equipment Stock is a Better Buy? - Barchart.com,108.80000305175781,20D,20,2026-08-31,-0.07527575562208522,0.023840444167956498,-0.09911619979004171,False
2026-08-02,FORM,0.0,低優先或資料不足,半導體設備,低於50DMA,新聞提及 1 次，量價訊號尚需確認。,FORM vs. AEHR: Which Semi Test Equipment Stock is a Better Buy? - Barchart.com,108.80000305175781,60D,60,,,,,
2026-08-02,RKLB,0.0,低優先或資料不足,太空,低於50DMA,新聞提及 1 次，量價訊號尚需確認。,Why Rocket Lab (RKLB) Stock Is Up Today - StockStory,70.43000030517578,5D,5,2026-08-10,0.13644754463596587,0.02971127267497109,0.10673627196099478,True
2026-08-02,RKLB,0.0,低優先或資料不足,太空,低於50DMA,新聞提及 1 次，量價訊號尚需確認。,Why Rocket Lab (RKLB) Stock Is Up Today - StockStory,70.43000030517578,20D,20,2026-08-31,-0.09243223211731355,0.023840444167956498,-0.11627267628527005,False
2026-08-02,RKLB,0.0,低優先或資料不足,太空,低於50DMA,新聞提及 1 次，量價訊號尚需確認。,Why Rocket Lab (RKLB) Stock Is Up Today - StockStory,70.43000030517578,60D,60,,,,,
2026-08-02,AMKR,0.0,低優先或資料不足,半導體設備,低於50DMA,新聞提及 1 次，量價訊號尚需確認。,AMKR vs. ASYS: Which Semiconductor Packaging Stock is the Better Buy? - TradingView,50.746612548828125,5D,5,2026-08-10,0.039929128341747555,0.02971127267497109,0.010217855666776465,True
2026-08-02,AMKR,0.0,低優先或資料不足,半導體設備,低於50DMA,新聞提及 1 次，量價訊號尚需確認。,AMKR vs. ASYS: Which Semiconductor Packaging Stock is the Better Buy? - TradingView,50.746612548828125,20D,20,2026-08-31,-0.06963020148959775,0.023840444167956498,-0.09347064565755425,False
2026-08-02,AMKR,0.0,低優先或資料不足,半導體設備,低於50DMA,新聞提及 1 次，量價訊號尚需確認。,AMKR vs. ASYS: Which Semiconductor Packaging Stock is the Better Buy? - TradingView,50.746612548828125,60D,60,,,,,
2026-08-02,ASYS,0.0,低優先或資料不足,半導體設備,低於50DMA,新聞提及 1 次，量價訊號尚需確認。,AMKR vs. ASYS: Which Semiconductor Packaging Stock is the Better Buy? - TradingView,15.699999809265137,5D,5,2026-08-10,-0.03885348178904202,0.02971127267497109,-0.06856475446401311,False
2026-08-02,ASYS,0.0,低優先或資料不足,半導體設備,低於50DMA,新聞提及 1 次，量價訊號尚需確認。,AMKR vs. ASYS: Which Semiconductor Packaging Stock is the Better Buy? - TradingView,15.699999809265137,20D,20,2026-08-31,-0.06878980489341835,0.023840444167956498,-0.09263024906137485,False
2026-08-02,ASYS,0.0,低優先或資料不足,半導體設備,低於50DMA,新聞提及 1 次，量價訊號尚需確認。,AMKR vs. ASYS: Which Semiconductor Packaging Stock is the Better Buy? - TradingView,15.699999809265137,60D,60,,,,,
2026-08-03,GM,88.44994550217304,高優先觀察,消費復甦,未觸發主要風險,新聞提及 1 次，且價格站上 50DMA，值得加入觀察清單。,Tesla drags consumer discretionary sector in July; Ross Stores leads (GM:NYSE) - Seeking Alpha,87.49905395507812,5D,5,2026-08-10,0.003193393901789632,0.02971127267497109,-0.026517878773181458,True
2026-08-03,GM,88.44994550217304,高優先觀察,消費復甦,未觸發主要風險,新聞提及 1 次，且價格站上 50DMA，值得加入觀察清單。,Tesla drags consumer discretionary sector in July; Ross Stores leads (GM:NYSE) - Seeking Alpha,87.49905395507812,20D,20,2026-08-31,-0.015511031962189836,0.023840444167956498,-0.039351476130146334,False
2026-08-03,GM,88.44994550217304,高優先觀察,消費復甦,未觸發主要風險,新聞提及 1 次，且價格站上 50DMA，值得加入觀察清單。,Tesla drags consumer discretionary sector in July; Ross Stores leads (GM:NYSE) - Seeking Alpha,87.49905395507812,60D,60,,,,,
2026-08-03,AEHR,73.30982366417881,可觀察,半導體設備,低於50DMA,新聞提及 1 次，量價訊號尚需確認。,FORM vs. AEHR: Which Semi Test Equipment Stock is a Better Buy? - Barchart.com,91.70999908447266,5D,5,2026-08-10,0.15799801557541193,0.02971127267497109,0.12828674290044084,True
2026-08-03,AEHR,73.30982366417881,可觀察,半導體設備,低於50DMA,新聞提及 1 次，量價訊號尚需確認。,FORM vs. AEHR: Which Semi Test Equipment Stock is a Better Buy? - Barchart.com,91.70999908447266,20D,20,2026-08-31,-0.13564499580845002,0.023840444167956498,-0.15948543997640652,False
2026-08-03,AEHR,73.30982366417881,可觀察,半導體設備,低於50DMA,新聞提及 1 次，量價訊號尚需確認。,FORM vs. AEHR: Which Semi Test Equipment Stock is a Better Buy? - Barchart.com,91.70999908447266,60D,60,,,,,
2026-08-03,LRCX,5.1897969813324,低優先或資料不足,半導體設備,低於50DMA,新聞提及 1 次，量價訊號尚需確認。,Lam Research (NASDAQ:LRCX) Stock Price Down 6.4% - Here's Why - MarketBeat,294.2973327636719,5D,5,2026-08-10,0.04001903866165257,0.02971127267497109,0.010307765986681483,True
2026-08-03,LRCX,5.1897969813324,低優先或資料不足,半導體設備,低於50DMA,新聞提及 1 次，量價訊號尚需確認。,Lam Research (NASDAQ:LRCX) Stock Price Down 6.4% - Here's Why - MarketBeat,294.2973327636719,20D,20,2026-08-31,0.023352950966632147,0.023840444167956498,-0.0004874932013243516,True
2026-08-03,LRCX,5.1897969813324,低優先或資料不足,半導體設備,低於50DMA,新聞提及 1 次，量價訊號尚需確認。,Lam Research (NASDAQ:LRCX) Stock Price Down 6.4% - Here's Why - MarketBeat,294.2973327636719,60D,60,,,,,
2026-08-03,FORM,1.378929801521064,低優先或資料不足,半導體設備,低於50DMA,新聞提及 1 次，量價訊號尚需確認。,FORM vs. AEHR: Which Semi Test Equipment Stock is a Better Buy? - Barchart.com,108.80000305175781,5D,5,2026-08-10,0.03373159987136609,0.02971127267497109,0.004020327196395002,True
2026-08-03,FORM,1.378929801521064,低優先或資料不足,半導體設備,低於50DMA,新聞提及 1 次，量價訊號尚需確認。,FORM vs. AEHR: Which Semi Test Equipment Stock is a Better Buy? - Barchart.com,108.80000305175781,20D,20,2026-08-31,-0.07527575562208522,0.023840444167956498,-0.09911619979004171,False
2026-08-03,FORM,1.378929801521064,低優先或資料不足,半導體設備,低於50DMA,新聞提及 1 次，量價訊號尚需確認。,FORM vs. AEHR: Which Semi Test Equipment Stock is a Better Buy? - Barchart.com,108.80000305175781,60D,60,,,,,
2026-08-03,HGV,0.5095265954994037,低優先或資料不足,消費復甦,低於50DMA,新聞提及 1 次，量價訊號尚需確認。,"HGV Q2 Deep Dive: Sales Execution and Product Mix Weigh on Margins, Management Eyes Recovery - StockStory",45.290000915527344,5D,5,2026-08-10,-0.06094065092598,0.02971127267497109,-0.09065192360095109,False
2026-08-03,HGV,0.5095265954994037,低優先或資料不足,消費復甦,低於50DMA,新聞提及 1 次，量價訊號尚需確認。,"HGV Q2 Deep Dive: Sales Execution and Product Mix Weigh on Margins, Management Eyes Recovery - StockStory",45.290000915527344,20D,20,2026-08-31,-0.06359021880981786,0.023840444167956498,-0.08743066297777435,False
2026-08-03,HGV,0.5095265954994037,低優先或資料不足,消費復甦,低於50DMA,新聞提及 1 次，量價訊號尚需確認。,"HGV Q2 Deep Dive: Sales Execution and Product Mix Weigh on Margins, Management Eyes Recovery - StockStory",45.290000915527344,60D,60,,,,,
2026-08-03,ON,0.0,低優先或資料不足,半導體設備,低於50DMA,新聞提及 1 次，量價訊號尚需確認。,ON Semiconductor Stock and 2 Chip Picks Near the CHIPS Act Funding Shift - simplywall.st,80.4000015258789,5D,5,2026-08-10,-0.007711476801184669,0.02971127267497109,-0.03742274947615576,False
2026-08-03,ON,0.0,低優先或資料不足,半導體設備,低於50DMA,新聞提及 1 次，量價訊號尚需確認。,ON Semiconductor Stock and 2 Chip Picks Near the CHIPS Act Funding Shift - simplywall.st,80.4000015258789,20D,20,2026-08-31,-0.07848265010240374,0.023840444167956498,-0.10232309427036024,False
2026-08-03,ON,0.0,低優先或資料不足,半導體設備,低於50DMA,新聞提及 1 次，量價訊號尚需確認。,ON Semiconductor Stock and 2 Chip Picks Near the CHIPS Act Funding Shift - simplywall.st,80.4000015258789,60D,60,,,,,
2026-08-03,AVAV,0.0,低優先或資料不足,國防/航太,低於50DMA,新聞提及 1 次，量價訊號尚需確認。,AVAV Stock Rides Drone Defense Bull Wave As New Air Force Contract Adds Fuel — Here's What Investors Need To Know - Stocktwits,159.17999267578125,5D,5,2026-08-10,0.18827743811840847,0.02971127267497109,0.15856616544343738,True
2026-08-03,AVAV,0.0,低優先或資料不足,國防/航太,低於50DMA,新聞提及 1 次，量價訊號尚需確認。,AVAV Stock Rides Drone Defense Bull Wave As New Air Force Contract Adds Fuel — Here's What Investors Need To Know - Stocktwits,159.17999267578125,20D,20,2026-08-31,-0.0680361042252603,0.023840444167956498,-0.0918765483932168,False
2026-08-03,AVAV,0.0,低優先或資料不足,國防/航太,低於50DMA,新聞提及 1 次，量價訊號尚需確認。,AVAV Stock Rides Drone Defense Bull Wave As New Air Force Contract Adds Fuel — Here's What Investors Need To Know - Stocktwits,159.17999267578125,60D,60,,,,,
2026-08-04,GE,57.7851206420605,題材有熱度但訊號普通,國際貿易,未觸發主要風險,新聞提及 1 次，量價訊號尚需確認。,"One Year After Trump’s ‘Liberation Day’ Tariffs, GE And Deere Emerge As Only Big Manufacturing Winners - Stocktwits",377.2799987792969,5D,5,2026-08-11,-0.024438086435895845,-0.0074600667684459054,-0.01697801966744994,False
2026-08-04,GE,57.7851206420605,題材有熱度但訊號普通,國際貿易,未觸發主要風險,新聞提及 1 次，量價訊號尚需確認。,"One Year After Trump’s ‘Liberation Day’ Tariffs, GE And Deere Emerge As Only Big Manufacturing Winners - Stocktwits",377.2799987792969,20D,20,2026-09-01,-0.12242897209196268,-0.022394127631536587,-0.1000348444604261,False
2026-08-04,GE,57.7851206420605,題材有熱度但訊號普通,國際貿易,未觸發主要風險,新聞提及 1 次，量價訊號尚需確認。,"One Year After Trump’s ‘Liberation Day’ Tariffs, GE And Deere Emerge As Only Big Manufacturing Winners - Stocktwits",377.2799987792969,60D,60,,,,,
2026-08-04,AVAV,50.774864052005796,題材有熱度但訊號普通,國防/航太,未觸發主要風險,新聞提及 1 次，量價訊號尚需確認。,AVAV Stock Rides Drone Defense Bull Wave As New Air Force Contract Adds Fuel — Here's What Investors Need To Know - Stocktwits,169.02000427246094,5D,5,2026-08-11,0.15974440490769304,-0.0074600667684459054,0.16720447167613894,True
2026-08-04,AVAV,50.774864052005796,題材有熱度但訊號普通,國防/航太,未觸發主要風險,新聞提及 1 次，量價訊號尚需確認。,AVAV Stock Rides Drone Defense Bull Wave As New Air Force Contract Adds Fuel — Here's What Investors Need To Know - Stocktwits,169.02000427246094,20D,20,2026-09-01,-0.14702405322069045,-0.022394127631536587,-0.12462992558915387,False
2026-08-04,AVAV,50.774864052005796,題材有熱度但訊號普通,國防/航太,未觸發主要風險,新聞提及 1 次，量價訊號尚需確認。,AVAV Stock Rides Drone Defense Bull Wave As New Air Force Contract Adds Fuel — Here's What Investors Need To Know - Stocktwits,169.02000427246094,60D,60,,,,,
2026-08-04,IBD,49.13313568790343,題材有熱度但訊號普通,網路安全,未觸發主要風險,新聞提及 1 次，量價訊號尚需確認。,"This ETF, The IBD Stock Of The Day, Breaks Out As Cybersecurity Stocks Rebound - Investor's Business Daily",23.50666046142578,5D,5,2026-08-11,-0.0023226546664870673,-0.0074600667684459054,0.005137412101958838,False
2026-08-04,IBD,49.13313568790343,題材有熱度但訊號普通,網路安全,未觸發主要風險,新聞提及 1 次，量價訊號尚需確認。,"This ETF, The IBD Stock Of The Day, Breaks Out As Cybersecurity Stocks Rebound - Investor's Business Daily",23.50666046142578,20D,20,2026-09-01,-0.0033929014804945368,-0.022394127631536587,0.01900122615104205,False
2026-08-04,IBD,49.13313568790343,題材有熱度但訊號普通,網路安全,未觸發主要風險,新聞提及 1 次，量價訊號尚需確認。,"This ETF, The IBD Stock Of The Day, Breaks Out As Cybersecurity Stocks Rebound - Investor's Business Daily",23.50666046142578,60D,60,,,,,
2026-08-04,VRTX,31.451210072576686,暫時不強,小型成長股,未觸發主要風險,新聞提及 1 次，量價訊號尚需確認。,Vertex Pharmaceuticals (NASDAQ:VRTX): Strong Growth and Textbooks Technical Setup for Breakout - ChartMill,478.7099914550781,5D,5,2026-08-11,0.10641105025643594,-0.0074600667684459054,0.11387111702488184,True
2026-08-04,VRTX,31.451210072576686,暫時不強,小型成長股,未觸發主要風險,新聞提及 1 次，量價訊號尚需確認。,Vertex Pharmaceuticals (NASDAQ:VRTX): Strong Growth and Textbooks Technical Setup for Breakout - ChartMill,478.7099914550781,20D,20,2026-09-01,0.14401210375709006,-0.022394127631536587,0.16640623138862665,True
2026-08-04,VRTX,31.451210072576686,暫時不強,小型成長股,未觸發主要風險,新聞提及 1 次，量價訊號尚需確認。,Vertex Pharmaceuticals (NASDAQ:VRTX): Strong Growth and Textbooks Technical Setup for Breakout - ChartMill,478.7099914550781,60D,60,,,,,
2026-08-04,RDW,23.436201127176297,暫時不強,國防/航太,短線漲幅過大；低於50DMA,題材熱但短線漲幅偏大，等待回檔或量價整理。,RDW Stock Rises Overnight: Retail Expects 'Positive Surprise' In Q2 Earnings Amid Growing US Drone Spending - TradingView,10.630000114440918,5D,5,2026-08-11,0.27093133428365834,-0.0074600667684459054,0.27839140105210425,True
2026-08-04,RDW,23.436201127176297,暫時不強,國防/航太,短線漲幅過大；低於50DMA,題材熱但短線漲幅偏大，等待回檔或量價整理。,RDW Stock Rises Overnight: Retail Expects 'Positive Surprise' In Q2 Earnings Amid Growing US Drone Spending - TradingView,10.630000114440918,20D,20,2026-09-01,-0.03480713843609795,-0.022394127631536587,-0.012413010804561364,False
2026-08-04,RDW,23.436201127176297,暫時不強,國防/航太,短線漲幅過大；低於50DMA,題材熱但短線漲幅偏大，等待回檔或量價整理。,RDW Stock Rises Overnight: Retail Expects 'Positive Surprise' In Q2 Earnings Amid Growing US Drone Spending - TradingView,10.630000114440918,60D,60,,,,,
2026-08-05,GE,69.07428225372047,可觀察,國際貿易,未觸發主要風險,新聞提及 1 次，量價訊號尚需確認。,"One Year After Trump’s ‘Liberation Day’ Tariffs, GE And Deere Emerge As Only Big Manufacturing Winners - Stocktwits",381.2200012207031,5D,5,2026-08-12,-0.0416820067088719,0.008922394444297765,-0.050604401153169665,False
2026-08-05,GE,69.07428225372047,可觀察,國際貿易,未觸發主要風險,新聞提及 1 次，量價訊號尚需確認。,"One Year After Trump’s ‘Liberation Day’ Tariffs, GE And Deere Emerge As Only Big Manufacturing Winners - Stocktwits",381.2200012207031,20D,20,2026-09-02,-0.1356696948090098,-0.011236617345300348,-0.12443307746370946,False
2026-08-05,GE,69.07428225372047,可觀察,國際貿易,未觸發主要風險,新聞提及 1 次，量價訊號尚需確認。,"One Year After Trump’s ‘Liberation Day’ Tariffs, GE And Deere Emerge As Only Big Manufacturing Winners - Stocktwits",381.2200012207031,60D,60,,,,,
2026-08-05,AVAV,62.41085557024526,可觀察,國防/航太,未觸發主要風險,新聞提及 2 次，量價訊號尚需確認。,AeroVironment: The Most Misunderstood Drone Stock (NASDAQ:AVAV) - Seeking Alpha,168.05999755859375,5D,5,2026-08-12,0.15321909064661465,0.008922394444297765,0.1442966962023169,True
2026-08-05,AVAV,62.41085557024526,可觀察,國防/航太,未觸發主要風險,新聞提及 2 次，量價訊號尚需確認。,AeroVironment: The Most Misunderstood Drone Stock (NASDAQ:AVAV) - Seeking Alpha,168.05999755859375,20D,20,2026-09-02,-0.1348922914332512,-0.011236617345300348,-0.12365567408795086,False
2026-08-05,AVAV,62.41085557024526,可觀察,國防/航太,未觸發主要風險,新聞提及 2 次，量價訊號尚需確認。,AeroVironment: The Most Misunderstood Drone Stock (NASDAQ:AVAV) - Seeking Alpha,168.05999755859375,60D,60,,,,,
2026-08-05,AMD,22.267361217125114,暫時不強,AI/資料中心,低於50DMA,新聞提及 1 次，量價訊號尚需確認。,AMD Stock Leads 3 AI Infrastructure Picks for Data Center Growth - simplywall.st,482.04998779296875,5D,5,2026-08-12,0.0018255469455388251,0.008922394444297765,-0.00709684749875894,True
2026-08-05,AMD,22.267361217125114,暫時不強,AI/資料中心,低於50DMA,新聞提及 1 次，量價訊號尚需確認。,AMD Stock Leads 3 AI Infrastructure Picks for Data Center Growth - simplywall.st,482.04998779296875,20D,20,2026-09-02,-0.05184107637631086,-0.011236617345300348,-0.04060445903101051,False
2026-08-05,AMD,22.267361217125114,暫時不強,AI/資料中心,低於50DMA,新聞提及 1 次，量價訊號尚需確認。,AMD Stock Leads 3 AI Infrastructure Picks for Data Center Growth - simplywall.st,482.04998779296875,60D,60,,,,,
2026-08-05,LRCX,9.863216329800487,低優先或資料不足,半導體設備,短線漲幅過大；低於50DMA,題材熱但短線漲幅偏大，等待回檔或量價整理。,Lam Research (NASDAQ:LRCX) Stock Price Down 6.4% - Here's Why - MarketBeat,307.0937805175781,5D,5,2026-08-12,0.06079620195036206,0.008922394444297765,0.051873807506064296,True
2026-08-05,LRCX,9.863216329800487,低優先或資料不足,半導體設備,短線漲幅過大；低於50DMA,題材熱但短線漲幅偏大，等待回檔或量價整理。,Lam Research (NASDAQ:LRCX) Stock Price Down 6.4% - Here's Why - MarketBeat,307.0937805175781,20D,20,2026-09-02,-0.06213001904331472,-0.011236617345300348,-0.05089340169801437,False
2026-08-05,LRCX,9.863216329800487,低優先或資料不足,半導體設備,短線漲幅過大；低於50DMA,題材熱但短線漲幅偏大，等待回檔或量價整理。,Lam Research (NASDAQ:LRCX) Stock Price Down 6.4% - Here's Why - MarketBeat,307.0937805175781,60D,60,,,,,
2026-08-05,ON,0.0,低優先或資料不足,半導體設備,低於50DMA,新聞提及 1 次，量價訊號尚需確認。,ON Semiconductor Stock and 2 Chip Picks Near the CHIPS Act Funding Shift - simplywall.st,76.91000366210938,5D,5,2026-08-12,0.08334411295669719,0.008922394444297765,0.07442171851239943,True
2026-08-05,ON,0.0,低優先或資料不足,半導體設備,低於50DMA,新聞提及 1 次，量價訊號尚需確認。,ON Semiconductor Stock and 2 Chip Picks Near the CHIPS Act Funding Shift - simplywall.st,76.91000366210938,20D,20,2026-09-02,-0.059420193818950695,-0.011236617345300348,-0.04818357647365035,False
2026-08-05,ON,0.0,低優先或資料不足,半導體設備,低於50DMA,新聞提及 1 次，量價訊號尚需確認。,ON Semiconductor Stock and 2 Chip Picks Near the CHIPS Act Funding Shift - simplywall.st,76.91000366210938,60D,60,,,,,
2026-08-06,ANET,84.77762575420469,高優先觀察,能源/材料,短線漲幅過大,新聞提及 1 次，且價格站上 50DMA，值得加入觀察清單。,ANET Stock Slides On Chip Supply Warning – But Retail Calls It A ‘Fake Selloff’ - Stocktwits,192.32000732421875,5D,5,2026-08-13,0.058756173890524455,0.024375551333639667,0.03438062255688479,True
2026-08-06,ANET,84.77762575420469,高優先觀察,能源/材料,短線漲幅過大,新聞提及 1 次，且價格站上 50DMA，值得加入觀察清單。,ANET Stock Slides On Chip Supply Warning – But Retail Calls It A ‘Fake Selloff’ - Stocktwits,192.32000732421875,20D,20,2026-09-03,-0.004575732369482277,0.0042257441839270715,-0.008801476553409349,False
2026-08-06,ANET,84.77762575420469,高優先觀察,能源/材料,短線漲幅過大,新聞提及 1 次，且價格站上 50DMA，值得加入觀察清單。,ANET Stock Slides On Chip Supply Warning – But Retail Calls It A ‘Fake Selloff’ - Stocktwits,192.32000732421875,60D,60,,,,,
2026-08-06,AMD,24.29932322070217,暫時不強,AI/資料中心,低於50DMA,新聞提及 1 次，量價訊號尚需確認。,AMD Stock Leads 3 AI Infrastructure Picks for Data Center Growth - simplywall.st,489.2799987792969,5D,5,2026-08-13,-0.012814725779338731,0.024375551333639667,-0.0371902771129784,False
2026-08-06,AMD,24.29932322070217,暫時不強,AI/資料中心,低於50DMA,新聞提及 1 次，量價訊號尚需確認。,AMD Stock Leads 3 AI Infrastructure Picks for Data Center Growth - simplywall.st,489.2799987792969,20D,20,2026-09-03,-0.0676912916935466,0.0042257441839270715,-0.07191703587747367,False
2026-08-06,AMD,24.29932322070217,暫時不強,AI/資料中心,低於50DMA,新聞提及 1 次，量價訊號尚需確認。,AMD Stock Leads 3 AI Infrastructure Picks for Data Center Growth - simplywall.st,489.2799987792969,60D,60,,,,,
2026-08-06,SERV,4.773838272971986,低優先或資料不足,機器人/自動化,短線漲幅過大；低於50DMA,題材熱但短線漲幅偏大，等待回檔或量價整理。,Are Serve Robotics' (SERV) Growing Robot Fleet And Revenue Guidance Clarify Its Long-Term Profit Path? - simplywall.st,5.679999828338623,5D,5,2026-08-13,-0.13028165378212886,0.024375551333639667,-0.15465720511576853,False
2026-08-06,SERV,4.773838272971986,低優先或資料不足,機器人/自動化,短線漲幅過大；低於50DMA,題材熱但短線漲幅偏大，等待回檔或量價整理。,Are Serve Robotics' (SERV) Growing Robot Fleet And Revenue Guidance Clarify Its Long-Term Profit Path? - simplywall.st,5.679999828338623,20D,20,2026-09-03,-0.14964787505657196,0.0042257441839270715,-0.15387361924049903,False
2026-08-06,SERV,4.773838272971986,低優先或資料不足,機器人/自動化,短線漲幅過大；低於50DMA,題材熱但短線漲幅偏大，等待回檔或量價整理。,Are Serve Robotics' (SERV) Growing Robot Fleet And Revenue Guidance Clarify Its Long-Term Profit Path? - simplywall.st,5.679999828338623,60D,60,,,,,
2026-08-07,RDW,100.0,高優先觀察,太空,短線漲幅過大,新聞提及 2 次，且價格站上 50DMA，值得加入觀察清單。,"Space Stocks Are Roaring Back In August — Here’s Why ASTS, RKLB, RDW And Their Peers Are Leaving SpaceX Behind - Stocktwits",13.59000015258789,5D,5,2026-08-14,-0.0007358520065896546,0.011119849738794763,-0.011855701745384417,False
2026-08-07,RDW,100.0,高優先觀察,太空,短線漲幅過大,新聞提及 2 次，且價格站上 50DMA，值得加入觀察清單。,"Space Stocks Are Roaring Back In August — Here’s Why ASTS, RKLB, RDW And Their Peers Are Leaving SpaceX Behind - Stocktwits",13.59000015258789,20D,20,2026-09-04,-0.22516559126263114,-0.0056291334485908395,-0.2195364578140403,False
2026-08-07,RDW,100.0,高優先觀察,太空,短線漲幅過大,新聞提及 2 次，且價格站上 50DMA，值得加入觀察清單。,"Space Stocks Are Roaring Back In August — Here’s Why ASTS, RKLB, RDW And Their Peers Are Leaving SpaceX Behind - Stocktwits",13.59000015258789,60D,60,,,,,
2026-08-07,CRWD,92.35758155450306,高優先觀察,網路安全,未觸發主要風險,新聞提及 1 次，且價格站上 50DMA，值得加入觀察清單。,"CrowdStrike Holdings, Inc. (CRWD) Stock Price, News, Quote & History - Yahoo! Finance Canada",214.4199981689453,5D,5,2026-08-14,0.0117992668636413,0.011119849738794763,0.0006794171248465375,True
2026-08-07,CRWD,92.35758155450306,高優先觀察,網路安全,未觸發主要風險,新聞提及 1 次，且價格站上 50DMA，值得加入觀察清單。,"CrowdStrike Holdings, Inc. (CRWD) Stock Price, News, Quote & History - Yahoo! Finance Canada",214.4199981689453,20D,20,2026-09-04,-0.0061561051986841475,-0.0056291334485908395,-0.000526971750093308,False
2026-08-07,CRWD,92.35758155450306,高優先觀察,網路安全,未觸發主要風險,新聞提及 1 次，且價格站上 50DMA，值得加入觀察清單。,"CrowdStrike Holdings, Inc. (CRWD) Stock Price, News, Quote & History - Yahoo! Finance Canada",214.4199981689453,60D,60,,,,,
2026-08-07,PANW,88.04546325030577,高優先觀察,網路安全,未觸發主要風險,新聞提及 1 次，且價格站上 50DMA，值得加入觀察清單。,PANW Stock Gains After Revenue Forecast Beat As AI Usage Drives Cybersecurity Demand - Stocktwits,363.8599853515625,5D,5,2026-08-14,0.05609301512610454,0.011119849738794763,0.04497316538730978,True
2026-08-07,PANW,88.04546325030577,高優先觀察,網路安全,未觸發主要風險,新聞提及 1 次，且價格站上 50DMA，值得加入觀察清單。,PANW Stock Gains After Revenue Forecast Beat As AI Usage Drives Cybersecurity Demand - Stocktwits,363.8599853515625,20D,20,2026-09-04,-0.08409821584632815,-0.0056291334485908395,-0.07846908239773731,False
2026-08-07,PANW,88.04546325030577,高優先觀察,網路安全,未觸發主要風險,新聞提及 1 次，且價格站上 50DMA，值得加入觀察清單。,PANW Stock Gains After Revenue Forecast Beat As AI Usage Drives Cybersecurity Demand - Stocktwits,363.8599853515625,60D,60,,,,,
2026-08-07,GE,61.270348003664935,可觀察,核能/電力,未觸發主要風險,新聞提及 1 次，量價訊號尚需確認。,GE Vernova Stock Leads Nuclear Energy Picks For AI Data Center Power - Sahm,370.0799865722656,5D,5,2026-08-14,-0.0045935520728872525,0.011119849738794763,-0.015713401811682015,False
2026-08-07,GE,61.270348003664935,可觀察,核能/電力,未觸發主要風險,新聞提及 1 次，量價訊號尚需確認。,GE Vernova Stock Leads Nuclear Energy Picks For AI Data Center Power - Sahm,370.0799865722656,20D,20,2026-09-04,-0.08906180461245239,-0.0056291334485908395,-0.08343267116386155,False
2026-08-07,GE,61.270348003664935,可觀察,核能/電力,未觸發主要風險,新聞提及 1 次，量價訊號尚需確認。,GE Vernova Stock Leads Nuclear Energy Picks For AI Data Center Power - Sahm,370.0799865722656,60D,60,,,,,
2026-08-07,RKLB,36.09066987015164,暫時不強,太空,短線漲幅過大；低於50DMA,題材熱但短線漲幅偏大，等待回檔或量價整理。,"Space Stocks Are Roaring Back In August — Here’s Why ASTS, RKLB, RDW And Their Peers Are Leaving SpaceX Behind - Stocktwits",82.83000183105469,5D,5,2026-08-14,-0.031148156151402984,0.011119849738794763,-0.042268005890197746,False
2026-08-07,RKLB,36.09066987015164,暫時不強,太空,短線漲幅過大；低於50DMA,題材熱但短線漲幅偏大，等待回檔或量價整理。,"Space Stocks Are Roaring Back In August — Here’s Why ASTS, RKLB, RDW And Their Peers Are Leaving SpaceX Behind - Stocktwits",82.83000183105469,20D,20,2026-09-04,-0.22419412392022842,-0.0056291334485908395,-0.21856499047163758,False
2026-08-07,RKLB,36.09066987015164,暫時不強,太空,短線漲幅過大；低於50DMA,題材熱但短線漲幅偏大，等待回檔或量價整理。,"Space Stocks Are Roaring Back In August — Here’s Why ASTS, RKLB, RDW And Their Peers Are Leaving SpaceX Behind - Stocktwits",82.83000183105469,60D,60,,,,,
2026-08-07,ASTS,14.639831242558088,低優先或資料不足,太空,短線漲幅過大；低於50DMA,題材熱但短線漲幅偏大，等待回檔或量價整理。,"Space Stocks Are Roaring Back In August — Here’s Why ASTS, RKLB, RDW And Their Peers Are Leaving SpaceX Behind - Stocktwits",71.94000244140625,5D,5,2026-08-14,-0.013344440532297108,0.011119849738794763,-0.02446429027109187,False
2026-08-07,ASTS,14.639831242558088,低優先或資料不足,太空,短線漲幅過大；低於50DMA,題材熱但短線漲幅偏大，等待回檔或量價整理。,"Space Stocks Are Roaring Back In August — Here’s Why ASTS, RKLB, RDW And Their Peers Are Leaving SpaceX Behind - Stocktwits",71.94000244140625,20D,20,2026-09-04,-0.13386156159723073,-0.0056291334485908395,-0.1282324281486399,False
2026-08-07,ASTS,14.639831242558088,低優先或資料不足,太空,短線漲幅過大；低於50DMA,題材熱但短線漲幅偏大，等待回檔或量價整理。,"Space Stocks Are Roaring Back In August — Here’s Why ASTS, RKLB, RDW And Their Peers Are Leaving SpaceX Behind - Stocktwits",71.94000244140625,60D,60,,,,,
2026-08-07,LRCX,11.506435985224307,低優先或資料不足,半導體設備,低於50DMA,新聞提及 2 次，量價訊號尚需確認。,Lam Research Corporation $LRCX Shares Bought by Chapin Davis Inc. - MarketBeat,311.01959228515625,5D,5,2026-08-14,0.06748031936448928,0.011119849738794763,0.05636046962569452,True
2026-08-07,LRCX,11.506435985224307,低優先或資料不足,半導體設備,低於50DMA,新聞提及 2 次，量價訊號尚需確認。,Lam Research Corporation $LRCX Shares Bought by Chapin Davis Inc. - MarketBeat,311.01959228515625,20D,20,2026-09-04,-0.011883738295381696,-0.0056291334485908395,-0.006254604846790857,False
2026-08-07,LRCX,11.506435985224307,低優先或資料不足,半導體設備,低於50DMA,新聞提及 2 次，量價訊號尚需確認。,Lam Research Corporation $LRCX Shares Bought by Chapin Davis Inc. - MarketBeat,311.01959228515625,60D,60,,,,,
2026-08-07,ON,0.0,低優先或資料不足,半導體設備,低於50DMA,新聞提及 1 次，量價訊號尚需確認。,ON Semiconductor Stock and 2 Chip Picks Near the CHIPS Act Funding Shift - simplywall.st,81.16999816894531,5D,5,2026-08-14,0.018356603754786427,0.011119849738794763,0.007236754015991664,True
2026-08-07,ON,0.0,低優先或資料不足,半導體設備,低於50DMA,新聞提及 1 次，量價訊號尚需確認。,ON Semiconductor Stock and 2 Chip Picks Near the CHIPS Act Funding Shift - simplywall.st,81.16999816894531,20D,20,2026-09-04,-0.08365160858319598,-0.0056291334485908395,-0.07802247513460514,False
2026-08-07,ON,0.0,低優先或資料不足,半導體設備,低於50DMA,新聞提及 1 次，量價訊號尚需確認。,ON Semiconductor Stock and 2 Chip Picks Near the CHIPS Act Funding Shift - simplywall.st,81.16999816894531,60D,60,,,,,
2026-08-08,VCTR,95.87240286111039,高優先觀察,小型成長股,未觸發主要風險,新聞提及 1 次，且價格站上 50DMA，值得加入觀察清單。,Victory Capital (NASDAQ:VCTR) Delivers Quality and Growth for Investors - ChartMill,110.94187927246094,5D,5,2026-08-17,0.0661341906205013,0.012484870881235066,0.05364931973926623,True
2026-08-08,VCTR,95.87240286111039,高優先觀察,小型成長股,未觸發主要風險,新聞提及 1 次，且價格站上 50DMA，值得加入觀察清單。,Victory Capital (NASDAQ:VCTR) Delivers Quality and Growth for Investors - ChartMill,110.94187927246094,20D,20,2026-09-08,0.016870070187315234,-0.003481900997081011,0.020351971184396245,True
2026-08-08,VCTR,95.87240286111039,高優先觀察,小型成長股,未觸發主要風險,新聞提及 1 次，且價格站上 50DMA，值得加入觀察清單。,Victory Capital (NASDAQ:VCTR) Delivers Quality and Growth for Investors - ChartMill,110.94187927246094,60D,60,,,,,
2026-08-08,ANET,57.53753422859876,題材有熱度但訊號普通,能源/材料,未觸發主要風險,新聞提及 1 次，量價訊號尚需確認。,ANET Stock Slides On Chip Supply Warning – But Retail Calls It A ‘Fake Selloff’ - Stocktwits,191.52000427246094,5D,5,2026-08-17,0.05367584873626208,0.012484870881235066,0.04119097785502701,True
2026-08-08,ANET,57.53753422859876,題材有熱度但訊號普通,能源/材料,未觸發主要風險,新聞提及 1 次，量價訊號尚需確認。,ANET Stock Slides On Chip Supply Warning – But Retail Calls It A ‘Fake Selloff’ - Stocktwits,191.52000427246094,20D,20,2026-09-08,0.017961582939985732,-0.003481900997081011,0.021443483937066743,True
2026-08-08,ANET,57.53753422859876,題材有熱度但訊號普通,能源/材料,未觸發主要風險,新聞提及 1 次，量價訊號尚需確認。,ANET Stock Slides On Chip Supply Warning – But Retail Calls It A ‘Fake Selloff’ - Stocktwits,191.52000427246094,60D,60,,,,,
2026-08-08,AEIS,55.378036559822334,題材有熱度但訊號普通,半導體設備,未觸發主要風險,新聞提及 1 次，量價訊號尚需確認。,Advanced Energy Industries (NASDAQ:AEIS) Passes Minervini Trend Template and High-Growth Momentum Screen - ChartMill,314.37994384765625,5D,5,2026-08-17,0.10855680504837983,0.012484870881235066,0.09607193416714477,True
2026-08-08,AEIS,55.378036559822334,題材有熱度但訊號普通,半導體設備,未觸發主要風險,新聞提及 1 次，量價訊號尚需確認。,Advanced Energy Industries (NASDAQ:AEIS) Passes Minervini Trend Template and High-Growth Momentum Screen - ChartMill,314.37994384765625,20D,20,2026-09-08,-0.08162080033765617,-0.003481900997081011,-0.07813889934057516,False
2026-08-08,AEIS,55.378036559822334,題材有熱度但訊號普通,半導體設備,未觸發主要風險,新聞提及 1 次，量價訊號尚需確認。,Advanced Energy Industries (NASDAQ:AEIS) Passes Minervini Trend Template and High-Growth Momentum Screen - ChartMill,314.37994384765625,60D,60,,,,,
2026-08-08,UAMY,54.12577301857383,題材有熱度但訊號普通,能源/材料,短線漲幅過大,題材熱但短線漲幅偏大，等待回檔或量價整理。,"MP, USAR, UAMY, UUUU Stocks In Focus: U.S.-China Agreement Could Ease Rare Earth Supply Crunch - Stocktwits",6.670000076293945,5D,5,2026-08-17,-0.15742131615061017,0.012484870881235066,-0.16990618703184523,False
2026-08-08,UAMY,54.12577301857383,題材有熱度但訊號普通,能源/材料,短線漲幅過大,題材熱但短線漲幅偏大，等待回檔或量價整理。,"MP, USAR, UAMY, UUUU Stocks In Focus: U.S.-China Agreement Could Ease Rare Earth Supply Crunch - Stocktwits",6.670000076293945,20D,20,2026-09-08,-0.1844077968522171,-0.003481900997081011,-0.18092589585513608,False
2026-08-08,UAMY,54.12577301857383,題材有熱度但訊號普通,能源/材料,短線漲幅過大,題材熱但短線漲幅偏大，等待回檔或量價整理。,"MP, USAR, UAMY, UUUU Stocks In Focus: U.S.-China Agreement Could Ease Rare Earth Supply Crunch - Stocktwits",6.670000076293945,60D,60,,,,,
2026-08-08,UUUU,53.82089978808527,題材有熱度但訊號普通,能源/材料,短線漲幅過大,題材熱但短線漲幅偏大，等待回檔或量價整理。,"MP, USAR, UAMY, UUUU Stocks In Focus: U.S.-China Agreement Could Ease Rare Earth Supply Crunch - Stocktwits",14.289999961853027,5D,5,2026-08-17,0.03498950324245942,0.012484870881235066,0.022504632361224353,True
2026-08-08,UUUU,53.82089978808527,題材有熱度但訊號普通,能源/材料,短線漲幅過大,題材熱但短線漲幅偏大，等待回檔或量價整理。,"MP, USAR, UAMY, UUUU Stocks In Focus: U.S.-China Agreement Could Ease Rare Earth Supply Crunch - Stocktwits",14.289999961853027,20D,20,2026-09-08,0.023093066801048723,-0.003481900997081011,0.026574967798129734,True
2026-08-08,UUUU,53.82089978808527,題材有熱度但訊號普通,能源/材料,短線漲幅過大,題材熱但短線漲幅偏大，等待回檔或量價整理。,"MP, USAR, UAMY, UUUU Stocks In Focus: U.S.-China Agreement Could Ease Rare Earth Supply Crunch - Stocktwits",14.289999961853027,60D,60,,,,,
2026-08-08,USAR,37.6032992760075,暫時不強,能源/材料,短線漲幅過大；低於50DMA,題材熱但短線漲幅偏大，等待回檔或量價整理。,"MP, USAR, UAMY, UUUU Stocks In Focus: U.S.-China Agreement Could Ease Rare Earth Supply Crunch - Stocktwits",19.040000915527344,5D,5,2026-08-17,0.01313025146947977,0.012484870881235066,0.0006453805882447039,True
2026-08-08,USAR,37.6032992760075,暫時不強,能源/材料,短線漲幅過大；低於50DMA,題材熱但短線漲幅偏大，等待回檔或量價整理。,"MP, USAR, UAMY, UUUU Stocks In Focus: U.S.-China Agreement Could Ease Rare Earth Supply Crunch - Stocktwits",19.040000915527344,20D,20,2026-09-08,-0.07247904421001505,-0.003481900997081011,-0.06899714321293404,False
2026-08-08,USAR,37.6032992760075,暫時不強,能源/材料,短線漲幅過大；低於50DMA,題材熱但短線漲幅偏大，等待回檔或量價整理。,"MP, USAR, UAMY, UUUU Stocks In Focus: U.S.-China Agreement Could Ease Rare Earth Supply Crunch - Stocktwits",19.040000915527344,60D,60,,,,,
2026-08-08,MP,19.139809802273277,低優先或資料不足,能源/材料,短線漲幅過大；低於50DMA,題材熱但短線漲幅偏大，等待回檔或量價整理。,"MP, USAR, UAMY, UUUU Stocks In Focus: U.S.-China Agreement Could Ease Rare Earth Supply Crunch - Stocktwits",54.65999984741211,5D,5,2026-08-17,0.07043539123433362,0.012484870881235066,0.057950520353098556,True
2026-08-08,MP,19.139809802273277,低優先或資料不足,能源/材料,短線漲幅過大；低於50DMA,題材熱但短線漲幅偏大，等待回檔或量價整理。,"MP, USAR, UAMY, UUUU Stocks In Focus: U.S.-China Agreement Could Ease Rare Earth Supply Crunch - Stocktwits",54.65999984741211,20D,20,2026-09-08,0.012989372236638763,-0.003481900997081011,0.016471273233719774,True
2026-08-08,MP,19.139809802273277,低優先或資料不足,能源/材料,短線漲幅過大；低於50DMA,題材熱但短線漲幅偏大，等待回檔或量價整理。,"MP, USAR, UAMY, UUUU Stocks In Focus: U.S.-China Agreement Could Ease Rare Earth Supply Crunch - Stocktwits",54.65999984741211,60D,60,,,,,
2026-08-08,AMD,12.845624371693404,低優先或資料不足,AI/資料中心,低於50DMA,新聞提及 2 次，量價訊號尚需確認。,AMD Q2 Deep Dive: Data Center AI Drives Growth Amid Market Skepticism - StockStory,469.55999755859375,5D,5,2026-08-17,0.07760457157950107,0.012484870881235066,0.065119700698266,True
2026-08-08,AMD,12.845624371693404,低優先或資料不足,AI/資料中心,低於50DMA,新聞提及 2 次，量價訊號尚需確認。,AMD Q2 Deep Dive: Data Center AI Drives Growth Amid Market Skepticism - StockStory,469.55999755859375,20D,20,2026-09-08,0.07705084092319114,-0.003481900997081011,0.08053274192027216,True
2026-08-08,AMD,12.845624371693404,低優先或資料不足,AI/資料中心,低於50DMA,新聞提及 2 次，量價訊號尚需確認。,AMD Q2 Deep Dive: Data Center AI Drives Growth Amid Market Skepticism - StockStory,469.55999755859375,60D,60,,,,,
2026-08-08,MU,9.087479207843199,低優先或資料不足,半導體設備,低於50DMA,新聞提及 1 次，量價訊號尚需確認。,Micron Technology (NASDAQ:MU): Strong Growth and Technical Setup Quality - ChartMill,861.0,5D,5,2026-08-17,0.17508710801393734,0.012484870881235066,0.16260223713270228,True
2026-08-08,MU,9.087479207843199,低優先或資料不足,半導體設備,低於50DMA,新聞提及 1 次，量價訊號尚需確認。,Micron Technology (NASDAQ:MU): Strong Growth and Technical Setup Quality - ChartMill,861.0,20D,20,2026-09-08,0.16174217162093485,-0.003481900997081011,0.16522407261801586,True
2026-08-08,MU,9.087479207843199,低優先或資料不足,半導體設備,低於50DMA,新聞提及 1 次，量價訊號尚需確認。,Micron Technology (NASDAQ:MU): Strong Growth and Technical Setup Quality - ChartMill,861.0,60D,60,,,,,
2026-08-08,KLIC,9.072754096937963,低優先或資料不足,AI/資料中心,低於50DMA,新聞提及 1 次，量價訊號尚需確認。,"KLIC Q2 Deep Dive: AI Demand, Data Center Expansion, and Advanced Packaging Fuel Growth - StockStory",86.27709197998047,5D,5,2026-08-17,0.17653172906671788,0.012484870881235066,0.1640468581854828,True
2026-08-08,KLIC,9.072754096937963,低優先或資料不足,AI/資料中心,低於50DMA,新聞提及 1 次，量價訊號尚需確認。,"KLIC Q2 Deep Dive: AI Demand, Data Center Expansion, and Advanced Packaging Fuel Growth - StockStory",86.27709197998047,20D,20,2026-09-08,-0.03965323109293517,-0.003481900997081011,-0.03617133009585416,False
2026-08-08,KLIC,9.072754096937963,低優先或資料不足,AI/資料中心,低於50DMA,新聞提及 1 次，量價訊號尚需確認。,"KLIC Q2 Deep Dive: AI Demand, Data Center Expansion, and Advanced Packaging Fuel Growth - StockStory",86.27709197998047,60D,60,,,,,
2026-08-08,LRCX,6.530461793792615,低優先或資料不足,半導體設備,低於50DMA,新聞提及 1 次，量價訊號尚需確認。,Lam Research Corporation $LRCX Shares Bought by Chapin Davis Inc. - MarketBeat,306.0748291015625,5D,5,2026-08-17,0.12219331848374693,0.012484870881235066,0.10970844760251186,True
2026-08-08,LRCX,6.530461793792615,低優先或資料不足,半導體設備,低於50DMA,新聞提及 1 次，量價訊號尚需確認。,Lam Research Corporation $LRCX Shares Bought by Chapin Davis Inc. - MarketBeat,306.0748291015625,20D,20,2026-09-08,0.045757298997154416,-0.003481900997081011,0.04923919999423543,True
2026-08-08,LRCX,6.530461793792615,低優先或資料不足,半導體設備,低於50DMA,新聞提及 1 次，量價訊號尚需確認。,Lam Research Corporation $LRCX Shares Bought by Chapin Davis Inc. - MarketBeat,306.0748291015625,60D,60,,,,,
2026-08-08,ARM,5.067856417546711,低優先或資料不足,AI/資料中心,低於50DMA,新聞提及 1 次，量價訊號尚需確認。,ARM Stock Jumps 6.3% as AI Data Center Chip Demand Tops $2 Billion - TIKR.com,267.8500061035156,5D,5,2026-08-17,0.01336563931561785,0.012484870881235066,0.0008807684343827837,True
2026-08-08,ARM,5.067856417546711,低優先或資料不足,AI/資料中心,低於50DMA,新聞提及 1 次，量價訊號尚需確認。,ARM Stock Jumps 6.3% as AI Data Center Chip Demand Tops $2 Billion - TIKR.com,267.8500061035156,20D,20,2026-09-08,-0.02359532268136766,-0.003481900997081011,-0.020113421684286648,False
2026-08-08,ARM,5.067856417546711,低優先或資料不足,AI/資料中心,低於50DMA,新聞提及 1 次，量價訊號尚需確認。,ARM Stock Jumps 6.3% as AI Data Center Chip Demand Tops $2 Billion - TIKR.com,267.8500061035156,60D,60,,,,,
2026-08-09,AVAV,84.37901607748512,高優先觀察,國防/航太,短線漲幅過大,新聞提及 2 次，且價格站上 50DMA，值得加入觀察清單。,AVAV Stock Rides Drone Defense Bull Wave As New Air Force Contract Adds Fuel — Here's What Investors Need To Know - stocktwits.com,189.14999389648438,5D,5,2026-08-17,-0.04240015475792691,0.012484870881235066,-0.05488502563916198,False
2026-08-09,AVAV,84.37901607748512,高優先觀察,國防/航太,短線漲幅過大,新聞提及 2 次，且價格站上 50DMA，值得加入觀察清單。,AVAV Stock Rides Drone Defense Bull Wave As New Air Force Contract Adds Fuel — Here's What Investors Need To Know - stocktwits.com,189.14999389648438,20D,20,2026-09-08,-0.2134284769751602,-0.003481900997081011,-0.2099465759780792,False
2026-08-09,AVAV,84.37901607748512,高優先觀察,國防/航太,短線漲幅過大,新聞提及 2 次，且價格站上 50DMA，值得加入觀察清單。,AVAV Stock Rides Drone Defense Bull Wave As New Air Force Contract Adds Fuel — Here's What Investors Need To Know - stocktwits.com,189.14999389648438,60D,60,,,,,
2026-08-09,ROBO,58.553633648482396,題材有熱度但訊號普通,機器人/自動化,未觸發主要風險,新聞提及 1 次，量價訊號尚需確認。,"Robo Global Robotics and Automation Index ETF (ROBO) Stock Price, News, Quote & History - Yahoo! Finance Canada",83.45999908447266,5D,5,2026-08-17,0.01629523874035832,0.012484870881235066,0.0038103678591232537,True
2026-08-09,ROBO,58.553633648482396,題材有熱度但訊號普通,機器人/自動化,未觸發主要風險,新聞提及 1 次，量價訊號尚需確認。,"Robo Global Robotics and Automation Index ETF (ROBO) Stock Price, News, Quote & History - Yahoo! Finance Canada",83.45999908447266,20D,20,2026-09-08,-0.04565058231953156,-0.003481900997081011,-0.04216868132245055,False
2026-08-09,ROBO,58.553633648482396,題材有熱度但訊號普通,機器人/自動化,未觸發主要風險,新聞提及 1 次，量價訊號尚需確認。,"Robo Global Robotics and Automation Index ETF (ROBO) Stock Price, News, Quote & History - Yahoo! Finance Canada",83.45999908447266,60D,60,,,,,
2026-08-09,ANET,57.53753422859876,題材有熱度但訊號普通,能源/材料,未觸發主要風險,新聞提及 1 次，量價訊號尚需確認。,ANET Stock Slides On Chip Supply Warning – But Retail Calls It A ‘Fake Selloff’ - stocktwits.com,191.52000427246094,5D,5,2026-08-17,0.05367584873626208,0.012484870881235066,0.04119097785502701,True
2026-08-09,ANET,57.53753422859876,題材有熱度但訊號普通,能源/材料,未觸發主要風險,新聞提及 1 次，量價訊號尚需確認。,ANET Stock Slides On Chip Supply Warning – But Retail Calls It A ‘Fake Selloff’ - stocktwits.com,191.52000427246094,20D,20,2026-09-08,0.017961582939985732,-0.003481900997081011,0.021443483937066743,True
2026-08-09,ANET,57.53753422859876,題材有熱度但訊號普通,能源/材料,未觸發主要風險,新聞提及 1 次，量價訊號尚需確認。,ANET Stock Slides On Chip Supply Warning – But Retail Calls It A ‘Fake Selloff’ - stocktwits.com,191.52000427246094,60D,60,,,,,
2026-08-09,UAMY,54.12577301857383,題材有熱度但訊號普通,能源/材料,短線漲幅過大,題材熱但短線漲幅偏大，等待回檔或量價整理。,"MP, USAR, UAMY, UUUU Stocks In Focus: U.S.-China Agreement Could Ease Rare Earth Supply Crunch - stocktwits.com",6.670000076293945,5D,5,2026-08-17,-0.15742131615061017,0.012484870881235066,-0.16990618703184523,False
2026-08-09,UAMY,54.12577301857383,題材有熱度但訊號普通,能源/材料,短線漲幅過大,題材熱但短線漲幅偏大，等待回檔或量價整理。,"MP, USAR, UAMY, UUUU Stocks In Focus: U.S.-China Agreement Could Ease Rare Earth Supply Crunch - stocktwits.com",6.670000076293945,20D,20,2026-09-08,-0.1844077968522171,-0.003481900997081011,-0.18092589585513608,False
2026-08-09,UAMY,54.12577301857383,題材有熱度但訊號普通,能源/材料,短線漲幅過大,題材熱但短線漲幅偏大，等待回檔或量價整理。,"MP, USAR, UAMY, UUUU Stocks In Focus: U.S.-China Agreement Could Ease Rare Earth Supply Crunch - stocktwits.com",6.670000076293945,60D,60,,,,,
2026-08-09,UUUU,53.82089978808527,題材有熱度但訊號普通,能源/材料,短線漲幅過大,題材熱但短線漲幅偏大，等待回檔或量價整理。,"MP, USAR, UAMY, UUUU Stocks In Focus: U.S.-China Agreement Could Ease Rare Earth Supply Crunch - stocktwits.com",14.289999961853027,5D,5,2026-08-17,0.03498950324245942,0.012484870881235066,0.022504632361224353,True
2026-08-09,UUUU,53.82089978808527,題材有熱度但訊號普通,能源/材料,短線漲幅過大,題材熱但短線漲幅偏大，等待回檔或量價整理。,"MP, USAR, UAMY, UUUU Stocks In Focus: U.S.-China Agreement Could Ease Rare Earth Supply Crunch - stocktwits.com",14.289999961853027,20D,20,2026-09-08,0.023093066801048723,-0.003481900997081011,0.026574967798129734,True
2026-08-09,UUUU,53.82089978808527,題材有熱度但訊號普通,能源/材料,短線漲幅過大,題材熱但短線漲幅偏大，等待回檔或量價整理。,"MP, USAR, UAMY, UUUU Stocks In Focus: U.S.-China Agreement Could Ease Rare Earth Supply Crunch - stocktwits.com",14.289999961853027,60D,60,,,,,
2026-08-09,CAMT,47.01257077511229,題材有熱度但訊號普通,半導體設備,低於50DMA,新聞提及 1 次，量價訊號尚需確認。,CAMT 260821 240.00P (CAMT260821P240000) Stock Community & Discussion - Moomoo,158.10000610351562,5D,5,2026-08-17,0.08665399379726879,0.012484870881235066,0.07416912291603373,True
2026-08-09,CAMT,47.01257077511229,題材有熱度但訊號普通,半導體設備,低於50DMA,新聞提及 1 次，量價訊號尚需確認。,CAMT 260821 240.00P (CAMT260821P240000) Stock Community & Discussion - Moomoo,158.10000610351562,20D,20,2026-09-08,-0.07014554818814189,-0.003481900997081011,-0.06666364719106088,False
2026-08-09,CAMT,47.01257077511229,題材有熱度但訊號普通,半導體設備,低於50DMA,新聞提及 1 次，量價訊號尚需確認。,CAMT 260821 240.00P (CAMT260821P240000) Stock Community & Discussion - Moomoo,158.10000610351562,60D,60,,,,,
2026-08-09,USAR,37.6032992760075,暫時不強,能源/材料,短線漲幅過大；低於50DMA,題材熱但短線漲幅偏大，等待回檔或量價整理。,"MP, USAR, UAMY, UUUU Stocks In Focus: U.S.-China Agreement Could Ease Rare Earth Supply Crunch - stocktwits.com",19.040000915527344,5D,5,2026-08-17,0.01313025146947977,0.012484870881235066,0.0006453805882447039,True
2026-08-09,USAR,37.6032992760075,暫時不強,能源/材料,短線漲幅過大；低於50DMA,題材熱但短線漲幅偏大，等待回檔或量價整理。,"MP, USAR, UAMY, UUUU Stocks In Focus: U.S.-China Agreement Could Ease Rare Earth Supply Crunch - stocktwits.com",19.040000915527344,20D,20,2026-09-08,-0.07247904421001505,-0.003481900997081011,-0.06899714321293404,False
2026-08-09,USAR,37.6032992760075,暫時不強,能源/材料,短線漲幅過大；低於50DMA,題材熱但短線漲幅偏大，等待回檔或量價整理。,"MP, USAR, UAMY, UUUU Stocks In Focus: U.S.-China Agreement Could Ease Rare Earth Supply Crunch - stocktwits.com",19.040000915527344,60D,60,,,,,
2026-08-09,MP,19.139809802273277,低優先或資料不足,能源/材料,短線漲幅過大；低於50DMA,題材熱但短線漲幅偏大，等待回檔或量價整理。,"MP, USAR, UAMY, UUUU Stocks In Focus: U.S.-China Agreement Could Ease Rare Earth Supply Crunch - stocktwits.com",54.65999984741211,5D,5,2026-08-17,0.07043539123433362,0.012484870881235066,0.057950520353098556,True
2026-08-09,MP,19.139809802273277,低優先或資料不足,能源/材料,短線漲幅過大；低於50DMA,題材熱但短線漲幅偏大，等待回檔或量價整理。,"MP, USAR, UAMY, UUUU Stocks In Focus: U.S.-China Agreement Could Ease Rare Earth Supply Crunch - stocktwits.com",54.65999984741211,20D,20,2026-09-08,0.012989372236638763,-0.003481900997081011,0.016471273233719774,True
2026-08-09,MP,19.139809802273277,低優先或資料不足,能源/材料,短線漲幅過大；低於50DMA,題材熱但短線漲幅偏大，等待回檔或量價整理。,"MP, USAR, UAMY, UUUU Stocks In Focus: U.S.-China Agreement Could Ease Rare Earth Supply Crunch - stocktwits.com",54.65999984741211,60D,60,,,,,
2026-08-09,VECO,16.426824348483294,低優先或資料不足,半導體設備,低於50DMA,新聞提及 1 次，量價訊號尚需確認。,Veeco (VECO) Stock Price Faces A Richer Bar Than Its Raised Outlook - simplywall.st,49.34000015258789,5D,5,2026-08-17,0.1025537364743121,0.012484870881235066,0.09006886559307703,True
2026-08-09,VECO,16.426824348483294,低優先或資料不足,半導體設備,低於50DMA,新聞提及 1 次，量價訊號尚需確認。,Veeco (VECO) Stock Price Faces A Richer Bar Than Its Raised Outlook - simplywall.st,49.34000015258789,20D,20,2026-09-08,-0.07600324256998026,-0.003481900997081011,-0.07252134157289924,False
2026-08-09,VECO,16.426824348483294,低優先或資料不足,半導體設備,低於50DMA,新聞提及 1 次，量價訊號尚需確認。,Veeco (VECO) Stock Price Faces A Richer Bar Than Its Raised Outlook - simplywall.st,49.34000015258789,60D,60,,,,,
2026-08-09,MU,9.087479207843199,低優先或資料不足,半導體設備,低於50DMA,新聞提及 1 次，量價訊號尚需確認。,Micron Technology (NASDAQ:MU): Strong Growth and Technical Setup Quality - ChartMill,861.0,5D,5,2026-08-17,0.17508710801393734,0.012484870881235066,0.16260223713270228,True
2026-08-09,MU,9.087479207843199,低優先或資料不足,半導體設備,低於50DMA,新聞提及 1 次，量價訊號尚需確認。,Micron Technology (NASDAQ:MU): Strong Growth and Technical Setup Quality - ChartMill,861.0,20D,20,2026-09-08,0.16174217162093485,-0.003481900997081011,0.16522407261801586,True
2026-08-09,MU,9.087479207843199,低優先或資料不足,半導體設備,低於50DMA,新聞提及 1 次，量價訊號尚需確認。,Micron Technology (NASDAQ:MU): Strong Growth and Technical Setup Quality - ChartMill,861.0,60D,60,,,,,
2026-08-09,LRCX,6.530461793792615,低優先或資料不足,半導體設備,低於50DMA,新聞提及 1 次，量價訊號尚需確認。,Lam Research Corporation $LRCX Shares Bought by Chapin Davis Inc. - MarketBeat,306.0748291015625,5D,5,2026-08-17,0.12219331848374693,0.012484870881235066,0.10970844760251186,True
2026-08-09,LRCX,6.530461793792615,低優先或資料不足,半導體設備,低於50DMA,新聞提及 1 次，量價訊號尚需確認。,Lam Research Corporation $LRCX Shares Bought by Chapin Davis Inc. - MarketBeat,306.0748291015625,20D,20,2026-09-08,0.045757298997154416,-0.003481900997081011,0.04923919999423543,True
2026-08-09,LRCX,6.530461793792615,低優先或資料不足,半導體設備,低於50DMA,新聞提及 1 次，量價訊號尚需確認。,Lam Research Corporation $LRCX Shares Bought by Chapin Davis Inc. - MarketBeat,306.0748291015625,60D,60,,,,,
2026-08-10,CLAR,95.43401904086906,高優先觀察,消費復甦,未觸發主要風險,新聞提及 1 次，且價格站上 50DMA，值得加入觀察清單。,"CLAR Q2 Deep Dive: Margin Recovery, Operational Simplification, and Strategic Review Shape Outlook - StockStory",3.7541096210479736,5D,5,2026-08-17,-0.03305963840566006,0.012484870881235066,-0.04554450928689513,False
2026-08-10,CLAR,95.43401904086906,高優先觀察,消費復甦,未觸發主要風險,新聞提及 1 次，且價格站上 50DMA，值得加入觀察清單。,"CLAR Q2 Deep Dive: Margin Recovery, Operational Simplification, and Strategic Review Shape Outlook - StockStory",3.7541096210479736,20D,20,2026-09-08,-0.009085934051180522,-0.003481900997081011,-0.005604033054099511,False
2026-08-10,CLAR,95.43401904086906,高優先觀察,消費復甦,未觸發主要風險,新聞提及 1 次，且價格站上 50DMA，值得加入觀察清單。,"CLAR Q2 Deep Dive: Margin Recovery, Operational Simplification, and Strategic Review Shape Outlook - StockStory",3.7541096210479736,60D,60,,,,,
2026-08-10,RDW,88.3809423492562,高優先觀察,國防/航太,短線漲幅過大,新聞提及 1 次，且價格站上 50DMA，值得加入觀察清單。,RDW Stock Rises Overnight: Retail Expects 'Positive Surprise' In Q2 Earnings Amid Growing US Drone Spending - tradingview.com,13.119999885559082,5D,5,2026-08-17,0.022103655821843704,0.012484870881235066,0.009618784940608638,True
2026-08-10,RDW,88.3809423492562,高優先觀察,國防/航太,短線漲幅過大,新聞提及 1 次，且價格站上 50DMA，值得加入觀察清單。,RDW Stock Rises Overnight: Retail Expects 'Positive Surprise' In Q2 Earnings Amid Growing US Drone Spending - tradingview.com,13.119999885559082,20D,20,2026-09-08,-0.1440549054732111,-0.003481900997081011,-0.14057300447613008,False
2026-08-10,RDW,88.3809423492562,高優先觀察,國防/航太,短線漲幅過大,新聞提及 1 次，且價格站上 50DMA，值得加入觀察清單。,RDW Stock Rises Overnight: Retail Expects 'Positive Surprise' In Q2 Earnings Amid Growing US Drone Spending - tradingview.com,13.119999885559082,60D,60,,,,,
2026-08-10,WY,74.3015208659735,可觀察,消費復甦,未觸發主要風險,新聞提及 1 次，且價格站上 50DMA，值得加入觀察清單。,Is WY Stock a Buy as Earnings Recover but Valuation Remains Rich? - Yahoo Finance,25.059494018554688,5D,5,2026-08-17,-0.04784504831337044,0.012484870881235066,-0.06032991919460551,False
2026-08-10,WY,74.3015208659735,可觀察,消費復甦,未觸發主要風險,新聞提及 1 次，且價格站上 50DMA，值得加入觀察清單。,Is WY Stock a Buy as Earnings Recover but Valuation Remains Rich? - Yahoo Finance,25.059494018554688,20D,20,2026-09-08,-0.09455472176503787,-0.003481900997081011,-0.09107282076795686,False
2026-08-10,WY,74.3015208659735,可觀察,消費復甦,未觸發主要風險,新聞提及 1 次，且價格站上 50DMA，值得加入觀察清單。,Is WY Stock a Buy as Earnings Recover but Valuation Remains Rich? - Yahoo Finance,25.059494018554688,60D,60,,,,,
2026-08-10,MP,68.8632349646017,可觀察,能源/材料,短線漲幅過大,題材熱但短線漲幅偏大，等待回檔或量價整理。,"MP, USAR, UAMY, UUUU Stocks In Focus: U.S.-China Agreement Could Ease Rare Earth Supply Crunch - Stocktwits",54.65999984741211,5D,5,2026-08-17,0.07043539123433362,0.012484870881235066,0.057950520353098556,True
2026-08-10,MP,68.8632349646017,可觀察,能源/材料,短線漲幅過大,題材熱但短線漲幅偏大，等待回檔或量價整理。,"MP, USAR, UAMY, UUUU Stocks In Focus: U.S.-China Agreement Could Ease Rare Earth Supply Crunch - Stocktwits",54.65999984741211,20D,20,2026-09-08,0.012989372236638763,-0.003481900997081011,0.016471273233719774,True
2026-08-10,MP,68.8632349646017,可觀察,能源/材料,短線漲幅過大,題材熱但短線漲幅偏大，等待回檔或量價整理。,"MP, USAR, UAMY, UUUU Stocks In Focus: U.S.-China Agreement Could Ease Rare Earth Supply Crunch - Stocktwits",54.65999984741211,60D,60,,,,,
2026-08-10,UUUU,67.68105985222181,可觀察,能源/材料,未觸發主要風險,新聞提及 1 次，量價訊號尚需確認。,"MP, USAR, UAMY, UUUU Stocks In Focus: U.S.-China Agreement Could Ease Rare Earth Supply Crunch - Stocktwits",14.289999961853027,5D,5,2026-08-17,0.03498950324245942,0.012484870881235066,0.022504632361224353,True
2026-08-10,UUUU,67.68105985222181,可觀察,能源/材料,未觸發主要風險,新聞提及 1 次，量價訊號尚需確認。,"MP, USAR, UAMY, UUUU Stocks In Focus: U.S.-China Agreement Could Ease Rare Earth Supply Crunch - Stocktwits",14.289999961853027,20D,20,2026-09-08,0.023093066801048723,-0.003481900997081011,0.026574967798129734,True
2026-08-10,UUUU,67.68105985222181,可觀察,能源/材料,未觸發主要風險,新聞提及 1 次，量價訊號尚需確認。,"MP, USAR, UAMY, UUUU Stocks In Focus: U.S.-China Agreement Could Ease Rare Earth Supply Crunch - Stocktwits",14.289999961853027,60D,60,,,,,
2026-08-10,UAMY,59.07688976751823,題材有熱度但訊號普通,能源/材料,低於50DMA,新聞提及 1 次，量價訊號尚需確認。,"MP, USAR, UAMY, UUUU Stocks In Focus: U.S.-China Agreement Could Ease Rare Earth Supply Crunch - Stocktwits",6.670000076293945,5D,5,2026-08-17,-0.15742131615061017,0.012484870881235066,-0.16990618703184523,False
2026-08-10,UAMY,59.07688976751823,題材有熱度但訊號普通,能源/材料,低於50DMA,新聞提及 1 次，量價訊號尚需確認。,"MP, USAR, UAMY, UUUU Stocks In Focus: U.S.-China Agreement Could Ease Rare Earth Supply Crunch - Stocktwits",6.670000076293945,20D,20,2026-09-08,-0.1844077968522171,-0.003481900997081011,-0.18092589585513608,False
2026-08-10,UAMY,59.07688976751823,題材有熱度但訊號普通,能源/材料,低於50DMA,新聞提及 1 次，量價訊號尚需確認。,"MP, USAR, UAMY, UUUU Stocks In Focus: U.S.-China Agreement Could Ease Rare Earth Supply Crunch - Stocktwits",6.670000076293945,60D,60,,,,,
2026-08-10,USAR,50.40449096153537,題材有熱度但訊號普通,能源/材料,短線漲幅過大；低於50DMA,題材熱但短線漲幅偏大，等待回檔或量價整理。,"MP, USAR, UAMY, UUUU Stocks In Focus: U.S.-China Agreement Could Ease Rare Earth Supply Crunch - Stocktwits",19.040000915527344,5D,5,2026-08-17,0.01313025146947977,0.012484870881235066,0.0006453805882447039,True
2026-08-10,USAR,50.40449096153537,題材有熱度但訊號普通,能源/材料,短線漲幅過大；低於50DMA,題材熱但短線漲幅偏大，等待回檔或量價整理。,"MP, USAR, UAMY, UUUU Stocks In Focus: U.S.-China Agreement Could Ease Rare Earth Supply Crunch - Stocktwits",19.040000915527344,20D,20,2026-09-08,-0.07247904421001505,-0.003481900997081011,-0.06899714321293404,False
2026-08-10,USAR,50.40449096153537,題材有熱度但訊號普通,能源/材料,短線漲幅過大；低於50DMA,題材熱但短線漲幅偏大，等待回檔或量價整理。,"MP, USAR, UAMY, UUUU Stocks In Focus: U.S.-China Agreement Could Ease Rare Earth Supply Crunch - Stocktwits",19.040000915527344,60D,60,,,,,
2026-08-10,AMD,15.903890877149287,低優先或資料不足,AI/資料中心,低於50DMA,新聞提及 3 次，量價訊號尚需確認。,AMD Q2 Deep Dive: Data Center AI Drives Growth Amid Market Skepticism - StockStory,469.55999755859375,5D,5,2026-08-17,0.07760457157950107,0.012484870881235066,0.065119700698266,True
2026-08-10,AMD,15.903890877149287,低優先或資料不足,AI/資料中心,低於50DMA,新聞提及 3 次，量價訊號尚需確認。,AMD Q2 Deep Dive: Data Center AI Drives Growth Amid Market Skepticism - StockStory,469.55999755859375,20D,20,2026-09-08,0.07705084092319114,-0.003481900997081011,0.08053274192027216,True
2026-08-10,AMD,15.903890877149287,低優先或資料不足,AI/資料中心,低於50DMA,新聞提及 3 次，量價訊號尚需確認。,AMD Q2 Deep Dive: Data Center AI Drives Growth Amid Market Skepticism - StockStory,469.55999755859375,60D,60,,,,,
2026-08-10,AMAT,12.403622052588876,低優先或資料不足,AI/資料中心,低於50DMA,新聞提及 1 次，量價訊號尚需確認。,"CoreWeave Stock, Nebius Highlight Data Center Earnings; Tech Stars Lumentum, AMAT Also Due - Investor's Business Daily",521.562255859375,5D,5,2026-08-17,0.025262495910020943,0.012484870881235066,0.012777625028785877,True
2026-08-10,AMAT,12.403622052588876,低優先或資料不足,AI/資料中心,低於50DMA,新聞提及 1 次，量價訊號尚需確認。,"CoreWeave Stock, Nebius Highlight Data Center Earnings; Tech Stars Lumentum, AMAT Also Due - Investor's Business Daily",521.562255859375,20D,20,2026-09-08,-0.09351184209848806,-0.003481900997081011,-0.09002994110140705,False
2026-08-10,AMAT,12.403622052588876,低優先或資料不足,AI/資料中心,低於50DMA,新聞提及 1 次，量價訊號尚需確認。,"CoreWeave Stock, Nebius Highlight Data Center Earnings; Tech Stars Lumentum, AMAT Also Due - Investor's Business Daily",521.562255859375,60D,60,,,,,
2026-08-10,ALTO,3.935373240081674,低優先或資料不足,消費復甦,低於50DMA,新聞提及 1 次，量價訊號尚需確認。,ALTO Q2 Earnings Call Highlights Margin Recovery and 45Z Focus - Zacks Investment Research,4.230000019073486,5D,5,2026-08-17,-0.0023641202923744276,0.012484870881235066,-0.014848991173609494,False
2026-08-10,ALTO,3.935373240081674,低優先或資料不足,消費復甦,低於50DMA,新聞提及 1 次，量價訊號尚需確認。,ALTO Q2 Earnings Call Highlights Margin Recovery and 45Z Focus - Zacks Investment Research,4.230000019073486,20D,20,2026-09-08,-0.028368767143733042,-0.003481900997081011,-0.02488686614665203,False
2026-08-10,ALTO,3.935373240081674,低優先或資料不足,消費復甦,低於50DMA,新聞提及 1 次，量價訊號尚需確認。,ALTO Q2 Earnings Call Highlights Margin Recovery and 45Z Focus - Zacks Investment Research,4.230000019073486,60D,60,,,,,
2026-08-11,RDW,92.22249371835606,高優先觀察,太空,短線漲幅過大,新聞提及 2 次，且價格站上 50DMA，值得加入觀察清單。,"Space Stocks Are Roaring Back In August — Here’s Why ASTS, RKLB, RDW And Their Peers Are Leaving SpaceX Behind - stocktwits.com",13.510000228881836,5D,5,2026-08-18,-0.04219101693869565,-0.0013083782470911798,-0.04088263869160447,False
2026-08-11,RDW,92.22249371835606,高優先觀察,太空,短線漲幅過大,新聞提及 2 次，且價格站上 50DMA，值得加入觀察清單。,"Space Stocks Are Roaring Back In August — Here’s Why ASTS, RKLB, RDW And Their Peers Are Leaving SpaceX Behind - stocktwits.com",13.510000228881836,20D,20,2026-09-09,-0.20799410599634538,-0.0029786121614799876,-0.2050154938348654,False
2026-08-11,RDW,92.22249371835606,高優先觀察,太空,短線漲幅過大,新聞提及 2 次，且價格站上 50DMA，值得加入觀察清單。,"Space Stocks Are Roaring Back In August — Here’s Why ASTS, RKLB, RDW And Their Peers Are Leaving SpaceX Behind - stocktwits.com",13.510000228881836,60D,60,,,,,
2026-08-11,CAMT,68.92487768841805,可觀察,半導體設備,未觸發主要風險,新聞提及 1 次，量價訊號尚需確認。,CAMT 260821 240.00P (CAMT260821P240000) Stock Community & Discussion - Moomoo,164.41000366210938,5D,5,2026-08-18,-0.052125826490653115,-0.0013083782470911798,-0.050817448243561936,False
2026-08-11,CAMT,68.92487768841805,可觀察,半導體設備,未觸發主要風險,新聞提及 1 次，量價訊號尚需確認。,CAMT 260821 240.00P (CAMT260821P240000) Stock Community & Discussion - Moomoo,164.41000366210938,20D,20,2026-09-09,-0.0957970905004597,-0.0029786121614799876,-0.09281847833897972,False
2026-08-11,CAMT,68.92487768841805,可觀察,半導體設備,未觸發主要風險,新聞提及 1 次，量價訊號尚需確認。,CAMT 260821 240.00P (CAMT260821P240000) Stock Community & Discussion - Moomoo,164.41000366210938,60D,60,,,,,
2026-08-11,QBTS,53.387853350672664,題材有熱度但訊號普通,量子運算,低於50DMA,新聞提及 1 次，量價訊號尚需確認。,D-Wave Quantum (QBTS) Could Be 47% Undervalued Following Nature Research And New Deals - simplywall.st,20.229999542236328,5D,5,2026-08-18,-0.0346020203376356,-0.0013083782470911798,-0.03329364209054442,False
2026-08-11,QBTS,53.387853350672664,題材有熱度但訊號普通,量子運算,低於50DMA,新聞提及 1 次，量價訊號尚需確認。,D-Wave Quantum (QBTS) Could Be 47% Undervalued Following Nature Research And New Deals - simplywall.st,20.229999542236328,20D,20,2026-09-09,-0.1537320204338044,-0.0029786121614799876,-0.15075340827232442,False
2026-08-11,QBTS,53.387853350672664,題材有熱度但訊號普通,量子運算,低於50DMA,新聞提及 1 次，量價訊號尚需確認。,D-Wave Quantum (QBTS) Could Be 47% Undervalued Following Nature Research And New Deals - simplywall.st,20.229999542236328,60D,60,,,,,
2026-08-11,IBM,50.33414203231385,題材有熱度但訊號普通,量子運算,低於50DMA,新聞提及 1 次，量價訊號尚需確認。,IBM (IBM) Reaches Quantum Advantage Milestone As Lawmakers Put It At Center Stage - simplywall.st,238.4199981689453,5D,5,2026-08-18,-0.024117104454994265,-0.0013083782470911798,-0.022808726207903085,False
2026-08-11,IBM,50.33414203231385,題材有熱度但訊號普通,量子運算,低於50DMA,新聞提及 1 次，量價訊號尚需確認。,IBM (IBM) Reaches Quantum Advantage Milestone As Lawmakers Put It At Center Stage - simplywall.st,238.4199981689453,20D,20,2026-09-09,0.006375322054083199,-0.0029786121614799876,0.009353934215563187,True
2026-08-11,IBM,50.33414203231385,題材有熱度但訊號普通,量子運算,低於50DMA,新聞提及 1 次，量價訊號尚需確認。,IBM (IBM) Reaches Quantum Advantage Milestone As Lawmakers Put It At Center Stage - simplywall.st,238.4199981689453,60D,60,,,,,
2026-08-11,RKLB,43.62754241979603,題材有熱度但訊號普通,太空,低於50DMA,新聞提及 3 次，量價訊號尚需確認。,"Space Stocks Are Roaring Back In August — Here’s Why ASTS, RKLB, RDW And Their Peers Are Leaving SpaceX Behind - stocktwits.com",80.01000213623047,5D,5,2026-08-18,-0.010623652686245766,-0.0013083782470911798,-0.009315274439154586,False
2026-08-11,RKLB,43.62754241979603,題材有熱度但訊號普通,太空,低於50DMA,新聞提及 3 次，量價訊號尚需確認。,"Space Stocks Are Roaring Back In August — Here’s Why ASTS, RKLB, RDW And Their Peers Are Leaving SpaceX Behind - stocktwits.com",80.01000213623047,20D,20,2026-09-09,-0.21172355941902177,-0.0029786121614799876,-0.20874494725754178,False
2026-08-11,RKLB,43.62754241979603,題材有熱度但訊號普通,太空,低於50DMA,新聞提及 3 次，量價訊號尚需確認。,"Space Stocks Are Roaring Back In August — Here’s Why ASTS, RKLB, RDW And Their Peers Are Leaving SpaceX Behind - stocktwits.com",80.01000213623047,60D,60,,,,,
2026-08-11,ASTS,40.01579714125786,題材有熱度但訊號普通,太空,低於50DMA,新聞提及 2 次，量價訊號尚需確認。,"Space Stocks Are Roaring Back In August — Here’s Why ASTS, RKLB, RDW And Their Peers Are Leaving SpaceX Behind - stocktwits.com",71.62999725341797,5D,5,2026-08-18,-0.06366044581100638,-0.0013083782470911798,-0.0623520675639152,False
2026-08-11,ASTS,40.01579714125786,題材有熱度但訊號普通,太空,低於50DMA,新聞提及 2 次，量價訊號尚需確認。,"Space Stocks Are Roaring Back In August — Here’s Why ASTS, RKLB, RDW And Their Peers Are Leaving SpaceX Behind - stocktwits.com",71.62999725341797,20D,20,2026-09-09,-0.12857740384784366,-0.0029786121614799876,-0.12559879168636368,False
2026-08-11,ASTS,40.01579714125786,題材有熱度但訊號普通,太空,低於50DMA,新聞提及 2 次，量價訊號尚需確認。,"Space Stocks Are Roaring Back In August — Here’s Why ASTS, RKLB, RDW And Their Peers Are Leaving SpaceX Behind - stocktwits.com",71.62999725341797,60D,60,,,,,
2026-08-11,LRCX,18.27309214297417,低優先或資料不足,半導體設備,低於50DMA,新聞提及 3 次，量價訊號尚需確認。,Lam Research (NASDAQ:LRCX) Stock Price Up 1.6% - What's Next? - marketbeat.com,311.07952880859375,5D,5,2026-08-18,0.05301696559380176,-0.0013083782470911798,0.05432534384089294,True
2026-08-11,LRCX,18.27309214297417,低優先或資料不足,半導體設備,低於50DMA,新聞提及 3 次，量價訊號尚需確認。,Lam Research (NASDAQ:LRCX) Stock Price Up 1.6% - What's Next? - marketbeat.com,311.07952880859375,20D,20,2026-09-09,0.01422560007628415,-0.0029786121614799876,0.017204212237764138,True
2026-08-11,LRCX,18.27309214297417,低優先或資料不足,半導體設備,低於50DMA,新聞提及 3 次，量價訊號尚需確認。,Lam Research (NASDAQ:LRCX) Stock Price Up 1.6% - What's Next? - marketbeat.com,311.07952880859375,60D,60,,,,,
2026-08-11,AMAT,13.560251419928925,低優先或資料不足,半導體設備、AI/資料中心,低於50DMA,新聞提及 2 次，量價訊號尚需確認。,"AMAT to Post Q3 Earnings: Time to Buy, Sell or Hold the Stock? - TradingView",525.0485229492188,5D,5,2026-08-18,-0.021460651365113992,-0.0013083782470911798,-0.020152273118022812,False
2026-08-11,AMAT,13.560251419928925,低優先或資料不足,半導體設備、AI/資料中心,低於50DMA,新聞提及 2 次，量價訊號尚需確認。,"AMAT to Post Q3 Earnings: Time to Buy, Sell or Hold the Stock? - TradingView",525.0485229492188,20D,20,2026-09-09,-0.10703490132689797,-0.0029786121614799876,-0.10405628916541798,False
2026-08-11,AMAT,13.560251419928925,低優先或資料不足,半導體設備、AI/資料中心,低於50DMA,新聞提及 2 次，量價訊號尚需確認。,"AMAT to Post Q3 Earnings: Time to Buy, Sell or Hold the Stock? - TradingView",525.0485229492188,60D,60,,,,,
2026-08-11,AMD,4.819567141143434,低優先或資料不足,AI/資料中心,低於50DMA,新聞提及 1 次，量價訊號尚需確認。,AMD Stock Leads 3 AI Infrastructure Picks for Data Center Growth - Sahm,474.32000732421875,5D,5,2026-08-18,0.021230408097323794,-0.0013083782470911798,0.022538786344414974,True
2026-08-11,AMD,4.819567141143434,低優先或資料不足,AI/資料中心,低於50DMA,新聞提及 1 次，量價訊號尚需確認。,AMD Stock Leads 3 AI Infrastructure Picks for Data Center Growth - Sahm,474.32000732421875,20D,20,2026-09-09,0.09862533213730229,-0.0029786121614799876,0.10160394429878228,True
2026-08-11,AMD,4.819567141143434,低優先或資料不足,AI/資料中心,低於50DMA,新聞提及 1 次，量價訊號尚需確認。,AMD Stock Leads 3 AI Infrastructure Picks for Data Center Growth - Sahm,474.32000732421875,60D,60,,,,,
2026-08-12,DXCM,95.40460922304077,高優先觀察,醫療科技,未觸發主要風險,新聞提及 1 次，且價格站上 50DMA，值得加入觀察清單。,"Biotech Stocks At 52-Week Highs - ALMR +30% On Q2 Reports, DYN, CGEM, DXCM, CAH - RTTNews",90.80000305175781,5D,5,2026-08-19,-0.010132222108136024,-0.010529298232239248,0.0003970761241032239,False
2026-08-12,DXCM,95.40460922304077,高優先觀察,醫療科技,未觸發主要風險,新聞提及 1 次，且價格站上 50DMA，值得加入觀察清單。,"Biotech Stocks At 52-Week Highs - ALMR +30% On Q2 Reports, DYN, CGEM, DXCM, CAH - RTTNews",90.80000305175781,20D,20,2026-09-10,-0.06927313550795722,-0.020740649936398015,-0.0485324855715592,False
2026-08-12,DXCM,95.40460922304077,高優先觀察,醫療科技,未觸發主要風險,新聞提及 1 次，且價格站上 50DMA，值得加入觀察清單。,"Biotech Stocks At 52-Week Highs - ALMR +30% On Q2 Reports, DYN, CGEM, DXCM, CAH - RTTNews",90.80000305175781,60D,60,,,,,
2026-08-12,RDW,91.55951427485424,高優先觀察,太空,短線漲幅過大,新聞提及 2 次，且價格站上 50DMA，值得加入觀察清單。,"Space Stocks Are Roaring Back In August — Here’s Why ASTS, RKLB, RDW And Their Peers Are Leaving SpaceX Behind - Stocktwits",13.489999771118164,5D,5,2026-08-19,-0.08080060571398673,-0.010529298232239248,-0.07027130748174748,False
2026-08-12,RDW,91.55951427485424,高優先觀察,太空,短線漲幅過大,新聞提及 2 次，且價格站上 50DMA，值得加入觀察清單。,"Space Stocks Are Roaring Back In August — Here’s Why ASTS, RKLB, RDW And Their Peers Are Leaving SpaceX Behind - Stocktwits",13.489999771118164,20D,20,2026-09-10,-0.19421793402609633,-0.020740649936398015,-0.1734772840896983,False
2026-08-12,RDW,91.55951427485424,高優先觀察,太空,短線漲幅過大,新聞提及 2 次，且價格站上 50DMA，值得加入觀察清單。,"Space Stocks Are Roaring Back In August — Here’s Why ASTS, RKLB, RDW And Their Peers Are Leaving SpaceX Behind - Stocktwits",13.489999771118164,60D,60,,,,,
2026-08-12,ALMR,90.59095665759749,高優先觀察,醫療科技,未觸發主要風險,新聞提及 1 次，且價格站上 50DMA，值得加入觀察清單。,"Biotech Stocks At 52-Week Highs - ALMR +30% On Q2 Reports, DYN, CGEM, DXCM, CAH - RTTNews",33.119998931884766,5D,5,2026-08-19,0.07306769509925415,-0.010529298232239248,0.0835969933314934,True
2026-08-12,ALMR,90.59095665759749,高優先觀察,醫療科技,未觸發主要風險,新聞提及 1 次，且價格站上 50DMA，值得加入觀察清單。,"Biotech Stocks At 52-Week Highs - ALMR +30% On Q2 Reports, DYN, CGEM, DXCM, CAH - RTTNews",33.119998931884766,20D,20,2026-09-10,-0.1615337755633388,-0.020740649936398015,-0.1407931256269408,False
2026-08-12,ALMR,90.59095665759749,高優先觀察,醫療科技,未觸發主要風險,新聞提及 1 次，且價格站上 50DMA，值得加入觀察清單。,"Biotech Stocks At 52-Week Highs - ALMR +30% On Q2 Reports, DYN, CGEM, DXCM, CAH - RTTNews",33.119998931884766,60D,60,,,,,
2026-08-12,CBLL,90.20341098341133,高優先觀察,醫療科技,短線漲幅過大,新聞提及 1 次，且價格站上 50DMA，值得加入觀察清單。,"CeriBell, Inc. (CBLL) Stock Report: Exploring a 47% Potential Upside in the Medical Device Sector - DirectorsTalk Interviews",22.90999984741211,5D,5,2026-08-19,0.08642512245411416,-0.010529298232239248,0.0969544206863534,True
2026-08-12,CBLL,90.20341098341133,高優先觀察,醫療科技,短線漲幅過大,新聞提及 1 次，且價格站上 50DMA，值得加入觀察清單。,"CeriBell, Inc. (CBLL) Stock Report: Exploring a 47% Potential Upside in the Medical Device Sector - DirectorsTalk Interviews",22.90999984741211,20D,20,2026-09-10,0.022697532135619314,-0.020740649936398015,0.04343818207201733,True
2026-08-12,CBLL,90.20341098341133,高優先觀察,醫療科技,短線漲幅過大,新聞提及 1 次，且價格站上 50DMA，值得加入觀察清單。,"CeriBell, Inc. (CBLL) Stock Report: Exploring a 47% Potential Upside in the Medical Device Sector - DirectorsTalk Interviews",22.90999984741211,60D,60,,,,,
2026-08-12,CGEM,84.25648207182591,高優先觀察,醫療科技,未觸發主要風險,新聞提及 1 次，且價格站上 50DMA，值得加入觀察清單。,"Biotech Stocks At 52-Week Highs - ALMR +30% On Q2 Reports, DYN, CGEM, DXCM, CAH - RTTNews",19.600000381469727,5D,5,2026-08-19,0.14897959282973172,-0.010529298232239248,0.15950889106197097,True
2026-08-12,CGEM,84.25648207182591,高優先觀察,醫療科技,未觸發主要風險,新聞提及 1 次，且價格站上 50DMA，值得加入觀察清單。,"Biotech Stocks At 52-Week Highs - ALMR +30% On Q2 Reports, DYN, CGEM, DXCM, CAH - RTTNews",19.600000381469727,20D,20,2026-09-10,0.07142855057563491,-0.020740649936398015,0.09216920051203292,True
2026-08-12,CGEM,84.25648207182591,高優先觀察,醫療科技,未觸發主要風險,新聞提及 1 次，且價格站上 50DMA，值得加入觀察清單。,"Biotech Stocks At 52-Week Highs - ALMR +30% On Q2 Reports, DYN, CGEM, DXCM, CAH - RTTNews",19.600000381469727,60D,60,,,,,
2026-08-12,DYN,81.61237360711772,高優先觀察,醫療科技,未觸發主要風險,新聞提及 1 次，且價格站上 50DMA，值得加入觀察清單。,"Biotech Stocks At 52-Week Highs - ALMR +30% On Q2 Reports, DYN, CGEM, DXCM, CAH - RTTNews",26.170000076293945,5D,5,2026-08-19,0.02330915584918669,-0.010529298232239248,0.03383845408142594,True
2026-08-12,DYN,81.61237360711772,高優先觀察,醫療科技,未觸發主要風險,新聞提及 1 次，且價格站上 50DMA，值得加入觀察清單。,"Biotech Stocks At 52-Week Highs - ALMR +30% On Q2 Reports, DYN, CGEM, DXCM, CAH - RTTNews",26.170000076293945,20D,20,2026-09-10,-0.29614061816607806,-0.020740649936398015,-0.27539996822968005,False
2026-08-12,DYN,81.61237360711772,高優先觀察,醫療科技,未觸發主要風險,新聞提及 1 次，且價格站上 50DMA，值得加入觀察清單。,"Biotech Stocks At 52-Week Highs - ALMR +30% On Q2 Reports, DYN, CGEM, DXCM, CAH - RTTNews",26.170000076293945,60D,60,,,,,
2026-08-12,CEG,64.5770750525092,可觀察,核能/電力,未觸發主要風險,新聞提及 1 次，量價訊號尚需確認。,Who benefits as AI data centers create a power shortage? (CEG:NASDAQ) - Seeking Alpha,278.25225830078125,5D,5,2026-08-19,-0.014671021532677408,-0.010529298232239248,-0.00414172330043816,False
2026-08-12,CEG,64.5770750525092,可觀察,核能/電力,未觸發主要風險,新聞提及 1 次，量價訊號尚需確認。,Who benefits as AI data centers create a power shortage? (CEG:NASDAQ) - Seeking Alpha,278.25225830078125,20D,20,2026-09-10,0.027736496972395663,-0.020740649936398015,0.04847714690879368,True
2026-08-12,CEG,64.5770750525092,可觀察,核能/電力,未觸發主要風險,新聞提及 1 次，量價訊號尚需確認。,Who benefits as AI data centers create a power shortage? (CEG:NASDAQ) - Seeking Alpha,278.25225830078125,60D,60,,,,,
2026-08-12,ASTS,61.71637026946679,可觀察,太空,低於50DMA,新聞提及 2 次，量價訊號尚需確認。,"Space Stocks Are Roaring Back In August — Here’s Why ASTS, RKLB, RDW And Their Peers Are Leaving SpaceX Behind - Stocktwits",74.30999755859375,5D,5,2026-08-19,-0.10604222193930979,-0.010529298232239248,-0.09551292370707054,False
2026-08-12,ASTS,61.71637026946679,可觀察,太空,低於50DMA,新聞提及 2 次，量價訊號尚需確認。,"Space Stocks Are Roaring Back In August — Here’s Why ASTS, RKLB, RDW And Their Peers Are Leaving SpaceX Behind - Stocktwits",74.30999755859375,20D,20,2026-09-10,-0.19378277734200144,-0.020740649936398015,-0.17304212740560343,False
2026-08-12,ASTS,61.71637026946679,可觀察,太空,低於50DMA,新聞提及 2 次，量價訊號尚需確認。,"Space Stocks Are Roaring Back In August — Here’s Why ASTS, RKLB, RDW And Their Peers Are Leaving SpaceX Behind - Stocktwits",74.30999755859375,60D,60,,,,,
2026-08-12,CAH,58.19918828350876,題材有熱度但訊號普通,醫療科技,未觸發主要風險,新聞提及 1 次，量價訊號尚需確認。,"Biotech Stocks At 52-Week Highs - ALMR +30% On Q2 Reports, DYN, CGEM, DXCM, CAH - RTTNews",234.16000366210938,5D,5,2026-08-19,0.0029467134891316693,-0.010529298232239248,0.013476011721370917,True
2026-08-12,CAH,58.19918828350876,題材有熱度但訊號普通,醫療科技,未觸發主要風險,新聞提及 1 次，量價訊號尚需確認。,"Biotech Stocks At 52-Week Highs - ALMR +30% On Q2 Reports, DYN, CGEM, DXCM, CAH - RTTNews",234.16000366210938,20D,20,2026-09-10,0.007943289123942376,-0.020740649936398015,0.02868393906034039,True
2026-08-12,CAH,58.19918828350876,題材有熱度但訊號普通,醫療科技,未觸發主要風險,新聞提及 1 次，量價訊號尚需確認。,"Biotech Stocks At 52-Week Highs - ALMR +30% On Q2 Reports, DYN, CGEM, DXCM, CAH - RTTNews",234.16000366210938,60D,60,,,,,
2026-08-12,RKLB,51.34929094838792,題材有熱度但訊號普通,太空,低於50DMA,新聞提及 3 次，量價訊號尚需確認。,RKLB Stock Surges As Space Force Contracts Fuel Momentum - stockstotrade.com,81.16999816894531,5D,5,2026-08-19,-0.06566467846852664,-0.010529298232239248,-0.05513538023628739,False
2026-08-12,RKLB,51.34929094838792,題材有熱度但訊號普通,太空,低於50DMA,新聞提及 3 次，量價訊號尚需確認。,RKLB Stock Surges As Space Force Contracts Fuel Momentum - stockstotrade.com,81.16999816894531,20D,20,2026-09-10,-0.23666378610098548,-0.020740649936398015,-0.21592313616458747,False
2026-08-12,RKLB,51.34929094838792,題材有熱度但訊號普通,太空,低於50DMA,新聞提及 3 次，量價訊號尚需確認。,RKLB Stock Surges As Space Force Contracts Fuel Momentum - stockstotrade.com,81.16999816894531,60D,60,,,,,
2026-08-12,TJGC,0.0,低優先或資料不足,機器人/自動化,量能過熱；低於50DMA,新聞提及 1 次，量價訊號尚需確認。,TJGC Seeks Worldwide Rights to Commercialize AI and Robotics Tech - Stock Titan,3.75,5D,5,2026-08-19,0.16800003051757817,-0.010529298232239248,0.17852932874981742,True
2026-08-12,TJGC,0.0,低優先或資料不足,機器人/自動化,量能過熱；低於50DMA,新聞提及 1 次，量價訊號尚需確認。,TJGC Seeks Worldwide Rights to Commercialize AI and Robotics Tech - Stock Titan,3.75,20D,20,2026-09-10,1.8453333536783854,-0.020740649936398015,1.8660740036147834,True
2026-08-12,TJGC,0.0,低優先或資料不足,機器人/自動化,量能過熱；低於50DMA,新聞提及 1 次，量價訊號尚需確認。,TJGC Seeks Worldwide Rights to Commercialize AI and Robotics Tech - Stock Titan,3.75,60D,60,,,,,
2026-08-13,AEHR,88.6094796643325,高優先觀察,小型成長股,短線漲幅過大,新聞提及 1 次，且價格站上 50DMA，值得加入觀察清單。,AEHR Stock Extends Breakout As Analysts Chase Growth - StocksToTrade,123.30000305175781,5D,5,2026-08-20,-0.14055151177717362,-0.028877083898428912,-0.11167442787874471,False
2026-08-13,AEHR,88.6094796643325,高優先觀察,小型成長股,短線漲幅過大,新聞提及 1 次，且價格站上 50DMA，值得加入觀察清單。,AEHR Stock Extends Breakout As Analysts Chase Growth - StocksToTrade,123.30000305175781,20D,20,2026-09-11,-0.23203568452745216,-0.023481377928933567,-0.2085543065985186,False
2026-08-13,AEHR,88.6094796643325,高優先觀察,小型成長股,短線漲幅過大,新聞提及 1 次，且價格站上 50DMA，值得加入觀察清單。,AEHR Stock Extends Breakout As Analysts Chase Growth - StocksToTrade,123.30000305175781,60D,60,,,,,
2026-08-13,CLAR,83.44479605097314,高優先觀察,消費復甦,未觸發主要風險,新聞提及 1 次，且價格站上 50DMA，值得加入觀察清單。,"CLAR Q2 Deep Dive: Margin Recovery, Operational Simplification, and Strategic Review Shape Outlook - StockStory",3.7640411853790283,5D,5,2026-08-20,-0.04092444335666634,-0.028877083898428912,-0.012047359458237428,False
2026-08-13,CLAR,83.44479605097314,高優先觀察,消費復甦,未觸發主要風險,新聞提及 1 次，且價格站上 50DMA，值得加入觀察清單。,"CLAR Q2 Deep Dive: Margin Recovery, Operational Simplification, and Strategic Review Shape Outlook - StockStory",3.7640411853790283,20D,20,2026-09-11,-0.05686474257884366,-0.023481377928933567,-0.0333833646499101,False
2026-08-13,CLAR,83.44479605097314,高優先觀察,消費復甦,未觸發主要風險,新聞提及 1 次，且價格站上 50DMA，值得加入觀察清單。,"CLAR Q2 Deep Dive: Margin Recovery, Operational Simplification, and Strategic Review Shape Outlook - StockStory",3.7640411853790283,60D,60,,,,,
2026-08-13,WY,51.49256163515737,題材有熱度但訊號普通,消費復甦,未觸發主要風險,新聞提及 1 次，量價訊號尚需確認。,Is WY Stock a Buy as Earnings Recover but Valuation Remains Rich? - Yahoo Finance,24.59377670288086,5D,5,2026-08-20,-0.008058027851544636,-0.028877083898428912,0.020819056046884277,False
2026-08-13,WY,51.49256163515737,題材有熱度但訊號普通,消費復甦,未觸發主要風險,新聞提及 1 次，量價訊號尚需確認。,Is WY Stock a Buy as Earnings Recover but Valuation Remains Rich? - Yahoo Finance,24.59377670288086,20D,20,2026-09-11,-0.10302513792611911,-0.023481377928933567,-0.07954375999718555,False
2026-08-13,WY,51.49256163515737,題材有熱度但訊號普通,消費復甦,未觸發主要風險,新聞提及 1 次，量價訊號尚需確認。,Is WY Stock a Buy as Earnings Recover but Valuation Remains Rich? - Yahoo Finance,24.59377670288086,60D,60,,,,,
2026-08-13,CRI,24.056626551954118,暫時不強,消費復甦,低於50DMA,新聞提及 1 次，量價訊號尚需確認。,CRI Earnings Beat Raises Questions on Tariff Recovery and Growth Trend - Zacks Investment Research,38.84782409667969,5D,5,2026-08-20,-0.07432948889816726,-0.028877083898428912,-0.04545240499973835,False
2026-08-13,CRI,24.056626551954118,暫時不強,消費復甦,低於50DMA,新聞提及 1 次，量價訊號尚需確認。,CRI Earnings Beat Raises Questions on Tariff Recovery and Growth Trend - Zacks Investment Research,38.84782409667969,20D,20,2026-09-11,-0.21668713723977595,-0.023481377928933567,-0.19320575931084238,False
2026-08-13,CRI,24.056626551954118,暫時不強,消費復甦,低於50DMA,新聞提及 1 次，量價訊號尚需確認。,CRI Earnings Beat Raises Questions on Tariff Recovery and Growth Trend - Zacks Investment Research,38.84782409667969,60D,60,,,,,
2026-08-13,TJGC,0.0,低優先或資料不足,機器人/自動化,低於50DMA,新聞提及 1 次，量價訊號尚需確認。,TJGC Seeks Worldwide Rights to Commercialize AI and Robotics Tech - Stock Titan,3.859999895095825,5D,5,2026-08-20,0.19689119459014637,-0.028877083898428912,0.22576827848857528,True
2026-08-13,TJGC,0.0,低優先或資料不足,機器人/自動化,低於50DMA,新聞提及 1 次，量價訊號尚需確認。,TJGC Seeks Worldwide Rights to Commercialize AI and Robotics Tech - Stock Titan,3.859999895095825,20D,20,2026-09-11,1.8989637006468123,-0.023481377928933567,1.9224450785757459,True
2026-08-13,TJGC,0.0,低優先或資料不足,機器人/自動化,低於50DMA,新聞提及 1 次，量價訊號尚需確認。,TJGC Seeks Worldwide Rights to Commercialize AI and Robotics Tech - Stock Titan,3.859999895095825,60D,60,,,,,
2026-08-14,RGTI,99.09458286694145,高優先觀察,量子運算,未觸發主要風險,新聞提及 2 次，且價格站上 50DMA，值得加入觀察清單。,"RGTI, INFQ Stocks Gain Overnight: Bernstein Thinks Rigetti And Infleqtion Could Be Early Winners In Quantum Race - Stocktwits",18.81999969482422,5D,5,2026-08-21,-0.04835280882934201,-0.02411531665973421,-0.0242374921696078,False
2026-08-14,RGTI,99.09458286694145,高優先觀察,量子運算,未觸發主要風險,新聞提及 2 次，且價格站上 50DMA，值得加入觀察清單。,"RGTI, INFQ Stocks Gain Overnight: Bernstein Thinks Rigetti And Infleqtion Could Be Early Winners In Quantum Race - Stocktwits",18.81999969482422,20D,20,2026-09-14,-0.1886290804795735,-0.029942459844369385,-0.1586866206352041,False
2026-08-14,RGTI,99.09458286694145,高優先觀察,量子運算,未觸發主要風險,新聞提及 2 次，且價格站上 50DMA，值得加入觀察清單。,"RGTI, INFQ Stocks Gain Overnight: Bernstein Thinks Rigetti And Infleqtion Could Be Early Winners In Quantum Race - Stocktwits",18.81999969482422,60D,60,,,,,
2026-08-14,INFQ,97.46460058127178,高優先觀察,量子運算,未觸發主要風險,新聞提及 1 次，且價格站上 50DMA，值得加入觀察清單。,"RGTI, INFQ Stocks Gain Overnight: Bernstein Thinks Rigetti And Infleqtion Could Be Early Winners In Quantum Race - Stocktwits",12.859999656677246,5D,5,2026-08-21,0.09797824747433892,-0.02411531665973421,0.12209356413407313,True
2026-08-14,INFQ,97.46460058127178,高優先觀察,量子運算,未觸發主要風險,新聞提及 1 次，且價格站上 50DMA，值得加入觀察清單。,"RGTI, INFQ Stocks Gain Overnight: Bernstein Thinks Rigetti And Infleqtion Could Be Early Winners In Quantum Race - Stocktwits",12.859999656677246,20D,20,2026-09-14,-0.02021767357299431,-0.029942459844369385,0.009724786271375074,False
2026-08-14,INFQ,97.46460058127178,高優先觀察,量子運算,未觸發主要風險,新聞提及 1 次，且價格站上 50DMA，值得加入觀察清單。,"RGTI, INFQ Stocks Gain Overnight: Bernstein Thinks Rigetti And Infleqtion Could Be Early Winners In Quantum Race - Stocktwits",12.859999656677246,60D,60,,,,,
2026-08-14,TER,91.12290665661504,高優先觀察,半導體設備,未觸發主要風險,新聞提及 1 次，且價格站上 50DMA，值得加入觀察清單。,Teradyne (NASDAQ:TER) Shows Strong Growth and a High-Quality Technical Setup - ChartMill,418.62921142578125,5D,5,2026-08-21,-0.10279623859552534,-0.02411531665973421,-0.07868092193579113,False
2026-08-14,TER,91.12290665661504,高優先觀察,半導體設備,未觸發主要風險,新聞提及 1 次，且價格站上 50DMA，值得加入觀察清單。,Teradyne (NASDAQ:TER) Shows Strong Growth and a High-Quality Technical Setup - ChartMill,418.62921142578125,20D,20,2026-09-14,-0.2136238866709016,-0.029942459844369385,-0.1836814268265322,False
2026-08-14,TER,91.12290665661504,高優先觀察,半導體設備,未觸發主要風險,新聞提及 1 次，且價格站上 50DMA，值得加入觀察清單。,Teradyne (NASDAQ:TER) Shows Strong Growth and a High-Quality Technical Setup - ChartMill,418.62921142578125,60D,60,,,,,
2026-08-14,AEHR,90.0409839908646,高優先觀察,小型成長股,短線漲幅過大,新聞提及 1 次，且價格站上 50DMA，值得加入觀察清單。,AEHR Stock Extends Breakout As Analysts Chase Growth - StocksToTrade,134.05999755859375,5D,5,2026-08-21,-0.24116063546495037,-0.02411531665973421,-0.21704531880521616,False
2026-08-14,AEHR,90.0409839908646,高優先觀察,小型成長股,短線漲幅過大,新聞提及 1 次，且價格站上 50DMA，值得加入觀察清單。,AEHR Stock Extends Breakout As Analysts Chase Growth - StocksToTrade,134.05999755859375,20D,20,2026-09-14,-0.3781142453762658,-0.029942459844369385,-0.3481717855318964,False
2026-08-14,AEHR,90.0409839908646,高優先觀察,小型成長股,短線漲幅過大,新聞提及 1 次，且價格站上 50DMA，值得加入觀察清單。,AEHR Stock Extends Breakout As Analysts Chase Growth - StocksToTrade,134.05999755859375,60D,60,,,,,
2026-08-14,SNDK,72.13125449348317,可觀察,半導體設備,短線漲幅過大；低於50DMA,題材熱但短線漲幅偏大，等待回檔或量價整理。,Buy AI-Driven SNDK and AMKR to Benefit From Recent Stock Price Debacle - TradingView,1641.1099853515625,5D,5,2026-08-21,-0.027438763823759538,-0.02411531665973421,-0.0033234471640253282,False
2026-08-14,SNDK,72.13125449348317,可觀察,半導體設備,短線漲幅過大；低於50DMA,題材熱但短線漲幅偏大，等待回檔或量價整理。,Buy AI-Driven SNDK and AMKR to Benefit From Recent Stock Price Debacle - TradingView,1641.1099853515625,20D,20,2026-09-14,-0.05430470590799308,-0.029942459844369385,-0.024362246063623694,False
2026-08-14,SNDK,72.13125449348317,可觀察,半導體設備,短線漲幅過大；低於50DMA,題材熱但短線漲幅偏大，等待回檔或量價整理。,Buy AI-Driven SNDK and AMKR to Benefit From Recent Stock Price Debacle - TradingView,1641.1099853515625,60D,60,,,,,
2026-08-14,CAMT,71.84925550401601,可觀察,半導體設備,未觸發主要風險,新聞提及 1 次，且價格站上 50DMA，值得加入觀察清單。,CAMT 260821 240.00P (CAMT260821P240000) Stock Community & Discussion - Moomoo,165.3800048828125,5D,5,2026-08-21,-0.11228689548883108,-0.02411531665973421,-0.08817157882909687,False
2026-08-14,CAMT,71.84925550401601,可觀察,半導體設備,未觸發主要風險,新聞提及 1 次，且價格站上 50DMA，值得加入觀察清單。,CAMT 260821 240.00P (CAMT260821P240000) Stock Community & Discussion - Moomoo,165.3800048828125,20D,20,2026-09-14,-0.1907123449855439,-0.029942459844369385,-0.16076988514117452,False
2026-08-14,CAMT,71.84925550401601,可觀察,半導體設備,未觸發主要風險,新聞提及 1 次，且價格站上 50DMA，值得加入觀察清單。,CAMT 260821 240.00P (CAMT260821P240000) Stock Community & Discussion - Moomoo,165.3800048828125,60D,60,,,,,
2026-08-14,IBM,44.84719743087278,題材有熱度但訊號普通,量子運算,低於50DMA,新聞提及 1 次，量價訊號尚需確認。,IBM (IBM) Reaches Quantum Advantage Milestone As Lawmakers Put It At Center Stage - Sahm,234.32000732421875,5D,5,2026-08-21,0.005803965982643433,-0.02411531665973421,0.029919282642377643,True
2026-08-14,IBM,44.84719743087278,題材有熱度但訊號普通,量子運算,低於50DMA,新聞提及 1 次，量價訊號尚需確認。,IBM (IBM) Reaches Quantum Advantage Milestone As Lawmakers Put It At Center Stage - Sahm,234.32000732421875,20D,20,2026-09-14,0.06303340966200666,-0.029942459844369385,0.09297586950637604,True
2026-08-14,IBM,44.84719743087278,題材有熱度但訊號普通,量子運算,低於50DMA,新聞提及 1 次，量價訊號尚需確認。,IBM (IBM) Reaches Quantum Advantage Milestone As Lawmakers Put It At Center Stage - Sahm,234.32000732421875,60D,60,,,,,
2026-08-14,AMAT,26.041577767640494,暫時不強,半導體設備,低於50DMA,新聞提及 1 次，量價訊號尚需確認。,Applied Materials Guides 30% Semiconductor Equipment Growth — So Why Is AMAT Down 27% From Peak? - TradingKey,506.63824462890625,5D,5,2026-08-21,-0.028261264238302997,-0.02411531665973421,-0.004145947578568787,False
2026-08-14,AMAT,26.041577767640494,暫時不強,半導體設備,低於50DMA,新聞提及 1 次，量價訊號尚需確認。,Applied Materials Guides 30% Semiconductor Equipment Growth — So Why Is AMAT Down 27% From Peak? - TradingKey,506.63824462890625,20D,20,2026-09-14,-0.16269646843223173,-0.029942459844369385,-0.13275400858786235,False
2026-08-14,AMAT,26.041577767640494,暫時不強,半導體設備,低於50DMA,新聞提及 1 次，量價訊號尚需確認。,Applied Materials Guides 30% Semiconductor Equipment Growth — So Why Is AMAT Down 27% From Peak? - TradingKey,506.63824462890625,60D,60,,,,,
2026-08-14,AMKR,0.0,低優先或資料不足,半導體設備,低於50DMA,新聞提及 1 次，量價訊號尚需確認。,Buy AI-Driven SNDK and AMKR to Benefit From Recent Stock Price Debacle - TradingView,58.88164138793945,5D,5,2026-08-21,-0.14799122721829827,-0.02411531665973421,-0.12387591055856406,False
2026-08-14,AMKR,0.0,低優先或資料不足,半導體設備,低於50DMA,新聞提及 1 次，量價訊號尚需確認。,Buy AI-Driven SNDK and AMKR to Benefit From Recent Stock Price Debacle - TradingView,58.88164138793945,20D,20,2026-09-14,-0.19975058742951057,-0.029942459844369385,-0.1698081275851412,False
2026-08-14,AMKR,0.0,低優先或資料不足,半導體設備,低於50DMA,新聞提及 1 次，量價訊號尚需確認。,Buy AI-Driven SNDK and AMKR to Benefit From Recent Stock Price Debacle - TradingView,58.88164138793945,60D,60,,,,,
2026-08-15,ANET,91.78130966232172,高優先觀察,能源/材料,未觸發主要風險,新聞提及 1 次，且價格站上 50DMA，值得加入觀察清單。,ANET Stock Slides On Chip Supply Warning – But Retail Calls It A ‘Fake Selloff’ - Stocktwits,201.8000030517578,5D,5,2026-08-24,-0.06764127328468117,-0.032265973934478054,-0.035375299350203115,False
2026-08-15,ANET,91.78130966232172,高優先觀察,能源/材料,未觸發主要風險,新聞提及 1 次，且價格站上 50DMA，值得加入觀察清單。,ANET Stock Slides On Chip Supply Warning – But Retail Calls It A ‘Fake Selloff’ - Stocktwits,201.8000030517578,20D,20,2026-09-15,-0.04440042903056407,-0.03470483457620299,-0.009695594454361078,False
2026-08-15,ANET,91.78130966232172,高優先觀察,能源/材料,未觸發主要風險,新聞提及 1 次，且價格站上 50DMA，值得加入觀察清單。,ANET Stock Slides On Chip Supply Warning – But Retail Calls It A ‘Fake Selloff’ - Stocktwits,201.8000030517578,60D,60,,,,,
2026-08-15,TER,91.13813628068745,高優先觀察,半導體設備,未觸發主要風險,新聞提及 1 次，且價格站上 50DMA，值得加入觀察清單。,Teradyne (NASDAQ:TER) Shows Strong Growth and a High-Quality Technical Setup - ChartMill,442.9698486328125,5D,5,2026-08-24,-0.17655820408293743,-0.032265973934478054,-0.14429223014845938,False
2026-08-15,TER,91.13813628068745,高優先觀察,半導體設備,未觸發主要風險,新聞提及 1 次，且價格站上 50DMA，值得加入觀察清單。,Teradyne (NASDAQ:TER) Shows Strong Growth and a High-Quality Technical Setup - ChartMill,442.9698486328125,20D,20,2026-09-15,-0.24859444241898654,-0.03470483457620299,-0.21388960784278355,False
2026-08-15,TER,91.13813628068745,高優先觀察,半導體設備,未觸發主要風險,新聞提及 1 次，且價格站上 50DMA，值得加入觀察清單。,Teradyne (NASDAQ:TER) Shows Strong Growth and a High-Quality Technical Setup - ChartMill,442.9698486328125,60D,60,,,,,
2026-08-15,AMAT,26.75641341669333,暫時不強,半導體設備,低於50DMA,新聞提及 1 次，量價訊號尚需確認。,Applied Materials Guides 30% Semiconductor Equipment Growth — So Why Is AMAT Down 27% From Peak? - TradingKey,534.7382202148438,5D,5,2026-08-24,-0.09452890379357692,-0.032265973934478054,-0.06226292985909887,False
2026-08-15,AMAT,26.75641341669333,暫時不強,半導體設備,低於50DMA,新聞提及 1 次，量價訊號尚需確認。,Applied Materials Guides 30% Semiconductor Equipment Growth — So Why Is AMAT Down 27% From Peak? - TradingKey,534.7382202148438,20D,20,2026-09-15,-0.21238094172786204,-0.03470483457620299,-0.17767610715165905,False
2026-08-15,AMAT,26.75641341669333,暫時不強,半導體設備,低於50DMA,新聞提及 1 次，量價訊號尚需確認。,Applied Materials Guides 30% Semiconductor Equipment Growth — So Why Is AMAT Down 27% From Peak? - TradingKey,534.7382202148438,60D,60,,,,,
2026-08-16,MP,100.0,高優先觀察,能源/材料,未觸發主要風險,新聞提及 1 次，且價格站上 50DMA，值得加入觀察清單。,"MP, USAR, UAMY, UUUU Stocks In Focus: U.S.-China Agreement Could Ease Rare Earth Supply Crunch - Stocktwits",58.5099983215332,5D,5,2026-08-24,-0.018629297280064017,-0.032265973934478054,0.013636676654414037,False
2026-08-16,MP,100.0,高優先觀察,能源/材料,未觸發主要風險,新聞提及 1 次，且價格站上 50DMA，值得加入觀察清單。,"MP, USAR, UAMY, UUUU Stocks In Focus: U.S.-China Agreement Could Ease Rare Earth Supply Crunch - Stocktwits",58.5099983215332,20D,20,2026-09-15,-0.15963083952355073,-0.03470483457620299,-0.12492600494734774,False
2026-08-16,MP,100.0,高優先觀察,能源/材料,未觸發主要風險,新聞提及 1 次，且價格站上 50DMA，值得加入觀察清單。,"MP, USAR, UAMY, UUUU Stocks In Focus: U.S.-China Agreement Could Ease Rare Earth Supply Crunch - Stocktwits",58.5099983215332,60D,60,,,,,
2026-08-16,USAR,86.57353825857194,高優先觀察,能源/材料,未觸發主要風險,新聞提及 1 次，且價格站上 50DMA，值得加入觀察清單。,"MP, USAR, UAMY, UUUU Stocks In Focus: U.S.-China Agreement Could Ease Rare Earth Supply Crunch - Stocktwits",19.290000915527344,5D,5,2026-08-24,-0.05184032931771698,-0.032265973934478054,-0.01957435538323893,False
2026-08-16,USAR,86.57353825857194,高優先觀察,能源/材料,未觸發主要風險,新聞提及 1 次，且價格站上 50DMA，值得加入觀察清單。,"MP, USAR, UAMY, UUUU Stocks In Focus: U.S.-China Agreement Could Ease Rare Earth Supply Crunch - Stocktwits",19.290000915527344,20D,20,2026-09-15,-0.2016589482826744,-0.03470483457620299,-0.1669541137064714,False
2026-08-16,USAR,86.57353825857194,高優先觀察,能源/材料,未觸發主要風險,新聞提及 1 次，且價格站上 50DMA，值得加入觀察清單。,"MP, USAR, UAMY, UUUU Stocks In Focus: U.S.-China Agreement Could Ease Rare Earth Supply Crunch - Stocktwits",19.290000915527344,60D,60,,,,,
2026-08-16,UUUU,84.44623539104565,高優先觀察,能源/材料,未觸發主要風險,新聞提及 1 次，且價格站上 50DMA，值得加入觀察清單。,"MP, USAR, UAMY, UUUU Stocks In Focus: U.S.-China Agreement Could Ease Rare Earth Supply Crunch - Stocktwits",14.789999961853027,5D,5,2026-08-24,0.006085203030427477,-0.032265973934478054,0.03835117696490553,True
2026-08-16,UUUU,84.44623539104565,高優先觀察,能源/材料,未觸發主要風險,新聞提及 1 次，且價格站上 50DMA，值得加入觀察清單。,"MP, USAR, UAMY, UUUU Stocks In Focus: U.S.-China Agreement Could Ease Rare Earth Supply Crunch - Stocktwits",14.789999961853027,20D,20,2026-09-15,-0.19810685008336426,-0.03470483457620299,-0.16340201550716127,False
2026-08-16,UUUU,84.44623539104565,高優先觀察,能源/材料,未觸發主要風險,新聞提及 1 次，且價格站上 50DMA，值得加入觀察清單。,"MP, USAR, UAMY, UUUU Stocks In Focus: U.S.-China Agreement Could Ease Rare Earth Supply Crunch - Stocktwits",14.789999961853027,60D,60,,,,,
2026-08-16,PPRUY,72.99624304472363,可觀察,消費復甦,未觸發主要風險,新聞提及 1 次，且價格站上 50DMA，值得加入觀察清單。,Kering: The Gucci Reset Is Becoming An Earnings Recovery (OTCMKTS:PPRUY) - Seeking Alpha,29.6299991607666,5D,5,2026-08-24,0.004724984845171587,-0.032265973934478054,0.03699095877964964,True
2026-08-16,PPRUY,72.99624304472363,可觀察,消費復甦,未觸發主要風險,新聞提及 1 次，且價格站上 50DMA，值得加入觀察清單。,Kering: The Gucci Reset Is Becoming An Earnings Recovery (OTCMKTS:PPRUY) - Seeking Alpha,29.6299991607666,20D,20,2026-09-15,-0.08268643013783439,-0.03470483457620299,-0.047981595561631396,False
2026-08-16,PPRUY,72.99624304472363,可觀察,消費復甦,未觸發主要風險,新聞提及 1 次，且價格站上 50DMA，值得加入觀察清單。,Kering: The Gucci Reset Is Becoming An Earnings Recovery (OTCMKTS:PPRUY) - Seeking Alpha,29.6299991607666,60D,60,,,,,
2026-08-16,CRI,35.98639961394816,暫時不強,消費復甦,低於50DMA,新聞提及 1 次，量價訊號尚需確認。,CRI Earnings Beat Raises Questions on Tariff Recovery and Growth Trend - Zacks Investment Research,37.5280876159668,5D,5,2026-08-24,-0.0922791085737682,-0.032265973934478054,-0.060013134639290144,False
2026-08-16,CRI,35.98639961394816,暫時不強,消費復甦,低於50DMA,新聞提及 1 次，量價訊號尚需確認。,CRI Earnings Beat Raises Questions on Tariff Recovery and Growth Trend - Zacks Investment Research,37.5280876159668,20D,20,2026-09-15,-0.2232484661401174,-0.03470483457620299,-0.1885436315639144,False
2026-08-16,CRI,35.98639961394816,暫時不強,消費復甦,低於50DMA,新聞提及 1 次，量價訊號尚需確認。,CRI Earnings Beat Raises Questions on Tariff Recovery and Growth Trend - Zacks Investment Research,37.5280876159668,60D,60,,,,,
2026-08-16,FTRE,29.998164831940613,暫時不強,醫療科技,低於50DMA,新聞提及 1 次，量價訊號尚需確認。,Drug Development Inputs & Services Stocks Q2 In Review: Fortrea (NASDAQ:FTRE) Vs Peers - StockStory,18.100000381469727,5D,5,2026-08-24,0.011602159118606847,-0.032265973934478054,0.0438681330530849,True
2026-08-16,FTRE,29.998164831940613,暫時不強,醫療科技,低於50DMA,新聞提及 1 次，量價訊號尚需確認。,Drug Development Inputs & Services Stocks Q2 In Review: Fortrea (NASDAQ:FTRE) Vs Peers - StockStory,18.100000381469727,20D,20,2026-09-15,0.09005520035432424,-0.03470483457620299,0.12476003493052723,True
2026-08-16,FTRE,29.998164831940613,暫時不強,醫療科技,低於50DMA,新聞提及 1 次，量價訊號尚需確認。,Drug Development Inputs & Services Stocks Q2 In Review: Fortrea (NASDAQ:FTRE) Vs Peers - StockStory,18.100000381469727,60D,60,,,,,
2026-08-16,UAMY,20.74973162920098,暫時不強,能源/材料,低於50DMA,新聞提及 1 次，量價訊號尚需確認。,"MP, USAR, UAMY, UUUU Stocks In Focus: U.S.-China Agreement Could Ease Rare Earth Supply Crunch - Stocktwits",5.619999885559082,5D,5,2026-08-24,-0.09252668888173543,-0.032265973934478054,-0.06026071494725738,False
2026-08-16,UAMY,20.74973162920098,暫時不強,能源/材料,低於50DMA,新聞提及 1 次，量價訊號尚需確認。,"MP, USAR, UAMY, UUUU Stocks In Focus: U.S.-China Agreement Could Ease Rare Earth Supply Crunch - Stocktwits",5.619999885559082,20D,20,2026-09-15,-0.17081851560419936,-0.03470483457620299,-0.13611368102799637,False
2026-08-16,UAMY,20.74973162920098,暫時不強,能源/材料,低於50DMA,新聞提及 1 次，量價訊號尚需確認。,"MP, USAR, UAMY, UUUU Stocks In Focus: U.S.-China Agreement Could Ease Rare Earth Supply Crunch - Stocktwits",5.619999885559082,60D,60,,,,,
2026-08-17,ETON,97.59245774017823,高優先觀察,醫療科技,短線漲幅過大,新聞提及 1 次，且價格站上 50DMA，值得加入觀察清單。,"Biotech Stocks At 52-Week Highs - ETON +44%, DXCM, ORKA, CON, ATAI - RTTNews",61.72999954223633,5D,5,2026-08-24,0.04373887547321442,-0.032265973934478054,0.07600484940769248,True
2026-08-17,ETON,97.59245774017823,高優先觀察,醫療科技,短線漲幅過大,新聞提及 1 次，且價格站上 50DMA，值得加入觀察清單。,"Biotech Stocks At 52-Week Highs - ETON +44%, DXCM, ORKA, CON, ATAI - RTTNews",61.72999954223633,20D,20,2026-09-15,-0.11015712437204728,-0.03470483457620299,-0.07545228979584429,False
2026-08-17,ETON,97.59245774017823,高優先觀察,醫療科技,短線漲幅過大,新聞提及 1 次，且價格站上 50DMA，值得加入觀察清單。,"Biotech Stocks At 52-Week Highs - ETON +44%, DXCM, ORKA, CON, ATAI - RTTNews",61.72999954223633,60D,60,,,,,
2026-08-17,PATH,95.91667435794547,高優先觀察,機器人/自動化,未觸發主要風險,新聞提及 1 次，且價格站上 50DMA，值得加入觀察清單。,Is UiPath’s (PATH) AI Tailwind Rally Reshaping Its Core Risk‑Reward Narrative? - simplywall.st,15.989999771118164,5D,5,2026-08-24,0.03627266616686731,-0.032265973934478054,0.06853864010134536,True
2026-08-17,PATH,95.91667435794547,高優先觀察,機器人/自動化,未觸發主要風險,新聞提及 1 次，且價格站上 50DMA，值得加入觀察清單。,Is UiPath’s (PATH) AI Tailwind Rally Reshaping Its Core Risk‑Reward Narrative? - simplywall.st,15.989999771118164,20D,20,2026-09-15,-0.11006880888521497,-0.03470483457620299,-0.07536397430901198,False
2026-08-17,PATH,95.91667435794547,高優先觀察,機器人/自動化,未觸發主要風險,新聞提及 1 次，且價格站上 50DMA，值得加入觀察清單。,Is UiPath’s (PATH) AI Tailwind Rally Reshaping Its Core Risk‑Reward Narrative? - simplywall.st,15.989999771118164,60D,60,,,,,
2026-08-17,DXCM,92.89789011137212,高優先觀察,醫療科技,未觸發主要風險,新聞提及 1 次，且價格站上 50DMA，值得加入觀察清單。,"Biotech Stocks At 52-Week Highs - ETON +44%, DXCM, ORKA, CON, ATAI - RTTNews",88.76000213623047,5D,5,2026-08-24,0.025912521034341607,-0.032265973934478054,0.05817849496881966,True
2026-08-17,DXCM,92.89789011137212,高優先觀察,醫療科技,未觸發主要風險,新聞提及 1 次，且價格站上 50DMA，值得加入觀察清單。,"Biotech Stocks At 52-Week Highs - ETON +44%, DXCM, ORKA, CON, ATAI - RTTNews",88.76000213623047,20D,20,2026-09-15,-0.026025294416316513,-0.03470483457620299,0.008679540159886479,False
2026-08-17,DXCM,92.89789011137212,高優先觀察,醫療科技,未觸發主要風險,新聞提及 1 次，且價格站上 50DMA，值得加入觀察清單。,"Biotech Stocks At 52-Week Highs - ETON +44%, DXCM, ORKA, CON, ATAI - RTTNews",88.76000213623047,60D,60,,,,,
2026-08-17,ORKA,92.6066975281987,高優先觀察,醫療科技,未觸發主要風險,新聞提及 1 次，且價格站上 50DMA，值得加入觀察清單。,"Biotech Stocks At 52-Week Highs - ETON +44%, DXCM, ORKA, CON, ATAI - RTTNews",112.66000366210938,5D,5,2026-08-24,-0.0908929980499198,-0.032265973934478054,-0.05862702411544174,False
2026-08-17,ORKA,92.6066975281987,高優先觀察,醫療科技,未觸發主要風險,新聞提及 1 次，且價格站上 50DMA，值得加入觀察清單。,"Biotech Stocks At 52-Week Highs - ETON +44%, DXCM, ORKA, CON, ATAI - RTTNews",112.66000366210938,20D,20,2026-09-15,-0.18160843288476158,-0.03470483457620299,-0.1469035983085586,False
2026-08-17,ORKA,92.6066975281987,高優先觀察,醫療科技,未觸發主要風險,新聞提及 1 次，且價格站上 50DMA，值得加入觀察清單。,"Biotech Stocks At 52-Week Highs - ETON +44%, DXCM, ORKA, CON, ATAI - RTTNews",112.66000366210938,60D,60,,,,,
2026-08-17,NET,84.75815426767473,高優先觀察,網路安全,未觸發主要風險,新聞提及 1 次，且價格站上 50DMA，值得加入觀察清單。,PANW vs. NET: Which Cybersecurity Stock Has an Edge Right Now? - TradingView,307.010009765625,5D,5,2026-08-24,-0.08683757146049387,-0.032265973934478054,-0.054571597526015814,False
2026-08-17,NET,84.75815426767473,高優先觀察,網路安全,未觸發主要風險,新聞提及 1 次，且價格站上 50DMA，值得加入觀察清單。,PANW vs. NET: Which Cybersecurity Stock Has an Edge Right Now? - TradingView,307.010009765625,20D,20,2026-09-15,0.06586104875257748,-0.03470483457620299,0.10056588332878047,True
2026-08-17,NET,84.75815426767473,高優先觀察,網路安全,未觸發主要風險,新聞提及 1 次，且價格站上 50DMA，值得加入觀察清單。,PANW vs. NET: Which Cybersecurity Stock Has an Edge Right Now? - TradingView,307.010009765625,60D,60,,,,,
2026-08-17,CON,83.23446775854237,高優先觀察,醫療科技,未觸發主要風險,新聞提及 1 次，且價格站上 50DMA，值得加入觀察清單。,"Biotech Stocks At 52-Week Highs - ETON +44%, DXCM, ORKA, CON, ATAI - RTTNews",35.46562194824219,5D,5,2026-08-24,-0.013410740983747615,-0.032265973934478054,0.01885523295073044,False
2026-08-17,CON,83.23446775854237,高優先觀察,醫療科技,未觸發主要風險,新聞提及 1 次，且價格站上 50DMA，值得加入觀察清單。,"Biotech Stocks At 52-Week Highs - ETON +44%, DXCM, ORKA, CON, ATAI - RTTNews",35.46562194824219,20D,20,2026-09-15,0.004352862720633288,-0.03470483457620299,0.03905769729683628,True
2026-08-17,CON,83.23446775854237,高優先觀察,醫療科技,未觸發主要風險,新聞提及 1 次，且價格站上 50DMA，值得加入觀察清單。,"Biotech Stocks At 52-Week Highs - ETON +44%, DXCM, ORKA, CON, ATAI - RTTNews",35.46562194824219,60D,60,,,,,
2026-08-17,KTOS,81.65834334685607,高優先觀察,國防/航太,未觸發主要風險,新聞提及 1 次，且價格站上 50DMA，值得加入觀察清單。,Kratos Defense & Security Solutions (KTOS) Stock In Focus As US Tariffs Hit Imported Drones - webull.com,63.290000915527344,5D,5,2026-08-24,-0.16147892357188742,-0.032265973934478054,-0.12921294963740937,False
2026-08-17,KTOS,81.65834334685607,高優先觀察,國防/航太,未觸發主要風險,新聞提及 1 次，且價格站上 50DMA，值得加入觀察清單。,Kratos Defense & Security Solutions (KTOS) Stock In Focus As US Tariffs Hit Imported Drones - webull.com,63.290000915527344,20D,20,2026-09-15,-0.24759048438879316,-0.03470483457620299,-0.21288564981259017,False
2026-08-17,KTOS,81.65834334685607,高優先觀察,國防/航太,未觸發主要風險,新聞提及 1 次，且價格站上 50DMA，值得加入觀察清單。,Kratos Defense & Security Solutions (KTOS) Stock In Focus As US Tariffs Hit Imported Drones - webull.com,63.290000915527344,60D,60,,,,,
2026-08-17,PANW,75.24054198699578,可觀察,網路安全,未觸發主要風險,新聞提及 2 次，且價格站上 50DMA，值得加入觀察清單。,PANW vs. NET: Which Cybersecurity Stock Has an Edge Right Now? - TradingView,375.760009765625,5D,5,2026-08-24,-0.06615929109818453,-0.032265973934478054,-0.03389331716370647,False
2026-08-17,PANW,75.24054198699578,可觀察,網路安全,未觸發主要風險,新聞提及 2 次，且價格站上 50DMA，值得加入觀察清單。,PANW vs. NET: Which Cybersecurity Stock Has an Edge Right Now? - TradingView,375.760009765625,20D,20,2026-09-15,-0.0017830887010895635,-0.03470483457620299,0.03292174587511343,False
2026-08-17,PANW,75.24054198699578,可觀察,網路安全,未觸發主要風險,新聞提及 2 次，且價格站上 50DMA，值得加入觀察清單。,PANW vs. NET: Which Cybersecurity Stock Has an Edge Right Now? - TradingView,375.760009765625,60D,60,,,,,
2026-08-17,RPD,56.82103577170828,題材有熱度但訊號普通,網路安全,未觸發主要風險,新聞提及 1 次，量價訊號尚需確認。,Why Rapid7 (RPD) Stock Is Trading Up Today - StockStory,12.369999885559082,5D,5,2026-08-24,-0.014551358677530435,-0.032265973934478054,0.01771461525694762,False
2026-08-17,RPD,56.82103577170828,題材有熱度但訊號普通,網路安全,未觸發主要風險,新聞提及 1 次，量價訊號尚需確認。,Why Rapid7 (RPD) Stock Is Trading Up Today - StockStory,12.369999885559082,20D,20,2026-09-15,0.007275679338765162,-0.03470483457620299,0.041980513914968154,True
2026-08-17,RPD,56.82103577170828,題材有熱度但訊號普通,網路安全,未觸發主要風險,新聞提及 1 次，量價訊號尚需確認。,Why Rapid7 (RPD) Stock Is Trading Up Today - StockStory,12.369999885559082,60D,60,,,,,
2026-08-17,FTRE,52.373662853093094,題材有熱度但訊號普通,醫療科技,未觸發主要風險,新聞提及 1 次，量價訊號尚需確認。,Drug Development Inputs & Services Stocks Q2 In Review: Fortrea (NASDAQ:FTRE) Vs Peers - StockStory,18.100000381469727,5D,5,2026-08-24,0.011602159118606847,-0.032265973934478054,0.0438681330530849,True
2026-08-17,FTRE,52.373662853093094,題材有熱度但訊號普通,醫療科技,未觸發主要風險,新聞提及 1 次，量價訊號尚需確認。,Drug Development Inputs & Services Stocks Q2 In Review: Fortrea (NASDAQ:FTRE) Vs Peers - StockStory,18.100000381469727,20D,20,2026-09-15,0.09005520035432424,-0.03470483457620299,0.12476003493052723,True
2026-08-17,FTRE,52.373662853093094,題材有熱度但訊號普通,醫療科技,未觸發主要風險,新聞提及 1 次，量價訊號尚需確認。,Drug Development Inputs & Services Stocks Q2 In Review: Fortrea (NASDAQ:FTRE) Vs Peers - StockStory,18.100000381469727,60D,60,,,,,
2026-08-17,ATAI,50.7419605647709,題材有熱度但訊號普通,醫療科技,未觸發主要風險,新聞提及 1 次，量價訊號尚需確認。,"Biotech Stocks At 52-Week Highs - ETON +44%, DXCM, ORKA, CON, ATAI - RTTNews",7.239999771118164,5D,5,2026-08-24,0.01933706460616813,-0.032265973934478054,0.051603038540646184,True
2026-08-17,ATAI,50.7419605647709,題材有熱度但訊號普通,醫療科技,未觸發主要風險,新聞提及 1 次，量價訊號尚需確認。,"Biotech Stocks At 52-Week Highs - ETON +44%, DXCM, ORKA, CON, ATAI - RTTNews",7.239999771118164,20D,20,2026-09-15,0.015193389087278408,-0.03470483457620299,0.0498982236634814,True
2026-08-17,ATAI,50.7419605647709,題材有熱度但訊號普通,醫療科技,未觸發主要風險,新聞提及 1 次，量價訊號尚需確認。,"Biotech Stocks At 52-Week Highs - ETON +44%, DXCM, ORKA, CON, ATAI - RTTNews",7.239999771118164,60D,60,,,,,
2026-08-18,CRWD,87.57188404920394,高優先觀察,網路安全,未觸發主要風險,新聞提及 1 次，且價格站上 50DMA，值得加入觀察清單。,CRWD vs. FTNT: Which Cybersecurity Stock Should You Buy Right Now? - The Globe and Mail,212.9199981689453,5D,5,2026-08-25,-0.12934432426718645,-0.00946332026703911,-0.11988100400014734,False
2026-08-18,CRWD,87.57188404920394,高優先觀察,網路安全,未觸發主要風險,新聞提及 1 次，且價格站上 50DMA，值得加入觀察清單。,CRWD vs. FTNT: Which Cybersecurity Stock Should You Buy Right Now? - The Globe and Mail,212.9199981689453,20D,20,2026-09-16,0.1335713069978519,-0.017825600950044707,0.15139690794789662,True
2026-08-18,CRWD,87.57188404920394,高優先觀察,網路安全,未觸發主要風險,新聞提及 1 次，且價格站上 50DMA，值得加入觀察清單。,CRWD vs. FTNT: Which Cybersecurity Stock Should You Buy Right Now? - The Globe and Mail,212.9199981689453,60D,60,,,,,
2026-08-18,KTOS,80.01546055130262,高優先觀察,國防/航太,未觸發主要風險,新聞提及 1 次，且價格站上 50DMA，值得加入觀察清單。,Kratos Defense & Security Solutions (KTOS) Stock In Focus As US Tariffs Hit Imported Drones - webull.com,61.9900016784668,5D,5,2026-08-25,-0.15083081199635184,-0.00946332026703911,-0.14136749172931273,False
2026-08-18,KTOS,80.01546055130262,高優先觀察,國防/航太,未觸發主要風險,新聞提及 1 次，且價格站上 50DMA，值得加入觀察清單。,Kratos Defense & Security Solutions (KTOS) Stock In Focus As US Tariffs Hit Imported Drones - webull.com,61.9900016784668,20D,20,2026-09-16,-0.23229554986253487,-0.017825600950044707,-0.21446994891249016,False
2026-08-18,KTOS,80.01546055130262,高優先觀察,國防/航太,未觸發主要風險,新聞提及 1 次，且價格站上 50DMA，值得加入觀察清單。,Kratos Defense & Security Solutions (KTOS) Stock In Focus As US Tariffs Hit Imported Drones - webull.com,61.9900016784668,60D,60,,,,,
2026-08-18,EEA,55.06154501847751,題材有熱度但訊號普通,加密/交易平台,未觸發主要風險,新聞提及 1 次，量價訊號尚需確認。,Announcing US-listed-stock trading for EEA customers - Kraken Blog,11.170000076293945,5D,5,2026-08-25,0.016114619869859848,-0.00946332026703911,0.025577940136898958,True
2026-08-18,EEA,55.06154501847751,題材有熱度但訊號普通,加密/交易平台,未觸發主要風險,新聞提及 1 次，量價訊號尚需確認。,Announcing US-listed-stock trading for EEA customers - Kraken Blog,11.170000076293945,20D,20,2026-09-16,-0.04744849859902933,-0.017825600950044707,-0.029622897648984625,False
2026-08-18,EEA,55.06154501847751,題材有熱度但訊號普通,加密/交易平台,未觸發主要風險,新聞提及 1 次，量價訊號尚需確認。,Announcing US-listed-stock trading for EEA customers - Kraken Blog,11.170000076293945,60D,60,,,,,
2026-08-18,FTNT,51.21192156859694,題材有熱度但訊號普通,網路安全,未觸發主要風險,新聞提及 1 次，量價訊號尚需確認。,CRWD vs. FTNT: Which Cybersecurity Stock Should You Buy Right Now? - The Globe and Mail,158.00999450683594,5D,5,2026-08-25,-0.027529846186649776,-0.00946332026703911,-0.018066525919610665,False
2026-08-18,FTNT,51.21192156859694,題材有熱度但訊號普通,網路安全,未觸發主要風險,新聞提及 1 次，量價訊號尚需確認。,CRWD vs. FTNT: Which Cybersecurity Stock Should You Buy Right Now? - The Globe and Mail,158.00999450683594,20D,20,2026-09-16,0.08708316083783996,-0.017825600950044707,0.10490876178788466,True
2026-08-18,FTNT,51.21192156859694,題材有熱度但訊號普通,網路安全,未觸發主要風險,新聞提及 1 次，量價訊號尚需確認。,CRWD vs. FTNT: Which Cybersecurity Stock Should You Buy Right Now? - The Globe and Mail,158.00999450683594,60D,60,,,,,
2026-08-18,RMBS,0.0,低優先或資料不足,半導體設備,低於50DMA,新聞提及 1 次，量價訊號尚需確認。,Rambus (NASDAQ:RMBS): An Affordable Growth Stock with Strong Fundamentals - ChartMill,93.70999908447266,5D,5,2026-08-25,-0.041084180041988994,-0.00946332026703911,-0.03162085977494988,False
2026-08-18,RMBS,0.0,低優先或資料不足,半導體設備,低於50DMA,新聞提及 1 次，量價訊號尚需確認。,Rambus (NASDAQ:RMBS): An Affordable Growth Stock with Strong Fundamentals - ChartMill,93.70999908447266,20D,20,2026-09-16,-0.13125595499446907,-0.017825600950044707,-0.11343035404442436,False
2026-08-18,RMBS,0.0,低優先或資料不足,半導體設備,低於50DMA,新聞提及 1 次，量價訊號尚需確認。,Rambus (NASDAQ:RMBS): An Affordable Growth Stock with Strong Fundamentals - ChartMill,93.70999908447266,60D,60,,,,,
2026-08-19,BILL,100.0,高優先觀察,金融科技,未觸發主要風險,新聞提及 1 次，且價格站上 50DMA，值得加入觀察清單。,BILL Stock And 2 Digital Payments Picks Retail Investors May Want To Watch - simplywall.st,47.709999084472656,5D,5,2026-08-26,0.008384018728876619,-0.006577450831660836,0.014961469560537455,True
2026-08-19,BILL,100.0,高優先觀察,金融科技,未觸發主要風險,新聞提及 1 次，且價格站上 50DMA，值得加入觀察清單。,BILL Stock And 2 Digital Payments Picks Retail Investors May Want To Watch - simplywall.st,47.709999084472656,20D,20,2026-09-17,-0.002934382568328342,0.0011730333389590175,-0.0041074159072873595,False
2026-08-19,BILL,100.0,高優先觀察,金融科技,未觸發主要風險,新聞提及 1 次，且價格站上 50DMA，值得加入觀察清單。,BILL Stock And 2 Digital Payments Picks Retail Investors May Want To Watch - simplywall.st,47.709999084472656,60D,60,,,,,
2026-08-19,AMC,85.53551850525221,高優先觀察,消費復甦,未觸發主要風險,新聞提及 1 次，且價格站上 50DMA，值得加入觀察清單。,AMC Entertainment Stock Moves Higher Wednesday: What's Going On? - TradingView,2.5199999809265137,5D,5,2026-08-26,0.035714251924804374,-0.006577450831660836,0.04229170275646521,True
2026-08-19,AMC,85.53551850525221,高優先觀察,消費復甦,未觸發主要風險,新聞提及 1 次，且價格站上 50DMA，值得加入觀察清單。,AMC Entertainment Stock Moves Higher Wednesday: What's Going On? - TradingView,2.5199999809265137,20D,20,2026-09-17,0.07539684867402374,0.0011730333389590175,0.07422381533506472,True
2026-08-19,AMC,85.53551850525221,高優先觀察,消費復甦,未觸發主要風險,新聞提及 1 次，且價格站上 50DMA，值得加入觀察清單。,AMC Entertainment Stock Moves Higher Wednesday: What's Going On? - TradingView,2.5199999809265137,60D,60,,,,,
2026-08-19,KTOS,80.14134703196261,高優先觀察,國防/航太,未觸發主要風險,新聞提及 1 次，且價格站上 50DMA，值得加入觀察清單。,Kratos Defense & Security Solutions (KTOS) Stock In Focus As US Tariffs Hit Imported Drones - webull.com,60.560001373291016,5D,5,2026-08-26,-0.12599076775253049,-0.006577450831660836,-0.11941331692086965,False
2026-08-19,KTOS,80.14134703196261,高優先觀察,國防/航太,未觸發主要風險,新聞提及 1 次，且價格站上 50DMA，值得加入觀察清單。,Kratos Defense & Security Solutions (KTOS) Stock In Focus As US Tariffs Hit Imported Drones - webull.com,60.560001373291016,20D,20,2026-09-17,-0.21301190940144588,0.0011730333389590175,-0.2141849427404049,False
2026-08-19,KTOS,80.14134703196261,高優先觀察,國防/航太,未觸發主要風險,新聞提及 1 次，且價格站上 50DMA，值得加入觀察清單。,Kratos Defense & Security Solutions (KTOS) Stock In Focus As US Tariffs Hit Imported Drones - webull.com,60.560001373291016,60D,60,,,,,
2026-08-19,UBS,66.74473775160243,可觀察,消費復甦,未觸發主要風險,新聞提及 1 次，量價訊號尚需確認。,Looking beyond the obvious in stocks - UBS,53.130001068115234,5D,5,2026-08-26,0.0261622315396981,-0.006577450831660836,0.032739682371358936,True
2026-08-19,UBS,66.74473775160243,可觀察,消費復甦,未觸發主要風險,新聞提及 1 次，量價訊號尚需確認。,Looking beyond the obvious in stocks - UBS,53.130001068115234,20D,20,2026-09-17,-0.04724265171785946,0.0011730333389590175,-0.04841568505681848,False
2026-08-19,UBS,66.74473775160243,可觀察,消費復甦,未觸發主要風險,新聞提及 1 次，量價訊號尚需確認。,Looking beyond the obvious in stocks - UBS,53.130001068115234,60D,60,,,,,
2026-08-19,FDX,63.69247454921492,可觀察,機器人/自動化,未觸發主要風險,新聞提及 1 次，量價訊號尚需確認。,Should FedEx’s (FDX) Automation and Cost Cuts Strategy Require Action From Investors? - simplywall.st,327.0959167480469,5D,5,2026-08-26,0.023174336103771953,-0.006577450831660836,0.02975178693543279,True
2026-08-19,FDX,63.69247454921492,可觀察,機器人/自動化,未觸發主要風險,新聞提及 1 次，量價訊號尚需確認。,Should FedEx’s (FDX) Automation and Cost Cuts Strategy Require Action From Investors? - simplywall.st,327.0959167480469,20D,20,2026-09-17,-0.06486143904259256,0.0011730333389590175,-0.06603447238155158,False
2026-08-19,FDX,63.69247454921492,可觀察,機器人/自動化,未觸發主要風險,新聞提及 1 次，量價訊號尚需確認。,Should FedEx’s (FDX) Automation and Cost Cuts Strategy Require Action From Investors? - simplywall.st,327.0959167480469,60D,60,,,,,
2026-08-19,MGM,18.116093444864806,低優先或資料不足,消費復甦,低於50DMA,新聞提及 1 次，量價訊號尚需確認。,Argus raises MGM Resorts stock price target on Macau recovery - Investing.com,43.220001220703125,5D,5,2026-08-26,0.005552935145558768,-0.006577450831660836,0.012130385977219604,True
2026-08-19,MGM,18.116093444864806,低優先或資料不足,消費復甦,低於50DMA,新聞提及 1 次，量價訊號尚需確認。,Argus raises MGM Resorts stock price target on Macau recovery - Investing.com,43.220001220703125,20D,20,2026-09-17,-0.11360480584762533,0.0011730333389590175,-0.11477783918658435,False
2026-08-19,MGM,18.116093444864806,低優先或資料不足,消費復甦,低於50DMA,新聞提及 1 次，量價訊號尚需確認。,Argus raises MGM Resorts stock price target on Macau recovery - Investing.com,43.220001220703125,60D,60,,,,,
2026-08-19,NCLH,0.0,低優先或資料不足,消費復甦,低於50DMA,新聞提及 1 次，量價訊號尚需確認。,"NCLH Q2 Deep Dive: Demand Challenges, Cost Cuts, and Brand Overhaul Shape Outlook - StockStory",17.34000015258789,5D,5,2026-08-26,-0.014417531591698896,-0.006577450831660836,-0.00784008076003806,False
2026-08-19,NCLH,0.0,低優先或資料不足,消費復甦,低於50DMA,新聞提及 1 次，量價訊號尚需確認。,"NCLH Q2 Deep Dive: Demand Challenges, Cost Cuts, and Brand Overhaul Shape Outlook - StockStory",17.34000015258789,20D,20,2026-09-17,-0.1701268617823436,0.0011730333389590175,-0.17129989512130261,False
2026-08-19,NCLH,0.0,低優先或資料不足,消費復甦,低於50DMA,新聞提及 1 次，量價訊號尚需確認。,"NCLH Q2 Deep Dive: Demand Challenges, Cost Cuts, and Brand Overhaul Shape Outlook - StockStory",17.34000015258789,60D,60,,,,,
2026-08-20,UUUU,83.80371793020656,高優先觀察,能源/材料,未觸發主要風險,新聞提及 1 次，且價格站上 50DMA，值得加入觀察清單。,"MP, USAR, UAMY, UUUU Stocks In Focus: U.S.-China Agreement Could Ease Rare Earth Supply Crunch - Stocktwits",13.899999618530273,5D,5,2026-08-27,0.1323741153298279,0.014319315159003088,0.11805480017082481,True
2026-08-20,UUUU,83.80371793020656,高優先觀察,能源/材料,未觸發主要風險,新聞提及 1 次，且價格站上 50DMA，值得加入觀察清單。,"MP, USAR, UAMY, UUUU Stocks In Focus: U.S.-China Agreement Could Ease Rare Earth Supply Crunch - Stocktwits",13.899999618530273,20D,20,2026-09-18,-0.15827337191666446,0.014797582485429395,-0.17307095440209386,False
2026-08-20,UUUU,83.80371793020656,高優先觀察,能源/材料,未觸發主要風險,新聞提及 1 次，且價格站上 50DMA，值得加入觀察清單。,"MP, USAR, UAMY, UUUU Stocks In Focus: U.S.-China Agreement Could Ease Rare Earth Supply Crunch - Stocktwits",13.899999618530273,60D,60,,,,,
2026-08-20,MP,80.60692212008561,高優先觀察,能源/材料,未觸發主要風險,新聞提及 1 次，且價格站上 50DMA，值得加入觀察清單。,"MP, USAR, UAMY, UUUU Stocks In Focus: U.S.-China Agreement Could Ease Rare Earth Supply Crunch - Stocktwits",55.040000915527344,5D,5,2026-08-27,0.07249269253997981,0.014319315159003088,0.05817337738097672,True
2026-08-20,MP,80.60692212008561,高優先觀察,能源/材料,未觸發主要風險,新聞提及 1 次，且價格站上 50DMA，值得加入觀察清單。,"MP, USAR, UAMY, UUUU Stocks In Focus: U.S.-China Agreement Could Ease Rare Earth Supply Crunch - Stocktwits",55.040000915527344,20D,20,2026-09-18,-0.1413517889640754,0.014797582485429395,-0.1561493714495048,False
2026-08-20,MP,80.60692212008561,高優先觀察,能源/材料,未觸發主要風險,新聞提及 1 次，且價格站上 50DMA，值得加入觀察清單。,"MP, USAR, UAMY, UUUU Stocks In Focus: U.S.-China Agreement Could Ease Rare Earth Supply Crunch - Stocktwits",55.040000915527344,60D,60,,,,,
2026-08-20,AMC,71.21840259906124,可觀察,消費復甦,未觸發主要風險,新聞提及 1 次，且價格站上 50DMA，值得加入觀察清單。,AMC Entertainment Stock Moves Higher Wednesday: What's Going On? - TradingView,2.4700000286102295,5D,5,2026-08-27,0.09311741555035447,0.014319315159003088,0.07879810039135138,True
2026-08-20,AMC,71.21840259906124,可觀察,消費復甦,未觸發主要風險,新聞提及 1 次，且價格站上 50DMA，值得加入觀察清單。,AMC Entertainment Stock Moves Higher Wednesday: What's Going On? - TradingView,2.4700000286102295,20D,20,2026-09-18,0.09311741555035447,0.014797582485429395,0.07831983306492507,True
2026-08-20,AMC,71.21840259906124,可觀察,消費復甦,未觸發主要風險,新聞提及 1 次，且價格站上 50DMA，值得加入觀察清單。,AMC Entertainment Stock Moves Higher Wednesday: What's Going On? - TradingView,2.4700000286102295,60D,60,,,,,
2026-08-20,USAR,60.797985175155105,可觀察,能源/材料,低於50DMA,新聞提及 1 次，量價訊號尚需確認。,"MP, USAR, UAMY, UUUU Stocks In Focus: U.S.-China Agreement Could Ease Rare Earth Supply Crunch - Stocktwits",17.110000610351562,5D,5,2026-08-27,0.12507301655814884,0.014319315159003088,0.11075370139914575,True
2026-08-20,USAR,60.797985175155105,可觀察,能源/材料,低於50DMA,新聞提及 1 次，量價訊號尚需確認。,"MP, USAR, UAMY, UUUU Stocks In Focus: U.S.-China Agreement Could Ease Rare Earth Supply Crunch - Stocktwits",17.110000610351562,20D,20,2026-09-18,-0.10169495398730599,0.014797582485429395,-0.11649253647273539,False
2026-08-20,USAR,60.797985175155105,可觀察,能源/材料,低於50DMA,新聞提及 1 次，量價訊號尚需確認。,"MP, USAR, UAMY, UUUU Stocks In Focus: U.S.-China Agreement Could Ease Rare Earth Supply Crunch - Stocktwits",17.110000610351562,60D,60,,,,,
2026-08-20,UBS,57.64709621562992,題材有熱度但訊號普通,消費復甦,未觸發主要風險,新聞提及 1 次，量價訊號尚需確認。,Looking beyond the obvious in stocks - UBS,53.20000076293945,5D,5,2026-08-27,0.021804508097304387,0.014319315159003088,0.007485192938301299,True
2026-08-20,UBS,57.64709621562992,題材有熱度但訊號普通,消費復甦,未觸發主要風險,新聞提及 1 次，量價訊號尚需確認。,Looking beyond the obvious in stocks - UBS,53.20000076293945,20D,20,2026-09-18,-0.04718049060591378,0.014797582485429395,-0.06197807309134318,False
2026-08-20,UBS,57.64709621562992,題材有熱度但訊號普通,消費復甦,未觸發主要風險,新聞提及 1 次，量價訊號尚需確認。,Looking beyond the obvious in stocks - UBS,53.20000076293945,60D,60,,,,,
2026-08-20,GE,37.801602437626165,暫時不強,國防/航太,低於50DMA,新聞提及 1 次，量價訊號尚需確認。,GE Aerospace Stock Leads 3 Defense Picks Backed By Long Term Contract Demand - simplywall.st,344.6400146484375,5D,5,2026-08-27,-0.005542025246423443,0.014319315159003088,-0.01986134040542653,False
2026-08-20,GE,37.801602437626165,暫時不強,國防/航太,低於50DMA,新聞提及 1 次，量價訊號尚需確認。,GE Aerospace Stock Leads 3 Defense Picks Backed By Long Term Contract Demand - simplywall.st,344.6400146484375,20D,20,2026-09-18,-0.08812100842598225,0.014797582485429395,-0.10291859091141164,False
2026-08-20,GE,37.801602437626165,暫時不強,國防/航太,低於50DMA,新聞提及 1 次，量價訊號尚需確認。,GE Aerospace Stock Leads 3 Defense Picks Backed By Long Term Contract Demand - simplywall.st,344.6400146484375,60D,60,,,,,
2026-08-20,AVAV,27.475181216320713,暫時不強,國防/航太,低於50DMA,新聞提及 1 次，量價訊號尚需確認。,AVAV Stock Rides Drone Defense Bull Wave As New Air Force Contract Adds Fuel — Here's What Investors Need To Know - Stocktwits,159.7899932861328,5D,5,2026-08-27,-0.04699915402955135,0.014319315159003088,-0.061318469188554436,False
2026-08-20,AVAV,27.475181216320713,暫時不強,國防/航太,低於50DMA,新聞提及 1 次，量價訊號尚需確認。,AVAV Stock Rides Drone Defense Bull Wave As New Air Force Contract Adds Fuel — Here's What Investors Need To Know - Stocktwits,159.7899932861328,20D,20,2026-09-18,0.0010013371852570785,0.014797582485429395,-0.013796245300172316,True
2026-08-20,AVAV,27.475181216320713,暫時不強,國防/航太,低於50DMA,新聞提及 1 次，量價訊號尚需確認。,AVAV Stock Rides Drone Defense Bull Wave As New Air Force Contract Adds Fuel — Here's What Investors Need To Know - Stocktwits,159.7899932861328,60D,60,,,,,
2026-08-20,MGM,18.646238141986,低優先或資料不足,消費復甦,低於50DMA,新聞提及 1 次，量價訊號尚需確認。,Argus raises MGM Resorts stock price target on Macau recovery - Investing.com,43.16999816894531,5D,5,2026-08-27,-0.004632776389276172,0.014319315159003088,-0.01895209154827926,False
2026-08-20,MGM,18.646238141986,低優先或資料不足,消費復甦,低於50DMA,新聞提及 1 次，量價訊號尚需確認。,Argus raises MGM Resorts stock price target on Macau recovery - Investing.com,43.16999816894531,20D,20,2026-09-18,-0.1241602275422391,0.014797582485429395,-0.1389578100276685,False
2026-08-20,MGM,18.646238141986,低優先或資料不足,消費復甦,低於50DMA,新聞提及 1 次，量價訊號尚需確認。,Argus raises MGM Resorts stock price target on Macau recovery - Investing.com,43.16999816894531,60D,60,,,,,
2026-08-20,UAMY,6.623188697412649,低優先或資料不足,能源/材料,低於50DMA,新聞提及 1 次，量價訊號尚需確認。,"MP, USAR, UAMY, UUUU Stocks In Focus: U.S.-China Agreement Could Ease Rare Earth Supply Crunch - Stocktwits",5.269999980926514,5D,5,2026-08-27,-0.020872890685488255,0.014319315159003088,-0.03519220584449134,False
2026-08-20,UAMY,6.623188697412649,低優先或資料不足,能源/材料,低於50DMA,新聞提及 1 次，量價訊號尚需確認。,"MP, USAR, UAMY, UUUU Stocks In Focus: U.S.-China Agreement Could Ease Rare Earth Supply Crunch - Stocktwits",5.269999980926514,20D,20,2026-09-18,-0.12144210034192027,0.014797582485429395,-0.13623968282734966,False
2026-08-20,UAMY,6.623188697412649,低優先或資料不足,能源/材料,低於50DMA,新聞提及 1 次，量價訊號尚需確認。,"MP, USAR, UAMY, UUUU Stocks In Focus: U.S.-China Agreement Could Ease Rare Earth Supply Crunch - Stocktwits",5.269999980926514,60D,60,,,,,
2026-08-20,FTAI,0.0,低優先或資料不足,能源/材料,低於50DMA,新聞提及 1 次，量價訊號尚需確認。,"Enpro, Valmont, Cummins, Regal Rexnord, and FTAI Infrastructure Shares Are Falling, What You Need To Know - StockStory",197.80999755859375,5D,5,2026-08-27,0.008139126587242584,0.014319315159003088,-0.006180188571760503,True
2026-08-20,FTAI,0.0,低優先或資料不足,能源/材料,低於50DMA,新聞提及 1 次，量價訊號尚需確認。,"Enpro, Valmont, Cummins, Regal Rexnord, and FTAI Infrastructure Shares Are Falling, What You Need To Know - StockStory",197.80999755859375,20D,20,2026-09-18,-0.03574132830842114,0.014797582485429395,-0.05053891079385053,False
2026-08-20,FTAI,0.0,低優先或資料不足,能源/材料,低於50DMA,新聞提及 1 次，量價訊號尚需確認。,"Enpro, Valmont, Cummins, Regal Rexnord, and FTAI Infrastructure Shares Are Falling, What You Need To Know - StockStory",197.80999755859375,60D,60,,,,,
2026-08-21,INFQ,100.0,高優先觀察,量子運算,未觸發主要風險,新聞提及 1 次，且價格站上 50DMA，值得加入觀察清單。,Infleqtion: Strong Growth But Valuation Already Prices A Breakthrough (NYSE:INFQ) - Seeking Alpha,14.119999885559082,5D,5,2026-08-28,-0.09348439840812028,0.004190947648994525,-0.09767534605711481,False
2026-08-21,INFQ,100.0,高優先觀察,量子運算,未觸發主要風險,新聞提及 1 次，且價格站上 50DMA，值得加入觀察清單。,Infleqtion: Strong Growth But Valuation Already Prices A Breakthrough (NYSE:INFQ) - Seeking Alpha,14.119999885559082,20D,20,2026-09-21,-0.011331434044538846,0.04037138834036691,-0.051702822384905756,False
2026-08-21,INFQ,100.0,高優先觀察,量子運算,未觸發主要風險,新聞提及 1 次，且價格站上 50DMA，值得加入觀察清單。,Infleqtion: Strong Growth But Valuation Already Prices A Breakthrough (NYSE:INFQ) - Seeking Alpha,14.119999885559082,60D,60,,,,,
2026-08-21,ACHR,93.63376720119219,高優先觀察,量子運算,未觸發主要風險,新聞提及 1 次，且價格站上 50DMA，值得加入觀察清單。,Archer Aviation (ACHR) Is Up 18.4% After AI Breakthrough In Aircraft Trajectory Prediction Technology - simplywall.st,6.300000190734863,5D,5,2026-08-28,-0.08730161493387334,0.004190947648994525,-0.09149256258286786,False
2026-08-21,ACHR,93.63376720119219,高優先觀察,量子運算,未觸發主要風險,新聞提及 1 次，且價格站上 50DMA，值得加入觀察清單。,Archer Aviation (ACHR) Is Up 18.4% After AI Breakthrough In Aircraft Trajectory Prediction Technology - simplywall.st,6.300000190734863,20D,20,2026-09-21,-0.13809529143756405,0.04037138834036691,-0.17846667977793096,False
2026-08-21,ACHR,93.63376720119219,高優先觀察,量子運算,未觸發主要風險,新聞提及 1 次，且價格站上 50DMA，值得加入觀察清單。,Archer Aviation (ACHR) Is Up 18.4% After AI Breakthrough In Aircraft Trajectory Prediction Technology - simplywall.st,6.300000190734863,60D,60,,,,,
2026-08-21,SMCI,92.61521515197906,高優先觀察,AI/資料中心,未觸發主要風險,新聞提及 1 次，且價格站上 50DMA，值得加入觀察清單。,NVT vs. SMCI: Which Data Center Infrastructure Stock is a Better Buy? - Yahoo Finance,37.2400016784668,5D,5,2026-08-28,-0.004296451133207757,0.004190947648994525,-0.008487398782202282,False
2026-08-21,SMCI,92.61521515197906,高優先觀察,AI/資料中心,未觸發主要風險,新聞提及 1 次，且價格站上 50DMA，值得加入觀察清單。,NVT vs. SMCI: Which Data Center Infrastructure Stock is a Better Buy? - Yahoo Finance,37.2400016784668,20D,20,2026-09-21,0.10633724237349962,0.04037138834036691,0.06596585403313271,True
2026-08-21,SMCI,92.61521515197906,高優先觀察,AI/資料中心,未觸發主要風險,新聞提及 1 次，且價格站上 50DMA，值得加入觀察清單。,NVT vs. SMCI: Which Data Center Infrastructure Stock is a Better Buy? - Yahoo Finance,37.2400016784668,60D,60,,,,,
2026-08-21,GOOGL,54.0097654093278,題材有熱度但訊號普通,小型成長股,低於50DMA,新聞提及 1 次，量價訊號尚需確認。,Alphabet (NASDAQ:GOOGL): Strong Growth and a Technical Setup Point to a Potential Breakout - ChartMill,344.5985107421875,5D,5,2026-08-28,0.0051331036209980585,0.004190947648994525,0.0009421559720035333,True
2026-08-21,GOOGL,54.0097654093278,題材有熱度但訊號普通,小型成長股,低於50DMA,新聞提及 1 次，量價訊號尚需確認。,Alphabet (NASDAQ:GOOGL): Strong Growth and a Technical Setup Point to a Potential Breakout - ChartMill,344.5985107421875,20D,20,2026-09-21,0.030097316602378132,0.04037138834036691,-0.010274071737988777,True
2026-08-21,GOOGL,54.0097654093278,題材有熱度但訊號普通,小型成長股,低於50DMA,新聞提及 1 次，量價訊號尚需確認。,Alphabet (NASDAQ:GOOGL): Strong Growth and a Technical Setup Point to a Potential Breakout - ChartMill,344.5985107421875,60D,60,,,,,
2026-08-21,IBD,34.86032153894685,暫時不強,小型成長股,低於50DMA,新聞提及 1 次，量價訊號尚需確認。,"IBD Stock Of The Day Breaks Out — Not Once, But Twice - Investor's Business Daily",23.466951370239258,5D,5,2026-08-28,-8.046529422101045e-06,0.004190947648994525,-0.004198994178416626,False
2026-08-21,IBD,34.86032153894685,暫時不強,小型成長股,低於50DMA,新聞提及 1 次，量價訊號尚需確認。,"IBD Stock Of The Day Breaks Out — Not Once, But Twice - Investor's Business Daily",23.466951370239258,20D,20,2026-09-21,-0.009349823354295794,0.04037138834036691,-0.049721211694662704,False
2026-08-21,IBD,34.86032153894685,暫時不強,小型成長股,低於50DMA,新聞提及 1 次，量價訊號尚需確認。,"IBD Stock Of The Day Breaks Out — Not Once, But Twice - Investor's Business Daily",23.466951370239258,60D,60,,,,,
2026-08-21,LAES,31.99667781812857,暫時不強,量子運算,低於50DMA,新聞提及 1 次，量價訊號尚需確認。,LAES News | SEALSQ CORP (NASDAQ:LAES) - ChartMill,2.5399999618530273,5D,5,2026-08-28,-0.023622025071121988,0.004190947648994525,-0.027812972720116513,False
2026-08-21,LAES,31.99667781812857,暫時不強,量子運算,低於50DMA,新聞提及 1 次，量價訊號尚需確認。,LAES News | SEALSQ CORP (NASDAQ:LAES) - ChartMill,2.5399999618530273,20D,20,2026-09-21,-0.0708661690789496,0.04037138834036691,-0.11123755741931651,False
2026-08-21,LAES,31.99667781812857,暫時不強,量子運算,低於50DMA,新聞提及 1 次，量價訊號尚需確認。,LAES News | SEALSQ CORP (NASDAQ:LAES) - ChartMill,2.5399999618530273,60D,60,,,,,
2026-08-21,NVT,30.142791466928905,暫時不強,AI/資料中心,低於50DMA,新聞提及 1 次，量價訊號尚需確認。,NVT vs. SMCI: Which Data Center Infrastructure Stock is a Better Buy? - Yahoo Finance,151.97999572753906,5D,5,2026-08-28,-0.023029346613975377,0.004190947648994525,-0.027220294262969902,False
2026-08-21,NVT,30.142791466928905,暫時不強,AI/資料中心,低於50DMA,新聞提及 1 次，量價訊號尚需確認。,NVT vs. SMCI: Which Data Center Infrastructure Stock is a Better Buy? - Yahoo Finance,151.97999572753906,20D,20,2026-09-21,0.04908545153035182,0.04037138834036691,0.00871406318998491,True
2026-08-21,NVT,30.142791466928905,暫時不強,AI/資料中心,低於50DMA,新聞提及 1 次，量價訊號尚需確認。,NVT vs. SMCI: Which Data Center Infrastructure Stock is a Better Buy? - Yahoo Finance,151.97999572753906,60D,60,,,,,
2026-08-21,ADI,23.584161705143806,暫時不強,AI/資料中心,低於50DMA,新聞提及 1 次，量價訊號尚需確認。,"ADI Q2 Deep Dive: AI, Data Center, and Energy Drive Growth Across Core Markets - StockStory",371.95672607421875,5D,5,2026-08-28,-0.030314372547130986,0.004190947648994525,-0.03450532019612551,False
2026-08-21,ADI,23.584161705143806,暫時不強,AI/資料中心,低於50DMA,新聞提及 1 次，量價訊號尚需確認。,"ADI Q2 Deep Dive: AI, Data Center, and Energy Drive Growth Across Core Markets - StockStory",371.95672607421875,20D,20,2026-09-21,0.029689673963787078,0.04037138834036691,-0.010681714376579832,True
2026-08-21,ADI,23.584161705143806,暫時不強,AI/資料中心,低於50DMA,新聞提及 1 次，量價訊號尚需確認。,"ADI Q2 Deep Dive: AI, Data Center, and Energy Drive Growth Across Core Markets - StockStory",371.95672607421875,60D,60,,,,,
2026-08-22,BILL,80.71983079205361,高優先觀察,金融科技,未觸發主要風險,新聞提及 1 次，且價格站上 50DMA，值得加入觀察清單。,BILL Stock And 2 Digital Payments Picks Retail Investors May Want To Watch - simplywall.st,48.15999984741211,5D,5,2026-08-31,0.022217601707108736,0.01478084350917852,0.0074367581979302155,True
2026-08-22,BILL,80.71983079205361,高優先觀察,金融科技,未觸發主要風險,新聞提及 1 次，且價格站上 50DMA，值得加入觀察清單。,BILL Stock And 2 Digital Payments Picks Retail Investors May Want To Watch - simplywall.st,48.15999984741211,20D,20,2026-09-22,-0.03467604182384665,0.05934828167536477,-0.09402432349921142,False
2026-08-22,BILL,80.71983079205361,高優先觀察,金融科技,未觸發主要風險,新聞提及 1 次，且價格站上 50DMA，值得加入觀察清單。,BILL Stock And 2 Digital Payments Picks Retail Investors May Want To Watch - simplywall.st,48.15999984741211,60D,60,,,,,
2026-08-22,VT,59.30334168018486,題材有熱度但訊號普通,半導體設備,未觸發主要風險,新聞提及 1 次，量價訊號尚需確認。,Growing Pressure Across Semiconductor Stocks - VT Markets,159.68975830078125,5D,5,2026-08-31,0.0028106829457905658,0.01478084350917852,-0.011970160563387955,True
2026-08-22,VT,59.30334168018486,題材有熱度但訊號普通,半導體設備,未觸發主要風險,新聞提及 1 次，量價訊號尚需確認。,Growing Pressure Across Semiconductor Stocks - VT Markets,159.68975830078125,20D,20,2026-09-22,0.00970786861273143,0.05934828167536477,-0.04964041306263334,True
2026-08-22,VT,59.30334168018486,題材有熱度但訊號普通,半導體設備,未觸發主要風險,新聞提及 1 次，量價訊號尚需確認。,Growing Pressure Across Semiconductor Stocks - VT Markets,159.68975830078125,60D,60,,,,,
2026-08-22,BMO,28.843439892825394,暫時不強,AI/資料中心,低於50DMA,新聞提及 1 次，量價訊號尚需確認。,BMO starts Eaton stock at Outperform on AI data center growth - Investing.com,172.35000610351562,5D,5,2026-08-31,-0.01183642862012213,0.01478084350917852,-0.02661727212930065,False
2026-08-22,BMO,28.843439892825394,暫時不強,AI/資料中心,低於50DMA,新聞提及 1 次，量價訊號尚需確認。,BMO starts Eaton stock at Outperform on AI data center growth - Investing.com,172.35000610351562,20D,20,2026-09-22,0.011604293177679192,0.05934828167536477,-0.047743988497685574,True
2026-08-22,BMO,28.843439892825394,暫時不強,AI/資料中心,低於50DMA,新聞提及 1 次，量價訊號尚需確認。,BMO starts Eaton stock at Outperform on AI data center growth - Investing.com,172.35000610351562,60D,60,,,,,
2026-08-22,ASX,25.25736876963864,暫時不強,半導體設備,低於50DMA,新聞提及 1 次，量價訊號尚需確認。,ASX vs. AMAT: Which AI Semiconductor Stock is the Better Buy? - The Globe and Mail,36.2400016784668,5D,5,2026-08-31,0.0195915853087425,0.01478084350917852,0.004810741799563978,True
2026-08-22,ASX,25.25736876963864,暫時不強,半導體設備,低於50DMA,新聞提及 1 次，量價訊號尚需確認。,ASX vs. AMAT: Which AI Semiconductor Stock is the Better Buy? - The Globe and Mail,36.2400016784668,20D,20,2026-09-22,0.2472405813876255,0.05934828167536477,0.18789229971226074,True
2026-08-22,ASX,25.25736876963864,暫時不強,半導體設備,低於50DMA,新聞提及 1 次，量價訊號尚需確認。,ASX vs. AMAT: Which AI Semiconductor Stock is the Better Buy? - The Globe and Mail,36.2400016784668,60D,60,,,,,
2026-08-22,ADI,24.70881341945449,暫時不強,AI/資料中心,低於50DMA,新聞提及 1 次，量價訊號尚需確認。,"ADI Q2 Deep Dive: AI, Data Center, and Energy Drive Growth Across Core Markets - StockStory",370.0425720214844,5D,5,2026-08-31,-0.0243284534192455,0.01478084350917852,-0.03910929692842402,False
2026-08-22,ADI,24.70881341945449,暫時不強,AI/資料中心,低於50DMA,新聞提及 1 次，量價訊號尚需確認。,"ADI Q2 Deep Dive: AI, Data Center, and Energy Drive Growth Across Core Markets - StockStory",370.0425720214844,20D,20,2026-09-22,0.0549326608142886,0.05934828167536477,-0.004415620861076164,True
2026-08-22,ADI,24.70881341945449,暫時不強,AI/資料中心,低於50DMA,新聞提及 1 次，量價訊號尚需確認。,"ADI Q2 Deep Dive: AI, Data Center, and Energy Drive Growth Across Core Markets - StockStory",370.0425720214844,60D,60,,,,,
2026-08-22,AMAT,16.186910443360816,低優先或資料不足,半導體設備,低於50DMA,新聞提及 2 次，量價訊號尚需確認。,Applied Materials Rockets 98% in 2026: How Does AMAT Compare to Lam Research and KLA as AI Capex Powers Chip Gear Stocks? - AOL.com,484.19000244140625,5D,5,2026-08-31,-0.05328484203077055,0.01478084350917852,-0.06806568553994907,False
2026-08-22,AMAT,16.186910443360816,低優先或資料不足,半導體設備,低於50DMA,新聞提及 2 次，量價訊號尚需確認。,Applied Materials Rockets 98% in 2026: How Does AMAT Compare to Lam Research and KLA as AI Capex Powers Chip Gear Stocks? - AOL.com,484.19000244140625,20D,20,2026-09-22,-0.024226049540846506,0.05934828167536477,-0.08357433121621127,False
2026-08-22,AMAT,16.186910443360816,低優先或資料不足,半導體設備,低於50DMA,新聞提及 2 次，量價訊號尚需確認。,Applied Materials Rockets 98% in 2026: How Does AMAT Compare to Lam Research and KLA as AI Capex Powers Chip Gear Stocks? - AOL.com,484.19000244140625,60D,60,,,,,
2026-08-23,MP,97.31610388315906,高優先觀察,能源/材料,未觸發主要風險,新聞提及 1 次，且價格站上 50DMA，值得加入觀察清單。,"MP, USAR, UAMY, UUUU Stocks In Focus: U.S.-China Agreement Could Ease Rare Earth Supply Crunch - Stocktwits",57.41999816894531,5D,5,2026-08-31,-0.04649944712797538,0.01478084350917852,-0.0612802906371539,False
2026-08-23,MP,97.31610388315906,高優先觀察,能源/材料,未觸發主要風險,新聞提及 1 次，且價格站上 50DMA，值得加入觀察清單。,"MP, USAR, UAMY, UUUU Stocks In Focus: U.S.-China Agreement Could Ease Rare Earth Supply Crunch - Stocktwits",57.41999816894531,20D,20,2026-09-22,-0.11111106682111471,0.05934828167536477,-0.17045934849647948,False
2026-08-23,MP,97.31610388315906,高優先觀察,能源/材料,未觸發主要風險,新聞提及 1 次，且價格站上 50DMA，值得加入觀察清單。,"MP, USAR, UAMY, UUUU Stocks In Focus: U.S.-China Agreement Could Ease Rare Earth Supply Crunch - Stocktwits",57.41999816894531,60D,60,,,,,
2026-08-23,USAR,89.80223737507124,高優先觀察,能源/材料,未觸發主要風險,新聞提及 1 次，且價格站上 50DMA，值得加入觀察清單。,"MP, USAR, UAMY, UUUU Stocks In Focus: U.S.-China Agreement Could Ease Rare Earth Supply Crunch - Stocktwits",18.290000915527344,5D,5,2026-08-31,-0.025697167696919876,0.01478084350917852,-0.0404780112060984,False
2026-08-23,USAR,89.80223737507124,高優先觀察,能源/材料,未觸發主要風險,新聞提及 1 次，且價格站上 50DMA，值得加入觀察清單。,"MP, USAR, UAMY, UUUU Stocks In Focus: U.S.-China Agreement Could Ease Rare Earth Supply Crunch - Stocktwits",18.290000915527344,20D,20,2026-09-22,-0.07107715031908723,0.05934828167536477,-0.130425431994452,False
2026-08-23,USAR,89.80223737507124,高優先觀察,能源/材料,未觸發主要風險,新聞提及 1 次，且價格站上 50DMA，值得加入觀察清單。,"MP, USAR, UAMY, UUUU Stocks In Focus: U.S.-China Agreement Could Ease Rare Earth Supply Crunch - Stocktwits",18.290000915527344,60D,60,,,,,
2026-08-23,UUUU,88.41739322641648,高優先觀察,能源/材料,未觸發主要風險,新聞提及 1 次，且價格站上 50DMA，值得加入觀察清單。,"MP, USAR, UAMY, UUUU Stocks In Focus: U.S.-China Agreement Could Ease Rare Earth Supply Crunch - Stocktwits",14.880000114440918,5D,5,2026-08-31,-0.008736566763514642,0.01478084350917852,-0.023517410272693162,False
2026-08-23,UUUU,88.41739322641648,高優先觀察,能源/材料,未觸發主要風險,新聞提及 1 次，且價格站上 50DMA，值得加入觀察清單。,"MP, USAR, UAMY, UUUU Stocks In Focus: U.S.-China Agreement Could Ease Rare Earth Supply Crunch - Stocktwits",14.880000114440918,20D,20,2026-09-22,-0.18413976814818822,0.05934828167536477,-0.243488049823553,False
2026-08-23,UUUU,88.41739322641648,高優先觀察,能源/材料,未觸發主要風險,新聞提及 1 次，且價格站上 50DMA，值得加入觀察清單。,"MP, USAR, UAMY, UUUU Stocks In Focus: U.S.-China Agreement Could Ease Rare Earth Supply Crunch - Stocktwits",14.880000114440918,60D,60,,,,,
2026-08-23,ROST,63.41004455357173,可觀察,消費復甦,未觸發主要風險,新聞提及 1 次，量價訊號尚需確認。,How Much Track Is Left For ROST Stock? - Trefis,241.0541229248047,5D,5,2026-08-31,-0.05374306157919084,0.01478084350917852,-0.06852390508836936,False
2026-08-23,ROST,63.41004455357173,可觀察,消費復甦,未觸發主要風險,新聞提及 1 次，量價訊號尚需確認。,How Much Track Is Left For ROST Stock? - Trefis,241.0541229248047,20D,20,2026-09-22,-0.035444854932574765,0.05934828167536477,-0.09479313660793953,False
2026-08-23,ROST,63.41004455357173,可觀察,消費復甦,未觸發主要風險,新聞提及 1 次，量價訊號尚需確認。,How Much Track Is Left For ROST Stock? - Trefis,241.0541229248047,60D,60,,,,,
2026-08-23,ACGIX,62.01588820971355,可觀察,消費復甦,未觸發主要風險,新聞提及 1 次，量價訊號尚需確認。,Invesco Growth And Income Fund Q2 2026 Commentary (ACGIX) - Seeking Alpha,25.65999984741211,5D,5,2026-08-31,-0.010132510928602234,0.01478084350917852,-0.024913354437780755,False
2026-08-23,ACGIX,62.01588820971355,可觀察,消費復甦,未觸發主要風險,新聞提及 1 次，量價訊號尚需確認。,Invesco Growth And Income Fund Q2 2026 Commentary (ACGIX) - Seeking Alpha,25.65999984741211,20D,20,2026-09-22,-0.02805920957271968,0.05934828167536477,-0.08740749124808445,False
2026-08-23,ACGIX,62.01588820971355,可觀察,消費復甦,未觸發主要風險,新聞提及 1 次，量價訊號尚需確認。,Invesco Growth And Income Fund Q2 2026 Commentary (ACGIX) - Seeking Alpha,25.65999984741211,60D,60,,,,,
2026-08-23,UAMY,37.76291281836591,暫時不強,能源/材料,低於50DMA,新聞提及 1 次，量價訊號尚需確認。,"MP, USAR, UAMY, UUUU Stocks In Focus: U.S.-China Agreement Could Ease Rare Earth Supply Crunch - Stocktwits",5.099999904632568,5D,5,2026-08-31,-0.04509804379889626,0.01478084350917852,-0.05987888730807478,False
2026-08-23,UAMY,37.76291281836591,暫時不強,能源/材料,低於50DMA,新聞提及 1 次，量價訊號尚需確認。,"MP, USAR, UAMY, UUUU Stocks In Focus: U.S.-China Agreement Could Ease Rare Earth Supply Crunch - Stocktwits",5.099999904632568,20D,20,2026-09-22,-0.05882347441324487,0.05934828167536477,-0.11817175608860964,False
2026-08-23,UAMY,37.76291281836591,暫時不強,能源/材料,低於50DMA,新聞提及 1 次，量價訊號尚需確認。,"MP, USAR, UAMY, UUUU Stocks In Focus: U.S.-China Agreement Could Ease Rare Earth Supply Crunch - Stocktwits",5.099999904632568,60D,60,,,,,
2026-08-23,BMO,28.843439892825394,暫時不強,AI/資料中心,低於50DMA,新聞提及 1 次，量價訊號尚需確認。,BMO starts Eaton stock at Outperform on AI data center growth - Investing.com,172.35000610351562,5D,5,2026-08-31,-0.01183642862012213,0.01478084350917852,-0.02661727212930065,False
2026-08-23,BMO,28.843439892825394,暫時不強,AI/資料中心,低於50DMA,新聞提及 1 次，量價訊號尚需確認。,BMO starts Eaton stock at Outperform on AI data center growth - Investing.com,172.35000610351562,20D,20,2026-09-22,0.011604293177679192,0.05934828167536477,-0.047743988497685574,True
2026-08-23,BMO,28.843439892825394,暫時不強,AI/資料中心,低於50DMA,新聞提及 1 次，量價訊號尚需確認。,BMO starts Eaton stock at Outperform on AI data center growth - Investing.com,172.35000610351562,60D,60,,,,,
2026-08-23,ADI,24.70881341945449,暫時不強,AI/資料中心,低於50DMA,新聞提及 1 次，量價訊號尚需確認。,"ADI Q2 Deep Dive: AI, Data Center, and Energy Drive Growth Across Core Markets - StockStory",370.0425720214844,5D,5,2026-08-31,-0.0243284534192455,0.01478084350917852,-0.03910929692842402,False
2026-08-23,ADI,24.70881341945449,暫時不強,AI/資料中心,低於50DMA,新聞提及 1 次，量價訊號尚需確認。,"ADI Q2 Deep Dive: AI, Data Center, and Energy Drive Growth Across Core Markets - StockStory",370.0425720214844,20D,20,2026-09-22,0.0549326608142886,0.05934828167536477,-0.004415620861076164,True
2026-08-23,ADI,24.70881341945449,暫時不強,AI/資料中心,低於50DMA,新聞提及 1 次，量價訊號尚需確認。,"ADI Q2 Deep Dive: AI, Data Center, and Energy Drive Growth Across Core Markets - StockStory",370.0425720214844,60D,60,,,,,
2026-08-23,MGM,19.668865625634467,低優先或資料不足,消費復甦,低於50DMA,新聞提及 1 次，量價訊號尚需確認。,Argus raises MGM Resorts stock price target on Macau recovery By Investing.com - Investing.com Nigeria,43.689998626708984,5D,5,2026-08-31,-0.053330237802594604,0.01478084350917852,-0.06811108131177313,False
2026-08-23,MGM,19.668865625634467,低優先或資料不足,消費復甦,低於50DMA,新聞提及 1 次，量價訊號尚需確認。,Argus raises MGM Resorts stock price target on Macau recovery By Investing.com - Investing.com Nigeria,43.689998626708984,20D,20,2026-09-22,-0.10963600941616447,0.05934828167536477,-0.16898429109152924,False
2026-08-23,MGM,19.668865625634467,低優先或資料不足,消費復甦,低於50DMA,新聞提及 1 次，量價訊號尚需確認。,Argus raises MGM Resorts stock price target on Macau recovery By Investing.com - Investing.com Nigeria,43.689998626708984,60D,60,,,,,
2026-08-23,FTAI,7.6425974203901585,低優先或資料不足,能源/材料,低於50DMA,新聞提及 1 次，量價訊號尚需確認。,"Enpro, Valmont, Cummins, Regal Rexnord, and FTAI Infrastructure Shares Are Falling, What You Need To Know - StockStory",198.4199981689453,5D,5,2026-08-31,-0.041931217327930814,0.01478084350917852,-0.056712060837109335,False
2026-08-23,FTAI,7.6425974203901585,低優先或資料不足,能源/材料,低於50DMA,新聞提及 1 次，量價訊號尚需確認。,"Enpro, Valmont, Cummins, Regal Rexnord, and FTAI Infrastructure Shares Are Falling, What You Need To Know - StockStory",198.4199981689453,20D,20,2026-09-22,-0.0437455536532696,0.05934828167536477,-0.10309383532863436,False
2026-08-23,FTAI,7.6425974203901585,低優先或資料不足,能源/材料,低於50DMA,新聞提及 1 次，量價訊號尚需確認。,"Enpro, Valmont, Cummins, Regal Rexnord, and FTAI Infrastructure Shares Are Falling, What You Need To Know - StockStory",198.4199981689453,60D,60,,,,,
2026-08-24,COIN,76.5861358447962,可觀察,加密/交易平台,未觸發主要風險,新聞提及 1 次，且價格站上 50DMA，值得加入觀察清單。,"Coinbase (COIN) debuts tokenized stocks on Base with Apple, Nvidia among first shares - CoinDesk",179.47999572753906,5D,5,2026-08-31,0.04813906616514774,0.01478084350917852,0.033358222655969216,True
2026-08-24,COIN,76.5861358447962,可觀察,加密/交易平台,未觸發主要風險,新聞提及 1 次，且價格站上 50DMA，值得加入觀察清單。,"Coinbase (COIN) debuts tokenized stocks on Base with Apple, Nvidia among first shares - CoinDesk",179.47999572753906,20D,20,2026-09-22,0.12029202201149247,0.05934828167536477,0.060943740336127705,True
2026-08-24,COIN,76.5861358447962,可觀察,加密/交易平台,未觸發主要風險,新聞提及 1 次，且價格站上 50DMA，值得加入觀察清單。,"Coinbase (COIN) debuts tokenized stocks on Base with Apple, Nvidia among first shares - CoinDesk",179.47999572753906,60D,60,,,,,
2026-08-24,BILL,73.31295106949138,可觀察,金融科技,未觸發主要風險,新聞提及 1 次，且價格站上 50DMA，值得加入觀察清單。,BILL Stock And 2 Digital Payments Picks Retail Investors May Want To Watch - simplywall.st,48.15999984741211,5D,5,2026-08-31,0.022217601707108736,0.01478084350917852,0.0074367581979302155,True
2026-08-24,BILL,73.31295106949138,可觀察,金融科技,未觸發主要風險,新聞提及 1 次，且價格站上 50DMA，值得加入觀察清單。,BILL Stock And 2 Digital Payments Picks Retail Investors May Want To Watch - simplywall.st,48.15999984741211,20D,20,2026-09-22,-0.03467604182384665,0.05934828167536477,-0.09402432349921142,False
2026-08-24,BILL,73.31295106949138,可觀察,金融科技,未觸發主要風險,新聞提及 1 次，且價格站上 50DMA，值得加入觀察清單。,BILL Stock And 2 Digital Payments Picks Retail Investors May Want To Watch - simplywall.st,48.15999984741211,60D,60,,,,,
2026-08-24,EEA,61.49531806596495,可觀察,加密/交易平台,未觸發主要風險,新聞提及 1 次，量價訊號尚需確認。,Announcing US-listed-stock trading for EEA customers - Kraken Blog,11.210000038146973,5D,5,2026-08-31,-0.005352401374890348,0.01478084350917852,-0.020133244884068868,False
2026-08-24,EEA,61.49531806596495,可觀察,加密/交易平台,未觸發主要風險,新聞提及 1 次，量價訊號尚需確認。,Announcing US-listed-stock trading for EEA customers - Kraken Blog,11.210000038146973,20D,20,2026-09-22,-0.0401427125543099,0.05934828167536477,-0.09949099422967467,False
2026-08-24,EEA,61.49531806596495,可觀察,加密/交易平台,未觸發主要風險,新聞提及 1 次，量價訊號尚需確認。,Announcing US-listed-stock trading for EEA customers - Kraken Blog,11.210000038146973,60D,60,,,,,
2026-08-24,KTOS,59.129585758670636,題材有熱度但訊號普通,國防/航太,未觸發主要風險,新聞提及 1 次，量價訊號尚需確認。,Kratos Defense & Security Solutions (NASDAQ:KTOS) Stock Price Down 2.1% - Should You Sell? - MarketBeat,53.06999969482422,5D,5,2026-08-31,-0.039381951471760046,0.01478084350917852,-0.05416279498093857,False
2026-08-24,KTOS,59.129585758670636,題材有熱度但訊號普通,國防/航太,未觸發主要風險,新聞提及 1 次，量價訊號尚需確認。,Kratos Defense & Security Solutions (NASDAQ:KTOS) Stock Price Down 2.1% - Should You Sell? - MarketBeat,53.06999969482422,20D,20,2026-09-22,-0.11494250064440859,0.05934828167536477,-0.17429078231977335,False
2026-08-24,KTOS,59.129585758670636,題材有熱度但訊號普通,國防/航太,未觸發主要風險,新聞提及 1 次，量價訊號尚需確認。,Kratos Defense & Security Solutions (NASDAQ:KTOS) Stock Price Down 2.1% - Should You Sell? - MarketBeat,53.06999969482422,60D,60,,,,,
2026-08-24,GOOGL,53.31011341586082,題材有熱度但訊號普通,小型成長股,低於50DMA,新聞提及 1 次，量價訊號尚需確認。,Alphabet (NASDAQ:GOOGL): Strong Growth and a Technical Setup Point to a Potential Breakout - ChartMill,347.83642578125,5D,5,2026-08-31,-0.02502442554350348,0.01478084350917852,-0.039805269052682,False
2026-08-24,GOOGL,53.31011341586082,題材有熱度但訊號普通,小型成長股,低於50DMA,新聞提及 1 次，量價訊號尚需確認。,Alphabet (NASDAQ:GOOGL): Strong Growth and a Technical Setup Point to a Potential Breakout - ChartMill,347.83642578125,20D,20,2026-09-22,0.009555002393422551,0.05934828167536477,-0.049793279281942215,True
2026-08-24,GOOGL,53.31011341586082,題材有熱度但訊號普通,小型成長股,低於50DMA,新聞提及 1 次，量價訊號尚需確認。,Alphabet (NASDAQ:GOOGL): Strong Growth and a Technical Setup Point to a Potential Breakout - ChartMill,347.83642578125,60D,60,,,,,
2026-08-24,IBD,47.97679020635415,題材有熱度但訊號普通,小型成長股,未觸發主要風險,新聞提及 1 次，量價訊號尚需確認。,"IBD Stock Of The Day Breaks Out — Not Once, But Twice - Investor's Business Daily",23.466951370239258,5D,5,2026-08-31,-0.0008572398567197048,0.01478084350917852,-0.015638083365898225,False
2026-08-24,IBD,47.97679020635415,題材有熱度但訊號普通,小型成長股,未觸發主要風險,新聞提及 1 次，量價訊號尚需確認。,"IBD Stock Of The Day Breaks Out — Not Once, But Twice - Investor's Business Daily",23.466951370239258,20D,20,2026-09-22,-0.008925145412571944,0.05934828167536477,-0.06827342708793671,False
2026-08-24,IBD,47.97679020635415,題材有熱度但訊號普通,小型成長股,未觸發主要風險,新聞提及 1 次，量價訊號尚需確認。,"IBD Stock Of The Day Breaks Out — Not Once, But Twice - Investor's Business Daily",23.466951370239258,60D,60,,,,,
2026-08-24,AVAV,9.88737303726298,低優先或資料不足,國防/航太,低於50DMA,新聞提及 1 次，量價訊號尚需確認。,AVAV Stock Rides Drone Defense Bull Wave As New Air Force Contract Adds Fuel — Here's What Investors Need To Know - Stocktwits,148.1999969482422,5D,5,2026-08-31,0.001012207546305266,0.01478084350917852,-0.013768635962873255,True
2026-08-24,AVAV,9.88737303726298,低優先或資料不足,國防/航太,低於50DMA,新聞提及 1 次，量價訊號尚需確認。,AVAV Stock Rides Drone Defense Bull Wave As New Air Force Contract Adds Fuel — Here's What Investors Need To Know - Stocktwits,148.1999969482422,20D,20,2026-09-22,0.05364370520883788,0.05934828167536477,-0.005704576466526889,True
2026-08-24,AVAV,9.88737303726298,低優先或資料不足,國防/航太,低於50DMA,新聞提及 1 次，量價訊號尚需確認。,AVAV Stock Rides Drone Defense Bull Wave As New Air Force Contract Adds Fuel — Here's What Investors Need To Know - Stocktwits,148.1999969482422,60D,60,,,,,
2026-08-25,MP,93.03400426679652,高優先觀察,能源/材料,未觸發主要風險,新聞提及 1 次，且價格站上 50DMA，值得加入觀察清單。,"MP, USAR, UAMY, UUUU Stocks In Focus: U.S.-China Agreement Could Ease Rare Earth Supply Crunch - Stocktwits",60.16999816894531,5D,5,2026-09-01,-0.10686383058255,-0.0043336171690673275,-0.10253021341348267,False
2026-08-25,MP,93.03400426679652,高優先觀察,能源/材料,未觸發主要風險,新聞提及 1 次，且價格站上 50DMA，值得加入觀察清單。,"MP, USAR, UAMY, UUUU Stocks In Focus: U.S.-China Agreement Could Ease Rare Earth Supply Crunch - Stocktwits",60.16999816894531,20D,20,2026-09-23,-0.1874688237088673,0.043986944989024,-0.2314557686978913,False
2026-08-25,MP,93.03400426679652,高優先觀察,能源/材料,未觸發主要風險,新聞提及 1 次，且價格站上 50DMA，值得加入觀察清單。,"MP, USAR, UAMY, UUUU Stocks In Focus: U.S.-China Agreement Could Ease Rare Earth Supply Crunch - Stocktwits",60.16999816894531,60D,60,,,,,
2026-08-25,UUUU,83.81638264851937,高優先觀察,能源/材料,未觸發主要風險,新聞提及 1 次，且價格站上 50DMA，值得加入觀察清單。,"MP, USAR, UAMY, UUUU Stocks In Focus: U.S.-China Agreement Could Ease Rare Earth Supply Crunch - Stocktwits",15.970000267028809,5D,5,2026-09-01,-0.10958046153655976,-0.0043336171690673275,-0.10524684436749243,False
2026-08-25,UUUU,83.81638264851937,高優先觀察,能源/材料,未觸發主要風險,新聞提及 1 次，且價格站上 50DMA，值得加入觀察清單。,"MP, USAR, UAMY, UUUU Stocks In Focus: U.S.-China Agreement Could Ease Rare Earth Supply Crunch - Stocktwits",15.970000267028809,20D,20,2026-09-23,-0.27363805964244436,0.043986944989024,-0.31762500463146837,False
2026-08-25,UUUU,83.81638264851937,高優先觀察,能源/材料,未觸發主要風險,新聞提及 1 次，且價格站上 50DMA，值得加入觀察清單。,"MP, USAR, UAMY, UUUU Stocks In Focus: U.S.-China Agreement Could Ease Rare Earth Supply Crunch - Stocktwits",15.970000267028809,60D,60,,,,,
2026-08-25,USAR,83.26584012041856,高優先觀察,能源/材料,未觸發主要風險,新聞提及 1 次，且價格站上 50DMA，值得加入觀察清單。,"MP, USAR, UAMY, UUUU Stocks In Focus: U.S.-China Agreement Could Ease Rare Earth Supply Crunch - Stocktwits",19.40999984741211,5D,5,2026-09-01,-0.11076762676105467,-0.0043336171690673275,-0.10643400959198734,False
2026-08-25,USAR,83.26584012041856,高優先觀察,能源/材料,未觸發主要風險,新聞提及 1 次，且價格站上 50DMA，值得加入觀察清單。,"MP, USAR, UAMY, UUUU Stocks In Focus: U.S.-China Agreement Could Ease Rare Earth Supply Crunch - Stocktwits",19.40999984741211,20D,20,2026-09-23,-0.1844410073080638,0.043986944989024,-0.2284279522970878,False
2026-08-25,USAR,83.26584012041856,高優先觀察,能源/材料,未觸發主要風險,新聞提及 1 次，且價格站上 50DMA，值得加入觀察清單。,"MP, USAR, UAMY, UUUU Stocks In Focus: U.S.-China Agreement Could Ease Rare Earth Supply Crunch - Stocktwits",19.40999984741211,60D,60,,,,,
2026-08-25,ANET,82.92722711483901,高優先觀察,能源/材料,未觸發主要風險,新聞提及 1 次，且價格站上 50DMA，值得加入觀察清單。,ANET Stock Slides On Chip Supply Warning – But Retail Calls It A ‘Fake Selloff’ - Stocktwits,190.94000244140625,5D,5,2026-09-01,-0.00879861691153927,-0.0043336171690673275,-0.004464999742471942,False
2026-08-25,ANET,82.92722711483901,高優先觀察,能源/材料,未觸發主要風險,新聞提及 1 次，且價格站上 50DMA，值得加入觀察清單。,ANET Stock Slides On Chip Supply Warning – But Retail Calls It A ‘Fake Selloff’ - Stocktwits,190.94000244140625,20D,20,2026-09-23,0.06562270147211269,0.043986944989024,0.021635756483088686,True
2026-08-25,ANET,82.92722711483901,高優先觀察,能源/材料,未觸發主要風險,新聞提及 1 次，且價格站上 50DMA，值得加入觀察清單。,ANET Stock Slides On Chip Supply Warning – But Retail Calls It A ‘Fake Selloff’ - Stocktwits,190.94000244140625,60D,60,,,,,
2026-08-25,LRCX,71.88209846854147,可觀察,半導體設備,低於50DMA,新聞提及 1 次，量價訊號尚需確認。,Lam Research Corporation $LRCX is Empire Life Investments Inc.'s 3rd Largest Position - MarketBeat,314.3260803222656,5D,5,2026-09-01,-0.07773462822761179,-0.0043336171690673275,-0.07340101105854446,False
2026-08-25,LRCX,71.88209846854147,可觀察,半導體設備,低於50DMA,新聞提及 1 次，量價訊號尚需確認。,Lam Research Corporation $LRCX is Empire Life Investments Inc.'s 3rd Largest Position - MarketBeat,314.3260803222656,20D,20,2026-09-23,-0.022416471250952807,0.043986944989024,-0.06640341623997681,False
2026-08-25,LRCX,71.88209846854147,可觀察,半導體設備,低於50DMA,新聞提及 1 次，量價訊號尚需確認。,Lam Research Corporation $LRCX is Empire Life Investments Inc.'s 3rd Largest Position - MarketBeat,314.3260803222656,60D,60,,,,,
2026-08-25,VT,63.18244029031079,可觀察,半導體設備,未觸發主要風險,新聞提及 1 次，量價訊號尚需確認。,Growing Pressure Across Semiconductor Stocks - VT Markets,160.5774688720703,5D,5,2026-09-01,-0.01043549240018038,-0.0043336171690673275,-0.006101875231113052,False
2026-08-25,VT,63.18244029031079,可觀察,半導體設備,未觸發主要風險,新聞提及 1 次，量價訊號尚需確認。,Growing Pressure Across Semiconductor Stocks - VT Markets,160.5774688720703,20D,20,2026-09-23,-0.007768630616599492,0.043986944989024,-0.051755575605623494,False
2026-08-25,VT,63.18244029031079,可觀察,半導體設備,未觸發主要風險,新聞提及 1 次，量價訊號尚需確認。,Growing Pressure Across Semiconductor Stocks - VT Markets,160.5774688720703,60D,60,,,,,
2026-08-25,ASML,58.484744537248886,題材有熱度但訊號普通,半導體設備,低於50DMA,新聞提及 1 次，量價訊號尚需確認。,ASML Stock Takes A Break After Rebounding - Investor's Business Daily,1744.1600341796875,5D,5,2026-09-01,-0.04530548687203162,-0.0043336171690673275,-0.04097186970296429,False
2026-08-25,ASML,58.484744537248886,題材有熱度但訊號普通,半導體設備,低於50DMA,新聞提及 1 次，量價訊號尚需確認。,ASML Stock Takes A Break After Rebounding - Investor's Business Daily,1744.1600341796875,20D,20,2026-09-23,0.00025797585259224043,0.043986944989024,-0.04372896913643176,True
2026-08-25,ASML,58.484744537248886,題材有熱度但訊號普通,半導體設備,低於50DMA,新聞提及 1 次，量價訊號尚需確認。,ASML Stock Takes A Break After Rebounding - Investor's Business Daily,1744.1600341796875,60D,60,,,,,
2026-08-25,ASX,55.74485222607879,題材有熱度但訊號普通,半導體設備,低於50DMA,新聞提及 1 次，量價訊號尚需確認。,ASX vs. AMAT: Which AI Semiconductor Stock is the Better Buy? - The Globe and Mail,37.08000183105469,5D,5,2026-09-01,0.009439009084081684,-0.0043336171690673275,0.013772626253149012,True
2026-08-25,ASX,55.74485222607879,題材有熱度但訊號普通,半導體設備,低於50DMA,新聞提及 1 次，量價訊號尚需確認。,ASX vs. AMAT: Which AI Semiconductor Stock is the Better Buy? - The Globe and Mail,37.08000183105469,20D,20,2026-09-23,0.18473565630690403,0.043986944989024,0.14074871131788003,True
2026-08-25,ASX,55.74485222607879,題材有熱度但訊號普通,半導體設備,低於50DMA,新聞提及 1 次，量價訊號尚需確認。,ASX vs. AMAT: Which AI Semiconductor Stock is the Better Buy? - The Globe and Mail,37.08000183105469,60D,60,,,,,
2026-08-25,TSM,47.74594160060381,題材有熱度但訊號普通,半導體設備,低於50DMA,新聞提及 1 次，量價訊號尚需確認。,Semiconductor equipment: Who is best positioned as AI infrastructure spending broadens? (TSM:NYSE) - Seeking Alpha,416.293212890625,5D,5,2026-09-01,-0.008169431547142558,-0.0043336171690673275,-0.0038358143780752307,False
2026-08-25,TSM,47.74594160060381,題材有熱度但訊號普通,半導體設備,低於50DMA,新聞提及 1 次，量價訊號尚需確認。,Semiconductor equipment: Who is best positioned as AI infrastructure spending broadens? (TSM:NYSE) - Seeking Alpha,416.293212890625,20D,20,2026-09-23,0.07272949328998202,0.043986944989024,0.028742548300958015,True
2026-08-25,TSM,47.74594160060381,題材有熱度但訊號普通,半導體設備,低於50DMA,新聞提及 1 次，量價訊號尚需確認。,Semiconductor equipment: Who is best positioned as AI infrastructure spending broadens? (TSM:NYSE) - Seeking Alpha,416.293212890625,60D,60,,,,,
2026-08-25,ROST,37.26670435173734,暫時不強,消費復甦,未觸發主要風險,新聞提及 1 次，量價訊號尚需確認。,How Much Track Is Left For ROST Stock? - Trefis,240.72474670410156,5D,5,2026-09-01,-0.049545969333303796,-0.0043336171690673275,-0.04521235216423647,False
2026-08-25,ROST,37.26670435173734,暫時不強,消費復甦,未觸發主要風險,新聞提及 1 次，量價訊號尚需確認。,How Much Track Is Left For ROST Stock? - Trefis,240.72474670410156,20D,20,2026-09-23,-0.02801851936250299,0.043986944989024,-0.072005464351527,False
2026-08-25,ROST,37.26670435173734,暫時不強,消費復甦,未觸發主要風險,新聞提及 1 次，量價訊號尚需確認。,How Much Track Is Left For ROST Stock? - Trefis,240.72474670410156,60D,60,,,,,
2026-08-25,AMAT,31.700485267885625,暫時不強,半導體設備,低於50DMA,新聞提及 1 次，量價訊號尚需確認。,ASX vs. AMAT: Which AI Semiconductor Stock is the Better Buy? - The Globe and Mail,480.0400085449219,5D,5,2026-09-01,-0.0795558740138479,-0.0043336171690673275,-0.07522225684478057,False
2026-08-25,AMAT,31.700485267885625,暫時不強,半導體設備,低於50DMA,新聞提及 1 次，量價訊號尚需確認。,ASX vs. AMAT: Which AI Semiconductor Stock is the Better Buy? - The Globe and Mail,480.0400085449219,20D,20,2026-09-23,-0.011790691528536845,0.043986944989024,-0.05577763651756085,False
2026-08-25,AMAT,31.700485267885625,暫時不強,半導體設備,低於50DMA,新聞提及 1 次，量價訊號尚需確認。,ASX vs. AMAT: Which AI Semiconductor Stock is the Better Buy? - The Globe and Mail,480.0400085449219,60D,60,,,,,
2026-08-25,RKLB,31.680540567026323,暫時不強,太空,低於50DMA,新聞提及 1 次，量價訊號尚需確認。,RKLB Stock Jumps Overnight On $90M Space Force Deal Ahead Of Electron Liftoff - Stocktwits,66.91000366210938,5D,5,2026-09-01,-0.06531165008823236,-0.0043336171690673275,-0.06097803291916504,False
2026-08-25,RKLB,31.680540567026323,暫時不強,太空,低於50DMA,新聞提及 1 次，量價訊號尚需確認。,RKLB Stock Jumps Overnight On $90M Space Force Deal Ahead Of Electron Liftoff - Stocktwits,66.91000366210938,20D,20,2026-09-23,0.050814432975584634,0.043986944989024,0.006827487986560632,True
2026-08-25,RKLB,31.680540567026323,暫時不強,太空,低於50DMA,新聞提及 1 次，量價訊號尚需確認。,RKLB Stock Jumps Overnight On $90M Space Force Deal Ahead Of Electron Liftoff - Stocktwits,66.91000366210938,60D,60,,,,,
2026-08-25,TV,22.216481832345394,暫時不強,消費復甦,低於50DMA,新聞提及 1 次，量價訊號尚需確認。,"News by CNBC TV18 on TradingView, 2026-08-24 — cnbctv:3e6ce2fba094b:0 - TradingView",2.759999990463257,5D,5,2026-09-01,-0.04347821955569664,-0.0043336171690673275,-0.03914460238662931,False
2026-08-25,TV,22.216481832345394,暫時不強,消費復甦,低於50DMA,新聞提及 1 次，量價訊號尚需確認。,"News by CNBC TV18 on TradingView, 2026-08-24 — cnbctv:3e6ce2fba094b:0 - TradingView",2.759999990463257,20D,20,2026-09-23,-0.11956519016170908,0.043986944989024,-0.16355213515073308,False
2026-08-25,TV,22.216481832345394,暫時不強,消費復甦,低於50DMA,新聞提及 1 次，量價訊號尚需確認。,"News by CNBC TV18 on TradingView, 2026-08-24 — cnbctv:3e6ce2fba094b:0 - TradingView",2.759999990463257,60D,60,,,,,
2026-08-25,GE,20.290707068403073,暫時不強,國防/航太,低於50DMA,新聞提及 1 次，量價訊號尚需確認。,GE Aerospace Stock And Two Defense Picks With Long Term Contract Exposure - simplywall.st,349.5400085449219,5D,5,2026-09-01,-0.052783692155400574,-0.0043336171690673275,-0.04845007498633325,False
2026-08-25,GE,20.290707068403073,暫時不強,國防/航太,低於50DMA,新聞提及 1 次，量價訊號尚需確認。,GE Aerospace Stock And Two Defense Picks With Long Term Contract Exposure - simplywall.st,349.5400085449219,20D,20,2026-09-23,-0.08508330956377785,0.043986944989024,-0.12907025455280186,False
2026-08-25,GE,20.290707068403073,暫時不強,國防/航太,低於50DMA,新聞提及 1 次，量價訊號尚需確認。,GE Aerospace Stock And Two Defense Picks With Long Term Contract Exposure - simplywall.st,349.5400085449219,60D,60,,,,,
2026-08-25,UAMY,17.308026081669624,低優先或資料不足,能源/材料,低於50DMA,新聞提及 1 次，量價訊號尚需確認。,"MP, USAR, UAMY, UUUU Stocks In Focus: U.S.-China Agreement Could Ease Rare Earth Supply Crunch - Stocktwits",5.199999809265137,5D,5,2026-09-01,-0.09999999999999998,-0.0043336171690673275,-0.09566638283093265,False
2026-08-25,UAMY,17.308026081669624,低優先或資料不足,能源/材料,低於50DMA,新聞提及 1 次，量價訊號尚需確認。,"MP, USAR, UAMY, UUUU Stocks In Focus: U.S.-China Agreement Could Ease Rare Earth Supply Crunch - Stocktwits",5.199999809265137,20D,20,2026-09-23,-0.11538460127700667,0.043986944989024,-0.15937154626603067,False
2026-08-25,UAMY,17.308026081669624,低優先或資料不足,能源/材料,低於50DMA,新聞提及 1 次，量價訊號尚需確認。,"MP, USAR, UAMY, UUUU Stocks In Focus: U.S.-China Agreement Could Ease Rare Earth Supply Crunch - Stocktwits",5.199999809265137,60D,60,,,,,
2026-08-26,MP,94.91517273816537,高優先觀察,能源/材料,未觸發主要風險,新聞提及 1 次，且價格站上 50DMA，值得加入觀察清單。,"MP, USAR, UAMY, UUUU Stocks In Focus: U.S.-China Agreement Could Ease Rare Earth Supply Crunch - Stocktwits",59.310001373291016,5D,5,2026-09-02,-0.077727204579489,-0.002994257299307357,-0.07473294728018165,False
2026-08-26,MP,94.91517273816537,高優先觀察,能源/材料,未觸發主要風險,新聞提及 1 次，且價格站上 50DMA，值得加入觀察清單。,"MP, USAR, UAMY, UUUU Stocks In Focus: U.S.-China Agreement Could Ease Rare Earth Supply Crunch - Stocktwits",59.310001373291016,20D,20,2026-09-24,-0.1687742691696894,0.04287812182372264,-0.21165239099341204,False
2026-08-26,MP,94.91517273816537,高優先觀察,能源/材料,未觸發主要風險,新聞提及 1 次，且價格站上 50DMA，值得加入觀察清單。,"MP, USAR, UAMY, UUUU Stocks In Focus: U.S.-China Agreement Could Ease Rare Earth Supply Crunch - Stocktwits",59.310001373291016,60D,60,,,,,
2026-08-26,ANET,92.49410303779517,高優先觀察,能源/材料,未觸發主要風險,新聞提及 1 次，且價格站上 50DMA，值得加入觀察清單。,ANET Stock Slides On Chip Supply Warning – But Retail Calls It A ‘Fake Selloff’ - Stocktwits,202.25,5D,5,2026-09-02,-0.07985163854874844,-0.002994257299307357,-0.07685738124944108,False
2026-08-26,ANET,92.49410303779517,高優先觀察,能源/材料,未觸發主要風險,新聞提及 1 次，且價格站上 50DMA，值得加入觀察清單。,ANET Stock Slides On Chip Supply Warning – But Retail Calls It A ‘Fake Selloff’ - Stocktwits,202.25,20D,20,2026-09-24,0.017058081326290164,0.04287812182372264,-0.025820040497432473,True
2026-08-26,ANET,92.49410303779517,高優先觀察,能源/材料,未觸發主要風險,新聞提及 1 次，且價格站上 50DMA，值得加入觀察清單。,ANET Stock Slides On Chip Supply Warning – But Retail Calls It A ‘Fake Selloff’ - Stocktwits,202.25,60D,60,,,,,
2026-08-26,AMZN,84.24808472026447,高優先觀察,機器人/自動化,未觸發主要風險,新聞提及 1 次，且價格站上 50DMA，值得加入觀察清單。,AMZN Stock Climbs As Amazon Reportedly Plans Automation Initiative To Use AI And Robotics For Delivery Stations - Stocktwits,260.2799987792969,5D,5,2026-09-02,-0.020362698158193582,-0.002994257299307357,-0.017368440858886225,False
2026-08-26,AMZN,84.24808472026447,高優先觀察,機器人/自動化,未觸發主要風險,新聞提及 1 次，且價格站上 50DMA，值得加入觀察清單。,AMZN Stock Climbs As Amazon Reportedly Plans Automation Initiative To Use AI And Robotics For Delivery Stations - Stocktwits,260.2799987792969,20D,20,2026-09-24,-0.04187795430922436,0.04287812182372264,-0.084756076132947,False
2026-08-26,AMZN,84.24808472026447,高優先觀察,機器人/自動化,未觸發主要風險,新聞提及 1 次，且價格站上 50DMA，值得加入觀察清單。,AMZN Stock Climbs As Amazon Reportedly Plans Automation Initiative To Use AI And Robotics For Delivery Stations - Stocktwits,260.2799987792969,60D,60,,,,,
2026-08-26,USAR,82.02743644650288,高優先觀察,能源/材料,未觸發主要風險,新聞提及 1 次，且價格站上 50DMA，值得加入觀察清單。,"MP, USAR, UAMY, UUUU Stocks In Focus: U.S.-China Agreement Could Ease Rare Earth Supply Crunch - Stocktwits",18.920000076293945,5D,5,2026-09-02,-0.05655389484722506,-0.002994257299307357,-0.053559637547917704,False
2026-08-26,USAR,82.02743644650288,高優先觀察,能源/材料,未觸發主要風險,新聞提及 1 次，且價格站上 50DMA，值得加入觀察清單。,"MP, USAR, UAMY, UUUU Stocks In Focus: U.S.-China Agreement Could Ease Rare Earth Supply Crunch - Stocktwits",18.920000076293945,20D,20,2026-09-24,-0.18710359130962773,0.04287812182372264,-0.22998171313335036,False
2026-08-26,USAR,82.02743644650288,高優先觀察,能源/材料,未觸發主要風險,新聞提及 1 次，且價格站上 50DMA，值得加入觀察清單。,"MP, USAR, UAMY, UUUU Stocks In Focus: U.S.-China Agreement Could Ease Rare Earth Supply Crunch - Stocktwits",18.920000076293945,60D,60,,,,,
2026-08-26,TGT,81.63008768246753,高優先觀察,消費復甦,未觸發主要風險,新聞提及 1 次，且價格站上 50DMA，值得加入觀察清單。,Is TGT Worth Buying as Earnings Improve but Valuation Stays Elevated? - The Globe and Mail,164.0399932861328,5D,5,2026-09-02,-0.004145285927896536,-0.002994257299307357,-0.001151028628589179,False
2026-08-26,TGT,81.63008768246753,高優先觀察,消費復甦,未觸發主要風險,新聞提及 1 次，且價格站上 50DMA，值得加入觀察清單。,Is TGT Worth Buying as Earnings Improve but Valuation Stays Elevated? - The Globe and Mail,164.0399932861328,20D,20,2026-09-24,-0.04809802311980116,0.04287812182372264,-0.0909761449435238,False
2026-08-26,TGT,81.63008768246753,高優先觀察,消費復甦,未觸發主要風險,新聞提及 1 次，且價格站上 50DMA，值得加入觀察清單。,Is TGT Worth Buying as Earnings Improve but Valuation Stays Elevated? - The Globe and Mail,164.0399932861328,60D,60,,,,,
2026-08-26,UUUU,80.76816904801478,高優先觀察,能源/材料,未觸發主要風險,新聞提及 1 次，且價格站上 50DMA，值得加入觀察清單。,"MP, USAR, UAMY, UUUU Stocks In Focus: U.S.-China Agreement Could Ease Rare Earth Supply Crunch - Stocktwits",15.699999809265137,5D,5,2026-09-02,-0.08980890856954138,-0.002994257299307357,-0.08681465127023402,False
2026-08-26,UUUU,80.76816904801478,高優先觀察,能源/材料,未觸發主要風險,新聞提及 1 次，且價格站上 50DMA，值得加入觀察清單。,"MP, USAR, UAMY, UUUU Stocks In Focus: U.S.-China Agreement Could Ease Rare Earth Supply Crunch - Stocktwits",15.699999809265137,20D,20,2026-09-24,-0.2789809023982358,0.04287812182372264,-0.32185902422195845,False
2026-08-26,UUUU,80.76816904801478,高優先觀察,能源/材料,未觸發主要風險,新聞提及 1 次，且價格站上 50DMA，值得加入觀察清單。,"MP, USAR, UAMY, UUUU Stocks In Focus: U.S.-China Agreement Could Ease Rare Earth Supply Crunch - Stocktwits",15.699999809265137,60D,60,,,,,
2026-08-26,ASX,70.80816628906749,可觀察,能源/材料,低於50DMA,新聞提及 1 次，量價訊號尚需確認。,ASX lithium stocks at critical juncture as market deficit pushed to 2030 - Market Index,37.2599983215332,5D,5,2026-09-02,-0.004830823901956327,-0.002994257299307357,-0.0018365666026489702,False
2026-08-26,ASX,70.80816628906749,可觀察,能源/材料,低於50DMA,新聞提及 1 次，量價訊號尚需確認。,ASX lithium stocks at critical juncture as market deficit pushed to 2030 - Market Index,37.2599983215332,20D,20,2026-09-24,0.1674718722373263,0.04287812182372264,0.12459375041360365,True
2026-08-26,ASX,70.80816628906749,可觀察,能源/材料,低於50DMA,新聞提及 1 次，量價訊號尚需確認。,ASX lithium stocks at critical juncture as market deficit pushed to 2030 - Market Index,37.2599983215332,60D,60,,,,,
2026-08-26,LAES,38.88231964415949,暫時不強,量子運算,低於50DMA,新聞提及 1 次，量價訊號尚需確認。,LAES News | SEALSQ CORP (NASDAQ:LAES) - ChartMill,2.4800000190734863,5D,5,2026-09-02,-0.0483871463930442,-0.002994257299307357,-0.04539288909373684,False
2026-08-26,LAES,38.88231964415949,暫時不強,量子運算,低於50DMA,新聞提及 1 次，量價訊號尚需確認。,LAES News | SEALSQ CORP (NASDAQ:LAES) - ChartMill,2.4800000190734863,20D,20,2026-09-24,-0.06451616314521791,0.04287812182372264,-0.10739428496894055,False
2026-08-26,LAES,38.88231964415949,暫時不強,量子運算,低於50DMA,新聞提及 1 次，量價訊號尚需確認。,LAES News | SEALSQ CORP (NASDAQ:LAES) - ChartMill,2.4800000190734863,60D,60,,,,,
2026-08-26,BMO,28.360436463463593,暫時不強,量子運算,低於50DMA,新聞提及 1 次，量價訊號尚需確認。,D-Wave Quantum Stock Rallies 8% Following Outperform Initiation From BMO Capital Citing Commercial Revenue Growth - TIKR.com,172.89999389648438,5D,5,2026-09-02,-0.00046261755401511007,-0.002994257299307357,0.0025316397452922468,False
2026-08-26,BMO,28.360436463463593,暫時不強,量子運算,低於50DMA,新聞提及 1 次，量價訊號尚需確認。,D-Wave Quantum Stock Rallies 8% Following Outperform Initiation From BMO Capital Citing Commercial Revenue Growth - TIKR.com,172.89999389648438,20D,20,2026-09-24,-0.01064196878452317,0.04287812182372264,-0.05352009060824581,False
2026-08-26,BMO,28.360436463463593,暫時不強,量子運算,低於50DMA,新聞提及 1 次，量價訊號尚需確認。,D-Wave Quantum Stock Rallies 8% Following Outperform Initiation From BMO Capital Citing Commercial Revenue Growth - TIKR.com,172.89999389648438,60D,60,,,,,
2026-08-26,IBM,23.885629367531287,暫時不強,量子運算,低於50DMA,新聞提及 2 次，量價訊號尚需確認。,IBM (IBM) Stock Down 21% YTD: Should You Buy After Recent Quantum Breakthrough? - Blockonomi,229.8699951171875,5D,5,2026-09-02,0.007961029581619705,-0.002994257299307357,0.010955286880927062,True
2026-08-26,IBM,23.885629367531287,暫時不強,量子運算,低於50DMA,新聞提及 2 次，量價訊號尚需確認。,IBM (IBM) Stock Down 21% YTD: Should You Buy After Recent Quantum Breakthrough? - Blockonomi,229.8699951171875,20D,20,2026-09-24,-0.012224290330546284,0.04287812182372264,-0.05510241215426892,False
2026-08-26,IBM,23.885629367531287,暫時不強,量子運算,低於50DMA,新聞提及 2 次，量價訊號尚需確認。,IBM (IBM) Stock Down 21% YTD: Should You Buy After Recent Quantum Breakthrough? - Blockonomi,229.8699951171875,60D,60,,,,,
2026-08-26,UAMY,21.080742933473246,暫時不強,能源/材料,低於50DMA,新聞提及 1 次，量價訊號尚需確認。,"MP, USAR, UAMY, UUUU Stocks In Focus: U.S.-China Agreement Could Ease Rare Earth Supply Crunch - Stocktwits",5.059999942779541,5D,5,2026-09-02,0.045454549738026984,-0.002994257299307357,0.04844880703733434,True
2026-08-26,UAMY,21.080742933473246,暫時不強,能源/材料,低於50DMA,新聞提及 1 次，量價訊號尚需確認。,"MP, USAR, UAMY, UUUU Stocks In Focus: U.S.-China Agreement Could Ease Rare Earth Supply Crunch - Stocktwits",5.059999942779541,20D,20,2026-09-24,-0.09683790052554808,0.04287812182372264,-0.13971602234927072,False
2026-08-26,UAMY,21.080742933473246,暫時不強,能源/材料,低於50DMA,新聞提及 1 次，量價訊號尚需確認。,"MP, USAR, UAMY, UUUU Stocks In Focus: U.S.-China Agreement Could Ease Rare Earth Supply Crunch - Stocktwits",5.059999942779541,60D,60,,,,,
2026-08-26,HOV,17.2212571022664,低優先或資料不足,消費復甦,低於50DMA,新聞提及 1 次，量價訊號尚需確認。,Hovnanian (HOV) Stock Jumps As Margin Recovery Counters Fresh Losses - simplywall.st,128.32000732421875,5D,5,2026-09-02,-0.08283980888462916,-0.002994257299307357,-0.0798455515853218,False
2026-08-26,HOV,17.2212571022664,低優先或資料不足,消費復甦,低於50DMA,新聞提及 1 次，量價訊號尚需確認。,Hovnanian (HOV) Stock Jumps As Margin Recovery Counters Fresh Losses - simplywall.st,128.32000732421875,20D,20,2026-09-24,-0.119856639689497,0.04287812182372264,-0.16273476151321964,False
2026-08-26,HOV,17.2212571022664,低優先或資料不足,消費復甦,低於50DMA,新聞提及 1 次，量價訊號尚需確認。,Hovnanian (HOV) Stock Jumps As Margin Recovery Counters Fresh Losses - simplywall.st,128.32000732421875,60D,60,,,,,
2026-08-26,CI,12.118798373068358,低優先或資料不足,機器人/自動化,低於50DMA,新聞提及 1 次，量價訊號尚需確認。,Is Cigna (CI) Using AI Automation And Rebate‑Free Pharmacy To Redefine Its Core Strategy? - simplywall.st,279.3191223144531,5D,5,2026-09-02,0.0070138643895170105,-0.002994257299307357,0.010008121688824367,True
2026-08-26,CI,12.118798373068358,低優先或資料不足,機器人/自動化,低於50DMA,新聞提及 1 次，量價訊號尚需確認。,Is Cigna (CI) Using AI Automation And Rebate‑Free Pharmacy To Redefine Its Core Strategy? - simplywall.st,279.3191223144531,20D,20,2026-09-24,-0.049474315256138324,0.04287812182372264,-0.09235243707986096,False
2026-08-26,CI,12.118798373068358,低優先或資料不足,機器人/自動化,低於50DMA,新聞提及 1 次，量價訊號尚需確認。,Is Cigna (CI) Using AI Automation And Rebate‑Free Pharmacy To Redefine Its Core Strategy? - simplywall.st,279.3191223144531,60D,60,,,,,
2026-08-27,SMTC,97.5431602020906,高優先觀察,AI/資料中心,未觸發主要風險,新聞提及 1 次，且價格站上 50DMA，值得加入觀察清單。,Semtech Q2: Accelerating Growth In Data Centers Will Keep Sending Shares Higher (NASDAQ:SMTC) - Seeking Alpha,142.42999267578125,5D,5,2026-09-03,-0.049357573129274246,-0.004770483347070642,-0.044587089782203604,False
2026-08-27,SMTC,97.5431602020906,高優先觀察,AI/資料中心,未觸發主要風險,新聞提及 1 次，且價格站上 50DMA，值得加入觀察清單。,Semtech Q2: Accelerating Growth In Data Centers Will Keep Sending Shares Higher (NASDAQ:SMTC) - Seeking Alpha,142.42999267578125,20D,20,2026-09-25,0.27992706891963515,0.033511918964058696,0.24641514995557645,True
2026-08-27,SMTC,97.5431602020906,高優先觀察,AI/資料中心,未觸發主要風險,新聞提及 1 次，且價格站上 50DMA，值得加入觀察清單。,Semtech Q2: Accelerating Growth In Data Centers Will Keep Sending Shares Higher (NASDAQ:SMTC) - Seeking Alpha,142.42999267578125,60D,60,,,,,
2026-08-27,INFQ,96.49423224215144,高優先觀察,量子運算,未觸發主要風險,新聞提及 1 次，且價格站上 50DMA，值得加入觀察清單。,Infleqtion Stock: Can Quantum Sensing Fund The Qubit Future (NYSE:INFQ) - Seeking Alpha,14.319999694824219,5D,5,2026-09-03,-0.11592177952434557,-0.004770483347070642,-0.11115129617727493,False
2026-08-27,INFQ,96.49423224215144,高優先觀察,量子運算,未觸發主要風險,新聞提及 1 次，且價格站上 50DMA，值得加入觀察清單。,Infleqtion Stock: Can Quantum Sensing Fund The Qubit Future (NYSE:INFQ) - Seeking Alpha,14.319999694824219,20D,20,2026-09-25,0.013268194001867961,0.033511918964058696,-0.020243724962190734,True
2026-08-27,INFQ,96.49423224215144,高優先觀察,量子運算,未觸發主要風險,新聞提及 1 次，且價格站上 50DMA，值得加入觀察清單。,Infleqtion Stock: Can Quantum Sensing Fund The Qubit Future (NYSE:INFQ) - Seeking Alpha,14.319999694824219,60D,60,,,,,
2026-08-27,COIN,93.55720097021427,高優先觀察,加密/交易平台,未觸發主要風險,新聞提及 1 次，且價格站上 50DMA，值得加入觀察清單。,"Coinbase (COIN) debuts tokenized stocks on Base with Apple, Nvidia among first shares - CoinDesk",190.72000122070312,5D,5,2026-09-03,0.010381688941202283,-0.004770483347070642,0.015152172288272925,True
2026-08-27,COIN,93.55720097021427,高優先觀察,加密/交易平台,未觸發主要風險,新聞提及 1 次，且價格站上 50DMA，值得加入觀察清單。,"Coinbase (COIN) debuts tokenized stocks on Base with Apple, Nvidia among first shares - CoinDesk",190.72000122070312,20D,20,2026-09-25,0.02301803356517529,0.033511918964058696,-0.010493885398883407,True
2026-08-27,COIN,93.55720097021427,高優先觀察,加密/交易平台,未觸發主要風險,新聞提及 1 次，且價格站上 50DMA，值得加入觀察清單。,"Coinbase (COIN) debuts tokenized stocks on Base with Apple, Nvidia among first shares - CoinDesk",190.72000122070312,60D,60,,,,,
2026-08-27,FF,63.50637322653738,可觀察,加密/交易平台,未觸發主要風險,新聞提及 1 次，量價訊號尚需確認。,Coinbase Launches Tokenized Stocks on Base: Apple and NVIDIA Shares Move Onchain - FF News,5.1802077293396,5D,5,2026-09-03,0.021194653783620065,-0.004770483347070642,0.025965137130690708,True
2026-08-27,FF,63.50637322653738,可觀察,加密/交易平台,未觸發主要風險,新聞提及 1 次，量價訊號尚需確認。,Coinbase Launches Tokenized Stocks on Base: Apple and NVIDIA Shares Move Onchain - FF News,5.1802077293396,20D,20,2026-09-25,-0.011622669770463667,0.033511918964058696,-0.04513458873452236,False
2026-08-27,FF,63.50637322653738,可觀察,加密/交易平台,未觸發主要風險,新聞提及 1 次，量價訊號尚需確認。,Coinbase Launches Tokenized Stocks on Base: Apple and NVIDIA Shares Move Onchain - FF News,5.1802077293396,60D,60,,,,,
2026-08-27,IBM,43.66936485565511,題材有熱度但訊號普通,量子運算,低於50DMA,新聞提及 1 次，量價訊號尚需確認。,IBM Just Hit a New Quantum Computing Milestone. How to Play IBM Stock Now. - Barchart.com,238.7899932861328,5D,5,2026-09-03,-0.017086086883786322,-0.004770483347070642,-0.01231560353671568,False
2026-08-27,IBM,43.66936485565511,題材有熱度但訊號普通,量子運算,低於50DMA,新聞提及 1 次，量價訊號尚需確認。,IBM Just Hit a New Quantum Computing Milestone. How to Play IBM Stock Now. - Barchart.com,238.7899932861328,20D,20,2026-09-25,-0.05561371561907946,0.033511918964058696,-0.08912563458313816,False
2026-08-27,IBM,43.66936485565511,題材有熱度但訊號普通,量子運算,低於50DMA,新聞提及 1 次，量價訊號尚需確認。,IBM Just Hit a New Quantum Computing Milestone. How to Play IBM Stock Now. - Barchart.com,238.7899932861328,60D,60,,,,,
2026-08-27,AVAV,31.45374122034933,暫時不強,國防/航太,低於50DMA,新聞提及 1 次，量價訊號尚需確認。,AVAV Stock Rides Drone Defense Bull Wave As New Air Force Contract Adds Fuel — Here's What Investors Need To Know - Stocktwits,152.27999877929688,5D,5,2026-09-03,-0.03329388039185466,-0.004770483347070642,-0.028523397044784016,False
2026-08-27,AVAV,31.45374122034933,暫時不強,國防/航太,低於50DMA,新聞提及 1 次，量價訊號尚需確認。,AVAV Stock Rides Drone Defense Bull Wave As New Air Force Contract Adds Fuel — Here's What Investors Need To Know - Stocktwits,152.27999877929688,20D,20,2026-09-25,-0.00151034757934565,0.033511918964058696,-0.035022266543404346,False
2026-08-27,AVAV,31.45374122034933,暫時不強,國防/航太,低於50DMA,新聞提及 1 次，量價訊號尚需確認。,AVAV Stock Rides Drone Defense Bull Wave As New Air Force Contract Adds Fuel — Here's What Investors Need To Know - Stocktwits,152.27999877929688,60D,60,,,,,
2026-08-27,BMO,19.857935237004178,低優先或資料不足,AI/資料中心,低於50DMA,新聞提及 1 次，量價訊號尚需確認。,BMO starts Eaton stock at Outperform on AI data center growth - Investing.com,172.1300048828125,5D,5,2026-09-03,0.02747920521328795,-0.004770483347070642,0.03224968856035859,True
2026-08-27,BMO,19.857935237004178,低優先或資料不足,AI/資料中心,低於50DMA,新聞提及 1 次，量價訊號尚需確認。,BMO starts Eaton stock at Outperform on AI data center growth - Investing.com,172.1300048828125,20D,20,2026-09-25,0.0009876149661476319,0.033511918964058696,-0.032524303997911064,True
2026-08-27,BMO,19.857935237004178,低優先或資料不足,AI/資料中心,低於50DMA,新聞提及 1 次，量價訊號尚需確認。,BMO starts Eaton stock at Outperform on AI data center growth - Investing.com,172.1300048828125,60D,60,,,,,
2026-08-27,EOSE,0.17136316255605522,低優先或資料不足,量子運算,低於50DMA,新聞提及 1 次，量價訊號尚需確認。,Does Eos Energy (EOSE) Centralizing Commercial Leadership Strengthen Its Path to Long-Duration Storage Relevance? - simplywall.st,3.4200000762939453,5D,5,2026-09-03,0.02339179003549785,-0.004770483347070642,0.028162273382568492,True
2026-08-27,EOSE,0.17136316255605522,低優先或資料不足,量子運算,低於50DMA,新聞提及 1 次，量價訊號尚需確認。,Does Eos Energy (EOSE) Centralizing Commercial Leadership Strengthen Its Path to Long-Duration Storage Relevance? - simplywall.st,3.4200000762939453,20D,20,2026-09-25,-0.07456143530769943,0.033511918964058696,-0.10807335427175813,False
2026-08-27,EOSE,0.17136316255605522,低優先或資料不足,量子運算,低於50DMA,新聞提及 1 次，量價訊號尚需確認。,Does Eos Energy (EOSE) Centralizing Commercial Leadership Strengthen Its Path to Long-Duration Storage Relevance? - simplywall.st,3.4200000762939453,60D,60,,,,,
2026-08-28,PATH,93.89215639310862,高優先觀察,機器人/自動化,未觸發主要風險,新聞提及 1 次，且價格站上 50DMA，值得加入觀察清單。,How Investors May Respond To UiPath (PATH) Launching Maestro Flow For Code-First AI Orchestration - simplywall.st,18.149999618530273,5D,5,2026-09-04,-0.1630854049784638,0.003531366935274338,-0.16661677191373814,False
2026-08-28,PATH,93.89215639310862,高優先觀察,機器人/自動化,未觸發主要風險,新聞提及 1 次，且價格站上 50DMA，值得加入觀察清單。,How Investors May Respond To UiPath (PATH) Launching Maestro Flow For Code-First AI Orchestration - simplywall.st,18.149999618530273,20D,20,,,,,
2026-08-28,PATH,93.89215639310862,高優先觀察,機器人/自動化,未觸發主要風險,新聞提及 1 次，且價格站上 50DMA，值得加入觀察清單。,How Investors May Respond To UiPath (PATH) Launching Maestro Flow For Code-First AI Orchestration - simplywall.st,18.149999618530273,60D,60,,,,,
2026-08-28,SMTC,66.8684129042119,可觀察,AI/資料中心,低於50DMA,新聞提及 1 次，量價訊號尚需確認。,Semtech Q2: Accelerating Growth In Data Centers Will Keep Sending Shares Higher (NASDAQ:SMTC) - Seeking Alpha,131.1699981689453,5D,5,2026-09-04,0.12746818216135036,0.003531366935274338,0.12393681522607602,True
2026-08-28,SMTC,66.8684129042119,可觀察,AI/資料中心,低於50DMA,新聞提及 1 次，量價訊號尚需確認。,Semtech Q2: Accelerating Growth In Data Centers Will Keep Sending Shares Higher (NASDAQ:SMTC) - Seeking Alpha,131.1699981689453,20D,20,,,,,
2026-08-28,SMTC,66.8684129042119,可觀察,AI/資料中心,低於50DMA,新聞提及 1 次，量價訊號尚需確認。,Semtech Q2: Accelerating Growth In Data Centers Will Keep Sending Shares Higher (NASDAQ:SMTC) - Seeking Alpha,131.1699981689453,60D,60,,,,,
2026-08-28,AMZN,49.25186177198297,題材有熱度但訊號普通,機器人/自動化,未觸發主要風險,新聞提及 1 次，量價訊號尚需確認。,AMZN Stock Climbs As Amazon Reportedly Plans Automation Initiative To Use AI And Robotics For Delivery Stations - Stocktwits,266.42999267578125,5D,5,2026-09-04,-0.029726318837511978,0.003531366935274338,-0.033257685772786316,False
2026-08-28,AMZN,49.25186177198297,題材有熱度但訊號普通,機器人/自動化,未觸發主要風險,新聞提及 1 次，量價訊號尚需確認。,AMZN Stock Climbs As Amazon Reportedly Plans Automation Initiative To Use AI And Robotics For Delivery Stations - Stocktwits,266.42999267578125,20D,20,,,,,
2026-08-28,AMZN,49.25186177198297,題材有熱度但訊號普通,機器人/自動化,未觸發主要風險,新聞提及 1 次，量價訊號尚需確認。,AMZN Stock Climbs As Amazon Reportedly Plans Automation Initiative To Use AI And Robotics For Delivery Stations - Stocktwits,266.42999267578125,60D,60,,,,,
2026-08-28,ASML,46.59162537528927,題材有熱度但訊號普通,半導體設備,低於50DMA,新聞提及 1 次，量價訊號尚需確認。,"ASML (ASML) Q2 2026 Earnings Preview: $7.94 EPS Expected, 8% Options Swing; Triangle at $1,800 - TradingKey",1696.1600341796875,5D,5,2026-09-04,0.011036677156574193,0.003531366935274338,0.007505310221299855,True
2026-08-28,ASML,46.59162537528927,題材有熱度但訊號普通,半導體設備,低於50DMA,新聞提及 1 次，量價訊號尚需確認。,"ASML (ASML) Q2 2026 Earnings Preview: $7.94 EPS Expected, 8% Options Swing; Triangle at $1,800 - TradingKey",1696.1600341796875,20D,20,,,,,
2026-08-28,ASML,46.59162537528927,題材有熱度但訊號普通,半導體設備,低於50DMA,新聞提及 1 次，量價訊號尚需確認。,"ASML (ASML) Q2 2026 Earnings Preview: $7.94 EPS Expected, 8% Options Swing; Triangle at $1,800 - TradingKey",1696.1600341796875,60D,60,,,,,
2026-08-28,LRCX,42.68946330646839,題材有熱度但訊號普通,半導體設備,低於50DMA,新聞提及 1 次，量價訊號尚需確認。,Lam Research Corporation $LRCX is Empire Life Investments Inc.'s 3rd Largest Position - MarketBeat,301.5796203613281,5D,5,2026-09-04,0.019046036590579796,0.003531366935274338,0.015514669655305457,True
2026-08-28,LRCX,42.68946330646839,題材有熱度但訊號普通,半導體設備,低於50DMA,新聞提及 1 次，量價訊號尚需確認。,Lam Research Corporation $LRCX is Empire Life Investments Inc.'s 3rd Largest Position - MarketBeat,301.5796203613281,20D,20,,,,,
2026-08-28,LRCX,42.68946330646839,題材有熱度但訊號普通,半導體設備,低於50DMA,新聞提及 1 次，量價訊號尚需確認。,Lam Research Corporation $LRCX is Empire Life Investments Inc.'s 3rd Largest Position - MarketBeat,301.5796203613281,60D,60,,,,,
2026-08-28,SIMO,19.473163720947817,低優先或資料不足,半導體設備,低於50DMA,新聞提及 1 次，量價訊號尚需確認。,Silicon Motion (NASDAQ:SIMO) Shows High Growth Momentum With a Breakout Setup - ChartMill,245.80999755859375,5D,5,2026-09-04,0.04230907611479595,0.003531366935274338,0.03877770917952161,True
2026-08-28,SIMO,19.473163720947817,低優先或資料不足,半導體設備,低於50DMA,新聞提及 1 次，量價訊號尚需確認。,Silicon Motion (NASDAQ:SIMO) Shows High Growth Momentum With a Breakout Setup - ChartMill,245.80999755859375,20D,20,,,,,
2026-08-28,SIMO,19.473163720947817,低優先或資料不足,半導體設備,低於50DMA,新聞提及 1 次，量價訊號尚需確認。,Silicon Motion (NASDAQ:SIMO) Shows High Growth Momentum With a Breakout Setup - ChartMill,245.80999755859375,60D,60,,,,,
2026-08-28,ARM,19.148656253345074,低優先或資料不足,機器人/自動化,低於50DMA,新聞提及 1 次，量價訊號尚需確認。,Does Arm (ARM)ʼs AI Conference Push Reflect Durable Cash Power or Just Multiple Expansion? - simplywall.st,239.0500030517578,5D,5,2026-09-04,0.05454922869551049,0.003531366935274338,0.05101786176023615,True
2026-08-28,ARM,19.148656253345074,低優先或資料不足,機器人/自動化,低於50DMA,新聞提及 1 次，量價訊號尚需確認。,Does Arm (ARM)ʼs AI Conference Push Reflect Durable Cash Power or Just Multiple Expansion? - simplywall.st,239.0500030517578,20D,20,,,,,
2026-08-28,ARM,19.148656253345074,低優先或資料不足,機器人/自動化,低於50DMA,新聞提及 1 次，量價訊號尚需確認。,Does Arm (ARM)ʼs AI Conference Push Reflect Durable Cash Power or Just Multiple Expansion? - simplywall.st,239.0500030517578,60D,60,,,,,
2026-08-29,SMTC,66.87059437556285,可觀察,AI/資料中心,低於50DMA,新聞提及 1 次，量價訊號尚需確認。,Semtech Q2: Accelerating Growth In Data Centers Will Keep Sending Shares Higher (NASDAQ:SMTC) - Seeking Alpha,132.9600067138672,5D,5,2026-09-08,0.22307451042138737,0.0022322577829392287,0.22084225263844814,True
2026-08-29,SMTC,66.87059437556285,可觀察,AI/資料中心,低於50DMA,新聞提及 1 次，量價訊號尚需確認。,Semtech Q2: Accelerating Growth In Data Centers Will Keep Sending Shares Higher (NASDAQ:SMTC) - Seeking Alpha,132.9600067138672,20D,20,,,,,
2026-08-29,SMTC,66.87059437556285,可觀察,AI/資料中心,低於50DMA,新聞提及 1 次，量價訊號尚需確認。,Semtech Q2: Accelerating Growth In Data Centers Will Keep Sending Shares Higher (NASDAQ:SMTC) - Seeking Alpha,132.9600067138672,60D,60,,,,,
2026-08-29,LAES,35.40847003175821,暫時不強,量子運算,低於50DMA,新聞提及 1 次，量價訊號尚需確認。,LAES News | SEALSQ CORP (NASDAQ:LAES) - ChartMill,2.490000009536743,5D,5,2026-09-08,-0.016064241646516764,0.0022322577829392287,-0.018296499429455992,False
2026-08-29,LAES,35.40847003175821,暫時不強,量子運算,低於50DMA,新聞提及 1 次，量價訊號尚需確認。,LAES News | SEALSQ CORP (NASDAQ:LAES) - ChartMill,2.490000009536743,20D,20,,,,,
2026-08-29,LAES,35.40847003175821,暫時不強,量子運算,低於50DMA,新聞提及 1 次，量價訊號尚需確認。,LAES News | SEALSQ CORP (NASDAQ:LAES) - ChartMill,2.490000009536743,60D,60,,,,,
2026-08-29,EOSE,6.65073838873659,低優先或資料不足,量子運算,低於50DMA,新聞提及 1 次，量價訊號尚需確認。,Does Eos Energy (EOSE) Centralizing Commercial Leadership Strengthen Its Path to Long-Duration Storage Relevance? - simplywall.st,3.2200000286102295,5D,5,2026-09-08,0.335403774077222,0.0022322577829392287,0.33317151629428277,True
2026-08-29,EOSE,6.65073838873659,低優先或資料不足,量子運算,低於50DMA,新聞提及 1 次，量價訊號尚需確認。,Does Eos Energy (EOSE) Centralizing Commercial Leadership Strengthen Its Path to Long-Duration Storage Relevance? - simplywall.st,3.2200000286102295,20D,20,,,,,
2026-08-29,EOSE,6.65073838873659,低優先或資料不足,量子運算,低於50DMA,新聞提及 1 次，量價訊號尚需確認。,Does Eos Energy (EOSE) Centralizing Commercial Leadership Strengthen Its Path to Long-Duration Storage Relevance? - simplywall.st,3.2200000286102295,60D,60,,,,,
2026-08-30,COIN,96.50070722548263,高優先觀察,加密/交易平台,未觸發主要風險,新聞提及 1 次，且價格站上 50DMA，值得加入觀察清單。,"Coinbase (COIN) debuts tokenized stocks on Base with Apple, Nvidia among first shares - CoinDesk",188.1199951171875,5D,5,2026-09-08,-0.04879860149933912,0.0022322577829392287,-0.05103085928227835,False
2026-08-30,COIN,96.50070722548263,高優先觀察,加密/交易平台,未觸發主要風險,新聞提及 1 次，且價格站上 50DMA，值得加入觀察清單。,"Coinbase (COIN) debuts tokenized stocks on Base with Apple, Nvidia among first shares - CoinDesk",188.1199951171875,20D,20,,,,,
2026-08-30,COIN,96.50070722548263,高優先觀察,加密/交易平台,未觸發主要風險,新聞提及 1 次，且價格站上 50DMA，值得加入觀察清單。,"Coinbase (COIN) debuts tokenized stocks on Base with Apple, Nvidia among first shares - CoinDesk",188.1199951171875,60D,60,,,,,
2026-08-30,GLP,58.159535444854214,題材有熱度但訊號普通,醫療科技,未觸發主要風險,新聞提及 1 次，量價訊號尚需確認。,"Forget GLP-1 stocks, baldness drugs are Wall Street’s next goldmine - Fortune",51.349998474121094,5D,5,2026-09-08,0.034274628793172335,0.0022322577829392287,0.032042371010233106,True
2026-08-30,GLP,58.159535444854214,題材有熱度但訊號普通,醫療科技,未觸發主要風險,新聞提及 1 次，量價訊號尚需確認。,"Forget GLP-1 stocks, baldness drugs are Wall Street’s next goldmine - Fortune",51.349998474121094,20D,20,,,,,
2026-08-30,GLP,58.159535444854214,題材有熱度但訊號普通,醫療科技,未觸發主要風險,新聞提及 1 次，量價訊號尚需確認。,"Forget GLP-1 stocks, baldness drugs are Wall Street’s next goldmine - Fortune",51.349998474121094,60D,60,,,,,
2026-08-30,LRCX,42.715927070721506,題材有熱度但訊號普通,半導體設備,低於50DMA,新聞提及 1 次，量價訊號尚需確認。,Lam Research Corp Stock (LRCX) Moved Down by 3.84% on Aug 28: Drivers Behind the Movement - TradingKey,301.1700439453125,5D,5,2026-09-08,0.06278825868347937,0.0022322577829392287,0.06055600090054014,True
2026-08-30,LRCX,42.715927070721506,題材有熱度但訊號普通,半導體設備,低於50DMA,新聞提及 1 次，量價訊號尚需確認。,Lam Research Corp Stock (LRCX) Moved Down by 3.84% on Aug 28: Drivers Behind the Movement - TradingKey,301.1700439453125,20D,20,,,,,
2026-08-30,LRCX,42.715927070721506,題材有熱度但訊號普通,半導體設備,低於50DMA,新聞提及 1 次，量價訊號尚需確認。,Lam Research Corp Stock (LRCX) Moved Down by 3.84% on Aug 28: Drivers Behind the Movement - TradingKey,301.1700439453125,60D,60,,,,,
2026-08-30,LAES,35.40847003175821,暫時不強,量子運算,低於50DMA,新聞提及 1 次，量價訊號尚需確認。,LAES News | SEALSQ CORP (NASDAQ:LAES) - ChartMill,2.490000009536743,5D,5,2026-09-08,-0.016064241646516764,0.0022322577829392287,-0.018296499429455992,False
2026-08-30,LAES,35.40847003175821,暫時不強,量子運算,低於50DMA,新聞提及 1 次，量價訊號尚需確認。,LAES News | SEALSQ CORP (NASDAQ:LAES) - ChartMill,2.490000009536743,20D,20,,,,,
2026-08-30,LAES,35.40847003175821,暫時不強,量子運算,低於50DMA,新聞提及 1 次，量價訊號尚需確認。,LAES News | SEALSQ CORP (NASDAQ:LAES) - ChartMill,2.490000009536743,60D,60,,,,,
2026-08-30,SIMO,19.473163720947817,低優先或資料不足,半導體設備,低於50DMA,新聞提及 1 次，量價訊號尚需確認。,Silicon Motion (NASDAQ:SIMO) Shows High Growth Momentum With a Breakout Setup - ChartMill,246.83999633789062,5D,5,2026-09-08,0.10200937064232174,0.0022322577829392287,0.09977711285938251,True
2026-08-30,SIMO,19.473163720947817,低優先或資料不足,半導體設備,低於50DMA,新聞提及 1 次，量價訊號尚需確認。,Silicon Motion (NASDAQ:SIMO) Shows High Growth Momentum With a Breakout Setup - ChartMill,246.83999633789062,20D,20,,,,,
2026-08-30,SIMO,19.473163720947817,低優先或資料不足,半導體設備,低於50DMA,新聞提及 1 次，量價訊號尚需確認。,Silicon Motion (NASDAQ:SIMO) Shows High Growth Momentum With a Breakout Setup - ChartMill,246.83999633789062,60D,60,,,,,
2026-08-31,NOW,100.0,高優先觀察,機器人/自動化,未觸發主要風險,新聞提及 1 次，且價格站上 50DMA，值得加入觀察清單。,Are ServiceNow’s New AI Alliances Shifting Its Role Into a Core Orchestration Layer For Enterprises (NOW)? - simplywall.st,147.99000549316406,5D,5,2026-09-08,-0.09311438791677995,0.0022322577829392287,-0.09534664569971918,False
2026-08-31,NOW,100.0,高優先觀察,機器人/自動化,未觸發主要風險,新聞提及 1 次，且價格站上 50DMA，值得加入觀察清單。,Are ServiceNow’s New AI Alliances Shifting Its Role Into a Core Orchestration Layer For Enterprises (NOW)? - simplywall.st,147.99000549316406,20D,20,,,,,
2026-08-31,NOW,100.0,高優先觀察,機器人/自動化,未觸發主要風險,新聞提及 1 次，且價格站上 50DMA，值得加入觀察清單。,Are ServiceNow’s New AI Alliances Shifting Its Role Into a Core Orchestration Layer For Enterprises (NOW)? - simplywall.st,147.99000549316406,60D,60,,,,,
2026-08-31,WAY,94.98070308591953,高優先觀察,機器人/自動化,未觸發主要風險,新聞提及 1 次，且價格站上 50DMA，值得加入觀察清單。,Should Waystar’s New AltitudeAI Agents and C-Suite Hires Reshape the AI Story for Waystar (WAY)? - simplywall.st,26.18000030517578,5D,5,2026-09-08,-0.07410238775566702,0.0022322577829392287,-0.07633464553860625,False
2026-08-31,WAY,94.98070308591953,高優先觀察,機器人/自動化,未觸發主要風險,新聞提及 1 次，且價格站上 50DMA，值得加入觀察清單。,Should Waystar’s New AltitudeAI Agents and C-Suite Hires Reshape the AI Story for Waystar (WAY)? - simplywall.st,26.18000030517578,20D,20,,,,,
2026-08-31,WAY,94.98070308591953,高優先觀察,機器人/自動化,未觸發主要風險,新聞提及 1 次，且價格站上 50DMA，值得加入觀察清單。,Should Waystar’s New AltitudeAI Agents and C-Suite Hires Reshape the AI Story for Waystar (WAY)? - simplywall.st,26.18000030517578,60D,60,,,,,
2026-08-31,ANET,69.11471734629636,可觀察,能源/材料,未觸發主要風險,新聞提及 1 次，量價訊號尚需確認。,ANET Stock Slides On Chip Supply Warning – But Retail Calls It A ‘Fake Selloff’ - Stocktwits,195.69000244140625,5D,5,2026-09-08,-0.003730368023055486,0.0022322577829392287,-0.005962625805994715,False
2026-08-31,ANET,69.11471734629636,可觀察,能源/材料,未觸發主要風險,新聞提及 1 次，量價訊號尚需確認。,ANET Stock Slides On Chip Supply Warning – But Retail Calls It A ‘Fake Selloff’ - Stocktwits,195.69000244140625,20D,20,,,,,
2026-08-31,ANET,69.11471734629636,可觀察,能源/材料,未觸發主要風險,新聞提及 1 次，量價訊號尚需確認。,ANET Stock Slides On Chip Supply Warning – But Retail Calls It A ‘Fake Selloff’ - Stocktwits,195.69000244140625,60D,60,,,,,
2026-08-31,LRCX,47.53353786334246,題材有熱度但訊號普通,半導體設備,低於50DMA,新聞提及 2 次，量價訊號尚需確認。,Lam Research Corp Stock (LRCX) Moved Down by 3.84% on Aug 28: Drivers Behind the Movement - TradingKey,301.1700439453125,5D,5,2026-09-08,0.06278825868347937,0.0022322577829392287,0.06055600090054014,True
2026-08-31,LRCX,47.53353786334246,題材有熱度但訊號普通,半導體設備,低於50DMA,新聞提及 2 次，量價訊號尚需確認。,Lam Research Corp Stock (LRCX) Moved Down by 3.84% on Aug 28: Drivers Behind the Movement - TradingKey,301.1700439453125,20D,20,,,,,
2026-08-31,LRCX,47.53353786334246,題材有熱度但訊號普通,半導體設備,低於50DMA,新聞提及 2 次，量價訊號尚需確認。,Lam Research Corp Stock (LRCX) Moved Down by 3.84% on Aug 28: Drivers Behind the Movement - TradingKey,301.1700439453125,60D,60,,,,,
2026-08-31,SMR,47.28320707952999,題材有熱度但訊號普通,核能/電力,未觸發主要風險,新聞提及 1 次，量價訊號尚需確認。,Big Tech’s AI Data Center Power Demands Trigger $15B PJM Auction and a Nuclear SMR Boom - TradingKey,9.270000457763672,5D,5,2026-09-08,0.20604096581381226,0.0022322577829392287,0.20380870803087303,True
2026-08-31,SMR,47.28320707952999,題材有熱度但訊號普通,核能/電力,未觸發主要風險,新聞提及 1 次，量價訊號尚需確認。,Big Tech’s AI Data Center Power Demands Trigger $15B PJM Auction and a Nuclear SMR Boom - TradingKey,9.270000457763672,20D,20,,,,,
2026-08-31,SMR,47.28320707952999,題材有熱度但訊號普通,核能/電力,未觸發主要風險,新聞提及 1 次，量價訊號尚需確認。,Big Tech’s AI Data Center Power Demands Trigger $15B PJM Auction and a Nuclear SMR Boom - TradingKey,9.270000457763672,60D,60,,,,,
2026-08-31,ASX,40.363595519608666,題材有熱度但訊號普通,能源/材料,低於50DMA,新聞提及 2 次，量價訊號尚需確認。,Could ASX Lithium Stocks Face a New Ceiling as Supply Risks Shift? - Kalkine Media,36.95000076293945,5D,5,2026-09-08,0.07686062500535562,0.0022322577829392287,0.07462836722241639,True
2026-08-31,ASX,40.363595519608666,題材有熱度但訊號普通,能源/材料,低於50DMA,新聞提及 2 次，量價訊號尚需確認。,Could ASX Lithium Stocks Face a New Ceiling as Supply Risks Shift? - Kalkine Media,36.95000076293945,20D,20,,,,,
2026-08-31,ASX,40.363595519608666,題材有熱度但訊號普通,能源/材料,低於50DMA,新聞提及 2 次，量價訊號尚需確認。,Could ASX Lithium Stocks Face a New Ceiling as Supply Risks Shift? - Kalkine Media,36.95000076293945,60D,60,,,,,
2026-08-31,AMZN,39.383922312182726,暫時不強,機器人/自動化,未觸發主要風險,新聞提及 2 次，量價訊號尚需確認。,AMZN Stock Climbs As Amazon Reportedly Plans Automation Initiative To Use AI And Robotics For Delivery Stations - Stocktwits,259.7699890136719,5D,5,2026-09-08,-0.010778719295481798,0.0022322577829392287,-0.013010977078421027,False
2026-08-31,AMZN,39.383922312182726,暫時不強,機器人/自動化,未觸發主要風險,新聞提及 2 次，量價訊號尚需確認。,AMZN Stock Climbs As Amazon Reportedly Plans Automation Initiative To Use AI And Robotics For Delivery Stations - Stocktwits,259.7699890136719,20D,20,,,,,
2026-08-31,AMZN,39.383922312182726,暫時不強,機器人/自動化,未觸發主要風險,新聞提及 2 次，量價訊號尚需確認。,AMZN Stock Climbs As Amazon Reportedly Plans Automation Initiative To Use AI And Robotics For Delivery Stations - Stocktwits,259.7699890136719,60D,60,,,,,
2026-08-31,COHU,6.3617314575833905,低優先或資料不足,半導體設備,低於50DMA,新聞提及 1 次，量價訊號尚需確認。,AEHR vs. COHU: Which Semiconductor Equipment Stock Is The Better Buy? - TradingView,46.099998474121094,5D,5,2026-09-08,0.15336225442161489,0.0022322577829392287,0.15112999663867566,True
2026-08-31,COHU,6.3617314575833905,低優先或資料不足,半導體設備,低於50DMA,新聞提及 1 次，量價訊號尚需確認。,AEHR vs. COHU: Which Semiconductor Equipment Stock Is The Better Buy? - TradingView,46.099998474121094,20D,20,,,,,
2026-08-31,COHU,6.3617314575833905,低優先或資料不足,半導體設備,低於50DMA,新聞提及 1 次，量價訊號尚需確認。,AEHR vs. COHU: Which Semiconductor Equipment Stock Is The Better Buy? - TradingView,46.099998474121094,60D,60,,,,,
2026-08-31,AVAV,0.7771411133115542,低優先或資料不足,國防/航太,低於50DMA,新聞提及 1 次，量價訊號尚需確認。,AVAV Stock Rides Drone Defense Bull Wave As New Air Force Contract Adds Fuel — Here's What Investors Need To Know - Stocktwits,148.35000610351562,5D,5,2026-09-08,0.002898501234177342,0.0022322577829392287,0.0006662434512381132,True
2026-08-31,AVAV,0.7771411133115542,低優先或資料不足,國防/航太,低於50DMA,新聞提及 1 次，量價訊號尚需確認。,AVAV Stock Rides Drone Defense Bull Wave As New Air Force Contract Adds Fuel — Here's What Investors Need To Know - Stocktwits,148.35000610351562,20D,20,,,,,
2026-08-31,AVAV,0.7771411133115542,低優先或資料不足,國防/航太,低於50DMA,新聞提及 1 次，量價訊號尚需確認。,AVAV Stock Rides Drone Defense Bull Wave As New Air Force Contract Adds Fuel — Here's What Investors Need To Know - Stocktwits,148.35000610351562,60D,60,,,,,
2026-08-31,AEHR,0.0,低優先或資料不足,半導體設備,低於50DMA,新聞提及 1 次，量價訊號尚需確認。,AEHR vs. COHU: Which Semiconductor Equipment Stock Is The Better Buy? - TradingView,79.2699966430664,5D,5,2026-09-08,0.14532616072046434,0.0022322577829392287,0.1430939029375251,True
2026-08-31,AEHR,0.0,低優先或資料不足,半導體設備,低於50DMA,新聞提及 1 次，量價訊號尚需確認。,AEHR vs. COHU: Which Semiconductor Equipment Stock Is The Better Buy? - TradingView,79.2699966430664,20D,20,,,,,
2026-08-31,AEHR,0.0,低優先或資料不足,半導體設備,低於50DMA,新聞提及 1 次，量價訊號尚需確認。,AEHR vs. COHU: Which Semiconductor Equipment Stock Is The Better Buy? - TradingView,79.2699966430664,60D,60,,,,,
2026-08-31,NVMI,0.0,低優先或資料不足,半導體設備,低於50DMA,新聞提及 1 次，量價訊號尚需確認。,Should You Invest in NVMI Stock Following Healthy Q2 Results? - TradingView,348.45001220703125,5D,5,2026-09-08,0.08224988417421253,0.0022322577829392287,0.0800176263912733,True
2026-08-31,NVMI,0.0,低優先或資料不足,半導體設備,低於50DMA,新聞提及 1 次，量價訊號尚需確認。,Should You Invest in NVMI Stock Following Healthy Q2 Results? - TradingView,348.45001220703125,20D,20,,,,,
2026-08-31,NVMI,0.0,低優先或資料不足,半導體設備,低於50DMA,新聞提及 1 次，量價訊號尚需確認。,Should You Invest in NVMI Stock Following Healthy Q2 Results? - TradingView,348.45001220703125,60D,60,,,,,
2026-09-01,RDVT,89.87360866449205,高優先觀察,小型成長股,未觸發主要風險,新聞提及 1 次，且價格站上 50DMA，值得加入觀察清單。,Red Violet (NASDAQ:RDVT) Passes All Eight Growth Rules from the Little Book That Makes You Rich - ChartMill,75.55999755859375,5D,5,2026-09-09,-0.01535198610634303,0.012252043165610571,-0.0276040292719536,False
2026-09-01,RDVT,89.87360866449205,高優先觀察,小型成長股,未觸發主要風險,新聞提及 1 次，且價格站上 50DMA，值得加入觀察清單。,Red Violet (NASDAQ:RDVT) Passes All Eight Growth Rules from the Little Book That Makes You Rich - ChartMill,75.55999755859375,20D,20,,,,,
2026-09-01,RDVT,89.87360866449205,高優先觀察,小型成長股,未觸發主要風險,新聞提及 1 次，且價格站上 50DMA，值得加入觀察清單。,Red Violet (NASDAQ:RDVT) Passes All Eight Growth Rules from the Little Book That Makes You Rich - ChartMill,75.55999755859375,60D,60,,,,,
2026-09-01,SMTC,58.209525873253895,題材有熱度但訊號普通,AI/資料中心,低於50DMA,新聞提及 1 次，量價訊號尚需確認。,Semtech Q2: Accelerating Growth In Data Centers Will Keep Sending Shares Higher (NASDAQ:SMTC) - Seeking Alpha,132.27000427246094,5D,5,2026-09-09,0.2394344684809171,0.012252043165610571,0.22718242531530652,True
2026-09-01,SMTC,58.209525873253895,題材有熱度但訊號普通,AI/資料中心,低於50DMA,新聞提及 1 次，量價訊號尚需確認。,Semtech Q2: Accelerating Growth In Data Centers Will Keep Sending Shares Higher (NASDAQ:SMTC) - Seeking Alpha,132.27000427246094,20D,20,,,,,
2026-09-01,SMTC,58.209525873253895,題材有熱度但訊號普通,AI/資料中心,低於50DMA,新聞提及 1 次，量價訊號尚需確認。,Semtech Q2: Accelerating Growth In Data Centers Will Keep Sending Shares Higher (NASDAQ:SMTC) - Seeking Alpha,132.27000427246094,60D,60,,,,,
2026-09-01,ONDS,0.22258208043956884,低優先或資料不足,國防/航太、小型成長股,低於50DMA,新聞提及 2 次，量價訊號尚需確認。,"ONDS Stock Could Have Made You A Millionaire If You Invested $100,000 A Year Ago, Thanks To Drone Defense Boom - Stocktwits",7.039999961853027,5D,5,2026-09-09,0.035511363828785614,0.012252043165610571,0.023259320663175043,True
2026-09-01,ONDS,0.22258208043956884,低優先或資料不足,國防/航太、小型成長股,低於50DMA,新聞提及 2 次，量價訊號尚需確認。,"ONDS Stock Could Have Made You A Millionaire If You Invested $100,000 A Year Ago, Thanks To Drone Defense Boom - Stocktwits",7.039999961853027,20D,20,,,,,
2026-09-01,ONDS,0.22258208043956884,低優先或資料不足,國防/航太、小型成長股,低於50DMA,新聞提及 2 次，量價訊號尚需確認。,"ONDS Stock Could Have Made You A Millionaire If You Invested $100,000 A Year Ago, Thanks To Drone Defense Boom - Stocktwits",7.039999961853027,60D,60,,,,,
2026-09-01,COHR,0.0,低優先或資料不足,AI/資料中心,低於50DMA,新聞提及 2 次，量價訊號尚需確認。,"Coherent (COHR) Unveils PhotonLink For AI Data Centers, Is The Upside Already Priced In? - simplywall.st",272.0299987792969,5D,5,2026-09-09,0.11561229404168483,0.012252043165610571,0.10336025087607426,True
2026-09-01,COHR,0.0,低優先或資料不足,AI/資料中心,低於50DMA,新聞提及 2 次，量價訊號尚需確認。,"Coherent (COHR) Unveils PhotonLink For AI Data Centers, Is The Upside Already Priced In? - simplywall.st",272.0299987792969,20D,20,,,,,
2026-09-01,COHR,0.0,低優先或資料不足,AI/資料中心,低於50DMA,新聞提及 2 次，量價訊號尚需確認。,"Coherent (COHR) Unveils PhotonLink For AI Data Centers, Is The Upside Already Priced In? - simplywall.st",272.0299987792969,60D,60,,,,,
2026-09-01,APP,0.0,低優先或資料不足,AI/資料中心,低於50DMA,新聞提及 1 次，量價訊號尚需確認。,COHR vs. APP: Which AI Growth Stock Offers the Better Investment? - TradingView,311.739990234375,5D,5,2026-09-09,-0.021428090347853757,0.012252043165610571,-0.03368013351346433,False
2026-09-01,APP,0.0,低優先或資料不足,AI/資料中心,低於50DMA,新聞提及 1 次，量價訊號尚需確認。,COHR vs. APP: Which AI Growth Stock Offers the Better Investment? - TradingView,311.739990234375,20D,20,,,,,
2026-09-01,APP,0.0,低優先或資料不足,AI/資料中心,低於50DMA,新聞提及 1 次，量價訊號尚需確認。,COHR vs. APP: Which AI Growth Stock Offers the Better Investment? - TradingView,311.739990234375,60D,60,,,,,
2026-09-02,NOW,93.90544727007213,高優先觀察,機器人/自動化,未觸發主要風險,新聞提及 1 次，且價格站上 50DMA，值得加入觀察清單。,Are ServiceNow’s New AI Alliances Shifting Its Role Into a Core Orchestration Layer For Enterprises (NOW)? - simplywall.st,136.72000122070312,5D,5,2026-09-10,-0.04059393652870591,-0.0007754073623813529,-0.03981852916632456,False
2026-09-02,NOW,93.90544727007213,高優先觀察,機器人/自動化,未觸發主要風險,新聞提及 1 次，且價格站上 50DMA，值得加入觀察清單。,Are ServiceNow’s New AI Alliances Shifting Its Role Into a Core Orchestration Layer For Enterprises (NOW)? - simplywall.st,136.72000122070312,20D,20,,,,,
2026-09-02,NOW,93.90544727007213,高優先觀察,機器人/自動化,未觸發主要風險,新聞提及 1 次，且價格站上 50DMA，值得加入觀察清單。,Are ServiceNow’s New AI Alliances Shifting Its Role Into a Core Orchestration Layer For Enterprises (NOW)? - simplywall.st,136.72000122070312,60D,60,,,,,
2026-09-02,SMR,50.514274576683,題材有熱度但訊號普通,核能/電力,未觸發主要風險,新聞提及 1 次，量價訊號尚需確認。,Big Tech’s AI Data Center Power Demands Trigger $15B PJM Auction and a Nuclear SMR Boom - tradingkey.com,9.5600004196167,5D,5,2026-09-10,0.0679915889121201,-0.0007754073623813529,0.06876699627450145,True
2026-09-02,SMR,50.514274576683,題材有熱度但訊號普通,核能/電力,未觸發主要風險,新聞提及 1 次，量價訊號尚需確認。,Big Tech’s AI Data Center Power Demands Trigger $15B PJM Auction and a Nuclear SMR Boom - tradingkey.com,9.5600004196167,20D,20,,,,,
2026-09-02,SMR,50.514274576683,題材有熱度但訊號普通,核能/電力,未觸發主要風險,新聞提及 1 次，量價訊號尚需確認。,Big Tech’s AI Data Center Power Demands Trigger $15B PJM Auction and a Nuclear SMR Boom - tradingkey.com,9.5600004196167,60D,60,,,,,
2026-09-02,FIS,38.1690955473337,暫時不強,金融科技,未觸發主要風險,新聞提及 1 次，量價訊號尚需確認。,Will FIS’s Ericsson Digital Wallet Partnership Redefine Fidelity National Information Services' (FIS) Growth Narrative? - simplywall.st,41.3917350769043,5D,5,2026-09-10,-0.08000952943133532,-0.0007754073623813529,-0.07923412206895397,False
2026-09-02,FIS,38.1690955473337,暫時不強,金融科技,未觸發主要風險,新聞提及 1 次，量價訊號尚需確認。,Will FIS’s Ericsson Digital Wallet Partnership Redefine Fidelity National Information Services' (FIS) Growth Narrative? - simplywall.st,41.3917350769043,20D,20,,,,,
2026-09-02,FIS,38.1690955473337,暫時不強,金融科技,未觸發主要風險,新聞提及 1 次，量價訊號尚需確認。,Will FIS’s Ericsson Digital Wallet Partnership Redefine Fidelity National Information Services' (FIS) Growth Narrative? - simplywall.st,41.3917350769043,60D,60,,,,,
2026-09-02,GE,6.498015922295174,低優先或資料不足,核能/電力,低於50DMA,新聞提及 1 次，量價訊號尚需確認。,GE Vernova Stock And Other Nuclear Energy Shares Tied To Rising Power Demand - webull.com,329.5,5D,5,2026-09-10,-0.016236740830092966,-0.0007754073623813529,-0.015461333467711613,False
2026-09-02,GE,6.498015922295174,低優先或資料不足,核能/電力,低於50DMA,新聞提及 1 次，量價訊號尚需確認。,GE Vernova Stock And Other Nuclear Energy Shares Tied To Rising Power Demand - webull.com,329.5,20D,20,,,,,
2026-09-02,GE,6.498015922295174,低優先或資料不足,核能/電力,低於50DMA,新聞提及 1 次，量價訊號尚需確認。,GE Vernova Stock And Other Nuclear Energy Shares Tied To Rising Power Demand - webull.com,329.5,60D,60,,,,,
2026-09-03,DE,96.0378782313029,高優先觀察,消費復甦,未觸發主要風險,新聞提及 1 次，且價格站上 50DMA，值得加入觀察清單。,Deere (DE): Baird Sees Upside as Agricultural Recovery Approaches - Yahoo Finance,694.4099731445312,5D,5,2026-09-11,-0.026886109981416384,-0.0038875146698064134,-0.02299859531160997,False
2026-09-03,DE,96.0378782313029,高優先觀察,消費復甦,未觸發主要風險,新聞提及 1 次，且價格站上 50DMA，值得加入觀察清單。,Deere (DE): Baird Sees Upside as Agricultural Recovery Approaches - Yahoo Finance,694.4099731445312,20D,20,,,,,
2026-09-03,DE,96.0378782313029,高優先觀察,消費復甦,未觸發主要風險,新聞提及 1 次，且價格站上 50DMA，值得加入觀察清單。,Deere (DE): Baird Sees Upside as Agricultural Recovery Approaches - Yahoo Finance,694.4099731445312,60D,60,,,,,
2026-09-03,NOW,95.52863752695029,高優先觀察,機器人/自動化,未觸發主要風險,新聞提及 1 次，且價格站上 50DMA，值得加入觀察清單。,Are ServiceNow’s New AI Alliances Shifting Its Role Into a Core Orchestration Layer For Enterprises (NOW)? - simplywall.st,145.58999633789062,5D,5,2026-09-11,-0.08970394867160814,-0.0038875146698064134,-0.08581643400180172,False
2026-09-03,NOW,95.52863752695029,高優先觀察,機器人/自動化,未觸發主要風險,新聞提及 1 次，且價格站上 50DMA，值得加入觀察清單。,Are ServiceNow’s New AI Alliances Shifting Its Role Into a Core Orchestration Layer For Enterprises (NOW)? - simplywall.st,145.58999633789062,20D,20,,,,,
2026-09-03,NOW,95.52863752695029,高優先觀察,機器人/自動化,未觸發主要風險,新聞提及 1 次，且價格站上 50DMA，值得加入觀察清單。,Are ServiceNow’s New AI Alliances Shifting Its Role Into a Core Orchestration Layer For Enterprises (NOW)? - simplywall.st,145.58999633789062,60D,60,,,,,
2026-09-03,UBS,75.76926679981116,可觀察,機器人/自動化,未觸發主要風險,新聞提及 1 次，且價格站上 50DMA，值得加入觀察清單。,'Physical AI' is here. UBS shares 3 picks-and-shovels sectors of the market to play the trade. - Business Insider,55.68000030517578,5D,5,2026-09-11,-0.019755719613723577,-0.0038875146698064134,-0.015868204943917164,False
2026-09-03,UBS,75.76926679981116,可觀察,機器人/自動化,未觸發主要風險,新聞提及 1 次，且價格站上 50DMA，值得加入觀察清單。,'Physical AI' is here. UBS shares 3 picks-and-shovels sectors of the market to play the trade. - Business Insider,55.68000030517578,20D,20,,,,,
2026-09-03,UBS,75.76926679981116,可觀察,機器人/自動化,未觸發主要風險,新聞提及 1 次，且價格站上 50DMA，值得加入觀察清單。,'Physical AI' is here. UBS shares 3 picks-and-shovels sectors of the market to play the trade. - Business Insider,55.68000030517578,60D,60,,,,,
2026-09-03,ADP,68.89171497318172,可觀察,機器人/自動化,未觸發主要風險,新聞提及 1 次，量價訊號尚需確認。,Can Automatic Data Processing (ADP) Justify Its Price On AI And Hiring Momentum? - Sahm,281.72698974609375,5D,5,2026-09-11,-0.047801525841048687,-0.0038875146698064134,-0.04391401117124227,False
2026-09-03,ADP,68.89171497318172,可觀察,機器人/自動化,未觸發主要風險,新聞提及 1 次，量價訊號尚需確認。,Can Automatic Data Processing (ADP) Justify Its Price On AI And Hiring Momentum? - Sahm,281.72698974609375,20D,20,,,,,
2026-09-03,ADP,68.89171497318172,可觀察,機器人/自動化,未觸發主要風險,新聞提及 1 次，量價訊號尚需確認。,Can Automatic Data Processing (ADP) Justify Its Price On AI And Hiring Momentum? - Sahm,281.72698974609375,60D,60,,,,,
2026-09-03,QCOM,38.89126330147783,暫時不強,機器人/自動化,低於50DMA,新聞提及 1 次，量價訊號尚需確認。,QCOM's Japan Robotics Outlay Targets Edge AI: Reason to Buy the Stock? - The Globe and Mail,168.57000732421875,5D,5,2026-09-11,0.07949215942496535,-0.0038875146698064134,0.08337967409477176,True
2026-09-03,QCOM,38.89126330147783,暫時不強,機器人/自動化,低於50DMA,新聞提及 1 次，量價訊號尚需確認。,QCOM's Japan Robotics Outlay Targets Edge AI: Reason to Buy the Stock? - The Globe and Mail,168.57000732421875,20D,20,,,,,
2026-09-03,QCOM,38.89126330147783,暫時不強,機器人/自動化,低於50DMA,新聞提及 1 次，量價訊號尚需確認。,QCOM's Japan Robotics Outlay Targets Edge AI: Reason to Buy the Stock? - The Globe and Mail,168.57000732421875,60D,60,,,,,
2026-09-04,UBS,65.21088867403145,可觀察,半導體設備,未觸發主要風險,新聞提及 1 次，量價訊號尚需確認。,"UBS Lists Top European IT Stocks Driving its AI, Power, And Longevity Thesis - Investing.com",55.380001068115234,5D,5,2026-09-14,-0.04315636228877695,-0.013603005444210559,-0.029553356844566392,False
2026-09-04,UBS,65.21088867403145,可觀察,半導體設備,未觸發主要風險,新聞提及 1 次，量價訊號尚需確認。,"UBS Lists Top European IT Stocks Driving its AI, Power, And Longevity Thesis - Investing.com",55.380001068115234,20D,20,,,,,
2026-09-04,UBS,65.21088867403145,可觀察,半導體設備,未觸發主要風險,新聞提及 1 次，量價訊號尚需確認。,"UBS Lists Top European IT Stocks Driving its AI, Power, And Longevity Thesis - Investing.com",55.380001068115234,60D,60,,,,,
2026-09-04,IT,56.41776914151115,題材有熱度但訊號普通,半導體設備,未觸發主要風險,新聞提及 1 次，量價訊號尚需確認。,"UBS Lists Top European IT Stocks Driving its AI, Power, And Longevity Thesis - Investing.com",186.4199981689453,5D,5,2026-09-14,0.057129113077352134,-0.013603005444210559,0.07073211852156269,True
2026-09-04,IT,56.41776914151115,題材有熱度但訊號普通,半導體設備,未觸發主要風險,新聞提及 1 次，量價訊號尚需確認。,"UBS Lists Top European IT Stocks Driving its AI, Power, And Longevity Thesis - Investing.com",186.4199981689453,20D,20,,,,,
2026-09-04,IT,56.41776914151115,題材有熱度但訊號普通,半導體設備,未觸發主要風險,新聞提及 1 次，量價訊號尚需確認。,"UBS Lists Top European IT Stocks Driving its AI, Power, And Longevity Thesis - Investing.com",186.4199981689453,60D,60,,,,,
2026-09-04,SMR,37.83030808235601,暫時不強,核能/電力,未觸發主要風險,新聞提及 1 次，量價訊號尚需確認。,Big Tech’s AI Data Center Power Demands Trigger $15B PJM Auction and a Nuclear SMR Boom - TradingKey,9.699999809265137,5D,5,2026-09-14,-0.12268037152399225,-0.013603005444210559,-0.10907736607978169,False
2026-09-04,SMR,37.83030808235601,暫時不強,核能/電力,未觸發主要風險,新聞提及 1 次，量價訊號尚需確認。,Big Tech’s AI Data Center Power Demands Trigger $15B PJM Auction and a Nuclear SMR Boom - TradingKey,9.699999809265137,20D,20,,,,,
2026-09-04,SMR,37.83030808235601,暫時不強,核能/電力,未觸發主要風險,新聞提及 1 次，量價訊號尚需確認。,Big Tech’s AI Data Center Power Demands Trigger $15B PJM Auction and a Nuclear SMR Boom - TradingKey,9.699999809265137,60D,60,,,,,
2026-09-04,COHU,27.638850194759314,暫時不強,半導體設備,低於50DMA,新聞提及 1 次，量價訊號尚需確認。,AEHR vs. COHU: Which Semiconductor Equipment Stock Is The Better Buy? - The Globe and Mail,50.720001220703125,5D,5,2026-09-14,-0.014787065890169204,-0.013603005444210559,-0.0011840604459586457,False
2026-09-04,COHU,27.638850194759314,暫時不強,半導體設備,低於50DMA,新聞提及 1 次，量價訊號尚需確認。,AEHR vs. COHU: Which Semiconductor Equipment Stock Is The Better Buy? - The Globe and Mail,50.720001220703125,20D,20,,,,,
2026-09-04,COHU,27.638850194759314,暫時不強,半導體設備,低於50DMA,新聞提及 1 次，量價訊號尚需確認。,AEHR vs. COHU: Which Semiconductor Equipment Stock Is The Better Buy? - The Globe and Mail,50.720001220703125,60D,60,,,,,
2026-09-04,IBM,23.182803314718193,暫時不強,量子運算,低於50DMA,新聞提及 1 次，量價訊號尚需確認。,IBM Stock Is Under Pressure. Is Its Quantum Business Reason Enough to Buy? - Barron's,234.88999938964844,5D,5,2026-09-14,0.060453816616885536,-0.013603005444210559,0.0740568220610961,True
2026-09-04,IBM,23.182803314718193,暫時不強,量子運算,低於50DMA,新聞提及 1 次，量價訊號尚需確認。,IBM Stock Is Under Pressure. Is Its Quantum Business Reason Enough to Buy? - Barron's,234.88999938964844,20D,20,,,,,
2026-09-04,IBM,23.182803314718193,暫時不強,量子運算,低於50DMA,新聞提及 1 次，量價訊號尚需確認。,IBM Stock Is Under Pressure. Is Its Quantum Business Reason Enough to Buy? - Barron's,234.88999938964844,60D,60,,,,,
2026-09-04,NVMI,16.310860816575513,低優先或資料不足,半導體設備,低於50DMA,新聞提及 1 次，量價訊號尚需確認。,Should You Invest in NVMI Stock Following Healthy Q2 Results? - TradingView,372.1000061035156,5D,5,2026-09-14,-0.1006450190613889,-0.013603005444210559,-0.08704201361717834,False
2026-09-04,NVMI,16.310860816575513,低優先或資料不足,半導體設備,低於50DMA,新聞提及 1 次，量價訊號尚需確認。,Should You Invest in NVMI Stock Following Healthy Q2 Results? - TradingView,372.1000061035156,20D,20,,,,,
2026-09-04,NVMI,16.310860816575513,低優先或資料不足,半導體設備,低於50DMA,新聞提及 1 次，量價訊號尚需確認。,Should You Invest in NVMI Stock Following Healthy Q2 Results? - TradingView,372.1000061035156,60D,60,,,,,
2026-09-04,AEHR,15.530863116013947,低優先或資料不足,半導體設備,低於50DMA,新聞提及 1 次，量價訊號尚需確認。,AEHR vs. COHU: Which Semiconductor Equipment Stock Is The Better Buy? - The Globe and Mail,86.26000213623047,5D,5,2026-09-14,-0.033503354023621035,-0.013603005444210559,-0.019900348579410476,False
2026-09-04,AEHR,15.530863116013947,低優先或資料不足,半導體設備,低於50DMA,新聞提及 1 次，量價訊號尚需確認。,AEHR vs. COHU: Which Semiconductor Equipment Stock Is The Better Buy? - The Globe and Mail,86.26000213623047,20D,20,,,,,
2026-09-04,AEHR,15.530863116013947,低優先或資料不足,半導體設備,低於50DMA,新聞提及 1 次，量價訊號尚需確認。,AEHR vs. COHU: Which Semiconductor Equipment Stock Is The Better Buy? - The Globe and Mail,86.26000213623047,60D,60,,,,,
2026-09-04,RKLB,0.0,低優先或資料不足,太空,低於50DMA,新聞提及 2 次，量價訊號尚需確認。,RKLB Stock Jumps Overnight On $90M Space Force Deal Ahead Of Electron Liftoff - Stocktwits,64.26000213623047,5D,5,2026-09-14,-0.026610688489314582,-0.013603005444210559,-0.013007683045104024,False
2026-09-04,RKLB,0.0,低優先或資料不足,太空,低於50DMA,新聞提及 2 次，量價訊號尚需確認。,RKLB Stock Jumps Overnight On $90M Space Force Deal Ahead Of Electron Liftoff - Stocktwits,64.26000213623047,20D,20,,,,,
2026-09-04,RKLB,0.0,低優先或資料不足,太空,低於50DMA,新聞提及 2 次，量價訊號尚需確認。,RKLB Stock Jumps Overnight On $90M Space Force Deal Ahead Of Electron Liftoff - Stocktwits,64.26000213623047,60D,60,,,,,
2026-09-05,ARW,75.92923185551894,可觀察,消費復甦,未觸發主要風險,新聞提及 1 次，且價格站上 50DMA，值得加入觀察清單。,Arrow Electronics (ARW) Trades at 10x Earnings: Is This Semiconductor Recovery Stock a Buy? - Yahoo Finance,217.41000366210938,5D,5,2026-09-15,-0.021066196375088442,-0.019238334051039918,-0.0018278623240485237,False
2026-09-05,ARW,75.92923185551894,可觀察,消費復甦,未觸發主要風險,新聞提及 1 次，且價格站上 50DMA，值得加入觀察清單。,Arrow Electronics (ARW) Trades at 10x Earnings: Is This Semiconductor Recovery Stock a Buy? - Yahoo Finance,217.41000366210938,20D,20,,,,,
2026-09-05,ARW,75.92923185551894,可觀察,消費復甦,未觸發主要風險,新聞提及 1 次，且價格站上 50DMA，值得加入觀察清單。,Arrow Electronics (ARW) Trades at 10x Earnings: Is This Semiconductor Recovery Stock a Buy? - Yahoo Finance,217.41000366210938,60D,60,,,,,
2026-09-05,UBS,70.21085799141866,可觀察,機器人/自動化、半導體設備,未觸發主要風險,新聞提及 2 次，且價格站上 50DMA，值得加入觀察清單。,'Physical AI' is here. UBS shares 3 picks-and-shovels sectors of the market to play the trade. - Business Insider,55.06999969482422,5D,5,2026-09-15,-0.06500813575805942,-0.019238334051039918,-0.0457698017070195,False
2026-09-05,UBS,70.21085799141866,可觀察,機器人/自動化、半導體設備,未觸發主要風險,新聞提及 2 次，且價格站上 50DMA，值得加入觀察清單。,'Physical AI' is here. UBS shares 3 picks-and-shovels sectors of the market to play the trade. - Business Insider,55.06999969482422,20D,20,,,,,
2026-09-05,UBS,70.21085799141866,可觀察,機器人/自動化、半導體設備,未觸發主要風險,新聞提及 2 次，且價格站上 50DMA，值得加入觀察清單。,'Physical AI' is here. UBS shares 3 picks-and-shovels sectors of the market to play the trade. - Business Insider,55.06999969482422,60D,60,,,,,
2026-09-05,IT,56.98285857654063,題材有熱度但訊號普通,半導體設備,未觸發主要風險,新聞提及 1 次，量價訊號尚需確認。,"UBS Lists Top European IT Stocks Driving its AI, Power, And Longevity Thesis - Investing.com",172.58999633789062,5D,5,2026-09-15,0.1334376225039693,-0.019238334051039918,0.1526759565550092,True
2026-09-05,IT,56.98285857654063,題材有熱度但訊號普通,半導體設備,未觸發主要風險,新聞提及 1 次，量價訊號尚需確認。,"UBS Lists Top European IT Stocks Driving its AI, Power, And Longevity Thesis - Investing.com",172.58999633789062,20D,20,,,,,
2026-09-05,IT,56.98285857654063,題材有熱度但訊號普通,半導體設備,未觸發主要風險,新聞提及 1 次，量價訊號尚需確認。,"UBS Lists Top European IT Stocks Driving its AI, Power, And Longevity Thesis - Investing.com",172.58999633789062,60D,60,,,,,
2026-09-05,COHU,27.796290324804232,暫時不強,半導體設備,低於50DMA,新聞提及 1 次，量價訊號尚需確認。,AEHR vs. COHU: Which Semiconductor Equipment Stock Is The Better Buy? - The Globe and Mail,53.16999816894531,5D,5,2026-09-15,-0.06018425913941805,-0.019238334051039918,-0.04094592508837813,False
2026-09-05,COHU,27.796290324804232,暫時不強,半導體設備,低於50DMA,新聞提及 1 次，量價訊號尚需確認。,AEHR vs. COHU: Which Semiconductor Equipment Stock Is The Better Buy? - The Globe and Mail,53.16999816894531,20D,20,,,,,
2026-09-05,COHU,27.796290324804232,暫時不強,半導體設備,低於50DMA,新聞提及 1 次，量價訊號尚需確認。,AEHR vs. COHU: Which Semiconductor Equipment Stock Is The Better Buy? - The Globe and Mail,53.16999816894531,60D,60,,,,,
2026-09-05,NVMI,16.84083762361376,低優先或資料不足,半導體設備,低於50DMA,新聞提及 1 次，量價訊號尚需確認。,Should You Invest in NVMI Stock Following Healthy Q2 Results? - TradingView,377.1099853515625,5D,5,2026-09-15,-0.11145289282147808,-0.019238334051039918,-0.09221455877043816,False
2026-09-05,NVMI,16.84083762361376,低優先或資料不足,半導體設備,低於50DMA,新聞提及 1 次，量價訊號尚需確認。,Should You Invest in NVMI Stock Following Healthy Q2 Results? - TradingView,377.1099853515625,20D,20,,,,,
2026-09-05,NVMI,16.84083762361376,低優先或資料不足,半導體設備,低於50DMA,新聞提及 1 次，量價訊號尚需確認。,Should You Invest in NVMI Stock Following Healthy Q2 Results? - TradingView,377.1099853515625,60D,60,,,,,
2026-09-05,AEHR,15.632210219431219,低優先或資料不足,半導體設備,低於50DMA,新聞提及 1 次，量價訊號尚需確認。,AEHR vs. COHU: Which Semiconductor Equipment Stock Is The Better Buy? - The Globe and Mail,90.79000091552734,5D,5,2026-09-15,-0.10144287907918192,-0.019238334051039918,-0.082204545028142,False
2026-09-05,AEHR,15.632210219431219,低優先或資料不足,半導體設備,低於50DMA,新聞提及 1 次，量價訊號尚需確認。,AEHR vs. COHU: Which Semiconductor Equipment Stock Is The Better Buy? - The Globe and Mail,90.79000091552734,20D,20,,,,,
2026-09-05,AEHR,15.632210219431219,低優先或資料不足,半導體設備,低於50DMA,新聞提及 1 次，量價訊號尚需確認。,AEHR vs. COHU: Which Semiconductor Equipment Stock Is The Better Buy? - The Globe and Mail,90.79000091552734,60D,60,,,,,
2026-09-05,RKLB,4.686134265378822,低優先或資料不足,太空,低於50DMA,新聞提及 3 次，量價訊號尚需確認。,RKLB Stock Forecast 2030: Rocket Lab Valuation - Northwise,65.87000274658203,5D,5,2026-09-15,-0.035220941441996056,-0.019238334051039918,-0.01598260739095614,False
2026-09-05,RKLB,4.686134265378822,低優先或資料不足,太空,低於50DMA,新聞提及 3 次，量價訊號尚需確認。,RKLB Stock Forecast 2030: Rocket Lab Valuation - Northwise,65.87000274658203,20D,20,,,,,
2026-09-05,RKLB,4.686134265378822,低優先或資料不足,太空,低於50DMA,新聞提及 3 次，量價訊號尚需確認。,RKLB Stock Forecast 2030: Rocket Lab Valuation - Northwise,65.87000274658203,60D,60,,,,,
2026-09-06,ARW,75.92923185551894,可觀察,消費復甦,未觸發主要風險,新聞提及 1 次，且價格站上 50DMA，值得加入觀察清單。,Arrow Electronics (ARW) Trades at 10x Earnings: Is This Semiconductor Recovery Stock a Buy? - Yahoo Finance,217.41000366210938,5D,5,2026-09-15,-0.021066196375088442,-0.019238334051039918,-0.0018278623240485237,False
2026-09-06,ARW,75.92923185551894,可觀察,消費復甦,未觸發主要風險,新聞提及 1 次，且價格站上 50DMA，值得加入觀察清單。,Arrow Electronics (ARW) Trades at 10x Earnings: Is This Semiconductor Recovery Stock a Buy? - Yahoo Finance,217.41000366210938,20D,20,,,,,
2026-09-06,ARW,75.92923185551894,可觀察,消費復甦,未觸發主要風險,新聞提及 1 次，且價格站上 50DMA，值得加入觀察清單。,Arrow Electronics (ARW) Trades at 10x Earnings: Is This Semiconductor Recovery Stock a Buy? - Yahoo Finance,217.41000366210938,60D,60,,,,,
2026-09-06,BWX,63.45106084906608,可觀察,核能/電力,未觸發主要風險,新聞提及 1 次，量價訊號尚需確認。,"Jefferies initiates coverage on nuclear energy stocks: Cameco (CCJ.US) and BWX Technologies (BWXT.US) rated “Buy,” as the sector enters its strongest demand cycle in four decades - Moomoo",22.010000228881836,5D,5,2026-09-15,-0.02044528660880951,-0.019238334051039918,-0.0012069525577695916,False
2026-09-06,BWX,63.45106084906608,可觀察,核能/電力,未觸發主要風險,新聞提及 1 次，量價訊號尚需確認。,"Jefferies initiates coverage on nuclear energy stocks: Cameco (CCJ.US) and BWX Technologies (BWXT.US) rated “Buy,” as the sector enters its strongest demand cycle in four decades - Moomoo",22.010000228881836,20D,20,,,,,
2026-09-06,BWX,63.45106084906608,可觀察,核能/電力,未觸發主要風險,新聞提及 1 次，量價訊號尚需確認。,"Jefferies initiates coverage on nuclear energy stocks: Cameco (CCJ.US) and BWX Technologies (BWXT.US) rated “Buy,” as the sector enters its strongest demand cycle in four decades - Moomoo",22.010000228881836,60D,60,,,,,
2026-09-06,CCJ,52.05931172758097,題材有熱度但訊號普通,核能/電力,未觸發主要風險,新聞提及 1 次，量價訊號尚需確認。,"Jefferies initiates coverage on nuclear energy stocks: Cameco (CCJ.US) and BWX Technologies (BWXT.US) rated “Buy,” as the sector enters its strongest demand cycle in four decades - Moomoo",101.97000122070312,5D,5,2026-09-15,-0.10552125142120572,-0.019238334051039918,-0.0862829173701658,False
2026-09-06,CCJ,52.05931172758097,題材有熱度但訊號普通,核能/電力,未觸發主要風險,新聞提及 1 次，量價訊號尚需確認。,"Jefferies initiates coverage on nuclear energy stocks: Cameco (CCJ.US) and BWX Technologies (BWXT.US) rated “Buy,” as the sector enters its strongest demand cycle in four decades - Moomoo",101.97000122070312,20D,20,,,,,
2026-09-06,CCJ,52.05931172758097,題材有熱度但訊號普通,核能/電力,未觸發主要風險,新聞提及 1 次，量價訊號尚需確認。,"Jefferies initiates coverage on nuclear energy stocks: Cameco (CCJ.US) and BWX Technologies (BWXT.US) rated “Buy,” as the sector enters its strongest demand cycle in four decades - Moomoo",101.97000122070312,60D,60,,,,,
2026-09-06,NUE,41.71709701375282,題材有熱度但訊號普通,國際貿易,未觸發主要風險,新聞提及 1 次，量價訊號尚需確認。,Why Is Nucor (NYSE:NUE) Rebounding as Steel Tariff Talks Whipsaw Shares While Domestic Expansion Continues? - kalkinemedia.com,256.3999938964844,5D,5,2026-09-15,0.009438430130038977,-0.019238334051039918,0.028676764181078895,True
2026-09-06,NUE,41.71709701375282,題材有熱度但訊號普通,國際貿易,未觸發主要風險,新聞提及 1 次，量價訊號尚需確認。,Why Is Nucor (NYSE:NUE) Rebounding as Steel Tariff Talks Whipsaw Shares While Domestic Expansion Continues? - kalkinemedia.com,256.3999938964844,20D,20,,,,,
2026-09-06,NUE,41.71709701375282,題材有熱度但訊號普通,國際貿易,未觸發主要風險,新聞提及 1 次，量價訊號尚需確認。,Why Is Nucor (NYSE:NUE) Rebounding as Steel Tariff Talks Whipsaw Shares While Domestic Expansion Continues? - kalkinemedia.com,256.3999938964844,60D,60,,,,,
2026-09-06,BWXT,2.5905645779840665,低優先或資料不足,核能/電力,低於50DMA,新聞提及 1 次，量價訊號尚需確認。,"Jefferies initiates coverage on nuclear energy stocks: Cameco (CCJ.US) and BWX Technologies (BWXT.US) rated “Buy,” as the sector enters its strongest demand cycle in four decades - Moomoo",160.41000366210938,5D,5,2026-09-15,-0.08546852690525586,-0.019238334051039918,-0.06623019285421594,False
2026-09-06,BWXT,2.5905645779840665,低優先或資料不足,核能/電力,低於50DMA,新聞提及 1 次，量價訊號尚需確認。,"Jefferies initiates coverage on nuclear energy stocks: Cameco (CCJ.US) and BWX Technologies (BWXT.US) rated “Buy,” as the sector enters its strongest demand cycle in four decades - Moomoo",160.41000366210938,20D,20,,,,,
2026-09-06,BWXT,2.5905645779840665,低優先或資料不足,核能/電力,低於50DMA,新聞提及 1 次，量價訊號尚需確認。,"Jefferies initiates coverage on nuclear energy stocks: Cameco (CCJ.US) and BWX Technologies (BWXT.US) rated “Buy,” as the sector enters its strongest demand cycle in four decades - Moomoo",160.41000366210938,60D,60,,,,,
2026-09-06,RKLB,0.0,低優先或資料不足,太空,低於50DMA,新聞提及 2 次，量價訊號尚需確認。,RKLB Stock Forecast 2030: Rocket Lab Valuation - Northwise,65.87000274658203,5D,5,2026-09-15,-0.035220941441996056,-0.019238334051039918,-0.01598260739095614,False
2026-09-06,RKLB,0.0,低優先或資料不足,太空,低於50DMA,新聞提及 2 次，量價訊號尚需確認。,RKLB Stock Forecast 2030: Rocket Lab Valuation - Northwise,65.87000274658203,20D,20,,,,,
2026-09-06,RKLB,0.0,低優先或資料不足,太空,低於50DMA,新聞提及 2 次，量價訊號尚需確認。,RKLB Stock Forecast 2030: Rocket Lab Valuation - Northwise,65.87000274658203,60D,60,,,,,
2026-09-06,KTOS,0.0,低優先或資料不足,國防/航太,低於50DMA,新聞提及 1 次，量價訊號尚需確認。,KTOS Stock Falls 37% YTD: Can New Defense Awards Spark a Rebound? - TradingView,48.20000076293945,5D,5,2026-09-15,-0.012033232818963846,-0.019238334051039918,0.007205101232076072,False
2026-09-06,KTOS,0.0,低優先或資料不足,國防/航太,低於50DMA,新聞提及 1 次，量價訊號尚需確認。,KTOS Stock Falls 37% YTD: Can New Defense Awards Spark a Rebound? - TradingView,48.20000076293945,20D,20,,,,,
2026-09-06,KTOS,0.0,低優先或資料不足,國防/航太,低於50DMA,新聞提及 1 次，量價訊號尚需確認。,KTOS Stock Falls 37% YTD: Can New Defense Awards Spark a Rebound? - TradingView,48.20000076293945,60D,60,,,,,
2026-09-07,TSLA,58.28348836774406,題材有熱度但訊號普通,小型成長股,低於50DMA,新聞提及 1 次，量價訊號尚需確認。,"TSLA false breakout: No Musk, no stream, no follow-through - Seeking Alpha",368.1600036621094,5D,5,2026-09-15,-0.03145376188248761,-0.019238334051039918,-0.01221542783144769,False
2026-09-07,TSLA,58.28348836774406,題材有熱度但訊號普通,小型成長股,低於50DMA,新聞提及 1 次，量價訊號尚需確認。,"TSLA false breakout: No Musk, no stream, no follow-through - Seeking Alpha",368.1600036621094,20D,20,,,,,
2026-09-07,TSLA,58.28348836774406,題材有熱度但訊號普通,小型成長股,低於50DMA,新聞提及 1 次，量價訊號尚需確認。,"TSLA false breakout: No Musk, no stream, no follow-through - Seeking Alpha",368.1600036621094,60D,60,,,,,
2026-09-07,AVT,44.814108086264255,題材有熱度但訊號普通,小型成長股,未觸發主要風險,新聞提及 1 次，量價訊號尚需確認。,Avnet (NASDAQ:AVT) Presents Strong Technical Breakout Setup - ChartMill,92.04999542236328,5D,5,2026-09-15,0.006409603439717415,-0.019238334051039918,0.025647937490757333,True
2026-09-07,AVT,44.814108086264255,題材有熱度但訊號普通,小型成長股,未觸發主要風險,新聞提及 1 次，量價訊號尚需確認。,Avnet (NASDAQ:AVT) Presents Strong Technical Breakout Setup - ChartMill,92.04999542236328,20D,20,,,,,
2026-09-07,AVT,44.814108086264255,題材有熱度但訊號普通,小型成長股,未觸發主要風險,新聞提及 1 次，量價訊號尚需確認。,Avnet (NASDAQ:AVT) Presents Strong Technical Breakout Setup - ChartMill,92.04999542236328,60D,60,,,,,
2026-09-08,CD,85.40208575013915,高優先觀察,金融科技,未觸發主要風險,新聞提及 1 次，且價格站上 50DMA，值得加入觀察清單。,3 US Online Bank Stocks Worth Watching While CD Rates Stay High - simplywall.st,3.509999990463257,5D,5,2026-09-15,-0.14814814311662805,-0.019238334051039918,-0.12890980906558813,False
2026-09-08,CD,85.40208575013915,高優先觀察,金融科技,未觸發主要風險,新聞提及 1 次，且價格站上 50DMA，值得加入觀察清單。,3 US Online Bank Stocks Worth Watching While CD Rates Stay High - simplywall.st,3.509999990463257,20D,20,,,,,
2026-09-08,CD,85.40208575013915,高優先觀察,金融科技,未觸發主要風險,新聞提及 1 次，且價格站上 50DMA，值得加入觀察清單。,3 US Online Bank Stocks Worth Watching While CD Rates Stay High - simplywall.st,3.509999990463257,60D,60,,,,,
2026-09-08,UBS,63.62359620540447,可觀察,機器人/自動化,未觸發主要風險,新聞提及 1 次，量價訊號尚需確認。,'Physical AI' is here. UBS shares 3 picks-and-shovels sectors of the market to play the trade. - Business Insider,55.06999969482422,5D,5,2026-09-15,-0.06500813575805942,-0.019238334051039918,-0.0457698017070195,False
2026-09-08,UBS,63.62359620540447,可觀察,機器人/自動化,未觸發主要風險,新聞提及 1 次，量價訊號尚需確認。,'Physical AI' is here. UBS shares 3 picks-and-shovels sectors of the market to play the trade. - Business Insider,55.06999969482422,20D,20,,,,,
2026-09-08,UBS,63.62359620540447,可觀察,機器人/自動化,未觸發主要風險,新聞提及 1 次，量價訊號尚需確認。,'Physical AI' is here. UBS shares 3 picks-and-shovels sectors of the market to play the trade. - Business Insider,55.06999969482422,60D,60,,,,,
2026-09-08,IONQ,25.113127664815842,暫時不強,量子運算,低於50DMA,新聞提及 1 次，量價訊號尚需確認。,Why Is IonQ (IONQ) Stock Rocketing Higher Today - TradingView,40.470001220703125,5D,5,2026-09-15,-0.08450708871965684,-0.019238334051039918,-0.06526875466861692,False
2026-09-08,IONQ,25.113127664815842,暫時不強,量子運算,低於50DMA,新聞提及 1 次，量價訊號尚需確認。,Why Is IonQ (IONQ) Stock Rocketing Higher Today - TradingView,40.470001220703125,20D,20,,,,,
2026-09-08,IONQ,25.113127664815842,暫時不強,量子運算,低於50DMA,新聞提及 1 次，量價訊號尚需確認。,Why Is IonQ (IONQ) Stock Rocketing Higher Today - TradingView,40.470001220703125,60D,60,,,,,
2026-09-08,RGTI,10.49009016193876,低優先或資料不足,量子運算,低於50DMA,新聞提及 1 次，量價訊號尚需確認。,QBTS or RGTI: Which Quantum Stock Stands Out on $2B Federal Fund? - easternprogress.com,15.8100004196167,5D,5,2026-09-15,-0.04554081264510579,-0.019238334051039918,-0.02630247859406587,False
2026-09-08,RGTI,10.49009016193876,低優先或資料不足,量子運算,低於50DMA,新聞提及 1 次，量價訊號尚需確認。,QBTS or RGTI: Which Quantum Stock Stands Out on $2B Federal Fund? - easternprogress.com,15.8100004196167,20D,20,,,,,
2026-09-08,RGTI,10.49009016193876,低優先或資料不足,量子運算,低於50DMA,新聞提及 1 次，量價訊號尚需確認。,QBTS or RGTI: Which Quantum Stock Stands Out on $2B Federal Fund? - easternprogress.com,15.8100004196167,60D,60,,,,,
2026-09-08,QBTS,8.022285936964916,低優先或資料不足,量子運算,低於50DMA,新聞提及 1 次，量價訊號尚需確認。,QBTS or RGTI: Which Quantum Stock Stands Out on $2B Federal Fund? - easternprogress.com,17.670000076293945,5D,5,2026-09-15,-0.07130731315458516,-0.019238334051039918,-0.05206897910354524,False
2026-09-08,QBTS,8.022285936964916,低優先或資料不足,量子運算,低於50DMA,新聞提及 1 次，量價訊號尚需確認。,QBTS or RGTI: Which Quantum Stock Stands Out on $2B Federal Fund? - easternprogress.com,17.670000076293945,20D,20,,,,,
2026-09-08,QBTS,8.022285936964916,低優先或資料不足,量子運算,低於50DMA,新聞提及 1 次，量價訊號尚需確認。,QBTS or RGTI: Which Quantum Stock Stands Out on $2B Federal Fund? - easternprogress.com,17.670000076293945,60D,60,,,,,
2026-09-08,ON,7.93557985286364,低優先或資料不足,機器人/自動化,低於50DMA,新聞提及 1 次，量價訊號尚需確認。,ON Semiconductor And 2 More AI Robotics Stocks To Watch - simplywall.st,71.08000183105469,5D,5,2026-09-15,0.029825479214623085,-0.019238334051039918,0.049063813265663,True
2026-09-08,ON,7.93557985286364,低優先或資料不足,機器人/自動化,低於50DMA,新聞提及 1 次，量價訊號尚需確認。,ON Semiconductor And 2 More AI Robotics Stocks To Watch - simplywall.st,71.08000183105469,20D,20,,,,,
2026-09-08,ON,7.93557985286364,低優先或資料不足,機器人/自動化,低於50DMA,新聞提及 1 次，量價訊號尚需確認。,ON Semiconductor And 2 More AI Robotics Stocks To Watch - simplywall.st,71.08000183105469,60D,60,,,,,
2026-09-08,AVAV,1.3986704322118442,低優先或資料不足,國防/航太,低於50DMA,新聞提及 1 次，量價訊號尚需確認。,AVAV Stock Rides Drone Defense Bull Wave As New Air Force Contract Adds Fuel — Here's What Investors Need To Know - Stocktwits,148.77999877929688,5D,5,2026-09-15,0.055182193717087324,-0.019238334051039918,0.07442052776812724,True
2026-09-08,AVAV,1.3986704322118442,低優先或資料不足,國防/航太,低於50DMA,新聞提及 1 次，量價訊號尚需確認。,AVAV Stock Rides Drone Defense Bull Wave As New Air Force Contract Adds Fuel — Here's What Investors Need To Know - Stocktwits,148.77999877929688,20D,20,,,,,
2026-09-08,AVAV,1.3986704322118442,低優先或資料不足,國防/航太,低於50DMA,新聞提及 1 次，量價訊號尚需確認。,AVAV Stock Rides Drone Defense Bull Wave As New Air Force Contract Adds Fuel — Here's What Investors Need To Know - Stocktwits,148.77999877929688,60D,60,,,,,
2026-09-08,BTQ,0.0,低優先或資料不足,量子運算,低於50DMA,新聞提及 1 次，量價訊號尚需確認。,BTQ Technologies Stock Under Pressure: Is Quantum Hype Losing Momentum? - kalkine.ca,3.009999990463257,5D,5,2026-09-15,-0.12292355040909386,-0.019238334051039918,-0.10368521635805394,False
2026-09-08,BTQ,0.0,低優先或資料不足,量子運算,低於50DMA,新聞提及 1 次，量價訊號尚需確認。,BTQ Technologies Stock Under Pressure: Is Quantum Hype Losing Momentum? - kalkine.ca,3.009999990463257,20D,20,,,,,
2026-09-08,BTQ,0.0,低優先或資料不足,量子運算,低於50DMA,新聞提及 1 次，量價訊號尚需確認。,BTQ Technologies Stock Under Pressure: Is Quantum Hype Losing Momentum? - kalkine.ca,3.009999990463257,60D,60,,,,,
2026-09-08,KTOS,0.0,低優先或資料不足,國防/航太,低於50DMA,新聞提及 1 次，量價訊號尚需確認。,KTOS Stock Falls 37% YTD: Can New Defense Awards Spark a Rebound? - TradingView,48.20000076293945,5D,5,2026-09-15,-0.012033232818963846,-0.019238334051039918,0.007205101232076072,False
2026-09-08,KTOS,0.0,低優先或資料不足,國防/航太,低於50DMA,新聞提及 1 次，量價訊號尚需確認。,KTOS Stock Falls 37% YTD: Can New Defense Awards Spark a Rebound? - TradingView,48.20000076293945,20D,20,,,,,
2026-09-08,KTOS,0.0,低優先或資料不足,國防/航太,低於50DMA,新聞提及 1 次，量價訊號尚需確認。,KTOS Stock Falls 37% YTD: Can New Defense Awards Spark a Rebound? - TradingView,48.20000076293945,60D,60,,,,,
2026-09-09,VLO,98.90863372496852,高優先觀察,能源/材料,未觸發主要風險,新聞提及 1 次，且價格站上 50DMA，值得加入觀察清單。,"Valero Energy: Diesel Scarcity Lifted Q2, But The Rally Leaves Little Room For Error (NYSE:VLO) - Seeking Alpha",388.95001220703125,5D,5,2026-09-16,0.03684274616923777,-0.01618023906398325,0.05302298523322102,True
2026-09-09,VLO,98.90863372496852,高優先觀察,能源/材料,未觸發主要風險,新聞提及 1 次，且價格站上 50DMA，值得加入觀察清單。,"Valero Energy: Diesel Scarcity Lifted Q2, But The Rally Leaves Little Room For Error (NYSE:VLO) - Seeking Alpha",388.95001220703125,20D,20,,,,,
2026-09-09,VLO,98.90863372496852,高優先觀察,能源/材料,未觸發主要風險,新聞提及 1 次，且價格站上 50DMA，值得加入觀察清單。,"Valero Energy: Diesel Scarcity Lifted Q2, But The Rally Leaves Little Room For Error (NYSE:VLO) - Seeking Alpha",388.95001220703125,60D,60,,,,,
2026-09-09,HPE,87.38179125354596,高優先觀察,AI/資料中心,未觸發主要風險,新聞提及 1 次，且價格站上 50DMA，值得加入觀察清單。,Why HPE Stock Is Falling Amid Fiscal Q3 Earnings Beat - Investor's Business Daily,58.751399993896484,5D,5,2026-09-16,-0.037691037921602444,-0.01618023906398325,-0.021510798857619196,False
2026-09-09,HPE,87.38179125354596,高優先觀察,AI/資料中心,未觸發主要風險,新聞提及 1 次，且價格站上 50DMA，值得加入觀察清單。,Why HPE Stock Is Falling Amid Fiscal Q3 Earnings Beat - Investor's Business Daily,58.751399993896484,20D,20,,,,,
2026-09-09,HPE,87.38179125354596,高優先觀察,AI/資料中心,未觸發主要風險,新聞提及 1 次，且價格站上 50DMA，值得加入觀察清單。,Why HPE Stock Is Falling Amid Fiscal Q3 Earnings Beat - Investor's Business Daily,58.751399993896484,60D,60,,,,,
2026-09-09,SMR,83.50180692056108,高優先觀察,核能/電力,未觸發主要風險,新聞提及 1 次，且價格站上 50DMA，值得加入觀察清單。,Big Tech’s AI Data Center Power Demands Trigger $15B PJM Auction and a Nuclear SMR Boom - TradingKey,10.8100004196167,5D,5,2026-09-16,-0.23219242659112083,-0.01618023906398325,-0.21601218752713758,False
2026-09-09,SMR,83.50180692056108,高優先觀察,核能/電力,未觸發主要風險,新聞提及 1 次，且價格站上 50DMA，值得加入觀察清單。,Big Tech’s AI Data Center Power Demands Trigger $15B PJM Auction and a Nuclear SMR Boom - TradingKey,10.8100004196167,20D,20,,,,,
2026-09-09,SMR,83.50180692056108,高優先觀察,核能/電力,未觸發主要風險,新聞提及 1 次，且價格站上 50DMA，值得加入觀察清單。,Big Tech’s AI Data Center Power Demands Trigger $15B PJM Auction and a Nuclear SMR Boom - TradingKey,10.8100004196167,60D,60,,,,,
2026-09-09,AR,70.50272966426267,可觀察,小型成長股,未觸發主要風險,新聞提及 1 次，且價格站上 50DMA，值得加入觀察清單。,Antero Resources (NYSE:AR): High Growth Momentum Aligns With a Breakout Setup - ChartMill,39.119998931884766,5D,5,2026-09-16,-0.08793452762354792,-0.01618023906398325,-0.07175428855956467,False
2026-09-09,AR,70.50272966426267,可觀察,小型成長股,未觸發主要風險,新聞提及 1 次，且價格站上 50DMA，值得加入觀察清單。,Antero Resources (NYSE:AR): High Growth Momentum Aligns With a Breakout Setup - ChartMill,39.119998931884766,20D,20,,,,,
2026-09-09,AR,70.50272966426267,可觀察,小型成長股,未觸發主要風險,新聞提及 1 次，且價格站上 50DMA，值得加入觀察清單。,Antero Resources (NYSE:AR): High Growth Momentum Aligns With a Breakout Setup - ChartMill,39.119998931884766,60D,60,,,,,
2026-09-09,IBM,51.33100036218602,題材有熱度但訊號普通,量子運算,未觸發主要風險,新聞提及 1 次，量價訊號尚需確認。,International Business Machines Corp Stock (IBM) Closed Up by 3.38% on Sep 9: What Investors Need To Know - TradingKey,239.94000244140625,5D,5,2026-09-16,-0.010210873232113449,-0.01618023906398325,0.0059693658318697995,False
2026-09-09,IBM,51.33100036218602,題材有熱度但訊號普通,量子運算,未觸發主要風險,新聞提及 1 次，量價訊號尚需確認。,International Business Machines Corp Stock (IBM) Closed Up by 3.38% on Sep 9: What Investors Need To Know - TradingKey,239.94000244140625,20D,20,,,,,
2026-09-09,IBM,51.33100036218602,題材有熱度但訊號普通,量子運算,未觸發主要風險,新聞提及 1 次，量價訊號尚需確認。,International Business Machines Corp Stock (IBM) Closed Up by 3.38% on Sep 9: What Investors Need To Know - TradingKey,239.94000244140625,60D,60,,,,,
2026-09-09,EQIX,50.002778735351626,題材有熱度但訊號普通,AI/資料中心,未觸發主要風險,新聞提及 1 次，量價訊號尚需確認。,Equinix Is Doubling Down on AI Data Centers. How to Play EQIX Stock Here - Barchart.com,1043.06005859375,5D,5,2026-09-16,-0.025789584432449053,-0.01618023906398325,-0.009609345368465805,False
2026-09-09,EQIX,50.002778735351626,題材有熱度但訊號普通,AI/資料中心,未觸發主要風險,新聞提及 1 次，量價訊號尚需確認。,Equinix Is Doubling Down on AI Data Centers. How to Play EQIX Stock Here - Barchart.com,1043.06005859375,20D,20,,,,,
2026-09-09,EQIX,50.002778735351626,題材有熱度但訊號普通,AI/資料中心,未觸發主要風險,新聞提及 1 次，量價訊號尚需確認。,Equinix Is Doubling Down on AI Data Centers. How to Play EQIX Stock Here - Barchart.com,1043.06005859375,60D,60,,,,,
2026-09-09,IONQ,0.0,低優先或資料不足,量子運算,低於50DMA,新聞提及 1 次，量價訊號尚需確認。,Why Is IonQ (IONQ) Stock Rocketing Higher Today - TradingView,38.13999938964844,5D,5,2026-09-16,-0.03408493072533658,-0.01618023906398325,-0.017904691661353334,False
2026-09-09,IONQ,0.0,低優先或資料不足,量子運算,低於50DMA,新聞提及 1 次，量價訊號尚需確認。,Why Is IonQ (IONQ) Stock Rocketing Higher Today - TradingView,38.13999938964844,20D,20,,,,,
2026-09-09,IONQ,0.0,低優先或資料不足,量子運算,低於50DMA,新聞提及 1 次，量價訊號尚需確認。,Why Is IonQ (IONQ) Stock Rocketing Higher Today - TradingView,38.13999938964844,60D,60,,,,,
2026-09-09,QBTS,0.0,低優先或資料不足,量子運算,低於50DMA,新聞提及 1 次，量價訊號尚需確認。,QBTS or RGTI: Which Quantum Stock Stands Out on $2B Federal Fund? - Eastern Progress,17.1200008392334,5D,5,2026-09-16,-0.049649552558537646,-0.01618023906398325,-0.0334693134945544,False
2026-09-09,QBTS,0.0,低優先或資料不足,量子運算,低於50DMA,新聞提及 1 次，量價訊號尚需確認。,QBTS or RGTI: Which Quantum Stock Stands Out on $2B Federal Fund? - Eastern Progress,17.1200008392334,20D,20,,,,,
2026-09-09,QBTS,0.0,低優先或資料不足,量子運算,低於50DMA,新聞提及 1 次，量價訊號尚需確認。,QBTS or RGTI: Which Quantum Stock Stands Out on $2B Federal Fund? - Eastern Progress,17.1200008392334,60D,60,,,,,
2026-09-09,RGTI,0.0,低優先或資料不足,量子運算,低於50DMA,新聞提及 1 次，量價訊號尚需確認。,QBTS or RGTI: Which Quantum Stock Stands Out on $2B Federal Fund? - Eastern Progress,15.239999771118164,5D,5,2026-09-16,-0.029527546983166397,-0.01618023906398325,-0.013347307919183149,False
2026-09-09,RGTI,0.0,低優先或資料不足,量子運算,低於50DMA,新聞提及 1 次，量價訊號尚需確認。,QBTS or RGTI: Which Quantum Stock Stands Out on $2B Federal Fund? - Eastern Progress,15.239999771118164,20D,20,,,,,
2026-09-09,RGTI,0.0,低優先或資料不足,量子運算,低於50DMA,新聞提及 1 次，量價訊號尚需確認。,QBTS or RGTI: Which Quantum Stock Stands Out on $2B Federal Fund? - Eastern Progress,15.239999771118164,60D,60,,,,,
2026-09-10,VLO,98.85021043810097,高優先觀察,能源/材料,未觸發主要風險,新聞提及 1 次，且價格站上 50DMA，值得加入觀察清單。,"Valero Energy: Diesel Scarcity Lifted Q2, But The Rally Leaves Little Room For Error (NYSE:VLO) - Seeking Alpha",385.42999267578125,5D,5,2026-09-17,0.07031109830186932,0.011612892768924743,0.05869820553294458,True
2026-09-10,VLO,98.85021043810097,高優先觀察,能源/材料,未觸發主要風險,新聞提及 1 次，且價格站上 50DMA，值得加入觀察清單。,"Valero Energy: Diesel Scarcity Lifted Q2, But The Rally Leaves Little Room For Error (NYSE:VLO) - Seeking Alpha",385.42999267578125,20D,20,,,,,
2026-09-10,VLO,98.85021043810097,高優先觀察,能源/材料,未觸發主要風險,新聞提及 1 次，且價格站上 50DMA，值得加入觀察清單。,"Valero Energy: Diesel Scarcity Lifted Q2, But The Rally Leaves Little Room For Error (NYSE:VLO) - Seeking Alpha",385.42999267578125,60D,60,,,,,
2026-09-10,JKHY,79.1867012098522,可觀察,金融科技,未觸發主要風險,新聞提及 1 次，且價格站上 50DMA，值得加入觀察清單。,Jack Henry & Associates (JKHY) Adds Embedded Debit Installment Payments For Banks - simplywall.st,161.4199981689453,5D,5,2026-09-17,-0.03227599748592025,0.011612892768924743,-0.04388889025484499,False
2026-09-10,JKHY,79.1867012098522,可觀察,金融科技,未觸發主要風險,新聞提及 1 次，且價格站上 50DMA，值得加入觀察清單。,Jack Henry & Associates (JKHY) Adds Embedded Debit Installment Payments For Banks - simplywall.st,161.4199981689453,20D,20,,,,,
2026-09-10,JKHY,79.1867012098522,可觀察,金融科技,未觸發主要風險,新聞提及 1 次，且價格站上 50DMA，值得加入觀察清單。,Jack Henry & Associates (JKHY) Adds Embedded Debit Installment Payments For Banks - simplywall.st,161.4199981689453,60D,60,,,,,
2026-09-10,TSLA,75.62314548567544,可觀察,加密/交易平台,未觸發主要風險,新聞提及 1 次，且價格站上 50DMA，值得加入觀察清單。,"Zoomex Stock Perpetuals Bring TSLA and NVDA Within Reach Through Fair, Rule-Based Derivatives Trading - markets.businessinsider.com",363.55999755859375,5D,5,2026-09-17,0.007261565260661129,0.011612892768924743,-0.004351327508263614,True
2026-09-10,TSLA,75.62314548567544,可觀察,加密/交易平台,未觸發主要風險,新聞提及 1 次，且價格站上 50DMA，值得加入觀察清單。,"Zoomex Stock Perpetuals Bring TSLA and NVDA Within Reach Through Fair, Rule-Based Derivatives Trading - markets.businessinsider.com",363.55999755859375,20D,20,,,,,
2026-09-10,TSLA,75.62314548567544,可觀察,加密/交易平台,未觸發主要風險,新聞提及 1 次，且價格站上 50DMA，值得加入觀察清單。,"Zoomex Stock Perpetuals Bring TSLA and NVDA Within Reach Through Fair, Rule-Based Derivatives Trading - markets.businessinsider.com",363.55999755859375,60D,60,,,,,
2026-09-10,ITGR,61.18038184646637,可觀察,醫療科技,未觸發主要風險,新聞提及 1 次，量價訊號尚需確認。,Integer Holdings Corporation (ITGR) Stock Analysis: Navigating Growth Challenges in the Medical Device Sector - DirectorsTalk Interviews,126.05000305175781,5D,5,2026-09-17,0.002221330999745419,0.011612892768924743,-0.009391561769179324,True
2026-09-10,ITGR,61.18038184646637,可觀察,醫療科技,未觸發主要風險,新聞提及 1 次，量價訊號尚需確認。,Integer Holdings Corporation (ITGR) Stock Analysis: Navigating Growth Challenges in the Medical Device Sector - DirectorsTalk Interviews,126.05000305175781,20D,20,,,,,
2026-09-10,ITGR,61.18038184646637,可觀察,醫療科技,未觸發主要風險,新聞提及 1 次，量價訊號尚需確認。,Integer Holdings Corporation (ITGR) Stock Analysis: Navigating Growth Challenges in the Medical Device Sector - DirectorsTalk Interviews,126.05000305175781,60D,60,,,,,
2026-09-10,NVDA,51.72657853659497,題材有熱度但訊號普通,加密/交易平台,未觸發主要風險,新聞提及 1 次，量價訊號尚需確認。,"Zoomex Stock Perpetuals Bring TSLA and NVDA Within Reach Through Fair, Rule-Based Derivatives Trading - markets.businessinsider.com",218.36000061035156,5D,5,2026-09-17,0.004487981886791559,0.011612892768924743,-0.007124910882133184,True
2026-09-10,NVDA,51.72657853659497,題材有熱度但訊號普通,加密/交易平台,未觸發主要風險,新聞提及 1 次，量價訊號尚需確認。,"Zoomex Stock Perpetuals Bring TSLA and NVDA Within Reach Through Fair, Rule-Based Derivatives Trading - markets.businessinsider.com",218.36000061035156,20D,20,,,,,
2026-09-10,NVDA,51.72657853659497,題材有熱度但訊號普通,加密/交易平台,未觸發主要風險,新聞提及 1 次，量價訊號尚需確認。,"Zoomex Stock Perpetuals Bring TSLA and NVDA Within Reach Through Fair, Rule-Based Derivatives Trading - markets.businessinsider.com",218.36000061035156,60D,60,,,,,
2026-09-10,TV,3.408302447808083,低優先或資料不足,醫療科技,低於50DMA,新聞提及 1 次，量價訊號尚需確認。,Frost & Sullivan Released the 2026 Blue Book on the Development of Hong Kong Stock Exchange 18A Biotech Sector - WBOC TV,2.369999885559082,5D,5,2026-09-17,-0.012658216387505639,0.011612892768924743,-0.02427110915643038,False
2026-09-10,TV,3.408302447808083,低優先或資料不足,醫療科技,低於50DMA,新聞提及 1 次，量價訊號尚需確認。,Frost & Sullivan Released the 2026 Blue Book on the Development of Hong Kong Stock Exchange 18A Biotech Sector - WBOC TV,2.369999885559082,20D,20,,,,,
2026-09-10,TV,3.408302447808083,低優先或資料不足,醫療科技,低於50DMA,新聞提及 1 次，量價訊號尚需確認。,Frost & Sullivan Released the 2026 Blue Book on the Development of Hong Kong Stock Exchange 18A Biotech Sector - WBOC TV,2.369999885559082,60D,60,,,,,
2026-09-11,SPCX,69.84493666327556,可觀察,太空,未觸發主要風險,新聞提及 1 次，量價訊號尚需確認。,RKLB Stock Is Falling Despite A Space Force Contract Win Alongside SPCX — Retail Sees A Buying Opportunity - Stocktwits,151.2100067138672,5D,5,2026-09-18,0.009919978396921936,0.009190367989065695,0.0007296104078562404,True
2026-09-11,SPCX,69.84493666327556,可觀察,太空,未觸發主要風險,新聞提及 1 次，量價訊號尚需確認。,RKLB Stock Is Falling Despite A Space Force Contract Win Alongside SPCX — Retail Sees A Buying Opportunity - Stocktwits,151.2100067138672,20D,20,,,,,
2026-09-11,SPCX,69.84493666327556,可觀察,太空,未觸發主要風險,新聞提及 1 次，量價訊號尚需確認。,RKLB Stock Is Falling Despite A Space Force Contract Win Alongside SPCX — Retail Sees A Buying Opportunity - Stocktwits,151.2100067138672,60D,60,,,,,
2026-09-11,EWC,50.650301147619096,題材有熱度但訊號普通,國際貿易,未觸發主要風險,新聞提及 1 次，量價訊號尚需確認。,Canada tariffs take effect: U.S. sectors and stocks to watch (EWC:NYSEARCA) - Seeking Alpha,60.58000183105469,5D,5,2026-09-18,-0.005942565194295146,0.009190367989065695,-0.015132933183360842,False
2026-09-11,EWC,50.650301147619096,題材有熱度但訊號普通,國際貿易,未觸發主要風險,新聞提及 1 次，量價訊號尚需確認。,Canada tariffs take effect: U.S. sectors and stocks to watch (EWC:NYSEARCA) - Seeking Alpha,60.58000183105469,20D,20,,,,,
2026-09-11,EWC,50.650301147619096,題材有熱度但訊號普通,國際貿易,未觸發主要風險,新聞提及 1 次，量價訊號尚需確認。,Canada tariffs take effect: U.S. sectors and stocks to watch (EWC:NYSEARCA) - Seeking Alpha,60.58000183105469,60D,60,,,,,
2026-09-11,RKLB,0.0,低優先或資料不足,太空,低於50DMA,新聞提及 1 次，量價訊號尚需確認。,RKLB Stock Is Falling Despite A Space Force Contract Win Alongside SPCX — Retail Sees A Buying Opportunity - Stocktwits,62.95000076293945,5D,5,2026-09-18,0.025734692807795945,0.009190367989065695,0.01654432481873025,True
2026-09-11,RKLB,0.0,低優先或資料不足,太空,低於50DMA,新聞提及 1 次，量價訊號尚需確認。,RKLB Stock Is Falling Despite A Space Force Contract Win Alongside SPCX — Retail Sees A Buying Opportunity - Stocktwits,62.95000076293945,20D,20,,,,,
2026-09-11,RKLB,0.0,低優先或資料不足,太空,低於50DMA,新聞提及 1 次，量價訊號尚需確認。,RKLB Stock Is Falling Despite A Space Force Contract Win Alongside SPCX — Retail Sees A Buying Opportunity - Stocktwits,62.95000076293945,60D,60,,,,,
2026-09-12,ROKU,59.56572333737686,題材有熱度但訊號普通,小型成長股,未觸發主要風險,新聞提及 1 次，量價訊號尚需確認。,Roku (NASDAQ:ROKU): High Growth Momentum Meets a Breakout Setup - ChartMill,157.4499969482422,5D,5,2026-09-21,-0.019815783916547924,0.04662090735764535,-0.06643669127419327,False
2026-09-12,ROKU,59.56572333737686,題材有熱度但訊號普通,小型成長股,未觸發主要風險,新聞提及 1 次，量價訊號尚需確認。,Roku (NASDAQ:ROKU): High Growth Momentum Meets a Breakout Setup - ChartMill,157.4499969482422,20D,20,,,,,
2026-09-12,ROKU,59.56572333737686,題材有熱度但訊號普通,小型成長股,未觸發主要風險,新聞提及 1 次，量價訊號尚需確認。,Roku (NASDAQ:ROKU): High Growth Momentum Meets a Breakout Setup - ChartMill,157.4499969482422,60D,60,,,,,
2026-09-12,AVAV,13.0,低優先或資料不足,國防/航太,低於50DMA,新聞提及 2 次，量價訊號尚需確認。,AVAV Q2 Deep Dive: Landmark Defense Contracts Drive Growth and Production Expansion - Yahoo Finance,153.39999389648438,5D,5,2026-09-21,0.048891788125239755,0.04662090735764535,0.0022708807675944076,True
2026-09-12,AVAV,13.0,低優先或資料不足,國防/航太,低於50DMA,新聞提及 2 次，量價訊號尚需確認。,AVAV Q2 Deep Dive: Landmark Defense Contracts Drive Growth and Production Expansion - Yahoo Finance,153.39999389648438,20D,20,,,,,
2026-09-12,AVAV,13.0,低優先或資料不足,國防/航太,低於50DMA,新聞提及 2 次，量價訊號尚需確認。,AVAV Q2 Deep Dive: Landmark Defense Contracts Drive Growth and Production Expansion - Yahoo Finance,153.39999389648438,60D,60,,,,,
2026-09-13,ITGR,60.19572356809379,可觀察,醫療科技,未觸發主要風險,新聞提及 1 次，量價訊號尚需確認。,Integer Holdings Corporation (ITGR) Stock Analysis: Navigating Growth Challenges in the Medical Device Sector - DirectorsTalk Interviews,126.12999725341797,5D,5,2026-09-21,0.0019820820220721735,0.04662090735764535,-0.04463882533557317,True
2026-09-13,ITGR,60.19572356809379,可觀察,醫療科技,未觸發主要風險,新聞提及 1 次，量價訊號尚需確認。,Integer Holdings Corporation (ITGR) Stock Analysis: Navigating Growth Challenges in the Medical Device Sector - DirectorsTalk Interviews,126.12999725341797,20D,20,,,,,
2026-09-13,ITGR,60.19572356809379,可觀察,醫療科技,未觸發主要風險,新聞提及 1 次，量價訊號尚需確認。,Integer Holdings Corporation (ITGR) Stock Analysis: Navigating Growth Challenges in the Medical Device Sector - DirectorsTalk Interviews,126.12999725341797,60D,60,,,,,
2026-09-13,EWC,50.67961164226885,題材有熱度但訊號普通,國際貿易,未觸發主要風險,新聞提及 1 次，量價訊號尚需確認。,Canada tariffs take effect: U.S. sectors and stocks to watch (EWC:NYSEARCA) - Seeking Alpha,60.5,5D,5,2026-09-21,-0.0011570197491606038,0.04662090735764535,-0.04777792710680595,False
2026-09-13,EWC,50.67961164226885,題材有熱度但訊號普通,國際貿易,未觸發主要風險,新聞提及 1 次，量價訊號尚需確認。,Canada tariffs take effect: U.S. sectors and stocks to watch (EWC:NYSEARCA) - Seeking Alpha,60.5,20D,20,,,,,
2026-09-13,EWC,50.67961164226885,題材有熱度但訊號普通,國際貿易,未觸發主要風險,新聞提及 1 次，量價訊號尚需確認。,Canada tariffs take effect: U.S. sectors and stocks to watch (EWC:NYSEARCA) - Seeking Alpha,60.5,60D,60,,,,,
2026-09-13,ON,15.274340444354534,低優先或資料不足,機器人/自動化,低於50DMA,新聞提及 1 次，量價訊號尚需確認。,ON Semiconductor And 2 More AI Robotics Stocks To Watch - simplywall.st,71.6500015258789,5D,5,2026-09-21,0.000976967108631932,0.04662090735764535,-0.045643940249013415,True
2026-09-13,ON,15.274340444354534,低優先或資料不足,機器人/自動化,低於50DMA,新聞提及 1 次，量價訊號尚需確認。,ON Semiconductor And 2 More AI Robotics Stocks To Watch - simplywall.st,71.6500015258789,20D,20,,,,,
2026-09-13,ON,15.274340444354534,低優先或資料不足,機器人/自動化,低於50DMA,新聞提及 1 次，量價訊號尚需確認。,ON Semiconductor And 2 More AI Robotics Stocks To Watch - simplywall.st,71.6500015258789,60D,60,,,,,
2026-09-13,GEV,0.0,低優先或資料不足,AI/資料中心,低於50DMA,新聞提及 1 次，量價訊號尚需確認。,"GEV Stock Edges Higher Overnight: Growing Backlog Shows 'AI Data Centers Cannot Wait For The Grid,' Says Strategist - Stocktwits",874.760009765625,5D,5,2026-09-21,0.08169093252976478,0.04662090735764535,0.035070025172119434,True
2026-09-13,GEV,0.0,低優先或資料不足,AI/資料中心,低於50DMA,新聞提及 1 次，量價訊號尚需確認。,"GEV Stock Edges Higher Overnight: Growing Backlog Shows 'AI Data Centers Cannot Wait For The Grid,' Says Strategist - Stocktwits",874.760009765625,20D,20,,,,,
2026-09-13,GEV,0.0,低優先或資料不足,AI/資料中心,低於50DMA,新聞提及 1 次，量價訊號尚需確認。,"GEV Stock Edges Higher Overnight: Growing Backlog Shows 'AI Data Centers Cannot Wait For The Grid,' Says Strategist - Stocktwits",874.760009765625,60D,60,,,,,
2026-09-13,IONQ,0.0,低優先或資料不足,量子運算,低於50DMA,新聞提及 1 次，量價訊號尚需確認。,Why Is IonQ (IONQ) Stock Rocketing Higher Today - tradingview.com,37.5,5D,5,2026-09-21,0.08026662190755207,0.04662090735764535,0.033645714549906724,True
2026-09-13,IONQ,0.0,低優先或資料不足,量子運算,低於50DMA,新聞提及 1 次，量價訊號尚需確認。,Why Is IonQ (IONQ) Stock Rocketing Higher Today - tradingview.com,37.5,20D,20,,,,,
2026-09-13,IONQ,0.0,低優先或資料不足,量子運算,低於50DMA,新聞提及 1 次，量價訊號尚需確認。,Why Is IonQ (IONQ) Stock Rocketing Higher Today - tradingview.com,37.5,60D,60,,,,,
2026-09-14,CRWD,99.66920088544325,高優先觀察,網路安全,未觸發主要風險,新聞提及 1 次，且價格站上 50DMA，值得加入觀察清單。,CRWD vs. NET: Which Cybersecurity Stock Has an Edge Right Now? - Zacks Investment Research,235.3800048828125,5D,5,2026-09-21,0.059350840899414115,0.04662090735764535,0.012729933541768768,True
2026-09-14,CRWD,99.66920088544325,高優先觀察,網路安全,未觸發主要風險,新聞提及 1 次，且價格站上 50DMA，值得加入觀察清單。,CRWD vs. NET: Which Cybersecurity Stock Has an Edge Right Now? - Zacks Investment Research,235.3800048828125,20D,20,,,,,
2026-09-14,CRWD,99.66920088544325,高優先觀察,網路安全,未觸發主要風險,新聞提及 1 次，且價格站上 50DMA，值得加入觀察清單。,CRWD vs. NET: Which Cybersecurity Stock Has an Edge Right Now? - Zacks Investment Research,235.3800048828125,60D,60,,,,,
2026-09-14,NET,80.82720714110069,高優先觀察,網路安全,未觸發主要風險,新聞提及 1 次，且價格站上 50DMA，值得加入觀察清單。,CRWD vs. NET: Which Cybersecurity Stock Has an Edge Right Now? - Zacks Investment Research,330.3599853515625,5D,5,2026-09-21,0.06450547590833122,0.04662090735764535,0.017884568550685875,True
2026-09-14,NET,80.82720714110069,高優先觀察,網路安全,未觸發主要風險,新聞提及 1 次，且價格站上 50DMA，值得加入觀察清單。,CRWD vs. NET: Which Cybersecurity Stock Has an Edge Right Now? - Zacks Investment Research,330.3599853515625,20D,20,,,,,
2026-09-14,NET,80.82720714110069,高優先觀察,網路安全,未觸發主要風險,新聞提及 1 次，且價格站上 50DMA，值得加入觀察清單。,CRWD vs. NET: Which Cybersecurity Stock Has an Edge Right Now? - Zacks Investment Research,330.3599853515625,60D,60,,,,,
2026-09-14,PANW,62.7331379808051,可觀察,網路安全,未觸發主要風險,新聞提及 1 次，量價訊號尚需確認。,Cybersecurity Stocks Q2 In Review: Palo Alto Networks (NASDAQ:PANW) Vs Peers - The Globe and Mail,373.94000244140625,5D,5,2026-09-21,-0.005829792644671206,0.04662090735764535,-0.05245070000231655,False
2026-09-14,PANW,62.7331379808051,可觀察,網路安全,未觸發主要風險,新聞提及 1 次，量價訊號尚需確認。,Cybersecurity Stocks Q2 In Review: Palo Alto Networks (NASDAQ:PANW) Vs Peers - The Globe and Mail,373.94000244140625,20D,20,,,,,
2026-09-14,PANW,62.7331379808051,可觀察,網路安全,未觸發主要風險,新聞提及 1 次，量價訊號尚需確認。,Cybersecurity Stocks Q2 In Review: Palo Alto Networks (NASDAQ:PANW) Vs Peers - The Globe and Mail,373.94000244140625,60D,60,,,,,
2026-09-14,QLYS,47.73126905880574,題材有熱度但訊號普通,網路安全,未觸發主要風險,新聞提及 1 次，量價訊號尚需確認。,Qualys (NASDAQ:QLYS): A Growth-at-a-Reasonable-Price Cybersecurity Stock - ChartMill,172.91000366210938,5D,5,2026-09-21,0.04696081744960878,0.04662090735764535,0.0003399100919634357,True
2026-09-14,QLYS,47.73126905880574,題材有熱度但訊號普通,網路安全,未觸發主要風險,新聞提及 1 次，量價訊號尚需確認。,Qualys (NASDAQ:QLYS): A Growth-at-a-Reasonable-Price Cybersecurity Stock - ChartMill,172.91000366210938,20D,20,,,,,
2026-09-14,QLYS,47.73126905880574,題材有熱度但訊號普通,網路安全,未觸發主要風險,新聞提及 1 次，量價訊號尚需確認。,Qualys (NASDAQ:QLYS): A Growth-at-a-Reasonable-Price Cybersecurity Stock - ChartMill,172.91000366210938,60D,60,,,,,
2026-09-14,FLWS,5.895613504591886,低優先或資料不足,消費復甦,低於50DMA,新聞提及 1 次，量價訊號尚需確認。,FLWS Q2 Deep Dive: Strategic Restructuring Amid Revenue Headwinds and Margin Pressure - StockStory,3.059999942779541,5D,5,2026-09-21,-0.160130725065195,0.04662090735764535,-0.20675163242284034,False
2026-09-14,FLWS,5.895613504591886,低優先或資料不足,消費復甦,低於50DMA,新聞提及 1 次，量價訊號尚需確認。,FLWS Q2 Deep Dive: Strategic Restructuring Amid Revenue Headwinds and Margin Pressure - StockStory,3.059999942779541,20D,20,,,,,
2026-09-14,FLWS,5.895613504591886,低優先或資料不足,消費復甦,低於50DMA,新聞提及 1 次，量價訊號尚需確認。,FLWS Q2 Deep Dive: Strategic Restructuring Amid Revenue Headwinds and Margin Pressure - StockStory,3.059999942779541,60D,60,,,,,
2026-09-14,IONQ,0.0,低優先或資料不足,量子運算,低於50DMA,新聞提及 1 次，量價訊號尚需確認。,Why Is IonQ (IONQ) Stock Rocketing Higher Today - TradingView,37.5,5D,5,2026-09-21,0.08026662190755207,0.04662090735764535,0.033645714549906724,True
2026-09-14,IONQ,0.0,低優先或資料不足,量子運算,低於50DMA,新聞提及 1 次，量價訊號尚需確認。,Why Is IonQ (IONQ) Stock Rocketing Higher Today - TradingView,37.5,20D,20,,,,,
2026-09-14,IONQ,0.0,低優先或資料不足,量子運算,低於50DMA,新聞提及 1 次，量價訊號尚需確認。,Why Is IonQ (IONQ) Stock Rocketing Higher Today - TradingView,37.5,60D,60,,,,,
2026-09-15,ATRC,100.0,高優先觀察,醫療科技,未觸發主要風險,新聞提及 1 次，且價格站上 50DMA，值得加入觀察清單。,"Biotech Stocks At 52-Week Highs - NUTX +8%, IOVA +7%, ATRC, CNC, CON - RTTNews",56.220001220703125,5D,5,2026-09-22,0.046424769720396775,0.062024771647136934,-0.015600001926740159,True
2026-09-15,ATRC,100.0,高優先觀察,醫療科技,未觸發主要風險,新聞提及 1 次，且價格站上 50DMA，值得加入觀察清單。,"Biotech Stocks At 52-Week Highs - NUTX +8%, IOVA +7%, ATRC, CNC, CON - RTTNews",56.220001220703125,20D,20,,,,,
2026-09-15,ATRC,100.0,高優先觀察,醫療科技,未觸發主要風險,新聞提及 1 次，且價格站上 50DMA，值得加入觀察清單。,"Biotech Stocks At 52-Week Highs - NUTX +8%, IOVA +7%, ATRC, CNC, CON - RTTNews",56.220001220703125,60D,60,,,,,
2026-09-15,CRWD,98.4689226635533,高優先觀察,網路安全,未觸發主要風險,新聞提及 1 次，且價格站上 50DMA，值得加入觀察清單。,"CrowdStrike, Palo Alto Networks lead cybersecurity stocks higher amid AI worries (CRWD:NASDAQ) - Seeking Alpha",242.49000549316406,5D,5,2026-09-22,0.031217748748177065,0.062024771647136934,-0.030807022898959868,True
2026-09-15,CRWD,98.4689226635533,高優先觀察,網路安全,未觸發主要風險,新聞提及 1 次，且價格站上 50DMA，值得加入觀察清單。,"CrowdStrike, Palo Alto Networks lead cybersecurity stocks higher amid AI worries (CRWD:NASDAQ) - Seeking Alpha",242.49000549316406,20D,20,,,,,
2026-09-15,CRWD,98.4689226635533,高優先觀察,網路安全,未觸發主要風險,新聞提及 1 次，且價格站上 50DMA，值得加入觀察清單。,"CrowdStrike, Palo Alto Networks lead cybersecurity stocks higher amid AI worries (CRWD:NASDAQ) - Seeking Alpha",242.49000549316406,60D,60,,,,,
2026-09-15,IOVA,93.62195367996124,高優先觀察,醫療科技,未觸發主要風險,新聞提及 1 次，且價格站上 50DMA，值得加入觀察清單。,"Biotech Stocks At 52-Week Highs - NUTX +8%, IOVA +7%, ATRC, CNC, CON - RTTNews",9.359999656677246,5D,5,2026-09-22,0.13675221512774094,0.062024771647136934,0.074727443480604,True
2026-09-15,IOVA,93.62195367996124,高優先觀察,醫療科技,未觸發主要風險,新聞提及 1 次，且價格站上 50DMA，值得加入觀察清單。,"Biotech Stocks At 52-Week Highs - NUTX +8%, IOVA +7%, ATRC, CNC, CON - RTTNews",9.359999656677246,20D,20,,,,,
2026-09-15,IOVA,93.62195367996124,高優先觀察,醫療科技,未觸發主要風險,新聞提及 1 次，且價格站上 50DMA，值得加入觀察清單。,"Biotech Stocks At 52-Week Highs - NUTX +8%, IOVA +7%, ATRC, CNC, CON - RTTNews",9.359999656677246,60D,60,,,,,
2026-09-15,NUTX,93.55283235854444,高優先觀察,醫療科技,未觸發主要風險,新聞提及 1 次，且價格站上 50DMA，值得加入觀察清單。,"Biotech Stocks At 52-Week Highs - NUTX +8%, IOVA +7%, ATRC, CNC, CON - RTTNews",215.3300018310547,5D,5,2026-09-22,-0.030232640372815256,0.062024771647136934,-0.09225741201995219,False
2026-09-15,NUTX,93.55283235854444,高優先觀察,醫療科技,未觸發主要風險,新聞提及 1 次，且價格站上 50DMA，值得加入觀察清單。,"Biotech Stocks At 52-Week Highs - NUTX +8%, IOVA +7%, ATRC, CNC, CON - RTTNews",215.3300018310547,20D,20,,,,,
2026-09-15,NUTX,93.55283235854444,高優先觀察,醫療科技,未觸發主要風險,新聞提及 1 次，且價格站上 50DMA，值得加入觀察清單。,"Biotech Stocks At 52-Week Highs - NUTX +8%, IOVA +7%, ATRC, CNC, CON - RTTNews",215.3300018310547,60D,60,,,,,
2026-09-15,CNC,77.20709326724264,可觀察,醫療科技,未觸發主要風險,新聞提及 1 次，且價格站上 50DMA，值得加入觀察清單。,"Biotech Stocks At 52-Week Highs - NUTX +8%, IOVA +7%, ATRC, CNC, CON - RTTNews",67.66000366210938,5D,5,2026-09-22,-0.06443990820370726,0.062024771647136934,-0.1264646798508442,False
2026-09-15,CNC,77.20709326724264,可觀察,醫療科技,未觸發主要風險,新聞提及 1 次，且價格站上 50DMA，值得加入觀察清單。,"Biotech Stocks At 52-Week Highs - NUTX +8%, IOVA +7%, ATRC, CNC, CON - RTTNews",67.66000366210938,20D,20,,,,,
2026-09-15,CNC,77.20709326724264,可觀察,醫療科技,未觸發主要風險,新聞提及 1 次，且價格站上 50DMA，值得加入觀察清單。,"Biotech Stocks At 52-Week Highs - NUTX +8%, IOVA +7%, ATRC, CNC, CON - RTTNews",67.66000366210938,60D,60,,,,,
2026-09-15,QLYS,74.05875005515847,可觀察,網路安全,未觸發主要風險,新聞提及 1 次，且價格站上 50DMA，值得加入觀察清單。,Qualys (NASDAQ:QLYS): A Growth-at-a-Reasonable-Price Cybersecurity Stock - ChartMill,185.3699951171875,5D,5,2026-09-22,-0.011058897593824613,0.062024771647136934,-0.07308366924096155,False
2026-09-15,QLYS,74.05875005515847,可觀察,網路安全,未觸發主要風險,新聞提及 1 次，且價格站上 50DMA，值得加入觀察清單。,Qualys (NASDAQ:QLYS): A Growth-at-a-Reasonable-Price Cybersecurity Stock - ChartMill,185.3699951171875,20D,20,,,,,
2026-09-15,QLYS,74.05875005515847,可觀察,網路安全,未觸發主要風險,新聞提及 1 次，且價格站上 50DMA，值得加入觀察清單。,Qualys (NASDAQ:QLYS): A Growth-at-a-Reasonable-Price Cybersecurity Stock - ChartMill,185.3699951171875,60D,60,,,,,
2026-09-15,CON,65.94056779921682,可觀察,醫療科技,未觸發主要風險,新聞提及 1 次，量價訊號尚需確認。,"Biotech Stocks At 52-Week Highs - NUTX +8%, IOVA +7%, ATRC, CNC, CON - RTTNews",35.619998931884766,5D,5,2026-09-22,-0.020774786242543475,0.062024771647136934,-0.08279955788968041,False
2026-09-15,CON,65.94056779921682,可觀察,醫療科技,未觸發主要風險,新聞提及 1 次，量價訊號尚需確認。,"Biotech Stocks At 52-Week Highs - NUTX +8%, IOVA +7%, ATRC, CNC, CON - RTTNews",35.619998931884766,20D,20,,,,,
2026-09-15,CON,65.94056779921682,可觀察,醫療科技,未觸發主要風險,新聞提及 1 次，量價訊號尚需確認。,"Biotech Stocks At 52-Week Highs - NUTX +8%, IOVA +7%, ATRC, CNC, CON - RTTNews",35.619998931884766,60D,60,,,,,
2026-09-15,PANW,62.28305159918757,可觀察,網路安全,未觸發主要風險,新聞提及 1 次，量價訊號尚需確認。,Cybersecurity Stocks Q2 In Review: Palo Alto Networks (NASDAQ:PANW) Vs Peers - Yahoo Finance UK,375.0899963378906,5D,5,2026-09-22,-0.0013863046702089488,0.062024771647136934,-0.06341107631734588,False
2026-09-15,PANW,62.28305159918757,可觀察,網路安全,未觸發主要風險,新聞提及 1 次，量價訊號尚需確認。,Cybersecurity Stocks Q2 In Review: Palo Alto Networks (NASDAQ:PANW) Vs Peers - Yahoo Finance UK,375.0899963378906,20D,20,,,,,
2026-09-15,PANW,62.28305159918757,可觀察,網路安全,未觸發主要風險,新聞提及 1 次，量價訊號尚需確認。,Cybersecurity Stocks Q2 In Review: Palo Alto Networks (NASDAQ:PANW) Vs Peers - Yahoo Finance UK,375.0899963378906,60D,60,,,,,
2026-09-15,AZTA,56.126047240967466,題材有熱度但訊號普通,醫療科技,未觸發主要風險,新聞提及 1 次，量價訊號尚需確認。,Q2 Earnings Review: Drug Development Inputs & Services Stocks Led by Azenta (NASDAQ:AZTA) - StockStory,33.029998779296875,5D,5,2026-09-22,0.03784438529206047,0.062024771647136934,-0.024180386355076466,True
2026-09-15,AZTA,56.126047240967466,題材有熱度但訊號普通,醫療科技,未觸發主要風險,新聞提及 1 次，量價訊號尚需確認。,Q2 Earnings Review: Drug Development Inputs & Services Stocks Led by Azenta (NASDAQ:AZTA) - StockStory,33.029998779296875,20D,20,,,,,
2026-09-15,AZTA,56.126047240967466,題材有熱度但訊號普通,醫療科技,未觸發主要風險,新聞提及 1 次，量價訊號尚需確認。,Q2 Earnings Review: Drug Development Inputs & Services Stocks Led by Azenta (NASDAQ:AZTA) - StockStory,33.029998779296875,60D,60,,,,,
2026-09-15,ROKU,55.40906630052687,題材有熱度但訊號普通,小型成長股,未觸發主要風險,新聞提及 1 次，量價訊號尚需確認。,Roku (NASDAQ:ROKU): High Growth Momentum Meets a Breakout Setup - ChartMill,156.6199951171875,5D,5,2026-09-22,-0.01513213632406385,0.062024771647136934,-0.07715690797120078,False
2026-09-15,ROKU,55.40906630052687,題材有熱度但訊號普通,小型成長股,未觸發主要風險,新聞提及 1 次，量價訊號尚需確認。,Roku (NASDAQ:ROKU): High Growth Momentum Meets a Breakout Setup - ChartMill,156.6199951171875,20D,20,,,,,
2026-09-15,ROKU,55.40906630052687,題材有熱度但訊號普通,小型成長股,未觸發主要風險,新聞提及 1 次，量價訊號尚需確認。,Roku (NASDAQ:ROKU): High Growth Momentum Meets a Breakout Setup - ChartMill,156.6199951171875,60D,60,,,,,
2026-09-15,CRML,16.757539630651095,低優先或資料不足,能源/材料,低於50DMA,新聞提及 1 次，量價訊號尚需確認。,"USAR, MP, UUUU, CRML Stocks Drop Overnight: Why China's Threat To Scrap Trump-Xi Summit Matters - TradingView",6.349999904632568,5D,5,2026-09-22,0.3448819039544819,0.062024771647136934,0.282857132307345,True
2026-09-15,CRML,16.757539630651095,低優先或資料不足,能源/材料,低於50DMA,新聞提及 1 次，量價訊號尚需確認。,"USAR, MP, UUUU, CRML Stocks Drop Overnight: Why China's Threat To Scrap Trump-Xi Summit Matters - TradingView",6.349999904632568,20D,20,,,,,
2026-09-15,CRML,16.757539630651095,低優先或資料不足,能源/材料,低於50DMA,新聞提及 1 次，量價訊號尚需確認。,"USAR, MP, UUUU, CRML Stocks Drop Overnight: Why China's Threat To Scrap Trump-Xi Summit Matters - TradingView",6.349999904632568,60D,60,,,,,
2026-09-15,RKLB,0.0,低優先或資料不足,太空,低於50DMA,新聞提及 1 次，量價訊號尚需確認。,RKLB Stock Jumps Overnight On $90M Space Force Deal Ahead Of Electron Liftoff - Stocktwits,63.54999923706055,5D,5,2026-09-22,0.13265152196818453,0.062024771647136934,0.0706267503210476,True
2026-09-15,RKLB,0.0,低優先或資料不足,太空,低於50DMA,新聞提及 1 次，量價訊號尚需確認。,RKLB Stock Jumps Overnight On $90M Space Force Deal Ahead Of Electron Liftoff - Stocktwits,63.54999923706055,20D,20,,,,,
2026-09-15,RKLB,0.0,低優先或資料不足,太空,低於50DMA,新聞提及 1 次，量價訊號尚需確認。,RKLB Stock Jumps Overnight On $90M Space Force Deal Ahead Of Electron Liftoff - Stocktwits,63.54999923706055,60D,60,,,,,
2026-09-15,UUUU,0.0,低優先或資料不足,能源/材料,低於50DMA,新聞提及 1 次，量價訊號尚需確認。,"USAR, MP, UUUU, CRML Stocks Drop Overnight: Why China's Threat To Scrap Trump-Xi Summit Matters - TradingView",11.859999656677246,5D,5,2026-09-22,0.02360882755067073,0.062024771647136934,-0.038415944096466204,True
2026-09-15,UUUU,0.0,低優先或資料不足,能源/材料,低於50DMA,新聞提及 1 次，量價訊號尚需確認。,"USAR, MP, UUUU, CRML Stocks Drop Overnight: Why China's Threat To Scrap Trump-Xi Summit Matters - TradingView",11.859999656677246,20D,20,,,,,
2026-09-15,UUUU,0.0,低優先或資料不足,能源/材料,低於50DMA,新聞提及 1 次，量價訊號尚需確認。,"USAR, MP, UUUU, CRML Stocks Drop Overnight: Why China's Threat To Scrap Trump-Xi Summit Matters - TradingView",11.859999656677246,60D,60,,,,,
2026-09-15,USAR,0.0,低優先或資料不足,能源/材料,低於50DMA,新聞提及 1 次，量價訊號尚需確認。,"USAR, MP, UUUU, CRML Stocks Drop Overnight: Why China's Threat To Scrap Trump-Xi Summit Matters - TradingView",15.399999618530273,5D,5,2026-09-22,0.10324676571255886,0.062024771647136934,0.04122199406542193,True
2026-09-15,USAR,0.0,低優先或資料不足,能源/材料,低於50DMA,新聞提及 1 次，量價訊號尚需確認。,"USAR, MP, UUUU, CRML Stocks Drop Overnight: Why China's Threat To Scrap Trump-Xi Summit Matters - TradingView",15.399999618530273,20D,20,,,,,
2026-09-15,USAR,0.0,低優先或資料不足,能源/材料,低於50DMA,新聞提及 1 次，量價訊號尚需確認。,"USAR, MP, UUUU, CRML Stocks Drop Overnight: Why China's Threat To Scrap Trump-Xi Summit Matters - TradingView",15.399999618530273,60D,60,,,,,
2026-09-15,MP,0.0,低優先或資料不足,能源/材料,低於50DMA,新聞提及 1 次，量價訊號尚需確認。,"USAR, MP, UUUU, CRML Stocks Drop Overnight: Why China's Threat To Scrap Trump-Xi Summit Matters - TradingView",49.16999816894531,5D,5,2026-09-22,0.03803137718567351,0.062024771647136934,-0.023993394461463424,True
2026-09-15,MP,0.0,低優先或資料不足,能源/材料,低於50DMA,新聞提及 1 次，量價訊號尚需確認。,"USAR, MP, UUUU, CRML Stocks Drop Overnight: Why China's Threat To Scrap Trump-Xi Summit Matters - TradingView",49.16999816894531,20D,20,,,,,
2026-09-15,MP,0.0,低優先或資料不足,能源/材料,低於50DMA,新聞提及 1 次，量價訊號尚需確認。,"USAR, MP, UUUU, CRML Stocks Drop Overnight: Why China's Threat To Scrap Trump-Xi Summit Matters - TradingView",49.16999816894531,60D,60,,,,,
2026-09-16,SPCX,73.0660002795976,可觀察,太空,未觸發主要風險,新聞提及 2 次，且價格站上 50DMA，值得加入觀察清單。,Space Weapons Put SPCX in Market Spotlight: Should You Buy the Stock? - Yahoo Finance,150.8800048828125,5D,5,2026-09-23,-0.016702042622666946,0.05287550069953362,-0.06957754332220056,False
2026-09-16,SPCX,73.0660002795976,可觀察,太空,未觸發主要風險,新聞提及 2 次，且價格站上 50DMA，值得加入觀察清單。,Space Weapons Put SPCX in Market Spotlight: Should You Buy the Stock? - Yahoo Finance,150.8800048828125,20D,20,,,,,
2026-09-16,SPCX,73.0660002795976,可觀察,太空,未觸發主要風險,新聞提及 2 次，且價格站上 50DMA，值得加入觀察清單。,Space Weapons Put SPCX in Market Spotlight: Should You Buy the Stock? - Yahoo Finance,150.8800048828125,60D,60,,,,,
2026-09-16,TSLA,65.39769872090461,可觀察,加密/交易平台,未觸發主要風險,新聞提及 1 次，量價訊號尚需確認。,"Zoomex Stock Perpetuals Bring TSLA and NVDA Within Reach Through Fair, Rule-Based Derivatives Trading - markets.businessinsider.com",358.0799865722656,5D,5,2026-09-23,0.06155051768154007,0.05287550069953362,0.008675016982006456,True
2026-09-16,TSLA,65.39769872090461,可觀察,加密/交易平台,未觸發主要風險,新聞提及 1 次，量價訊號尚需確認。,"Zoomex Stock Perpetuals Bring TSLA and NVDA Within Reach Through Fair, Rule-Based Derivatives Trading - markets.businessinsider.com",358.0799865722656,20D,20,,,,,
2026-09-16,TSLA,65.39769872090461,可觀察,加密/交易平台,未觸發主要風險,新聞提及 1 次，量價訊號尚需確認。,"Zoomex Stock Perpetuals Bring TSLA and NVDA Within Reach Through Fair, Rule-Based Derivatives Trading - markets.businessinsider.com",358.0799865722656,60D,60,,,,,
2026-09-16,NVDA,50.83714383298842,題材有熱度但訊號普通,加密/交易平台,未觸發主要風險,新聞提及 1 次，量價訊號尚需確認。,"Zoomex Stock Perpetuals Bring TSLA and NVDA Within Reach Through Fair, Rule-Based Derivatives Trading - markets.businessinsider.com",213.89999389648438,5D,5,2026-09-23,0.054277704261974646,0.05287550069953362,0.001402203562441029,True
2026-09-16,NVDA,50.83714383298842,題材有熱度但訊號普通,加密/交易平台,未觸發主要風險,新聞提及 1 次，量價訊號尚需確認。,"Zoomex Stock Perpetuals Bring TSLA and NVDA Within Reach Through Fair, Rule-Based Derivatives Trading - markets.businessinsider.com",213.89999389648438,20D,20,,,,,
2026-09-16,NVDA,50.83714383298842,題材有熱度但訊號普通,加密/交易平台,未觸發主要風險,新聞提及 1 次，量價訊號尚需確認。,"Zoomex Stock Perpetuals Bring TSLA and NVDA Within Reach Through Fair, Rule-Based Derivatives Trading - markets.businessinsider.com",213.89999389648438,60D,60,,,,,
2026-09-16,RDW,12.532859750136975,低優先或資料不足,太空,未觸發主要風險,新聞提及 1 次，量價訊號尚需確認。,"RKLB, ASTS, SPCX, RDW Stocks Set For A Boost? Pentagon Confirms Orbital Weapons Use, Ramps Up Golden Dome Plans - Stocktwits",10.789999961853027,5D,5,2026-09-23,0.04448568096456329,0.05287550069953362,-0.008389819734970327,True
2026-09-16,RDW,12.532859750136975,低優先或資料不足,太空,未觸發主要風險,新聞提及 1 次，量價訊號尚需確認。,"RKLB, ASTS, SPCX, RDW Stocks Set For A Boost? Pentagon Confirms Orbital Weapons Use, Ramps Up Golden Dome Plans - Stocktwits",10.789999961853027,20D,20,,,,,
2026-09-16,RDW,12.532859750136975,低優先或資料不足,太空,未觸發主要風險,新聞提及 1 次，量價訊號尚需確認。,"RKLB, ASTS, SPCX, RDW Stocks Set For A Boost? Pentagon Confirms Orbital Weapons Use, Ramps Up Golden Dome Plans - Stocktwits",10.789999961853027,60D,60,,,,,
2026-09-16,LRCX,4.861045764787036,低優先或資料不足,半導體設備,低於50DMA,新聞提及 3 次，量價訊號尚需確認。,Lam Research Corporation $LRCX Shares Acquired by The Manufacturers Life Insurance Company - MarketBeat,268.9443054199219,5D,5,2026-09-23,0.14254138342702127,0.05287550069953362,0.08966588272748766,True
2026-09-16,LRCX,4.861045764787036,低優先或資料不足,半導體設備,低於50DMA,新聞提及 3 次，量價訊號尚需確認。,Lam Research Corporation $LRCX Shares Acquired by The Manufacturers Life Insurance Company - MarketBeat,268.9443054199219,20D,20,,,,,
2026-09-16,LRCX,4.861045764787036,低優先或資料不足,半導體設備,低於50DMA,新聞提及 3 次，量價訊號尚需確認。,Lam Research Corporation $LRCX Shares Acquired by The Manufacturers Life Insurance Company - MarketBeat,268.9443054199219,60D,60,,,,,
2026-09-16,RKLB,0.0,低優先或資料不足,太空,低於50DMA,新聞提及 1 次，量價訊號尚需確認。,"RKLB, ASTS, SPCX, RDW Stocks Set For A Boost? Pentagon Confirms Orbital Weapons Use, Ramps Up Golden Dome Plans - Stocktwits",63.70000076293945,5D,5,2026-09-23,0.10376760936398588,0.05287550069953362,0.05089210866445226,True
2026-09-16,RKLB,0.0,低優先或資料不足,太空,低於50DMA,新聞提及 1 次，量價訊號尚需確認。,"RKLB, ASTS, SPCX, RDW Stocks Set For A Boost? Pentagon Confirms Orbital Weapons Use, Ramps Up Golden Dome Plans - Stocktwits",63.70000076293945,20D,20,,,,,
2026-09-16,RKLB,0.0,低優先或資料不足,太空,低於50DMA,新聞提及 1 次，量價訊號尚需確認。,"RKLB, ASTS, SPCX, RDW Stocks Set For A Boost? Pentagon Confirms Orbital Weapons Use, Ramps Up Golden Dome Plans - Stocktwits",63.70000076293945,60D,60,,,,,
2026-09-16,ASTS,0.0,低優先或資料不足,太空,低於50DMA,新聞提及 1 次，量價訊號尚需確認。,"RKLB, ASTS, SPCX, RDW Stocks Set For A Boost? Pentagon Confirms Orbital Weapons Use, Ramps Up Golden Dome Plans - Stocktwits",59.27000045776367,5D,5,2026-09-23,0.01197906325272613,0.05287550069953362,-0.04089643744680749,True
2026-09-16,ASTS,0.0,低優先或資料不足,太空,低於50DMA,新聞提及 1 次，量價訊號尚需確認。,"RKLB, ASTS, SPCX, RDW Stocks Set For A Boost? Pentagon Confirms Orbital Weapons Use, Ramps Up Golden Dome Plans - Stocktwits",59.27000045776367,20D,20,,,,,
2026-09-16,ASTS,0.0,低優先或資料不足,太空,低於50DMA,新聞提及 1 次，量價訊號尚需確認。,"RKLB, ASTS, SPCX, RDW Stocks Set For A Boost? Pentagon Confirms Orbital Weapons Use, Ramps Up Golden Dome Plans - Stocktwits",59.27000045776367,60D,60,,,,,
2026-09-16,FLY,0.0,低優先或資料不足,太空,低於50DMA,新聞提及 1 次，量價訊號尚需確認。,Firefly Aerospace (FLY) Opens European Launch Access With Sweden Alpha Deal - simplywall.st,20.280000686645508,5D,5,2026-09-23,0.07988160143167766,0.05287550069953362,0.027006100732144045,True
2026-09-16,FLY,0.0,低優先或資料不足,太空,低於50DMA,新聞提及 1 次，量價訊號尚需確認。,Firefly Aerospace (FLY) Opens European Launch Access With Sweden Alpha Deal - simplywall.st,20.280000686645508,20D,20,,,,,
2026-09-16,FLY,0.0,低優先或資料不足,太空,低於50DMA,新聞提及 1 次，量價訊號尚需確認。,Firefly Aerospace (FLY) Opens European Launch Access With Sweden Alpha Deal - simplywall.st,20.280000686645508,60D,60,,,,,
2026-09-17,QCOM,96.41235514598102,高優先觀察,AI/資料中心,未觸發主要風險,新聞提及 1 次，且價格站上 50DMA，值得加入觀察清單。,QCOM Stock Climbs To 2-Month High As AI Data Center Push Gains Momentum - Yahoo Finance,188.7100067138672,5D,5,2026-09-24,0.029410140403333118,0.034804781745710445,-0.0053946413423773265,True
2026-09-17,QCOM,96.41235514598102,高優先觀察,AI/資料中心,未觸發主要風險,新聞提及 1 次，且價格站上 50DMA，值得加入觀察清單。,QCOM Stock Climbs To 2-Month High As AI Data Center Push Gains Momentum - Yahoo Finance,188.7100067138672,20D,20,,,,,
2026-09-17,QCOM,96.41235514598102,高優先觀察,AI/資料中心,未觸發主要風險,新聞提及 1 次，且價格站上 50DMA，值得加入觀察清單。,QCOM Stock Climbs To 2-Month High As AI Data Center Push Gains Momentum - Yahoo Finance,188.7100067138672,60D,60,,,,,
2026-09-17,IREN,51.46028995337019,題材有熱度但訊號普通,小型成長股,未觸發主要風險,新聞提及 1 次，量價訊號尚需確認。,IREN Limited's Next AI Breakout Depends On This (NASDAQ:IREN) - Seeking Alpha,43.47999954223633,5D,5,2026-09-24,0.06140758996671436,0.034804781745710445,0.026602808221003915,True
2026-09-17,IREN,51.46028995337019,題材有熱度但訊號普通,小型成長股,未觸發主要風險,新聞提及 1 次，量價訊號尚需確認。,IREN Limited's Next AI Breakout Depends On This (NASDAQ:IREN) - Seeking Alpha,43.47999954223633,20D,20,,,,,
2026-09-17,IREN,51.46028995337019,題材有熱度但訊號普通,小型成長股,未觸發主要風險,新聞提及 1 次，量價訊號尚需確認。,IREN Limited's Next AI Breakout Depends On This (NASDAQ:IREN) - Seeking Alpha,43.47999954223633,60D,60,,,,,
2026-09-17,PTGX,37.71726715788709,暫時不強,小型成長股,未觸發主要風險,新聞提及 1 次，量價訊號尚需確認。,Protagonist Therapeutics (NASDAQ:PTGX) Combines High Growth Momentum With a Breakout Setup - ChartMill,143.6999969482422,5D,5,2026-09-24,-0.04425887783868432,0.034804781745710445,-0.07906365958439476,False
2026-09-17,PTGX,37.71726715788709,暫時不強,小型成長股,未觸發主要風險,新聞提及 1 次，量價訊號尚需確認。,Protagonist Therapeutics (NASDAQ:PTGX) Combines High Growth Momentum With a Breakout Setup - ChartMill,143.6999969482422,20D,20,,,,,
2026-09-17,PTGX,37.71726715788709,暫時不強,小型成長股,未觸發主要風險,新聞提及 1 次，量價訊號尚需確認。,Protagonist Therapeutics (NASDAQ:PTGX) Combines High Growth Momentum With a Breakout Setup - ChartMill,143.6999969482422,60D,60,,,,,
2026-09-17,LRCX,12.65355147257683,低優先或資料不足,半導體設備,低於50DMA,新聞提及 5 次，量價訊號尚需確認。,"WINTON GROUP Ltd Sells 20,828 Shares of Lam Research Corporation $LRCX - MarketBeat",269.0242004394531,5D,5,2026-09-24,0.1417560322095972,0.034804781745710445,0.10695125046388676,True
2026-09-17,LRCX,12.65355147257683,低優先或資料不足,半導體設備,低於50DMA,新聞提及 5 次，量價訊號尚需確認。,"WINTON GROUP Ltd Sells 20,828 Shares of Lam Research Corporation $LRCX - MarketBeat",269.0242004394531,20D,20,,,,,
2026-09-17,LRCX,12.65355147257683,低優先或資料不足,半導體設備,低於50DMA,新聞提及 5 次，量價訊號尚需確認。,"WINTON GROUP Ltd Sells 20,828 Shares of Lam Research Corporation $LRCX - MarketBeat",269.0242004394531,60D,60,,,,,
2026-09-17,TDY,5.713304259794931,低優先或資料不足,國防/航太,低於50DMA,新聞提及 1 次，量價訊號尚需確認。,Teledyne (TDY) Lands $15.4 Million European Drone Contract as Shares Pull Back - Yahoo Finance,601.97998046875,5D,5,2026-09-24,0.01667836039112469,0.034804781745710445,-0.018126421354585753,True
2026-09-17,TDY,5.713304259794931,低優先或資料不足,國防/航太,低於50DMA,新聞提及 1 次，量價訊號尚需確認。,Teledyne (TDY) Lands $15.4 Million European Drone Contract as Shares Pull Back - Yahoo Finance,601.97998046875,20D,20,,,,,
2026-09-17,TDY,5.713304259794931,低優先或資料不足,國防/航太,低於50DMA,新聞提及 1 次，量價訊號尚需確認。,Teledyne (TDY) Lands $15.4 Million European Drone Contract as Shares Pull Back - Yahoo Finance,601.97998046875,60D,60,,,,,
2026-09-17,AVEX,0.0,低優先或資料不足,國防/航太,低於50DMA,新聞提及 1 次，量價訊號尚需確認。,AEVEX Stock: Drones Continue To Secure Defense Deals (NYSE:AVEX) - Seeking Alpha,16.68000030517578,5D,5,2026-09-24,0.0,0.034804781745710445,-0.034804781745710445,False
2026-09-17,AVEX,0.0,低優先或資料不足,國防/航太,低於50DMA,新聞提及 1 次，量價訊號尚需確認。,AEVEX Stock: Drones Continue To Secure Defense Deals (NYSE:AVEX) - Seeking Alpha,16.68000030517578,20D,20,,,,,
2026-09-17,AVEX,0.0,低優先或資料不足,國防/航太,低於50DMA,新聞提及 1 次，量價訊號尚需確認。,AEVEX Stock: Drones Continue To Secure Defense Deals (NYSE:AVEX) - Seeking Alpha,16.68000030517578,60D,60,,,,,
2026-09-18,ASX,100.0,高優先觀察,金融科技,未觸發主要風險,新聞提及 1 次，且價格站上 50DMA，值得加入觀察清單。,Why Secure Digital Payments Matter to Fintech Stock Ovanti (ASX:OVT) - Kalkine,41.630001068115234,5D,5,2026-09-25,0.06437665713221463,0.03302483169577597,0.03135182543643866,True
2026-09-18,ASX,100.0,高優先觀察,金融科技,未觸發主要風險,新聞提及 1 次，且價格站上 50DMA，值得加入觀察清單。,Why Secure Digital Payments Matter to Fintech Stock Ovanti (ASX:OVT) - Kalkine,41.630001068115234,20D,20,,,,,
2026-09-18,ASX,100.0,高優先觀察,金融科技,未觸發主要風險,新聞提及 1 次，且價格站上 50DMA，值得加入觀察清單。,Why Secure Digital Payments Matter to Fintech Stock Ovanti (ASX:OVT) - Kalkine,41.630001068115234,60D,60,,,,,
2026-09-18,CRML,80.52265288144817,高優先觀察,能源/材料,未觸發主要風險,新聞提及 1 次，且價格站上 50DMA，值得加入觀察清單。,"USAR, MP, UUUU, CRML Stocks Drop Overnight: Why China's Threat To Scrap Trump-Xi Summit Matters - TradingView",6.730000019073486,5D,5,2026-09-25,0.16344723648069248,0.03302483169577597,0.1304224047849165,True
2026-09-18,CRML,80.52265288144817,高優先觀察,能源/材料,未觸發主要風險,新聞提及 1 次，且價格站上 50DMA，值得加入觀察清單。,"USAR, MP, UUUU, CRML Stocks Drop Overnight: Why China's Threat To Scrap Trump-Xi Summit Matters - TradingView",6.730000019073486,20D,20,,,,,
2026-09-18,CRML,80.52265288144817,高優先觀察,能源/材料,未觸發主要風險,新聞提及 1 次，且價格站上 50DMA，值得加入觀察清單。,"USAR, MP, UUUU, CRML Stocks Drop Overnight: Why China's Threat To Scrap Trump-Xi Summit Matters - TradingView",6.730000019073486,60D,60,,,,,
2026-09-18,PANW,78.01813584910656,可觀察,網路安全,未觸發主要風險,新聞提及 1 次，且價格站上 50DMA，值得加入觀察清單。,Cybersecurity Stocks Q2 In Review: Palo Alto Networks (NASDAQ:PANW) Vs Peers - Yahoo Finance UK,363.5799865722656,5D,5,2026-09-25,0.030694768893422486,0.03302483169577597,-0.002330062802353483,True
2026-09-18,PANW,78.01813584910656,可觀察,網路安全,未觸發主要風險,新聞提及 1 次，且價格站上 50DMA，值得加入觀察清單。,Cybersecurity Stocks Q2 In Review: Palo Alto Networks (NASDAQ:PANW) Vs Peers - Yahoo Finance UK,363.5799865722656,20D,20,,,,,
2026-09-18,PANW,78.01813584910656,可觀察,網路安全,未觸發主要風險,新聞提及 1 次，且價格站上 50DMA，值得加入觀察清單。,Cybersecurity Stocks Q2 In Review: Palo Alto Networks (NASDAQ:PANW) Vs Peers - Yahoo Finance UK,363.5799865722656,60D,60,,,,,
2026-09-18,MU,73.63812288239902,可觀察,能源/材料,未觸發主要風險,新聞提及 1 次，且價格站上 50DMA，值得加入觀察清單。,Micron Technology Has Just Shared Great News (NASDAQ:MU) - Seeking Alpha,1015.7999877929688,5D,5,2026-09-25,0.06544599557275799,0.03302483169577597,0.03242116387698202,True
2026-09-18,MU,73.63812288239902,可觀察,能源/材料,未觸發主要風險,新聞提及 1 次，且價格站上 50DMA，值得加入觀察清單。,Micron Technology Has Just Shared Great News (NASDAQ:MU) - Seeking Alpha,1015.7999877929688,20D,20,,,,,
2026-09-18,MU,73.63812288239902,可觀察,能源/材料,未觸發主要風險,新聞提及 1 次，且價格站上 50DMA，值得加入觀察清單。,Micron Technology Has Just Shared Great News (NASDAQ:MU) - Seeking Alpha,1015.7999877929688,60D,60,,,,,
2026-09-18,IBM,32.65674327025093,暫時不強,量子運算,低於50DMA,新聞提及 1 次，量價訊號尚需確認。,IBM and IonQ Stocks Rally on Fresh Quantum Computing Breakthroughs - Yahoo Finance,229.5500030517578,5D,5,2026-09-25,-0.0175996884827353,0.03302483169577597,-0.05062452017851127,False
2026-09-18,IBM,32.65674327025093,暫時不強,量子運算,低於50DMA,新聞提及 1 次，量價訊號尚需確認。,IBM and IonQ Stocks Rally on Fresh Quantum Computing Breakthroughs - Yahoo Finance,229.5500030517578,20D,20,,,,,
2026-09-18,IBM,32.65674327025093,暫時不強,量子運算,低於50DMA,新聞提及 1 次，量價訊號尚需確認。,IBM and IonQ Stocks Rally on Fresh Quantum Computing Breakthroughs - Yahoo Finance,229.5500030517578,60D,60,,,,,
2026-09-18,OVT,19.953738081497583,低優先或資料不足,金融科技,低於50DMA,新聞提及 1 次，量價訊號尚需確認。,Why Secure Digital Payments Matter to Fintech Stock Ovanti (ASX:OVT) - Kalkine,21.468000411987305,5D,5,2026-09-25,-0.0010713954127857805,0.03302483169577597,-0.03409622710856175,False
2026-09-18,OVT,19.953738081497583,低優先或資料不足,金融科技,低於50DMA,新聞提及 1 次，量價訊號尚需確認。,Why Secure Digital Payments Matter to Fintech Stock Ovanti (ASX:OVT) - Kalkine,21.468000411987305,20D,20,,,,,
2026-09-18,OVT,19.953738081497583,低優先或資料不足,金融科技,低於50DMA,新聞提及 1 次，量價訊號尚需確認。,Why Secure Digital Payments Matter to Fintech Stock Ovanti (ASX:OVT) - Kalkine,21.468000411987305,60D,60,,,,,
2026-09-18,TDY,16.57054021697379,低優先或資料不足,國防/航太,低於50DMA,新聞提及 1 次，量價訊號尚需確認。,Teledyne (TDY) Lands $15.4 Million European Drone Contract as Shares Pull Back - Yahoo Finance,603.4600219726562,5D,5,2026-09-25,0.01771451637585142,0.03302483169577597,-0.01531031531992455,True
2026-09-18,TDY,16.57054021697379,低優先或資料不足,國防/航太,低於50DMA,新聞提及 1 次，量價訊號尚需確認。,Teledyne (TDY) Lands $15.4 Million European Drone Contract as Shares Pull Back - Yahoo Finance,603.4600219726562,20D,20,,,,,
2026-09-18,TDY,16.57054021697379,低優先或資料不足,國防/航太,低於50DMA,新聞提及 1 次，量價訊號尚需確認。,Teledyne (TDY) Lands $15.4 Million European Drone Contract as Shares Pull Back - Yahoo Finance,603.4600219726562,60D,60,,,,,
2026-09-18,MP,4.000074976581082,低優先或資料不足,能源/材料,低於50DMA,新聞提及 1 次，量價訊號尚需確認。,"USAR, MP, UUUU, CRML Stocks Drop Overnight: Why China's Threat To Scrap Trump-Xi Summit Matters - TradingView",47.2599983215332,5D,5,2026-09-25,0.03322055787729772,0.03302483169577597,0.00019572618152174925,True
2026-09-18,MP,4.000074976581082,低優先或資料不足,能源/材料,低於50DMA,新聞提及 1 次，量價訊號尚需確認。,"USAR, MP, UUUU, CRML Stocks Drop Overnight: Why China's Threat To Scrap Trump-Xi Summit Matters - TradingView",47.2599983215332,20D,20,,,,,
2026-09-18,MP,4.000074976581082,低優先或資料不足,能源/材料,低於50DMA,新聞提及 1 次，量價訊號尚需確認。,"USAR, MP, UUUU, CRML Stocks Drop Overnight: Why China's Threat To Scrap Trump-Xi Summit Matters - TradingView",47.2599983215332,60D,60,,,,,
2026-09-18,UUUU,1.8327524746796087,低優先或資料不足,能源/材料,低於50DMA,新聞提及 1 次，量價訊號尚需確認。,"USAR, MP, UUUU, CRML Stocks Drop Overnight: Why China's Threat To Scrap Trump-Xi Summit Matters - TradingView",11.699999809265137,5D,5,2026-09-25,-0.02991448149582432,0.03302483169577597,-0.06293931319160029,False
2026-09-18,UUUU,1.8327524746796087,低優先或資料不足,能源/材料,低於50DMA,新聞提及 1 次，量價訊號尚需確認。,"USAR, MP, UUUU, CRML Stocks Drop Overnight: Why China's Threat To Scrap Trump-Xi Summit Matters - TradingView",11.699999809265137,20D,20,,,,,
2026-09-18,UUUU,1.8327524746796087,低優先或資料不足,能源/材料,低於50DMA,新聞提及 1 次，量價訊號尚需確認。,"USAR, MP, UUUU, CRML Stocks Drop Overnight: Why China's Threat To Scrap Trump-Xi Summit Matters - TradingView",11.699999809265137,60D,60,,,,,
2026-09-18,USAR,1.3351396596966296,低優先或資料不足,能源/材料,低於50DMA,新聞提及 1 次，量價訊號尚需確認。,"USAR, MP, UUUU, CRML Stocks Drop Overnight: Why China's Threat To Scrap Trump-Xi Summit Matters - TradingView",15.369999885559082,5D,5,2026-09-25,-0.012361716447494286,0.03302483169577597,-0.045386548143270256,False
2026-09-18,USAR,1.3351396596966296,低優先或資料不足,能源/材料,低於50DMA,新聞提及 1 次，量價訊號尚需確認。,"USAR, MP, UUUU, CRML Stocks Drop Overnight: Why China's Threat To Scrap Trump-Xi Summit Matters - TradingView",15.369999885559082,20D,20,,,,,
2026-09-18,USAR,1.3351396596966296,低優先或資料不足,能源/材料,低於50DMA,新聞提及 1 次，量價訊號尚需確認。,"USAR, MP, UUUU, CRML Stocks Drop Overnight: Why China's Threat To Scrap Trump-Xi Summit Matters - TradingView",15.369999885559082,60D,60,,,,,
2026-09-19,CRML,82.98911462201288,高優先觀察,能源/材料,未觸發主要風險,新聞提及 1 次，且價格站上 50DMA，值得加入觀察清單。,"USAR, MP, UUUU, CRML Stocks Drop Overnight: Why China's Threat To Scrap Trump-Xi Summit Matters - TradingView",9.329999923706055,5D,5,,,,,
2026-09-19,CRML,82.98911462201288,高優先觀察,能源/材料,未觸發主要風險,新聞提及 1 次，且價格站上 50DMA，值得加入觀察清單。,"USAR, MP, UUUU, CRML Stocks Drop Overnight: Why China's Threat To Scrap Trump-Xi Summit Matters - TradingView",9.329999923706055,20D,20,,,,,
2026-09-19,CRML,82.98911462201288,高優先觀察,能源/材料,未觸發主要風險,新聞提及 1 次，且價格站上 50DMA，值得加入觀察清單。,"USAR, MP, UUUU, CRML Stocks Drop Overnight: Why China's Threat To Scrap Trump-Xi Summit Matters - TradingView",9.329999923706055,60D,60,,,,,
2026-09-19,IBM,32.41313860781106,暫時不強,量子運算,低於50DMA,新聞提及 1 次，量價訊號尚需確認。,IBM and IonQ Stocks Rally on Fresh Quantum Computing Breakthroughs - Yahoo Finance,231.92999267578125,5D,5,,,,,
2026-09-19,IBM,32.41313860781106,暫時不強,量子運算,低於50DMA,新聞提及 1 次，量價訊號尚需確認。,IBM and IonQ Stocks Rally on Fresh Quantum Computing Breakthroughs - Yahoo Finance,231.92999267578125,20D,20,,,,,
2026-09-19,IBM,32.41313860781106,暫時不強,量子運算,低於50DMA,新聞提及 1 次，量價訊號尚需確認。,IBM and IonQ Stocks Rally on Fresh Quantum Computing Breakthroughs - Yahoo Finance,231.92999267578125,60D,60,,,,,
2026-09-19,GEV,26.014447857555368,暫時不強,AI/資料中心,低於50DMA,新聞提及 1 次，量價訊號尚需確認。,AI slowdown fears hammer data-center power and construction stocks (GEV:NYSE) - Seeking Alpha,946.219970703125,5D,5,,,,,
2026-09-19,GEV,26.014447857555368,暫時不強,AI/資料中心,低於50DMA,新聞提及 1 次，量價訊號尚需確認。,AI slowdown fears hammer data-center power and construction stocks (GEV:NYSE) - Seeking Alpha,946.219970703125,20D,20,,,,,
2026-09-19,GEV,26.014447857555368,暫時不強,AI/資料中心,低於50DMA,新聞提及 1 次，量價訊號尚需確認。,AI slowdown fears hammer data-center power and construction stocks (GEV:NYSE) - Seeking Alpha,946.219970703125,60D,60,,,,,
2026-09-19,MP,4.30137017108866,低優先或資料不足,能源/材料,低於50DMA,新聞提及 1 次，量價訊號尚需確認。,"USAR, MP, UUUU, CRML Stocks Drop Overnight: Why China's Threat To Scrap Trump-Xi Summit Matters - TradingView",50.0,5D,5,,,,,
2026-09-19,MP,4.30137017108866,低優先或資料不足,能源/材料,低於50DMA,新聞提及 1 次，量價訊號尚需確認。,"USAR, MP, UUUU, CRML Stocks Drop Overnight: Why China's Threat To Scrap Trump-Xi Summit Matters - TradingView",50.0,20D,20,,,,,
2026-09-19,MP,4.30137017108866,低優先或資料不足,能源/材料,低於50DMA,新聞提及 1 次，量價訊號尚需確認。,"USAR, MP, UUUU, CRML Stocks Drop Overnight: Why China's Threat To Scrap Trump-Xi Summit Matters - TradingView",50.0,60D,60,,,,,
2026-09-19,UUUU,2.2184301941759657,低優先或資料不足,能源/材料,低於50DMA,新聞提及 1 次，量價訊號尚需確認。,"USAR, MP, UUUU, CRML Stocks Drop Overnight: Why China's Threat To Scrap Trump-Xi Summit Matters - TradingView",12.300000190734863,5D,5,,,,,
2026-09-19,UUUU,2.2184301941759657,低優先或資料不足,能源/材料,低於50DMA,新聞提及 1 次，量價訊號尚需確認。,"USAR, MP, UUUU, CRML Stocks Drop Overnight: Why China's Threat To Scrap Trump-Xi Summit Matters - TradingView",12.300000190734863,20D,20,,,,,
2026-09-19,UUUU,2.2184301941759657,低優先或資料不足,能源/材料,低於50DMA,新聞提及 1 次，量價訊號尚需確認。,"USAR, MP, UUUU, CRML Stocks Drop Overnight: Why China's Threat To Scrap Trump-Xi Summit Matters - TradingView",12.300000190734863,60D,60,,,,,
2026-09-19,USAR,1.5267254214897825,低優先或資料不足,能源/材料,低於50DMA,新聞提及 1 次，量價訊號尚需確認。,"USAR, MP, UUUU, CRML Stocks Drop Overnight: Why China's Threat To Scrap Trump-Xi Summit Matters - TradingView",16.780000686645508,5D,5,,,,,
2026-09-19,USAR,1.5267254214897825,低優先或資料不足,能源/材料,低於50DMA,新聞提及 1 次，量價訊號尚需確認。,"USAR, MP, UUUU, CRML Stocks Drop Overnight: Why China's Threat To Scrap Trump-Xi Summit Matters - TradingView",16.780000686645508,20D,20,,,,,
2026-09-19,USAR,1.5267254214897825,低優先或資料不足,能源/材料,低於50DMA,新聞提及 1 次，量價訊號尚需確認。,"USAR, MP, UUUU, CRML Stocks Drop Overnight: Why China's Threat To Scrap Trump-Xi Summit Matters - TradingView",16.780000686645508,60D,60,,,,,
2026-09-20,QCOM,93.0339886017986,高優先觀察,AI/資料中心,量能過熱,新聞提及 1 次，且價格站上 50DMA，值得加入觀察清單。,QCOM Stock Climbs To 2-Month High As AI Data Center Push Gains Momentum - Yahoo Finance,194.22999572753906,5D,5,,,,,
2026-09-20,QCOM,93.0339886017986,高優先觀察,AI/資料中心,量能過熱,新聞提及 1 次，且價格站上 50DMA，值得加入觀察清單。,QCOM Stock Climbs To 2-Month High As AI Data Center Push Gains Momentum - Yahoo Finance,194.22999572753906,20D,20,,,,,
2026-09-20,QCOM,93.0339886017986,高優先觀察,AI/資料中心,量能過熱,新聞提及 1 次，且價格站上 50DMA，值得加入觀察清單。,QCOM Stock Climbs To 2-Month High As AI Data Center Push Gains Momentum - Yahoo Finance,194.22999572753906,60D,60,,,,,
2026-09-20,GEV,26.014447857555368,暫時不強,AI/資料中心,低於50DMA,新聞提及 1 次，量價訊號尚需確認。,AI slowdown fears hammer data-center power and construction stocks (GEV:NYSE) - Seeking Alpha,946.219970703125,5D,5,,,,,
2026-09-20,GEV,26.014447857555368,暫時不強,AI/資料中心,低於50DMA,新聞提及 1 次，量價訊號尚需確認。,AI slowdown fears hammer data-center power and construction stocks (GEV:NYSE) - Seeking Alpha,946.219970703125,20D,20,,,,,
2026-09-20,GEV,26.014447857555368,暫時不強,AI/資料中心,低於50DMA,新聞提及 1 次，量價訊號尚需確認。,AI slowdown fears hammer data-center power and construction stocks (GEV:NYSE) - Seeking Alpha,946.219970703125,60D,60,,,,,
2026-09-20,PATH,5.29840230023979,低優先或資料不足,機器人/自動化,低於50DMA,新聞提及 1 次，量價訊號尚需確認。,Is UiPath (PATH) Undervalued Following Its PLDT AI Automation Win? - simplywall.st,13.59000015258789,5D,5,,,,,
2026-09-20,PATH,5.29840230023979,低優先或資料不足,機器人/自動化,低於50DMA,新聞提及 1 次，量價訊號尚需確認。,Is UiPath (PATH) Undervalued Following Its PLDT AI Automation Win? - simplywall.st,13.59000015258789,20D,20,,,,,
2026-09-20,PATH,5.29840230023979,低優先或資料不足,機器人/自動化,低於50DMA,新聞提及 1 次，量價訊號尚需確認。,Is UiPath (PATH) Undervalued Following Its PLDT AI Automation Win? - simplywall.st,13.59000015258789,60D,60,,,,,
2026-09-21,SPCX,72.01288873808102,可觀察,太空,未觸發主要風險,新聞提及 1 次，且價格站上 50DMA，值得加入觀察清單。,Space Weapons Put SPCX in Market Spotlight: Should You Buy the Stock? - Yahoo Finance,151.85000610351562,5D,5,,,,,
2026-09-21,SPCX,72.01288873808102,可觀察,太空,未觸發主要風險,新聞提及 1 次，且價格站上 50DMA，值得加入觀察清單。,Space Weapons Put SPCX in Market Spotlight: Should You Buy the Stock? - Yahoo Finance,151.85000610351562,20D,20,,,,,
2026-09-21,SPCX,72.01288873808102,可觀察,太空,未觸發主要風險,新聞提及 1 次，且價格站上 50DMA，值得加入觀察清單。,Space Weapons Put SPCX in Market Spotlight: Should You Buy the Stock? - Yahoo Finance,151.85000610351562,60D,60,,,,,
2026-09-21,CNK,55.820538746479954,題材有熱度但訊號普通,消費復甦,未觸發主要風險,新聞提及 1 次，量價訊號尚需確認。,Are Consumer Discretionary Stocks Lagging Cinemark (CNK) This Year? - Yahoo Finance,36.25,5D,5,,,,,
2026-09-21,CNK,55.820538746479954,題材有熱度但訊號普通,消費復甦,未觸發主要風險,新聞提及 1 次，量價訊號尚需確認。,Are Consumer Discretionary Stocks Lagging Cinemark (CNK) This Year? - Yahoo Finance,36.25,20D,20,,,,,
2026-09-21,CNK,55.820538746479954,題材有熱度但訊號普通,消費復甦,未觸發主要風險,新聞提及 1 次，量價訊號尚需確認。,Are Consumer Discretionary Stocks Lagging Cinemark (CNK) This Year? - Yahoo Finance,36.25,60D,60,,,,,
2026-09-21,MDA,47.303552965774855,題材有熱度但訊號普通,太空,未觸發主要風險,新聞提及 1 次，量價訊號尚需確認。,Could Secure Satellite Launch Change The Bull Case For MDA Space Stock? - simplywall.st,31.790000915527344,5D,5,,,,,
2026-09-21,MDA,47.303552965774855,題材有熱度但訊號普通,太空,未觸發主要風險,新聞提及 1 次，量價訊號尚需確認。,Could Secure Satellite Launch Change The Bull Case For MDA Space Stock? - simplywall.st,31.790000915527344,20D,20,,,,,
2026-09-21,MDA,47.303552965774855,題材有熱度但訊號普通,太空,未觸發主要風險,新聞提及 1 次，量價訊號尚需確認。,Could Secure Satellite Launch Change The Bull Case For MDA Space Stock? - simplywall.st,31.790000915527344,60D,60,,,,,
2026-09-21,VOYG,46.47764395343248,題材有熱度但訊號普通,太空,未觸發主要風險,新聞提及 1 次，量價訊號尚需確認。,"RKLB, ASTS, VOYG, LUNR Steal SpaceX’s Thunder — Here’s What Lit Up Space Stocks This Week - TradingView",37.65999984741211,5D,5,,,,,
2026-09-21,VOYG,46.47764395343248,題材有熱度但訊號普通,太空,未觸發主要風險,新聞提及 1 次，量價訊號尚需確認。,"RKLB, ASTS, VOYG, LUNR Steal SpaceX’s Thunder — Here’s What Lit Up Space Stocks This Week - TradingView",37.65999984741211,20D,20,,,,,
2026-09-21,VOYG,46.47764395343248,題材有熱度但訊號普通,太空,未觸發主要風險,新聞提及 1 次，量價訊號尚需確認。,"RKLB, ASTS, VOYG, LUNR Steal SpaceX’s Thunder — Here’s What Lit Up Space Stocks This Week - TradingView",37.65999984741211,60D,60,,,,,
2026-09-21,IBM,45.74463604623196,題材有熱度但訊號普通,量子運算,未觸發主要風險,新聞提及 2 次，量價訊號尚需確認。,IBM and IonQ Stocks Rally on Fresh Quantum Computing Breakthroughs - Yahoo Finance,231.92999267578125,5D,5,,,,,
2026-09-21,IBM,45.74463604623196,題材有熱度但訊號普通,量子運算,未觸發主要風險,新聞提及 2 次，量價訊號尚需確認。,IBM and IonQ Stocks Rally on Fresh Quantum Computing Breakthroughs - Yahoo Finance,231.92999267578125,20D,20,,,,,
2026-09-21,IBM,45.74463604623196,題材有熱度但訊號普通,量子運算,未觸發主要風險,新聞提及 2 次，量價訊號尚需確認。,IBM and IonQ Stocks Rally on Fresh Quantum Computing Breakthroughs - Yahoo Finance,231.92999267578125,60D,60,,,,,
2026-09-21,RKLB,33.61245663679614,暫時不強,太空,未觸發主要風險,新聞提及 1 次，量價訊號尚需確認。,RKLB Stock Jumps Overnight: Rocket Lab Doubles Down On ‘Responsive Space’ Push With 4-Complex Launch Network - Stocktwits,69.88999938964844,5D,5,,,,,
2026-09-21,RKLB,33.61245663679614,暫時不強,太空,未觸發主要風險,新聞提及 1 次，量價訊號尚需確認。,RKLB Stock Jumps Overnight: Rocket Lab Doubles Down On ‘Responsive Space’ Push With 4-Complex Launch Network - Stocktwits,69.88999938964844,20D,20,,,,,
2026-09-21,RKLB,33.61245663679614,暫時不強,太空,未觸發主要風險,新聞提及 1 次，量價訊號尚需確認。,RKLB Stock Jumps Overnight: Rocket Lab Doubles Down On ‘Responsive Space’ Push With 4-Complex Launch Network - Stocktwits,69.88999938964844,60D,60,,,,,
2026-09-21,LUNR,21.146132193372466,暫時不強,太空,未觸發主要風險,新聞提及 1 次，量價訊號尚需確認。,"RKLB, ASTS, VOYG, LUNR Steal SpaceX’s Thunder — Here’s What Lit Up Space Stocks This Week - TradingView",15.720000267028809,5D,5,,,,,
2026-09-21,LUNR,21.146132193372466,暫時不強,太空,未觸發主要風險,新聞提及 1 次，量價訊號尚需確認。,"RKLB, ASTS, VOYG, LUNR Steal SpaceX’s Thunder — Here’s What Lit Up Space Stocks This Week - TradingView",15.720000267028809,20D,20,,,,,
2026-09-21,LUNR,21.146132193372466,暫時不強,太空,未觸發主要風險,新聞提及 1 次，量價訊號尚需確認。,"RKLB, ASTS, VOYG, LUNR Steal SpaceX’s Thunder — Here’s What Lit Up Space Stocks This Week - TradingView",15.720000267028809,60D,60,,,,,
2026-09-21,PRIM,21.10037904933486,暫時不強,消費復甦,低於50DMA,新聞提及 1 次，量價訊號尚需確認。,Primoris Stock: Looking Beyond The 2026 Earnings Trough (NYSE:PRIM) - Seeking Alpha,76.91000366210938,5D,5,,,,,
2026-09-21,PRIM,21.10037904933486,暫時不強,消費復甦,低於50DMA,新聞提及 1 次，量價訊號尚需確認。,Primoris Stock: Looking Beyond The 2026 Earnings Trough (NYSE:PRIM) - Seeking Alpha,76.91000366210938,20D,20,,,,,
2026-09-21,PRIM,21.10037904933486,暫時不強,消費復甦,低於50DMA,新聞提及 1 次，量價訊號尚需確認。,Primoris Stock: Looking Beyond The 2026 Earnings Trough (NYSE:PRIM) - Seeking Alpha,76.91000366210938,60D,60,,,,,
2026-09-21,RXST,0.0,低優先或資料不足,醫療科技,低於50DMA,新聞提及 1 次，量價訊號尚需確認。,"RxSight, Inc. (RXST) Stock Analysis: Evaluating the 46% Potential Upside in Medical Device Innovation - DirectorsTalk Interviews",5.139999866485596,5D,5,,,,,
2026-09-21,RXST,0.0,低優先或資料不足,醫療科技,低於50DMA,新聞提及 1 次，量價訊號尚需確認。,"RxSight, Inc. (RXST) Stock Analysis: Evaluating the 46% Potential Upside in Medical Device Innovation - DirectorsTalk Interviews",5.139999866485596,20D,20,,,,,
2026-09-21,RXST,0.0,低優先或資料不足,醫療科技,低於50DMA,新聞提及 1 次，量價訊號尚需確認。,"RxSight, Inc. (RXST) Stock Analysis: Evaluating the 46% Potential Upside in Medical Device Innovation - DirectorsTalk Interviews",5.139999866485596,60D,60,,,,,
2026-09-21,ASTS,0.0,低優先或資料不足,太空,低於50DMA,新聞提及 1 次，量價訊號尚需確認。,"RKLB, ASTS, VOYG, LUNR Steal SpaceX’s Thunder — Here’s What Lit Up Space Stocks This Week - TradingView",61.88999938964844,5D,5,,,,,
2026-09-21,ASTS,0.0,低優先或資料不足,太空,低於50DMA,新聞提及 1 次，量價訊號尚需確認。,"RKLB, ASTS, VOYG, LUNR Steal SpaceX’s Thunder — Here’s What Lit Up Space Stocks This Week - TradingView",61.88999938964844,20D,20,,,,,
2026-09-21,ASTS,0.0,低優先或資料不足,太空,低於50DMA,新聞提及 1 次，量價訊號尚需確認。,"RKLB, ASTS, VOYG, LUNR Steal SpaceX’s Thunder — Here’s What Lit Up Space Stocks This Week - TradingView",61.88999938964844,60D,60,,,,,
2026-09-21,LKQ,0.0,低優先或資料不足,消費復甦,低於50DMA,新聞提及 1 次，量價訊號尚需確認。,Q2 Earnings Highlights: LKQ (NASDAQ:LKQ) Vs The Rest Of The Consumer Discretionary - Specialized Consumer Services Stocks - Barchart.com,23.200000762939453,5D,5,,,,,
2026-09-21,LKQ,0.0,低優先或資料不足,消費復甦,低於50DMA,新聞提及 1 次，量價訊號尚需確認。,Q2 Earnings Highlights: LKQ (NASDAQ:LKQ) Vs The Rest Of The Consumer Discretionary - Specialized Consumer Services Stocks - Barchart.com,23.200000762939453,20D,20,,,,,
2026-09-21,LKQ,0.0,低優先或資料不足,消費復甦,低於50DMA,新聞提及 1 次，量價訊號尚需確認。,Q2 Earnings Highlights: LKQ (NASDAQ:LKQ) Vs The Rest Of The Consumer Discretionary - Specialized Consumer Services Stocks - Barchart.com,23.200000762939453,60D,60,,,,,
2026-09-22,AMD,91.19229329464831,高優先觀察,半導體設備,短線漲幅過大,新聞提及 1 次，且價格站上 50DMA，值得加入觀察清單。,"US Stock Trends (September 22): Meta Surges 11%, AMD Market Cap Tops $1 Trillion, Nasdaq Hits All-Time High - 深潮TechFlow",623.77001953125,5D,5,,,,,
2026-09-22,AMD,91.19229329464831,高優先觀察,半導體設備,短線漲幅過大,新聞提及 1 次，且價格站上 50DMA，值得加入觀察清單。,"US Stock Trends (September 22): Meta Surges 11%, AMD Market Cap Tops $1 Trillion, Nasdaq Hits All-Time High - 深潮TechFlow",623.77001953125,20D,20,,,,,
2026-09-22,AMD,91.19229329464831,高優先觀察,半導體設備,短線漲幅過大,新聞提及 1 次，且價格站上 50DMA，值得加入觀察清單。,"US Stock Trends (September 22): Meta Surges 11%, AMD Market Cap Tops $1 Trillion, Nasdaq Hits All-Time High - 深潮TechFlow",623.77001953125,60D,60,,,,,
2026-09-22,TWI,56.517033313654025,題材有熱度但訊號普通,能源/材料,未觸發主要風險,新聞提及 1 次，量價訊號尚需確認。,Why Is Titan International (TWI) Stock Rocketing Higher Today - StockStory,7.489999771118164,5D,5,,,,,
2026-09-22,TWI,56.517033313654025,題材有熱度但訊號普通,能源/材料,未觸發主要風險,新聞提及 1 次，量價訊號尚需確認。,Why Is Titan International (TWI) Stock Rocketing Higher Today - StockStory,7.489999771118164,20D,20,,,,,
2026-09-22,TWI,56.517033313654025,題材有熱度但訊號普通,能源/材料,未觸發主要風險,新聞提及 1 次，量價訊號尚需確認。,Why Is Titan International (TWI) Stock Rocketing Higher Today - StockStory,7.489999771118164,60D,60,,,,,
2026-09-22,DAIO,17.534692155148463,低優先或資料不足,半導體設備,低於50DMA,新聞提及 1 次，量價訊號尚需確認。,Data /O Corporation (DAIO) Holds Above $2.80 as Shares Edge Higher - Leading Diagonal - careplusvn.com,2.880000114440918,5D,5,,,,,
2026-09-22,DAIO,17.534692155148463,低優先或資料不足,半導體設備,低於50DMA,新聞提及 1 次，量價訊號尚需確認。,Data /O Corporation (DAIO) Holds Above $2.80 as Shares Edge Higher - Leading Diagonal - careplusvn.com,2.880000114440918,20D,20,,,,,
2026-09-22,DAIO,17.534692155148463,低優先或資料不足,半導體設備,低於50DMA,新聞提及 1 次，量價訊號尚需確認。,Data /O Corporation (DAIO) Holds Above $2.80 as Shares Edge Higher - Leading Diagonal - careplusvn.com,2.880000114440918,60D,60,,,,,
2026-09-22,RXST,0.0,低優先或資料不足,醫療科技,低於50DMA,新聞提及 1 次，量價訊號尚需確認。,"RxSight, Inc. (RXST) Stock Analysis: Evaluating the 46% Potential Upside in Medical Device Innovation - DirectorsTalk Interviews",4.929999828338623,5D,5,,,,,
2026-09-22,RXST,0.0,低優先或資料不足,醫療科技,低於50DMA,新聞提及 1 次，量價訊號尚需確認。,"RxSight, Inc. (RXST) Stock Analysis: Evaluating the 46% Potential Upside in Medical Device Innovation - DirectorsTalk Interviews",4.929999828338623,20D,20,,,,,
2026-09-22,RXST,0.0,低優先或資料不足,醫療科技,低於50DMA,新聞提及 1 次，量價訊號尚需確認。,"RxSight, Inc. (RXST) Stock Analysis: Evaluating the 46% Potential Upside in Medical Device Innovation - DirectorsTalk Interviews",4.929999828338623,60D,60,,,,,
2026-09-23,TTMI,75.8995922576394,可觀察,AI/資料中心,未觸發主要風險,新聞提及 1 次，且價格站上 50DMA，值得加入觀察清單。,TTMI vs. APLD: Which AI-Infrastructure Stock Has More Upside Potential? - TradingView,125.81999969482422,5D,5,,,,,
2026-09-23,TTMI,75.8995922576394,可觀察,AI/資料中心,未觸發主要風險,新聞提及 1 次，且價格站上 50DMA，值得加入觀察清單。,TTMI vs. APLD: Which AI-Infrastructure Stock Has More Upside Potential? - TradingView,125.81999969482422,20D,20,,,,,
2026-09-23,TTMI,75.8995922576394,可觀察,AI/資料中心,未觸發主要風險,新聞提及 1 次，且價格站上 50DMA，值得加入觀察清單。,TTMI vs. APLD: Which AI-Infrastructure Stock Has More Upside Potential? - TradingView,125.81999969482422,60D,60,,,,,
2026-09-23,TER,70.98952171901595,可觀察,機器人/自動化,未觸發主要風險,新聞提及 1 次，且價格站上 50DMA，值得加入觀察清單。,TER Stock Slides Amid AI Jitters As Teradyne Expands In Robotics And India - timothysykes.com,389.1400146484375,5D,5,,,,,
2026-09-23,TER,70.98952171901595,可觀察,機器人/自動化,未觸發主要風險,新聞提及 1 次，且價格站上 50DMA，值得加入觀察清單。,TER Stock Slides Amid AI Jitters As Teradyne Expands In Robotics And India - timothysykes.com,389.1400146484375,20D,20,,,,,
2026-09-23,TER,70.98952171901595,可觀察,機器人/自動化,未觸發主要風險,新聞提及 1 次，且價格站上 50DMA，值得加入觀察清單。,TER Stock Slides Amid AI Jitters As Teradyne Expands In Robotics And India - timothysykes.com,389.1400146484375,60D,60,,,,,
2026-09-23,IEX,52.48282318646323,題材有熱度但訊號普通,消費復甦,未觸發主要風險,新聞提及 1 次，量價訊號尚需確認。,IDEX Corporation Stock: A Stronger Franchise Already Carries A Recovery Price (NYSE:IEX) - Seeking Alpha,229.6699981689453,5D,5,,,,,
2026-09-23,IEX,52.48282318646323,題材有熱度但訊號普通,消費復甦,未觸發主要風險,新聞提及 1 次，量價訊號尚需確認。,IDEX Corporation Stock: A Stronger Franchise Already Carries A Recovery Price (NYSE:IEX) - Seeking Alpha,229.6699981689453,20D,20,,,,,
2026-09-23,IEX,52.48282318646323,題材有熱度但訊號普通,消費復甦,未觸發主要風險,新聞提及 1 次，量價訊號尚需確認。,IDEX Corporation Stock: A Stronger Franchise Already Carries A Recovery Price (NYSE:IEX) - Seeking Alpha,229.6699981689453,60D,60,,,,,
2026-09-23,DXCM,46.01048384559927,題材有熱度但訊號普通,醫療科技,未觸發主要風險,新聞提及 1 次，量價訊號尚需確認。,"DexCom, Inc. (DXCM) Stock Analysis: Strong Buy Ratings and Promising Growth in the Medical Device Sector - DirectorsTalk Interviews",87.7300033569336,5D,5,,,,,
2026-09-23,DXCM,46.01048384559927,題材有熱度但訊號普通,醫療科技,未觸發主要風險,新聞提及 1 次，量價訊號尚需確認。,"DexCom, Inc. (DXCM) Stock Analysis: Strong Buy Ratings and Promising Growth in the Medical Device Sector - DirectorsTalk Interviews",87.7300033569336,20D,20,,,,,
2026-09-23,DXCM,46.01048384559927,題材有熱度但訊號普通,醫療科技,未觸發主要風險,新聞提及 1 次，量價訊號尚需確認。,"DexCom, Inc. (DXCM) Stock Analysis: Strong Buy Ratings and Promising Growth in the Medical Device Sector - DirectorsTalk Interviews",87.7300033569336,60D,60,,,,,
2026-09-23,APLD,5.111900186023339,低優先或資料不足,AI/資料中心,低於50DMA,新聞提及 1 次，量價訊號尚需確認。,TTMI vs. APLD: Which AI-Infrastructure Stock Has More Upside Potential? - TradingView,27.229999542236328,5D,5,,,,,
2026-09-23,APLD,5.111900186023339,低優先或資料不足,AI/資料中心,低於50DMA,新聞提及 1 次，量價訊號尚需確認。,TTMI vs. APLD: Which AI-Infrastructure Stock Has More Upside Potential? - TradingView,27.229999542236328,20D,20,,,,,
2026-09-23,APLD,5.111900186023339,低優先或資料不足,AI/資料中心,低於50DMA,新聞提及 1 次，量價訊號尚需確認。,TTMI vs. APLD: Which AI-Infrastructure Stock Has More Upside Potential? - TradingView,27.229999542236328,60D,60,,,,,
2026-09-23,SFIX,1.7507835472231257,低優先或資料不足,消費復甦,量能過熱；低於50DMA,新聞提及 1 次，量價訊號尚需確認。,Earnings To Watch: Stitch Fix (SFIX) Reports Q2 Results Tomorrow - Yahoo Finance,2.819999933242798,5D,5,,,,,
2026-09-23,SFIX,1.7507835472231257,低優先或資料不足,消費復甦,量能過熱；低於50DMA,新聞提及 1 次，量價訊號尚需確認。,Earnings To Watch: Stitch Fix (SFIX) Reports Q2 Results Tomorrow - Yahoo Finance,2.819999933242798,20D,20,,,,,
2026-09-23,SFIX,1.7507835472231257,低優先或資料不足,消費復甦,量能過熱；低於50DMA,新聞提及 1 次，量價訊號尚需確認。,Earnings To Watch: Stitch Fix (SFIX) Reports Q2 Results Tomorrow - Yahoo Finance,2.819999933242798,60D,60,,,,,
2026-09-23,AAOI,0.0,低優先或資料不足,AI/資料中心,低於50DMA,新聞提及 1 次，量價訊號尚需確認。,AAOI vs. Fabrinet: Which AI Data Center Stock Is the Better Buy? - TradingView,101.05999755859375,5D,5,,,,,
2026-09-23,AAOI,0.0,低優先或資料不足,AI/資料中心,低於50DMA,新聞提及 1 次，量價訊號尚需確認。,AAOI vs. Fabrinet: Which AI Data Center Stock Is the Better Buy? - TradingView,101.05999755859375,20D,20,,,,,
2026-09-23,AAOI,0.0,低優先或資料不足,AI/資料中心,低於50DMA,新聞提及 1 次，量價訊號尚需確認。,AAOI vs. Fabrinet: Which AI Data Center Stock Is the Better Buy? - TradingView,101.05999755859375,60D,60,,,,,
2026-09-23,SPHR,0.0,低優先或資料不足,消費復甦,低於50DMA,新聞提及 1 次，量價訊號尚需確認。,Consumer Discretionary - Leisure Facilities Q2 Earnings: Sphere Entertainment (NYSE:SPHR) Simply the Best - TradingView,135.88999938964844,5D,5,,,,,
2026-09-23,SPHR,0.0,低優先或資料不足,消費復甦,低於50DMA,新聞提及 1 次，量價訊號尚需確認。,Consumer Discretionary - Leisure Facilities Q2 Earnings: Sphere Entertainment (NYSE:SPHR) Simply the Best - TradingView,135.88999938964844,20D,20,,,,,
2026-09-23,SPHR,0.0,低優先或資料不足,消費復甦,低於50DMA,新聞提及 1 次，量價訊號尚需確認。,Consumer Discretionary - Leisure Facilities Q2 Earnings: Sphere Entertainment (NYSE:SPHR) Simply the Best - TradingView,135.88999938964844,60D,60,,,,,
2026-09-24,TER,68.53794941237143,可觀察,機器人/自動化,未觸發主要風險,新聞提及 1 次，量價訊號尚需確認。,TER Stock Slides Amid AI Jitters As Teradyne Expands In Robotics And India - timothysykes.com,387.70001220703125,5D,5,,,,,
2026-09-24,TER,68.53794941237143,可觀察,機器人/自動化,未觸發主要風險,新聞提及 1 次，量價訊號尚需確認。,TER Stock Slides Amid AI Jitters As Teradyne Expands In Robotics And India - timothysykes.com,387.70001220703125,20D,20,,,,,
2026-09-24,TER,68.53794941237143,可觀察,機器人/自動化,未觸發主要風險,新聞提及 1 次，量價訊號尚需確認。,TER Stock Slides Amid AI Jitters As Teradyne Expands In Robotics And India - timothysykes.com,387.70001220703125,60D,60,,,,,
2026-09-24,KRO,32.77294789815249,暫時不強,能源/材料,未觸發主要風險,新聞提及 1 次，量價訊號尚需確認。,Kronos Worldwide: Benefiting From Sulfur Shortage (NYSE:KRO) - Seeking Alpha,8.100000381469727,5D,5,,,,,
2026-09-24,KRO,32.77294789815249,暫時不強,能源/材料,未觸發主要風險,新聞提及 1 次，量價訊號尚需確認。,Kronos Worldwide: Benefiting From Sulfur Shortage (NYSE:KRO) - Seeking Alpha,8.100000381469727,20D,20,,,,,
2026-09-24,KRO,32.77294789815249,暫時不強,能源/材料,未觸發主要風險,新聞提及 1 次，量價訊號尚需確認。,Kronos Worldwide: Benefiting From Sulfur Shortage (NYSE:KRO) - Seeking Alpha,8.100000381469727,60D,60,,,,,
2026-09-24,ROK,20.33448544966221,暫時不強,機器人/自動化,低於50DMA,新聞提及 1 次，量價訊號尚需確認。,Rockwell Automation (ROK) Stock Could Be 16% Above Fair Value As AI Cyber Defense News - Yahoo Finance,432.92999267578125,5D,5,,,,,
2026-09-24,ROK,20.33448544966221,暫時不強,機器人/自動化,低於50DMA,新聞提及 1 次，量價訊號尚需確認。,Rockwell Automation (ROK) Stock Could Be 16% Above Fair Value As AI Cyber Defense News - Yahoo Finance,432.92999267578125,20D,20,,,,,
2026-09-24,ROK,20.33448544966221,暫時不強,機器人/自動化,低於50DMA,新聞提及 1 次，量價訊號尚需確認。,Rockwell Automation (ROK) Stock Could Be 16% Above Fair Value As AI Cyber Defense News - Yahoo Finance,432.92999267578125,60D,60,,,,,
2026-09-24,LUCK,0.0,低優先或資料不足,消費復甦,低於50DMA,新聞提及 1 次，量價訊號尚需確認。,Q2 Earnings Roundup: Lucky Strike (NYSE:LUCK) And The Rest Of The Consumer Discretionary - Leisure Facilities Segment - Yahoo Finance,5.190000057220459,5D,5,,,,,
2026-09-24,LUCK,0.0,低優先或資料不足,消費復甦,低於50DMA,新聞提及 1 次，量價訊號尚需確認。,Q2 Earnings Roundup: Lucky Strike (NYSE:LUCK) And The Rest Of The Consumer Discretionary - Leisure Facilities Segment - Yahoo Finance,5.190000057220459,20D,20,,,,,
2026-09-24,LUCK,0.0,低優先或資料不足,消費復甦,低於50DMA,新聞提及 1 次，量價訊號尚需確認。,Q2 Earnings Roundup: Lucky Strike (NYSE:LUCK) And The Rest Of The Consumer Discretionary - Leisure Facilities Segment - Yahoo Finance,5.190000057220459,60D,60,,,,,
2026-09-24,LULU,0.0,低優先或資料不足,消費復甦,低於50DMA,新聞提及 1 次，量價訊號尚需確認。,lululemon: The Path Of Recovery (NASDAQ:LULU) - Seeking Alpha,101.63999938964844,5D,5,,,,,
2026-09-24,LULU,0.0,低優先或資料不足,消費復甦,低於50DMA,新聞提及 1 次，量價訊號尚需確認。,lululemon: The Path Of Recovery (NASDAQ:LULU) - Seeking Alpha,101.63999938964844,20D,20,,,,,
2026-09-24,LULU,0.0,低優先或資料不足,消費復甦,低於50DMA,新聞提及 1 次，量價訊號尚需確認。,lululemon: The Path Of Recovery (NASDAQ:LULU) - Seeking Alpha,101.63999938964844,60D,60,,,,,
2026-09-24,SPHR,0.0,低優先或資料不足,消費復甦,低於50DMA,新聞提及 1 次，量價訊號尚需確認。,Consumer Discretionary - Leisure Facilities Q2 Earnings: Sphere Entertainment (NYSE:SPHR) Simply the Best - TradingView,138.44000244140625,5D,5,,,,,
2026-09-24,SPHR,0.0,低優先或資料不足,消費復甦,低於50DMA,新聞提及 1 次，量價訊號尚需確認。,Consumer Discretionary - Leisure Facilities Q2 Earnings: Sphere Entertainment (NYSE:SPHR) Simply the Best - TradingView,138.44000244140625,20D,20,,,,,
2026-09-24,SPHR,0.0,低優先或資料不足,消費復甦,低於50DMA,新聞提及 1 次，量價訊號尚需確認。,Consumer Discretionary - Leisure Facilities Q2 Earnings: Sphere Entertainment (NYSE:SPHR) Simply the Best - TradingView,138.44000244140625,60D,60,,,,,
2026-09-25,CDNA,100.0,高優先觀察,醫療科技,未觸發主要風險,新聞提及 1 次，且價格站上 50DMA，值得加入觀察清單。,"Biotech Stocks At 52-Week Highs - CDNA +13%, GRAL +15%, TWST +16%, ADPT, RVTY - RTTNews",63.68000030517578,5D,5,,,,,
2026-09-25,CDNA,100.0,高優先觀察,醫療科技,未觸發主要風險,新聞提及 1 次，且價格站上 50DMA，值得加入觀察清單。,"Biotech Stocks At 52-Week Highs - CDNA +13%, GRAL +15%, TWST +16%, ADPT, RVTY - RTTNews",63.68000030517578,20D,20,,,,,
2026-09-25,CDNA,100.0,高優先觀察,醫療科技,未觸發主要風險,新聞提及 1 次，且價格站上 50DMA，值得加入觀察清單。,"Biotech Stocks At 52-Week Highs - CDNA +13%, GRAL +15%, TWST +16%, ADPT, RVTY - RTTNews",63.68000030517578,60D,60,,,,,
2026-09-25,TWST,99.71240628409478,高優先觀察,醫療科技,未觸發主要風險,新聞提及 1 次，且價格站上 50DMA，值得加入觀察清單。,"Biotech Stocks At 52-Week Highs - CDNA +13%, GRAL +15%, TWST +16%, ADPT, RVTY - RTTNews",182.8300018310547,5D,5,,,,,
2026-09-25,TWST,99.71240628409478,高優先觀察,醫療科技,未觸發主要風險,新聞提及 1 次，且價格站上 50DMA，值得加入觀察清單。,"Biotech Stocks At 52-Week Highs - CDNA +13%, GRAL +15%, TWST +16%, ADPT, RVTY - RTTNews",182.8300018310547,20D,20,,,,,
2026-09-25,TWST,99.71240628409478,高優先觀察,醫療科技,未觸發主要風險,新聞提及 1 次，且價格站上 50DMA，值得加入觀察清單。,"Biotech Stocks At 52-Week Highs - CDNA +13%, GRAL +15%, TWST +16%, ADPT, RVTY - RTTNews",182.8300018310547,60D,60,,,,,
2026-09-25,RVTY,94.7821937556511,高優先觀察,醫療科技,未觸發主要風險,新聞提及 1 次，且價格站上 50DMA，值得加入觀察清單。,"Biotech Stocks At 52-Week Highs - CDNA +13%, GRAL +15%, TWST +16%, ADPT, RVTY - RTTNews",151.11000061035156,5D,5,,,,,
2026-09-25,RVTY,94.7821937556511,高優先觀察,醫療科技,未觸發主要風險,新聞提及 1 次，且價格站上 50DMA，值得加入觀察清單。,"Biotech Stocks At 52-Week Highs - CDNA +13%, GRAL +15%, TWST +16%, ADPT, RVTY - RTTNews",151.11000061035156,20D,20,,,,,
2026-09-25,RVTY,94.7821937556511,高優先觀察,醫療科技,未觸發主要風險,新聞提及 1 次，且價格站上 50DMA，值得加入觀察清單。,"Biotech Stocks At 52-Week Highs - CDNA +13%, GRAL +15%, TWST +16%, ADPT, RVTY - RTTNews",151.11000061035156,60D,60,,,,,
2026-09-25,INSP,93.05579105640362,高優先觀察,醫療科技,未觸發主要風險,新聞提及 1 次，且價格站上 50DMA，值得加入觀察清單。,"Inspire Medical Systems, Inc. (INSP) Stock Analysis: Navigating the Challenges of Growth in the Medical Devices Sector - DirectorsTalk Interviews",70.5,5D,5,,,,,
2026-09-25,INSP,93.05579105640362,高優先觀察,醫療科技,未觸發主要風險,新聞提及 1 次，且價格站上 50DMA，值得加入觀察清單。,"Inspire Medical Systems, Inc. (INSP) Stock Analysis: Navigating the Challenges of Growth in the Medical Devices Sector - DirectorsTalk Interviews",70.5,20D,20,,,,,
2026-09-25,INSP,93.05579105640362,高優先觀察,醫療科技,未觸發主要風險,新聞提及 1 次，且價格站上 50DMA，值得加入觀察清單。,"Inspire Medical Systems, Inc. (INSP) Stock Analysis: Navigating the Challenges of Growth in the Medical Devices Sector - DirectorsTalk Interviews",70.5,60D,60,,,,,
2026-09-25,GRAL,88.00446166862677,高優先觀察,醫療科技,短線漲幅過大,新聞提及 1 次，且價格站上 50DMA，值得加入觀察清單。,"Biotech Stocks At 52-Week Highs - CDNA +13%, GRAL +15%, TWST +16%, ADPT, RVTY - RTTNews",126.88999938964844,5D,5,,,,,
2026-09-25,GRAL,88.00446166862677,高優先觀察,醫療科技,短線漲幅過大,新聞提及 1 次，且價格站上 50DMA，值得加入觀察清單。,"Biotech Stocks At 52-Week Highs - CDNA +13%, GRAL +15%, TWST +16%, ADPT, RVTY - RTTNews",126.88999938964844,20D,20,,,,,
2026-09-25,GRAL,88.00446166862677,高優先觀察,醫療科技,短線漲幅過大,新聞提及 1 次，且價格站上 50DMA，值得加入觀察清單。,"Biotech Stocks At 52-Week Highs - CDNA +13%, GRAL +15%, TWST +16%, ADPT, RVTY - RTTNews",126.88999938964844,60D,60,,,,,
2026-09-25,ADPT,85.33617053640793,高優先觀察,醫療科技,未觸發主要風險,新聞提及 1 次，且價格站上 50DMA，值得加入觀察清單。,"Biotech Stocks At 52-Week Highs - CDNA +13%, GRAL +15%, TWST +16%, ADPT, RVTY - RTTNews",29.43000030517578,5D,5,,,,,
2026-09-25,ADPT,85.33617053640793,高優先觀察,醫療科技,未觸發主要風險,新聞提及 1 次，且價格站上 50DMA，值得加入觀察清單。,"Biotech Stocks At 52-Week Highs - CDNA +13%, GRAL +15%, TWST +16%, ADPT, RVTY - RTTNews",29.43000030517578,20D,20,,,,,
2026-09-25,ADPT,85.33617053640793,高優先觀察,醫療科技,未觸發主要風險,新聞提及 1 次，且價格站上 50DMA，值得加入觀察清單。,"Biotech Stocks At 52-Week Highs - CDNA +13%, GRAL +15%, TWST +16%, ADPT, RVTY - RTTNews",29.43000030517578,60D,60,,,,,
2026-09-25,GILD,59.87486366577701,題材有熱度但訊號普通,醫療科技,未觸發主要風險,新聞提及 1 次，量價訊號尚需確認。,BMY vs GILD: Which Biotech Stock Looks More Attractive Now? - Yahoo Finance,150.92999267578125,5D,5,,,,,
2026-09-25,GILD,59.87486366577701,題材有熱度但訊號普通,醫療科技,未觸發主要風險,新聞提及 1 次，量價訊號尚需確認。,BMY vs GILD: Which Biotech Stock Looks More Attractive Now? - Yahoo Finance,150.92999267578125,20D,20,,,,,
2026-09-25,GILD,59.87486366577701,題材有熱度但訊號普通,醫療科技,未觸發主要風險,新聞提及 1 次，量價訊號尚需確認。,BMY vs GILD: Which Biotech Stock Looks More Attractive Now? - Yahoo Finance,150.92999267578125,60D,60,,,,,
2026-09-25,BMY,18.441888640752403,低優先或資料不足,醫療科技,低於50DMA,新聞提及 1 次，量價訊號尚需確認。,BMY vs GILD: Which Biotech Stock Looks More Attractive Now? - Yahoo Finance,62.86000061035156,5D,5,,,,,
2026-09-25,BMY,18.441888640752403,低優先或資料不足,醫療科技,低於50DMA,新聞提及 1 次，量價訊號尚需確認。,BMY vs GILD: Which Biotech Stock Looks More Attractive Now? - Yahoo Finance,62.86000061035156,20D,20,,,,,
2026-09-25,BMY,18.441888640752403,低優先或資料不足,醫療科技,低於50DMA,新聞提及 1 次，量價訊號尚需確認。,BMY vs GILD: Which Biotech Stock Looks More Attractive Now? - Yahoo Finance,62.86000061035156,60D,60,,,,,
2026-09-25,JD,1.8989603079551092,低優先或資料不足,加密/交易平台,低於50DMA,新聞提及 1 次，量價訊號尚需確認。,"FinTech Five - Lowenstein's FinTech, Crypto, Trading & Markets Newsletter - September 22, 2026 - JD Supra",26.510000228881836,5D,5,,,,,
2026-09-25,JD,1.8989603079551092,低優先或資料不足,加密/交易平台,低於50DMA,新聞提及 1 次，量價訊號尚需確認。,"FinTech Five - Lowenstein's FinTech, Crypto, Trading & Markets Newsletter - September 22, 2026 - JD Supra",26.510000228881836,20D,20,,,,,
2026-09-25,JD,1.8989603079551092,低優先或資料不足,加密/交易平台,低於50DMA,新聞提及 1 次，量價訊號尚需確認。,"FinTech Five - Lowenstein's FinTech, Crypto, Trading & Markets Newsletter - September 22, 2026 - JD Supra",26.510000228881836,60D,60,,,,,
