event_id,canonical_event_id,event_hash,event_date,timestamp_utc,entity,affected_tickers,event_type_primary,event_type_secondary,canonical_event,event_title,event_value,event_unit,impact_direction,impact_score,confidence,source,source_domain,source_reliability_score,quality_score,dedup_key,regime_context,source_url,publisher_url,raw_title,raw_tags,source_layer,created_at_utc,dedup_group_size,event_strength,market_impact_rank,confidence_method
c66991a5161edc0e,560dd7c813e06835,365c742210a37749,2026-10-04,2026-10-04T07:55:41+00:00,XLK,"XLK,SPDR,ETF",product_launch,,product_launch,"State Street Technology Select Sector SPDR ETF (XLK) stock price, news, quote and history - Yahoo Finance Singapore",,,neutral,0.5,0.45,Yahoo Finance Singapore,sg.finance.yahoo.com,0.72,71.35,"product_launch | product_launch | news | ['xlk', 'spdr', 'etf']",長期多頭 / 風險偏低,https://news.google.com/rss/articles/CBMiUEFVX3lxTE1SSk0tTEdLQUotaGpLZ0swcU1ySE5SZzZJb3l1TG96UmRGMzh5aXI1M3pxZl9ONS1BdzBOeTEyQVNucGoxVm9pSl9YR2hOYTBw?oc=5,https://sg.finance.yahoo.com,"State Street Technology Select Sector SPDR ETF (XLK) stock price, news, quote and history - Yahoo Finance Singapore",未分類,news,2026-10-04T11:54:56+00:00,1,0.516,0.516,source_reliability+event_signal
d1567e39a6d77d5e,14ad3c79231c806a,532c6d665f1da982,2026-10-04,2026-10-04T02:59:50+00:00,AAPL,"AAPL,AI",geopolitical,supply_chain,geopolitical_shock,AAPL Stock Heads For Worst Single-Day Fall In Over A Year — Wall Street Warns Apple’s AI Supply Chain Headwinds Are Far From Over - Stocktwits,,,neutral,0.5,0.45,Stocktwits,stocktwits.com,0.68,79.1,"geopolitical_shock | geopolitical | news | ['aapl', 'ai']",長期多頭 / 風險偏低,https://news.google.com/rss/articles/CBMi3wFBVV95cUxQM0NVeHRMVUhYQzcxTHE1RWR4c1BlOXZLa3VxYjZSNmhYci1ZamtvNGRDalktNlhmM1kwOE5IMmZUR05hWXMtb2lEUnN3S1BZNFE4c2s5emM4NGVnMlRXaFpQWm52S3haY191RW1KSEVwUGNJVTJEVmk1cnZhQmV1eE9VM1MwLXQ2c2pqeC1wZ1YyYnFMUmg2MFZ3Ri1aU21jN3F2aTI1S0ZhYTIzOGJXVDdxNzdBZ2FBc2JTOG9zMFZUMWJRbjdlWTYyWVRDMDlnUDVsN3hIOXNyM3lKaEQ4?oc=5,https://stocktwits.com,AAPL Stock Heads For Worst Single-Day Fall In Over A Year — Wall Street Warns Apple’s AI Supply Chain Headwinds Are Far From Over - Stocktwits,AI/晶片；大盤風險；國際/戰爭,news,2026-10-04T11:54:56+00:00,1,0.504,0.504,source_reliability+event_signal
d940b9ee1aafe06c,9128ac7221153658,dfbcf0717b6476d8,2026-10-04,2026-10-04T00:13:35+00:00,SMH,"SMH,SOXX,SOXL",fund_flow,analyst_rating,fund_flow_shift,"Semiconductor ETFs SMH, SOXX, SOXL Top Weekly Fund Flows For First Time, Analyst Says - Stocktwits",,,neutral,0.5,0.45,Stocktwits,stocktwits.com,0.68,71.35,"fund_flow_shift | fund_flow | news | ['smh', 'soxx', 'soxl']",長期多頭 / 風險偏低,https://news.google.com/rss/articles/CBMizgFBVV95cUxPZEc4NlM5UTJHQ2RMVllxNGdnaWE5MF9kZTV3WWdPSExJX0pxRzVic3N4UjFlVVRoRkpzcEZFRmxjb3RJWmlIX0hYRnp6VUlINzVYQXNGcFEwRnlOaXJ0MkRyYVR2VTB0c0Z4N19KZHBlMG1DN2ZaM0lOR2drbVU1YkhKMzNJR3ZHdDY5TWZtbTJBRWNVeXVWdU51UjNxV3hVSDhlbjZ4T3Nzc3Z4N3hfMnMxb0FFOVB1b0NzV2RoZTB0ZE4tMjBTcTB3TGxPZw?oc=5,https://stocktwits.com,"Semiconductor ETFs SMH, SOXX, SOXL Top Weekly Fund Flows For First Time, Analyst Says - Stocktwits",AI/晶片；分析師,news,2026-10-04T11:54:56+00:00,1,0.504,0.504,source_reliability+event_signal
394b42a78fe20c9a,6b8967609e769560,eb7562d8f552ecd6,2026-10-03,2026-10-03T19:52:00+00:00,TSLA,TSLA,product_launch,,product_launch,"In 2013, A Los Angeles Engineer Spent $19,000 On His First Tesla Shares. He Survived A 2018 Margin Call And A 76% Crash In 2023. Here's What Investors Can Learn From The Wild Story Of Jason DeBolt's $19,000 Purchase Turning Into $2.8 Million. - 24/7 Wall St.",,,neutral,0.5,0.45,24/7 Wall St.,247wallst.com,0.68,67.85,product_launch | product_launch | news | ['tsla'],長期多頭 / 風險偏低,https://news.google.com/rss/articles/CBMi1AJBVV95cUxNMG90S3VpakM5b1Fod1FDc3hremlVZ1kyTUdnNmphOVZ5cHlweGpzM210MnR1SS1YZkdWeU1RRVF4RTcyUEw4OEdzbDVFMFV4S1BzNVdXTHJpUTNLbFdFOS1LTlpFbjRLQ0tlWklINHhxOHZRQV9IQXpNQmpNdllCdDhzREhKbXJyckJVb1lEX2pKcEVTYUpkMHhWN2k1WXJqY0Fud1hGdDI0SkxOdDhwNGxlX1dOWnI3WTAzRl9IbkwtU05UOWZfZlVNREN3ZmN4aDNWRlBJcTJudkc0bDA2UEhySnRfc0ptdm9mMXJZLWV5T3ZFX0VLdk1uNGh1SXB4NTlRbkhZVk1Pb004cHhjZkZVYy10d3JXNTB6OEMyUlhDNm15bHFTaGJJN0FWYmV5dHVQdGdNMG5VXzk4ZFEybzdqVkt1VnFSSHBCUHVaNTIzQjN1?oc=5,https://247wallst.com,"In 2013, A Los Angeles Engineer Spent $19,000 On His First Tesla Shares. He Survived A 2018 Margin Call And A 76% Crash In 2023. Here's What Investors Can Learn From The Wild Story Of Jason DeBolt's $19,000 Purchase Turning Into $2.8 Million. - 24/7 Wall St.",未分類,news,2026-10-04T11:54:56+00:00,2,0.514,0.514,source_reliability+event_signal
18643817b8194a5c,f94b1203181d8d5f,08e26afe1f283151,2026-10-03,2026-10-03T18:30:02+00:00,AAPL,AAPL,product_launch,,product_launch,"Dear Apple Stock Fans, Mark Your Calendars for October 13 - Barchart.com",,,neutral,0.5,0.45,Barchart.com,barchart.com,0.68,59.85,product_launch | product_launch | news | ['aapl'],長期多頭 / 風險偏低,https://news.google.com/rss/articles/CBMiogFBVV95cUxOWVI0S0QwbmlsbHVVbEVUMEx3b1RxSFppMmNReUd0T1Q2Mlk4a0luY3NDQmJXSU9iRVIwRVUxR0tJTE5aN3hLZjVLXy02VWhoN1hMX242V21MZWJCU2RqZVk1dTZ2ekQxeWs5S084T25QcG9lS1dBcWFxZHl4SEQ5SGVxRXJkVE0xRFZyZzRvdmd2bklmeDRrRU1WdktYZFBCMEE?oc=5,https://www.barchart.com,"Dear Apple Stock Fans, Mark Your Calendars for October 13 - Barchart.com",未分類,news,2026-10-04T11:54:56+00:00,1,0.504,0.504,source_reliability+event_signal
7b3a4bf5def7b1f0,2069c85fe311cd31,7e942b0c3fccea28,2026-10-03,2026-10-03T18:22:13+00:00,IGV,"IGV,AI,ETF",geopolitical,,geopolitical_shock,Is AI Breaking Software Trade? IGV ETF Logs Worst Quarter Since 2008 Crisis - Stocktwits,,,neutral,0.5,0.45,Stocktwits,stocktwits.com,0.68,74.1,"geopolitical_shock | geopolitical | news | ['igv', 'ai', 'etf']",長期多頭 / 風險偏低,https://news.google.com/rss/articles/CBMi5wFBVV95cUxNcmJ4VTRsNWx5T3gxNlNLTHN4SUFtX2dUaFVzbE5CNnJISk1UbFBmbzRmZXN0akNnM0JzeG5YakI1X2VnWmFLbnV1Q1BIYzczdHVvcEhwN2lhcndzek1iMzZWcGVuSTBrbWNpYVhjWGlKMDFGODhVVGhINGo1RVRRUEFJTHhiM1pLQVdCd1RvdV9sMXNkcFI4VTBmb25XSXZrdkJuRUlaLU1GZXU2djczanMwS3JiQU8tQ3RDU0lldnZtUnFTbzRZNU9TRnM1elRDRHpqTG9pMVJ3WTJQVk55SjhKcGVIRFk?oc=5,https://stocktwits.com,Is AI Breaking Software Trade? IGV ETF Logs Worst Quarter Since 2008 Crisis - Stocktwits,AI/晶片；財報/財測；大盤風險；國際/戰爭,news,2026-10-04T11:54:56+00:00,1,0.504,0.504,source_reliability+event_signal
30adb73a3a030265,909b1ef547f5856f,54253a91611fee31,2026-10-03,2026-10-03T14:59:32+00:00,GOOGL,"GOOGL,FCF",guidance,,guidance_revision,Alphabet (GOOGL) Stock Price Forecast 2026: Cloud Hit $20B But FCF Collapsed — Buy or Short? - TradingKey,,,neutral,0.5,0.45,TradingKey,tradingkey.com,0.68,73.35,"guidance_revision | guidance | news | ['googl', 'fcf']",長期多頭 / 風險偏低,https://news.google.com/rss/articles/CBMixgFBVV95cUxQeXNna0FPVFVzVTBlNUM5NVVCNU9TLVhBazdFMVhkaFpBelZTMHBGV2ZqWTBwdFhwUVp3ajJLWXVaNTZURlFrRlhVQ010NDZzVTFhblZESDlvME0wWkhhemJBaXlyREZDLXhpckVRM3QxUlA2dW1idHlFQkEtT3FlbEdIb05UT1QtOFcySkRlc0pwRzc2Z25JQXE2YU8zS2JvLUh1ZUxEd3c5a2lETlItcXo3UEN6ZnA0c185SjNlN1J1QzI2VkE?oc=5,https://www.tradingkey.com,Alphabet (GOOGL) Stock Price Forecast 2026: Cloud Hit $20B But FCF Collapsed — Buy or Short? - TradingKey,財報/財測；產品/需求,news,2026-10-04T11:54:56+00:00,1,0.504,0.504,source_reliability+event_signal
eecc46086295e4ee,75143b29d53cd729,811e0f5e617a88cd,2026-10-03,2026-10-03T11:50:21+00:00,CENTRAL_BANKS,CENTRAL_BANKS,macro_policy,,macro_policy,Global Markets React to Central Bank Interest Rate Decisions - India News Network,,,neutral,0.5,0.45,India News Network,indianewsnetwork.com,0.68,60.516666666666666,macro_policy | macro_policy | international_news | ['central_banks'],長期多頭 / 風險偏低,https://news.google.com/rss/articles/CBMipAFBVV95cUxOXzRCd3VHbHdEejZfTlNuOGNrWEFkVXA1WkpVX0ZhaU9zM21Sd25DZnJNUTdvamFtMnp5cERJbWtfMTVkb1BLdnJrSi1hOTdGY0IybTFFSHYwOE1QOGsycUh4RUVtS1oxdk1qX2t1NndEN05sRmFSN1RqaFVueWhIV1RET0hNMEgxVDU4VlVyZF93ZmlvZ1FiVEZwZUFfWjdzOThqRQ?oc=5,https://www.indianewsnetwork.com,Global Markets React to Central Bank Interest Rate Decisions - India News Network,未分類,international_news,2026-10-04T11:54:56+00:00,1,0.504,0.504,source_reliability+event_signal
394e9235db16d667,68099d5cadeae72b,90894f5e6e25c971,2026-10-03,2026-10-03T10:20:00+00:00,AMD,"AMD,AI",product_launch,,product_launch,"Prediction: This AI Chip Stock Will Be the Biggest Winner of 2027 (Hint: It’s Not Nvidia, AMD, or Broadcom) - fool.com",,,neutral,0.5,0.45,fool.com,fool.com,0.68,71.26666666666667,"product_launch | product_launch | news | ['amd', 'ai']",長期多頭 / 風險偏低,https://news.google.com/rss/articles/CBMi3AFBVV95cUxOQ1dsUlo3Q2FTM0d3bkJSX0lkSmtqbklsOU9QRVQwM1N2d1VfQzkyN0N0ZUlydDBqMlBnU2RlTkxDOFBvQ0lNWnBoZXBibUFabEEweHRyWmFsbkNyMUJDLVBIcnNnd01nNkFncWR0YzlhQU13TEdCVnRTQXlKNzNRQnZHQ0taWmFJNGs1NVRQLWZiS240eGc4U08tc1d3UlpTQ0dDRm1qNWZ4Mm80bVZGV1VSMUtpS3p6WE1rZmtoYTl1MW1aTTMwQkdIdWVhNmRvQjAwZncyRHFCeU5i?oc=5,https://www.fool.com,"Prediction: This AI Chip Stock Will Be the Biggest Winner of 2027 (Hint: It’s Not Nvidia, AMD, or Broadcom) - fool.com",AI/晶片,news,2026-10-04T11:54:56+00:00,1,0.504,0.504,source_reliability+event_signal
363dab32dfb6a946,1c92317969dfd160,48f62377bdca7fe9,2026-10-03,2026-10-03T09:27:00+00:00,MSFT,MSFT,product_launch,,product_launch,Is a Microsoft Stock Split Coming After 23 Years? - fool.com,,,neutral,0.5,0.45,fool.com,fool.com,0.68,58.516666666666666,product_launch | product_launch | news | ['msft'],長期多頭 / 風險偏低,https://news.google.com/rss/articles/CBMilgFBVV95cUxNWFRueHNuVFBHN3NBQmZsWWRmSWR1Vm10azZjc0NvWGhjOThDYWdNdzNaaG42Sl9jZDVMMnIydnE4UUt1TXVQaDZ5TjJEc1R1NFhIRURDNGh6N21vd0FrRVJjN1FRY0t1eDJpYmx3RHB6cnVVMjJHam9fOWtEQVlldElOeUxsNjIxYWpTdGxGNDMzeWRwcHc?oc=5,https://www.fool.com,Is a Microsoft Stock Split Coming After 23 Years? - fool.com,未分類,news,2026-10-04T11:54:56+00:00,1,0.504,0.504,source_reliability+event_signal
88ef98fc623146d5,a8791f2ee7c9df81,a6bef00b3e89af90,2026-10-03,2026-10-03T02:05:00+00:00,SOXX,"SOXX,ETF",earnings,,earnings_release,Why the iShares Semiconductor ETF Gained 11% in September - The Globe and Mail,,,positive,0.65,0.45,The Globe and Mail,theglobeandmail.com,0.68,65.26666666666667,"earnings_release | earnings | news | ['soxx', 'etf']",長期多頭 / 風險偏低,https://news.google.com/rss/articles/CBMi2wFBVV95cUxPdXRKQjVpVERpWjUxLXRQTDNqbm9rTE52ZDFtOFVxSjgyQVJkR2JuaE1LMWl0NWVJdDhEMV85NExaRWNJRjVPTS0xRE9YWHQ0dlFscnlUczZuNzRYcFdFR2dJMDhqV2JQV25aS0I2TVUzdWpOLTVvazhGZjdyZW5mcGowTmJBTjFWQ0llMFVzUlNWZnZlR0hXcGRFWkJFN3VJVy1ObzAxWkowSVdxWGZJRUFOZXhHUmJiZkg3MGpKbjdZNTE3WGRpamlGZFFWblpwandBbmV2RHFyVzQ?oc=5,https://www.theglobeandmail.com,Why the iShares Semiconductor ETF Gained 11% in September - The Globe and Mail,AI/晶片,news,2026-10-04T11:54:56+00:00,1,0.5640000000000001,0.5640000000000001,source_reliability+event_signal
dbbfc0e486fd1c22,45fb478d8bcd5987,9a7144cadb2a0123,2026-10-03,2026-10-03T01:42:53+00:00,SOXX,"SOXX,SOX,ETF",product_launch,,product_launch,Michael Burry Says SOX 'Will Return To Earth' — And Reveals Fresh $330 Puts On Key Semiconductor ETF - Stocktwits,,,neutral,0.5,0.45,Stocktwits,stocktwits.com,0.68,75.01666666666667,"product_launch | product_launch | news | ['soxx', 'sox', 'etf']",長期多頭 / 風險偏低,https://news.google.com/rss/articles/CBMi5gFBVV95cUxQRk1rRGNMLXFtdjVFR1MzbXJsU2k3Y3Q5SHRfNk9YZXNUeVZZeW0yc25kUkVEYWpPVzZvMjlNVHpIS3lNU01tVS1xZklCa2hPOVF2LWZJanpMQ19FVkY2cEljSUdWMDh3OWhCRG1TVHI1YVF6bnRqT3hsbnR5WnBwbE9VSVFSeEFSVkxYS1UtYW85Nzh0UDFsd2VYd0lwNF9WM1MxT2tRWG1pemVaNVprVFNsVUQ4ZlFLX0ZBMUtUS0Y5QjNBdjVFb3h0ME1kYzdlbXFmSUxBb29Fc29OM0tGaUszVXd4Zw?oc=5,https://stocktwits.com,Michael Burry Says SOX 'Will Return To Earth' — And Reveals Fresh $330 Puts On Key Semiconductor ETF - Stocktwits,AI/晶片；產品/需求,news,2026-10-04T11:54:56+00:00,1,0.504,0.504,source_reliability+event_signal
6efbca653f9b58eb,05d6cc68c40f2333,fc221a7f4ec473b4,2026-10-03,2026-10-03T01:09:04+00:00,SMH,"SMH,ETF",product_launch,,product_launch,"VanEck Semiconductor ETF (SMH) Stock Price, News, Quote & History - Yahoo! Finance Canada",,,neutral,0.5,0.45,Yahoo! Finance Canada,ca.finance.yahoo.com,0.72,70.76666666666667,"product_launch | product_launch | news | ['smh', 'etf']",長期多頭 / 風險偏低,https://news.google.com/rss/articles/CBMiUEFVX3lxTE5sdmFESnNQOTlpU1ZjU2ZLUjNFQmlNYTg5cWVRVWVpMWJfTlc3b3BZd3RNRng1eWtYVnV1SC1TbU5TR1ZFNXQ2N3RnQWlNVDNP?oc=5,https://ca.finance.yahoo.com,"VanEck Semiconductor ETF (SMH) Stock Price, News, Quote & History - Yahoo! Finance Canada",AI/晶片,news,2026-10-04T11:54:56+00:00,1,0.516,0.516,source_reliability+event_signal
66e619a9f37f092e,6b8967609e769560,eb7562d8f552ecd6,2026-10-03,2026-10-03T00:06:00+00:00,TSLA,TSLA,product_launch,,product_launch,Why Tesla (TSLA) Stock Is Trading Up Today - Yahoo Finance,,,neutral,0.5,0.45,Yahoo Finance,finance.yahoo.com,0.72,64.01666666666667,product_launch | product_launch | news | ['tsla'],長期多頭 / 風險偏低,https://news.google.com/rss/articles/CBMimAFBVV95cUxNOTVTbXdLSUNoMjlmak1iN3RYZnBKVGhVdW54aGdHX29hMjZEb1JYYmQwSEprX1BxdFd4dGZmdkE1NVFtcUpvQkthVUVpOEx6b2JRNEFnS2oyVUxkSG1UdGVjNlJBOHU1WkRxV0V6YkNTX2dWdVNJbGw2TUVSUVlVc0lYd3E3bXpGVXY1eHNldFRIdm00NmNTWQ?oc=5,https://finance.yahoo.com,Why Tesla (TSLA) Stock Is Trading Up Today - Yahoo Finance,未分類,news,2026-10-04T11:54:56+00:00,2,0.526,0.526,source_reliability+event_signal
3babab36a81f315b,180b68dc36dded96,eb7562d8f552ecd6,2026-10-02,2026-10-02T19:25:06+00:00,TSLA,TSLA,product_launch,,product_launch,TSLA Stock Pops as Tesla Surprises on Q3 Deliveries - Barchart.com,,,neutral,0.5,0.45,Barchart.com,barchart.com,0.68,62.266666666666666,product_launch | product_launch | news | ['tsla'],長期多頭 / 風險偏低,https://news.google.com/rss/articles/CBMimwFBVV95cUxNQTFacFR2ZjJmTHZPbG8wemFhdWZBd3FNWXZGRDAtemtHanBNS0h0RFc3TVlVOVJJeUhELV9hRVFiUGxNNk1MWktHVGtWOGVCbE1pRUZHSjJLaG96cldNWV9nYzJ0TGhHRkxoM2JuQzZwaGQyLUxZVkhxWmIzRHZJZ1lRLUljZXpTYWJjYXp6dW41M1lpTW1IUXpqSQ?oc=5,https://www.barchart.com,TSLA Stock Pops as Tesla Surprises on Q3 Deliveries - Barchart.com,產品/需求,news,2026-10-04T11:54:56+00:00,2,0.514,0.514,source_reliability+event_signal
417ed26c67b44584,180b68dc36dded96,eb7562d8f552ecd6,2026-10-02,2026-10-02T18:25:00+00:00,TSLA,TSLA,product_launch,,product_launch,Tesla Q3 Deliveries Top Expectations; The Stock Is Rising - Investor's Business Daily,,,neutral,0.5,0.45,Investor's Business Daily,investors.com,0.8,77.91666666666667,product_launch | product_launch | news | ['tsla'],長期多頭 / 風險偏低,https://news.google.com/rss/articles/CBMijwFBVV95cUxPUzdHU2lQU2hYbmhzN0ZRRVdwTHltRGIzUHl3dVVLLTU5dGczbFE1Rmt0bWpNZzg2NXVmZ0p2MFMzVjlFRkI5a3F1clRRNW1haEF1cHl2MnRlbmVWbzJzZWN3QzVya1dDWUF0Wk5hd2JhbVI0N2xHOXZpdW84enRvNTgzU2thSmR2SmhpVnk0bw?oc=5,https://www.investors.com,Tesla Q3 Deliveries Top Expectations; The Stock Is Rising - Investor's Business Daily,AI/晶片；產品/需求,news,2026-10-04T11:54:56+00:00,2,0.55,0.55,source_reliability+event_signal
3618b14a22b47d12,da297c4e3a86628e,a4cf98c6ca7d2042,2026-10-02,2026-10-02T17:15:00+00:00,GOOGL,GOOGL,product_launch,,product_launch,"Alphabet (GOOGL) Stock Quotes, Company News And Chart Analysis - Investor's Business Daily",,,neutral,0.5,0.45,Investor's Business Daily,investors.com,0.8,74.16666666666667,product_launch | product_launch | news | ['googl'],長期多頭 / 風險偏低,https://news.google.com/rss/articles/CBMisAFBVV95cUxQZ3RHcWtkOUszb3lIUjQ3ZndGU05XWDlWeU5IQVJJMEJsUjh6NnFUaFdwVGR0QjVadkFOcm9IbkVsejNxUlJieEdzekQ4TXRsQmQ0ejVZMkpHRkw4TnQwWnB5MnJDLTBrSXBzTTVzdlpOc1ZnNEZpcDdBVWhDNG5wcF9NTVZHYVcxR3hCMVpvVU9OeVJhMko0Ym1qMDNiM1R2Wk9qREoyeUVOdGcwNjh2Qg?oc=5,https://www.investors.com,"Alphabet (GOOGL) Stock Quotes, Company News And Chart Analysis - Investor's Business Daily",AI/晶片,news,2026-10-04T11:54:56+00:00,1,0.54,0.54,source_reliability+event_signal
337e2a290b638c6f,b8e7e3568eb74968,d2565a3d9ed5519c,2026-10-02,2026-10-02T16:56:19+00:00,AMZN,"AMZN,AWS",product_launch,,product_launch,Amazon Stock Rises on $1 Billion AWS Data Center Push - TradingView,,,neutral,0.5,0.45,TradingView,tradingview.com,0.68,67.01666666666667,"product_launch | product_launch | news | ['amzn', 'aws']",長期多頭 / 風險偏低,https://news.google.com/rss/articles/CBMisgFBVV95cUxPRGh3SS1ONDUtY20xb3RBOGpHODZhMG9vSXozYndTV0JhSXB4NlhGbnpRS1I2YTU5RERRek5mZVFnX1hhbG1rTHRnbFRrVUVWNFVldWdBVnlaSWY1WGk1QV9VcDVGRDNsT3Rtd0pTQjJEOWRldXg3ZFZqWEdTYWpWZTFBTzlPdTFXSFlST1EyWXNZSmxKbk5iQ3JOa1A0UDFkaThwbTZnNjFUbjZSWEoybkxB?oc=5,https://www.tradingview.com,Amazon Stock Rises on $1 Billion AWS Data Center Push - TradingView,AI/晶片；產品/需求,news,2026-10-04T11:54:56+00:00,1,0.504,0.504,source_reliability+event_signal
4e3e4fa11d6ae68b,f582a782938a9a4e,1c0c0b133f9a789c,2026-10-02,2026-10-02T16:18:51+00:00,ENERGY,ENERGY,product_launch,,product_launch,Oil Market Clock is Ticking as Supply Crunch Looms: Bousso - EnergyNow.com,,,neutral,0.5,0.45,EnergyNow.com,energynow.com,0.68,59.516666666666666,product_launch | product_launch | international_news | ['energy'],長期多頭 / 風險偏低,https://news.google.com/rss/articles/CBMikgFBVV95cUxPWFpPQUZoWW1UOWFhT1dJdXJVSEV2OFRVX2hqanpwZFBWZlVXd0JDMjkxdjhNSkhRNlJMdER3M3R4NS1wTXRlZUZKaEZUWjA2N08zSWNrTDJjUW14aGhoNDJDbHdFT0kwd2FYUklJYkhkbVlDZ0o3ZUNVM29XLWZpUnZNSXNkcDMzNUkyUDNmVUpodw?oc=5,https://energynow.com,Oil Market Clock is Ticking as Supply Crunch Looms: Bousso - EnergyNow.com,未分類,international_news,2026-10-04T11:54:56+00:00,1,0.504,0.504,source_reliability+event_signal
37a57d547bf0603f,c75806eb7069fdf9,08e26afe1f283151,2026-10-02,2026-10-02T15:15:50+00:00,AAPL,AAPL,product_launch,,product_launch,How Much Upside Is Left In Apple Stock? - Trefis,,,neutral,0.5,0.45,Trefis,trefis.com,0.68,57.516666666666666,product_launch | product_launch | news | ['aapl'],長期多頭 / 風險偏低,https://news.google.com/rss/articles/CBMioAFBVV95cUxOdjBMR3dKWDZZWGJZZnNPbC1ocHJoZzdQdFFmZkY2UHJfeDRKWndjRmowSHNYTnNlaXFreXA5QXVJUHMyUVF3SUlBSG00ZUp3Tm52dGZYMTNFSFB1Zk9UX1NkQnlqVndkN1M0ZmVpYXVndlZjSTVnNFVTVU83cWd1U0R4bXdabjc3amlVQmRCbGdwSHp2a2haV0ptNTNzWi1L?oc=5,https://www.trefis.com,How Much Upside Is Left In Apple Stock? - Trefis,未分類,news,2026-10-04T11:54:56+00:00,1,0.504,0.504,source_reliability+event_signal
bdcde1a045ce8f7e,201d95abdef1e895,bbfe8b7969d8be00,2026-10-02,2026-10-02T15:00:00+00:00,NVDA,"NVDA,AI",product_launch,,product_launch,Nvidia Isn’t the Only AI Stock With Massive Upside Potential - 24/7 Wall St.,,,neutral,0.5,0.45,24/7 Wall St.,247wallst.com,0.68,65.26666666666667,"product_launch | product_launch | news | ['nvda', 'ai']",長期多頭 / 風險偏低,https://news.google.com/rss/articles/CBMipgFBVV95cUxOMkhEX0NpNEc0Y3IyZDlxX0w4U2MwRWFkTzlsWkVva1g1U0RJc3NMc2s1bl9tWGV5N1lYUzJsMDRpSHQxLWJqVUZyWko1a0lZX1cwZzc3WUZaU1pLUXljelV5cWtFWjh5NW90YVFZUE5HOE5Rdk96MG9PR3Rzb1VYVEZaSndnUk11S1ZkclVOcDRjZnAybGdXVWxoaUtEbW81RDFqYXZ3?oc=5,https://247wallst.com,Nvidia Isn’t the Only AI Stock With Massive Upside Potential - 24/7 Wall St.,AI/晶片,news,2026-10-04T11:54:56+00:00,3,0.524,0.524,source_reliability+event_signal
97db0e288c2e0f0f,201d95abdef1e895,bbfe8b7969d8be00,2026-10-02,2026-10-02T14:59:46+00:00,NVDA,"NVDA,AI",product_launch,,product_launch,Amazon Looks to Offload $8B of Nvidia AI Chips From Its Balance Sheet - Investopedia,,,neutral,0.5,0.45,Investopedia,investopedia.com,0.68,66.26666666666667,"product_launch | product_launch | news | ['nvda', 'ai']",長期多頭 / 風險偏低,https://news.google.com/rss/articles/CBMiygFBVV95cUxQNHphc3o4Y0dGRnBTaE5jUTd0S1dJWFA1OUppaXBsY1hhb0pkRHZZbUUwSWZYQnYyRTl2WDF6d084bnpLSFNZV3ZRRW5jcllFQ1dQWjFIMmZMTkZsYWZrNkNVM3FJazNxTEFfMHJBbzJxeVM4TU9iS1FBWFppYXNhNHh6OV80Rjg0dy0wVkVNOTg4eVJ5cEZva3l6b0J3S1k0QmlnbXZhOHh5S1JYMDFRREhuZ19SOXJ0WTBWTGFkYzZIVE1qcTdZM29R?oc=5,https://www.investopedia.com,Amazon Looks to Offload $8B of Nvidia AI Chips From Its Balance Sheet - Investopedia,AI/晶片,news,2026-10-04T11:54:56+00:00,3,0.524,0.524,source_reliability+event_signal
29517e7d4fddbf84,eeac8a80160cbcbd,01d4294e726431c1,2026-10-02,2026-10-02T13:49:00+00:00,QQQ,"QQQ,ETF",product_launch,,product_launch,"If the Stock Market Crashes, Young Investors in Their 20s Might Want to Buy This Nasdaq ETF and Hold It Until Retirement - fool.com",,,neutral,0.5,0.45,fool.com,fool.com,0.68,67.51666666666667,"product_launch | product_launch | news | ['qqq', 'etf']",長期多頭 / 風險偏低,https://news.google.com/rss/articles/CBMimAFBVV95cUxQa3o5TEF2RGl5Nko2bkFGcm1PMzBnSno0SHZBZk1NbGJ1Ql9Pa1JRVWR6MGRVVFl1RnJlcE0yTllVbmctY0xMTnM5aF9lQ1R6RlV2YUNadVFiVFpEeFFjTlVidU5BMHJIbVBFUUd3VEdHX2tRS2hMMnRhd0tfQmlfNnA4MkhBZnB4UVFEYzdCU2FibENOUUc5Tg?oc=5,https://www.fool.com,"If the Stock Market Crashes, Young Investors in Their 20s Might Want to Buy This Nasdaq ETF and Hold It Until Retirement - fool.com",未分類,news,2026-10-04T11:54:56+00:00,2,0.514,0.514,source_reliability+event_signal
e88c129fddd3bfc6,eeac8a80160cbcbd,01d4294e726431c1,2026-10-02,2026-10-02T13:09:23+00:00,QQQ,"QQQ,ETF",product_launch,,product_launch,"If the Stock Market Crashes, Young Investors in Their 20s Might Want to Buy This Nasdaq ETF and Hold It Until Retirement - The Globe and Mail",,,neutral,0.5,0.45,The Globe and Mail,theglobeandmail.com,0.68,71.26666666666667,"product_launch | product_launch | news | ['qqq', 'etf']",長期多頭 / 風險偏低,https://news.google.com/rss/articles/CBMirAJBVV95cUxOMlVKUDF3NEMwWkp6VVI0T0prdEhtWDc5SWp4QnF4TXZmakhLcFF2cmlwdnRPRHZVNHlXTURud0wxajE3SW43VlEwTnpKd1RYTEV4T1hZYWVra3JPV3dqUWMxUHNiQ2FTcVVuVHZaU3oxbEx4UC14cWZrRWIyZTRHNEg2cE81OTRHNVhhS0lUSGFpbE5mVHIxbW9EQUtlZk1iRDgybHF4bDFOZWRLU2xHbFhheUpZaFJDMFQzeTRvdFZXYTBFYmVtWEZ3dERPc0xsNHllLXg5WGp6OUVodDVidGlIa3BYdnF0SUtKbmtlb3RwU2VPNmVWZkplWDd6ZWh1MWFDMDFLRTgzdENjcFAwYUR2SDA5ZEF4RDgwU3pSRVNITHEzRGF2ZUYyYlQ?oc=5,https://www.theglobeandmail.com,"If the Stock Market Crashes, Young Investors in Their 20s Might Want to Buy This Nasdaq ETF and Hold It Until Retirement - The Globe and Mail",AI/晶片,news,2026-10-04T11:54:56+00:00,2,0.514,0.514,source_reliability+event_signal
69677bbaa6fb683a,4c6ee165cfa2b3e9,774524a575c680cb,2026-10-02,2026-10-02T13:03:51+00:00,TSLA,"TSLA,CNBC",product_launch,,product_launch,Tesla stock jumps 5% on better-than-expected vehicle deliveries report - CNBC,,,neutral,0.5,0.45,CNBC,cnbc.com,0.8,72.16666666666667,"product_launch | product_launch | news | ['tsla', 'cnbc']",長期多頭 / 風險偏低,https://news.google.com/rss/articles/CBMiiwFBVV95cUxPLTV2TThXeklJVmVnSl9pMDYzQnNoaWVielg0ekwyYTJVemhmRDdKdlpaekRVYXdTcndZNGRyelluczN1MUIxQ3J6M2FDWTQ4dnQwd3c1OEVURkdBUGdQLTBXaE1iUWxXOGFUVlZOLWdscVp0UkFTSEpsWkM3QTRDT3pMdkFlME41OHRn0gGQAUFVX3lxTFBoR1hCMDN2NU1mQ1ZJdFg3XzBQYWJSMzZmQk5aVnlBTTg5YnBfUi1KMm9seGMydVVOU2p1WnloTVVUV25QRXdYT1hwQ1Y4ODlvc0RBcUhwOG9VWUh3OG9CSnJ6N2ZuQUlBUjdWT0xPTnFaN3JHOTdjMk8tZnpWamkwOF9FaHNSUnZHQ1ZpQWkwZQ?oc=5,https://www.cnbc.com,Tesla stock jumps 5% on better-than-expected vehicle deliveries report - CNBC,產品/需求,news,2026-10-04T11:54:56+00:00,1,0.54,0.54,source_reliability+event_signal
fabc9077cf55d442,a9c01fc5392112a6,3f9f2837e6ccdfc0,2026-10-02,2026-10-02T12:49:34+00:00,NVDA,"NVDA,AI",earnings,,earnings_release,"NVDA Stock Hits Record High After Morgan Stanley Names Nvidia Top Pick, Says AI Trends Play To Its ‘Strengths’ - TradingView",,,positive,0.65,0.45,TradingView,es.tradingview.com,0.68,71.26666666666667,"earnings_release | earnings | news | ['nvda', 'ai']",長期多頭 / 風險偏低,https://news.google.com/rss/articles/CBMi-wFBVV95cUxQZV9PanEzZnU4aTRVVXhZd05pbGZ2S2dFeXRVanN4VlNYZVFYQnkwblVJUktfbGJEbllFZlVtaWo4WUJCWHpCRlVKOWxrZzhPRHJGZE9nMXgxczl6M2dhU0hVUnBQQVJCNHVqVDE4MWNmai1LVTFYQ2hXOTVDbWI1b18wWDBPUmZxYnhSZTNfUHBaSHdXcEZjdUN3NUtqRkRaYldTRjVWZXdVM00zZ3RoTUFKclVRVVZsc2w4ZHIxaG9kV2tjVnNwU2RwY2tIUVNsQXE0Nk9neFhMdHdxNjl1MXpOSUx2RFFGMFY1bVNOWTUzQ1p6blZnRC1DVQ?oc=5,https://es.tradingview.com,"NVDA Stock Hits Record High After Morgan Stanley Names Nvidia Top Pick, Says AI Trends Play To Its ‘Strengths’ - TradingView",AI/晶片,news,2026-10-04T11:54:56+00:00,1,0.5640000000000001,0.5640000000000001,source_reliability+event_signal
68f9c02306429ca3,201d95abdef1e895,bbfe8b7969d8be00,2026-10-02,2026-10-02T12:00:00+00:00,NVDA,"NVDA,AI",product_launch,,product_launch,Nvidia and Micron Can't Make AI Chips Without This Growth Stock. Here's Why It Could Soar. - fool.com,,,neutral,0.5,0.25,fool.com,fool.com,0.68,69.26666666666667,"product_launch | product_launch | news | ['nvda', 'ai']",長期多頭 / 風險偏低,https://news.google.com/rss/articles/CBMilwFBVV95cUxPazZSOHNzQW9TSkJDNzlOYk5QOTVTbE9LeUd4S3RDb2tNZkQyUXItUklzMmhfckVZc2M3SDB3N1pSMGhXeThSOFdUeTZRNV9DVURmNWhiZjVwaHF3OGMyMWNsNlRMTWQ1a1VEUi1ZSHRIN3JHSlZrTl9fbHd2dVZCT3hJNktKNVVGdXJQSTVvbmYtSzlxYXZn?oc=5,https://www.fool.com,Nvidia and Micron Can't Make AI Chips Without This Growth Stock. Here's Why It Could Soar. - fool.com,AI/晶片,news,2026-10-04T11:54:56+00:00,3,0.48400000000000004,0.48400000000000004,source_reliability+event_signal
e3cc2303c0b620e0,c41e6e8c9b6c6e3a,28812d649f05d2f2,2026-10-02,2026-10-02T11:46:01+00:00,IYW,IYW,product_launch,,product_launch,(IYW) Volatility Zones as Tactical Triggers - Stock Traders Daily,,,neutral,0.5,0.45,Stock Traders Daily,news.stocktradersdaily.com,0.68,60.93333333333334,product_launch | product_launch | news | ['iyw'],長期多頭 / 風險偏低,https://news.google.com/rss/articles/CBMivwFBVV95cUxPeEtmSmVlQWQtdU1vOU9NdXhFWGhqbkFrdGtyUWZkSmxoT0RtYTFBZ09hXzZtMUN4dVQzWWFOV0lkaXhlWjM0NWJkSTdYN1p6MThsaXFJX1FsODFTdFF6WVBFQ0Rwb0JNZ1JEaHcxamNvQV93MUpCTGFMRm1ZSHVoSmJfZW9nTWNLcV9EVGpQU01RbXJMcGYzRVZHWGhadmU5VTJra191SURCQ1ZIcWZVWnJZRUIwVEFaWmhodVhQYw?oc=5,https://news.stocktradersdaily.com,(IYW) Volatility Zones as Tactical Triggers - Stock Traders Daily,AI/晶片,news,2026-10-04T11:54:56+00:00,1,0.504,0.504,source_reliability+event_signal
1c143839bd970550,aa9f1a57c48faf61,ba3a2e68038f29c4,2026-10-02,2026-10-02T10:26:48+00:00,AMZN,AMZN,product_launch,,product_launch,The Dates That Matter Most For Amazon Stock - Trefis,,,neutral,0.5,0.45,Trefis,trefis.com,0.68,57.18333333333334,product_launch | product_launch | news | ['amzn'],長期多頭 / 風險偏低,https://news.google.com/rss/articles/CBMipwFBVV95cUxNeU9ZTkVaTnJnSTltdEFDNXVsRWNienRLSENzbVA5N28ySm1KSDhZckcxSF9ZZTJqRG1yT01RamJSQk80MUdOMlhDbkZBXzhIUVY5bllHVW5WYUYzWC1PWnVxTUx0T3Q4b3JVT2dDdFBYcUQ3VmpwWWpsR0pTSnhEdGg5TUZxbkVqTlNsRzdvOW5weWwweldUQVFRRktxc3g4Y1VWdFV4WQ?oc=5,https://www.trefis.com,The Dates That Matter Most For Amazon Stock - Trefis,未分類,news,2026-10-04T11:54:56+00:00,1,0.504,0.504,source_reliability+event_signal
98bfc615d1d38bff,87df4b5e5cefe914,8946b1e2cfc77dfe,2026-10-02,2026-10-02T10:03:33+00:00,SMH,"SMH,UCITS,ETF",product_launch,,product_launch,"VanEck Semiconductor UCITS ETF (SMH.L) stock price, news, quote and history - Yahoo Finance Singapore",,,neutral,0.5,0.45,Yahoo Finance Singapore,sg.finance.yahoo.com,0.72,71.43333333333334,"product_launch | product_launch | news | ['smh', 'ucits', 'etf']",長期多頭 / 風險偏低,https://news.google.com/rss/articles/CBMiU0FVX3lxTE1yaVRoYXBBeFpHcmQ0UWpLY1VlazdiWWdKS2lCN2RaWEcxNjhpUjhqZEpIZXhYTkhFelhmaDNRZldsOV9zUUJfaHEtclEtMUpUZEEw?oc=5,https://sg.finance.yahoo.com,"VanEck Semiconductor UCITS ETF (SMH.L) stock price, news, quote and history - Yahoo Finance Singapore",AI/晶片,news,2026-10-04T11:54:56+00:00,1,0.516,0.516,source_reliability+event_signal
aef8d28312e163de,4626db8a243a035f,0f04ebbce83473da,2026-10-02,2026-10-02T08:05:28+00:00,META,"META,AI",geopolitical,analyst_rating,geopolitical_shock,META Stock Rides Muse AI To Best Quarter In Over 2 Years — But Analyst Warns Monetization Could Be 'Notoriously Slow' - Yahoo Finance,,,neutral,0.5,0.25,Yahoo Finance,finance.yahoo.com,0.72,83.93333333333332,"geopolitical_shock | geopolitical | news | ['meta', 'ai']",長期多頭 / 風險偏低,https://news.google.com/rss/articles/CBMikwFBVV95cUxPbW9Fa0xEb2xmNjRpSTVaNm9pb21xQlJiYmwtYUUtVXlPTDRpb2RNTXlwUnY1TFhTaURlQjN0ZFV6dFdtNGFVSmRRZlBFUGNIbVd5N1h5cFFMX05aVEVRR1lRV2JmM3luVW9ZX0lBSlZpNmZwVzN6Vk9JVWhyVE5Da2k3V0JyMXZLX1Z6bzNZWXJrcW8?oc=5,https://finance.yahoo.com,META Stock Rides Muse AI To Best Quarter In Over 2 Years — But Analyst Warns Monetization Could Be 'Notoriously Slow' - Yahoo Finance,AI/晶片；財報/財測；分析師；大盤風險；國際/戰爭,news,2026-10-04T11:54:56+00:00,1,0.47600000000000003,0.47600000000000003,source_reliability+event_signal
19f9adc1c950482a,e69ea5d96609ee8a,598087d4f281fbed,2026-10-02,2026-10-02T07:24:35+00:00,IGV,"IGV,ETF,UK",geopolitical,,geopolitical_shock,"iShares North American Tech-Software ETF (IGV) stock price, news, quote and history - Yahoo Finance UK",,,neutral,0.5,0.45,Yahoo Finance UK,uk.finance.yahoo.com,0.72,76.18333333333332,"geopolitical_shock | geopolitical | news | ['igv', 'etf', 'uk']",長期多頭 / 風險偏低,https://news.google.com/rss/articles/CBMiUEFVX3lxTE14Z2hIbFREbXQ5SERNVF9WaWJvVXJxck9tSTNlVDVMT1RzVzZiZ2FQWVVmaWJwT3ZhcFlRZk5VamVqTW5MR2lQRjJ6TVZHZnE5?oc=5,https://uk.finance.yahoo.com,"iShares North American Tech-Software ETF (IGV) stock price, news, quote and history - Yahoo Finance UK",大盤風險；國際/戰爭,news,2026-10-04T11:54:56+00:00,1,0.516,0.516,source_reliability+event_signal
51d7d6696b6c0f6a,227063eb9213a0ea,4df8bf29c6d03629,2026-10-02,2026-10-02T03:55:45+00:00,CENTRAL_BANKS,CENTRAL_BANKS,earnings,,earnings_release,Monetary policymakers should not raise interest rates higher - thenationalnews.com,,,positive,0.65,0.45,thenationalnews.com,thenationalnews.com,0.68,60.93333333333334,earnings_release | earnings | international_news | ['central_banks'],長期多頭 / 風險偏低,https://news.google.com/rss/articles/CBMivgFBVV95cUxOWWhUM2t1Vm9Fckx6UUJXRUpIR0Q2dFY5cjR3ZDU0T1ZSeE9sbFJhRllJeDVfYmk4Sk0xaG1qWlhhWHZDRGF2Q1FKaGJGRXhnSndPZzBLd2F5ZlRSRVk0YUhnSWNBUmNicEFXbE9ReGd4REJGV2xfQW9OdldyVTRPY1hUV1FvNF9PazRMQmkzclZyTHdZT0NyWGhqQnp5eVUyTzZfMTg4TnhPWWl3emh3NlFZdFA3WWZpYWNnLTN3?oc=5,https://www.thenationalnews.com,Monetary policymakers should not raise interest rates higher - thenationalnews.com,AI/晶片,international_news,2026-10-04T11:54:56+00:00,1,0.5640000000000001,0.5640000000000001,source_reliability+event_signal
4f869b7874710a55,92f0b0d533bc58dc,fc221a7f4ec473b4,2026-10-02,2026-10-02T01:26:00+00:00,SMH,"SMH,ETF",product_launch,,product_launch,The Semiconductor ETF's 2026 Return Is About 3 Times Nvidia's - fool.com,,,neutral,0.5,0.45,fool.com,fool.com,0.68,62.93333333333334,"product_launch | product_launch | news | ['smh', 'etf']",長期多頭 / 風險偏低,https://news.google.com/rss/articles/CBMipwFBVV95cUxNdVdpcjdVNEhxWW95VGpoVklRM25NT2VzbXNpaEpVbGFGVDZXYXRzZ21XOXN3ZGdKQ2dCUHBCcXhMN281bmRLc1QtUzJTMGVRWmhCbHhmU21jV3pBZndkSEI5c2JKNGJScHBYNDN5OXlOMWVtUkttRDg3cEw0cjkwUnMyM3NmU1JpbGJBR21MVzA4NGhhN2ZwTXJvczlVSUxVWHJwVlRyQQ?oc=5,https://www.fool.com,The Semiconductor ETF's 2026 Return Is About 3 Times Nvidia's - fool.com,AI/晶片,news,2026-10-04T11:54:56+00:00,2,0.514,0.514,source_reliability+event_signal
186494fcad88baaa,92f0b0d533bc58dc,fc221a7f4ec473b4,2026-10-02,2026-10-02T00:46:00+00:00,SMH,"SMH,ETF",product_launch,,product_launch,The Semiconductor ETF's 2026 Return Is About 3 Times Nvidia's - The Globe and Mail,,,neutral,0.5,0.45,The Globe and Mail,theglobeandmail.com,0.68,65.93333333333334,"product_launch | product_launch | news | ['smh', 'etf']",長期多頭 / 風險偏低,https://news.google.com/rss/articles/CBMi3AFBVV95cUxOZU02YWJRVkFPX3I3YXdiUEpJdFl1dzI4TUF6a2dpek9WcnBIYllIZkdrUUNjb0ZHeDVtZ05yQklBQUZoaUlzcGJQOUFlYnRMeGpQYXlCTzNJY09GbTMtUDRyMlJvTmctMDJKb0s4YnlGWFlLZjJ2LVB5V0hSSU9tczh4VEVQVWcwQmh4bXprNDIwbVM2Z2txaWwwbl9YV2JBX0FuRHI0SGVzTFRCSTRNb3YwMGtZX2g3ZmozR1pBdmZVOUFYZmJQdWlsRVc1bUJRQ29GdnN2bjZPa0RQ?oc=5,https://www.theglobeandmail.com,The Semiconductor ETF's 2026 Return Is About 3 Times Nvidia's - The Globe and Mail,AI/晶片,news,2026-10-04T11:54:56+00:00,2,0.514,0.514,source_reliability+event_signal
6ffd8fe5fe0aeb64,2dd47997b1779262,6d9816b1857ddb0b,2026-10-02,2026-10-02T00:08:06+00:00,TRADE,TRADE,product_launch,,product_launch,What Canada Knows About American Power - Carnegie Endowment for International Peace,,,neutral,0.5,0.45,Carnegie Endowment for International Peace,carnegieendowment.org,0.68,59.18333333333334,product_launch | product_launch | international_news | ['trade'],長期多頭 / 風險偏低,https://news.google.com/rss/articles/CBMijgFBVV95cUxOQmVDR1hHQUNLanBTT01XeURkS1I1d1VuUDRrbm16RGxtMjRrdkJwWG54Z2YyNy10TjVzcV9neXZwQ3VybGFDVnQ5LXlYY3lPWC1SRUN0SGlvb2V5RFlRSTlMaUhHOVFFMEVZMXRnUnk3Y2RjVUNCalBpNm92WlM4ZEhJc3N1MXYwVzcxQWpB?oc=5,https://carnegieendowment.org,What Canada Knows About American Power - Carnegie Endowment for International Peace,未分類,international_news,2026-10-04T11:54:56+00:00,1,0.504,0.504,source_reliability+event_signal
68fd703daa07186a,210147e929ca2a97,60e393530a2e048c,2026-10-01,2026-10-01T22:18:01+00:00,IGV,"IGV,CNBC",geopolitical,,geopolitical_shock,Software roared back last quarter. Cramer says these stocks can keep climbing - CNBC,,,neutral,0.5,0.45,CNBC,cnbc.com,0.8,82.33333333333333,"geopolitical_shock | geopolitical | news | ['igv', 'cnbc']",長期多頭 / 風險偏低,https://news.google.com/rss/articles/CBMiekFVX3lxTE1zbTdTY0tfZHJOcjZGUWRKM1dKNndkenZ5OGlqcTRwUlhxV3NfcVpUNWNGRWN3VEUtQUc0VGlvWFlvdHJHUkhzMmZ6dVhORDBVSkZTUVRJb0NYZnFrVEdaSmZxTVhKclJ3aUxWelN2NFJQdU9Pa2NVV1Rn0gF6QVVfeXFMTXNtN1NjS19kck5yNkZRZEozV0o2d2R6dnk4aWpxNHBSWHFXc19xWlQ1Y0ZFY3dURS1BRzRUaW9YWW90ckdSSHMyZnp1WE5EMFVKRlNRVElvQ1hmcWtUR1pKZnFNWEpyUndpTFZ6U3Y0UlB1T09rY1VXVGc?oc=5,https://www.cnbc.com,Software roared back last quarter. Cramer says these stocks can keep climbing - CNBC,財報/財測；大盤風險；國際/戰爭,news,2026-10-04T11:54:56+00:00,1,0.54,0.54,source_reliability+event_signal
ccf6d486812d5198,1203f91ab8a5f891,98ee3c45412b0496,2026-10-01,2026-10-01T20:26:00+00:00,META,"META,IBD",product_launch,,product_launch,"Meta Platforms, IBD Stock Of The Day, Forges New Buy Point After Muse Rally - Investor's Business Daily",,,neutral,0.5,0.45,Investor's Business Daily,investors.com,0.8,78.83333333333333,"product_launch | product_launch | news | ['meta', 'ibd']",長期多頭 / 風險偏低,https://news.google.com/rss/articles/CBMilwFBVV95cUxPbFh5UjlfUFp4a2tSRmZFQ2tMRUpiTkxNWW5EM3FhX1VoLXJzWHF6NzZySTJBRUdnMkYzaFJSOWs4emZHMkwtSm9pTVZ0R1h5WkdPN1hxTEpJWnJXM2Z5OXgtM2tPNkpxNWFycHByWkNpN3dpOVpqbTFsZHJwRFBqMlpTTzdRWVBLRlNtaGxLN1RIU1BLd1FF?oc=5,https://www.investors.com,"Meta Platforms, IBD Stock Of The Day, Forges New Buy Point After Muse Rally - Investor's Business Daily",AI/晶片,news,2026-10-04T11:54:56+00:00,1,0.54,0.54,source_reliability+event_signal
eec8daece7e20de7,e2a23937f2f3e960,811e0f5e617a88cd,2026-10-01,2026-10-01T20:00:38+00:00,CENTRAL_BANKS,CENTRAL_BANKS,macro_policy,inflation_data,macro_policy,India’s inflation shock adds pressure on central bank - realeconomy.rsmus.com,,,neutral,0.5,0.45,realeconomy.rsmus.com,realeconomy.rsmus.com,0.68,60.93333333333334,macro_policy | macro_policy | international_news | ['central_banks'],長期多頭 / 風險偏低,https://news.google.com/rss/articles/CBMiiwFBVV95cUxOc2FodUZMSUpwcjZ4NkJaeV9ja2toWGNES2lxREhYXzFPVDNHWk84ZEhiSklHcTFfQnpvOG53bUNYUDJBQVR1Z1BGUTY3cXJHVWZ6THI4cVlSRHlWSmdrdkdjQkFOdy1XbFB4NVlxclhxZ0xkQ0RiYkkxT2o1MGF0SWpveWs1VUNxNXBr?oc=5,https://realeconomy.rsmus.com,India’s inflation shock adds pressure on central bank - realeconomy.rsmus.com,Fed/利率,international_news,2026-10-04T11:54:56+00:00,2,0.514,0.514,source_reliability+event_signal
4b56adfb5d10202b,c2ba27831231ae35,6931ab001a03973e,2026-10-01,2026-10-01T19:51:43+00:00,XLK,XLK,earnings,,earnings_release,Sector Update: Tech Stocks Gain Late Afternoon - Yahoo Finance,,,positive,0.65,0.45,Yahoo Finance,finance.yahoo.com,0.72,66.43333333333334,earnings_release | earnings | news | ['xlk'],長期多頭 / 風險偏低,https://news.google.com/rss/articles/CBMinwFBVV95cUxOUUd6amotMmFwVDdWZ3VjVUtoQXRpWUI5ZkFxeWo1M29lWFpYZDNoOV9zWlFXUkgtLXFXNWJHcko2bl9HTEhJTmtPc1VUS3RXOFhSMXR1bFF1QXRDQ01peXY3c0prTDNRekI1SVF2a3ltX2MwbHViMERRbFZRVXhSeDMyN2FUU1lXaTZrRTI2dFFmRkRIU2VVTWgxOHlQeTg?oc=5,https://finance.yahoo.com,Sector Update: Tech Stocks Gain Late Afternoon - Yahoo Finance,AI/晶片,news,2026-10-04T11:54:56+00:00,1,0.576,0.576,source_reliability+event_signal
4bcd22c64169af88,97ecd0b676d596ae,68958906b0a22657,2026-10-01,2026-10-01T19:45:59+00:00,VGT,"VGT,ETF",product_launch,,product_launch,"Vanguard Information Technology Index Fund ETF Shares (VGT) stock price, news, quote and history - Yahoo Finance Singapore",,,neutral,0.5,0.45,Yahoo Finance Singapore,sg.finance.yahoo.com,0.72,70.68333333333334,"product_launch | product_launch | news | ['vgt', 'etf']",長期多頭 / 風險偏低,https://news.google.com/rss/articles/CBMiUEFVX3lxTE1ybnA5RUZSZklmQzdEN2lFbmFQWU54ZXI5MU5KeFZCdEpHd1AwVENZLVg3SHBTcVZ0ZFFzWGpHNE5jQlBUbHlVcEF1N0RlRFlN?oc=5,https://sg.finance.yahoo.com,"Vanguard Information Technology Index Fund ETF Shares (VGT) stock price, news, quote and history - Yahoo Finance Singapore",未分類,news,2026-10-04T11:54:56+00:00,1,0.516,0.516,source_reliability+event_signal
e288c6f565a5f895,fb96b598baae5bd3,54e807bc39ce4cc7,2026-10-01,2026-10-01T19:36:41+00:00,MSFT,"MSFT,AI",geopolitical,,geopolitical_shock,Microsoft (MSFT) Stock Looks Fully Valued Despite Fresh AI Liability Warnings - simplywall.st,,,neutral,0.5,0.45,simplywall.st,simplywall.st,0.68,71.43333333333334,"geopolitical_shock | geopolitical | news | ['msft', 'ai']",長期多頭 / 風險偏低,https://news.google.com/rss/articles/CBMixwFBVV95cUxPR05lWGFGem5SaXNDZ2lLblgwUW4xY1MtYU5kQkhYRjczWlRKRjRjbklPR0FtTzlnRHlHOVFPZUZsTDZvZVBma0hxUXBPWDJnZmVJQmJxaHlUSlpGcEp3bDloRUFscTFGSGFxZ2xxUmZCdnlIZzBBUEtMX01Ta1BaSVFtQ2NtdnhORndtSXM0NW1Dck5rZ2FqVWdXc29aazJ1YzhlWlhzMVcyTk5CelhDMHBadmUtd0F6Um0zOGhoQ2NqbnlGQjVF0gHMAUFVX3lxTE1vLWdUcGJvRGtrTktXWmdJVTFMVjluazNFMXo1dFhvWi1Hby1RTmFKWGVpYlAtWFpWQ2I1Z3dPRG1XYlpHOTlFV0lsUTdxZ09LcGZ5TldtNUNPU2F1Tmg2SE1DOEpBWjlGMno1U0RfeUhNZFlqdE9keVVmLW1Kc3h1WG93Mk4wMmpuR0ZGVjRTYWRtSE5ieFp3SXpZVXBXRDJZc2VSa1pIczA1dGdkYUpBQ0pqX3Axb3RXMlJ1SlB6ODZrTXFGRjl5aE44bQ?oc=5,https://simplywall.st,Microsoft (MSFT) Stock Looks Fully Valued Despite Fresh AI Liability Warnings - simplywall.st,AI/晶片；大盤風險；國際/戰爭,news,2026-10-04T11:54:56+00:00,1,0.504,0.504,source_reliability+event_signal
fe3c24687b99242e,6601c56ec5ce3519,efc1de4b728f309b,2026-10-01,2026-10-01T18:33:10+00:00,GOOGL,GOOGL,analyst_rating,product_launch,analyst_action,Why Is Alphabet (NASDAQ:GOOGL) Stock Falling Despite the Gemini 4 Argon Launch? Analysts Stay Bullish - Stocks Down Under,,,neutral,0.5,0.45,Stocks Down Under,stocksdownunder.com,0.68,69.93333333333334,analyst_action | analyst_rating | news | ['googl'],長期多頭 / 風險偏低,https://news.google.com/rss/articles/CBMif0FVX3lxTE44LTJXSUR0TW04QjFZTFVfbURVRWFGX0hPWk9LcFVvQlNubDl1WlpsSm9rNnh1bnNGQ1B3TmtCV3VpcGw5TWdaLUNsOWxyano2ZnpVNHZYVGhDdklYZV9wZWFGa3ozMEtGTzBTSlFYazNiR0VQNUw1bnFHZVdhSWM?oc=5,https://stocksdownunder.com,Why Is Alphabet (NASDAQ:GOOGL) Stock Falling Despite the Gemini 4 Argon Launch? Analysts Stay Bullish - Stocks Down Under,分析師,news,2026-10-04T11:54:56+00:00,1,0.504,0.504,source_reliability+event_signal
acf97b171ce7cbe0,07d21a5cc52489c0,5be2ea3368ce1cef,2026-10-01,2026-10-01T17:41:00+00:00,IGV,IGV,geopolitical,,geopolitical_shock,Atlassian Climbs 6% as Beaten-Down Software Names Bounce; HubSpot and Monday.com Gain 4% - 24/7 Wall St.,,,positive,0.8,0.45,24/7 Wall St.,247wallst.com,0.68,75.43333333333332,geopolitical_shock | geopolitical | news | ['igv'],長期多頭 / 風險偏低,https://news.google.com/rss/articles/CBMiyAFBVV95cUxNd2ZBbVotd21aaHdsRXFNTGNJMzdJUy1wYVlhTHhGOGdxSDU5U1ppNzN1M2FPWTFXNktydzdDdDU1M0VDeDlOZ0VPX21xS21EcThPLVBhY3RQcVk0WklQSGg1SG1FbzJRbzVvMXpIbFN4MjRWdDhFYUc3ZmpqMVdNVm0tcU8wQkxMOXFuUVU1QjZwamdDSFJ5LVdUc3haR3p2cHFseF9aSUxaaEhheERteXJCVTJ0UmZpdzd3QTduX29LOVFubnVfTA?oc=5,https://247wallst.com,Atlassian Climbs 6% as Beaten-Down Software Names Bounce; HubSpot and Monday.com Gain 4% - 24/7 Wall St.,AI/晶片；大盤風險；國際/戰爭,news,2026-10-04T11:54:56+00:00,1,0.624,0.624,source_reliability+event_signal
7cca96abaea875cc,603011155bda0841,2f38057c74e467ef,2026-10-01,2026-10-01T17:18:58+00:00,GLOBAL,"GLOBAL,IMF,GCC",product_launch,,product_launch,IMF Commends Resilience of GCC Economies and Fiscal Measures Implemented Amid Current Conditions - الأمانة العامة لمجلس التعاون لدول الخليج العربية,,,neutral,0.5,0.45,الأمانة العامة لمجلس التعاون لدول الخليج العربية,gcc-sg.org,0.68,67.18333333333334,"product_launch | product_launch | international_news | ['global', 'imf', 'gcc']",長期多頭 / 風險偏低,https://news.google.com/rss/articles/CBMiekFVX3lxTE16R0FXMndzZ3F4T3dkQno3aG92VjFmakdXaFFNdnhwM19Qb0tWaEVDaWJnRkdMMTViYVFYX0x1TV8xNFNvUi1KQzlwX2stRUk3Sm1JUUhyMkxDLW43Q0oxbVNQVXBFc09TQnI4OFhzeDFBSi15bUl1SG53?oc=5,https://www.gcc-sg.org,IMF Commends Resilience of GCC Economies and Fiscal Measures Implemented Amid Current Conditions - الأمانة العامة لمجلس التعاون لدول الخليج العربية,未分類,international_news,2026-10-04T11:54:56+00:00,1,0.504,0.504,source_reliability+event_signal
dac86b5e3f3ffdce,e19a75a72ab411ac,d005d62612c4cefc,2026-10-01,2026-10-01T17:17:05+00:00,TRADE,"TRADE,US",geopolitical,,geopolitical_shock,"EXCLUSIVE: US slows aircraft-part exports to China as Trump seeks leverage in trade negotiations, sources say - Reuters",,,neutral,0.5,0.45,Reuters,reuters.com,0.95,94.58333333333333,"geopolitical_shock | geopolitical | international_news | ['trade', 'us']",長期多頭 / 風險偏低,https://news.google.com/rss/articles/CBMi2gFBVV95cUxOTm41VmdtNFdJR2d1VVB2ZGxGeDRoU0FxTVJvbkZZSURLSGJNU1JFdmFyMWswaDh4Ukszb1dCUS0yNk8wY3MzN2N2dm12VnhMcmR0Qm1KU0hqdjNfZl9pbjU1bGpjY24tYkNIWkw2Vzh6SE1wYkQ0bEtZSmJTRl9wekhLN281NF90NWhVNC1la19nLTRlVXFNZUVjVVlscTBPa0d6RURVc0ZxS0ZDaVd4Ykw0MllFaEhsSVhBdm9qM0FSblVhaVJjbGtsdDBxOHR5aDRGUjJ6Q1lqZw?oc=5,https://www.reuters.com,"EXCLUSIVE: US slows aircraft-part exports to China as Trump seeks leverage in trade negotiations, sources say - Reuters",AI/晶片；產品/需求；國際/貿易,international_news,2026-10-04T11:54:56+00:00,1,0.585,0.585,source_reliability+event_signal
83d3ec282bd3d950,5a53486297e39bb1,8d03ad6d5dcf81ae,2026-10-01,2026-10-01T17:07:54+00:00,META,META,product_launch,,product_launch,What Needs To Be True To Buy Meta Stock Now? - Trefis,,,neutral,0.5,0.45,Trefis,trefis.com,0.68,59.18333333333334,product_launch | product_launch | news | ['meta'],長期多頭 / 風險偏低,https://news.google.com/rss/articles/CBMipwFBVV95cUxPeFlqaGxrTS0wNDlOSkZkYVZBVVZZX19ETUdyUVAzeHFUUzNTLXVOTWhmaEVhOGVpNEl4dTJkU2tpdHIwOFhTWkl4c01tcFFUdjhnOUQwNTcxaWNuZnhFT25icjAwTFQ2QUNaYkhGUmdDb1hqRVR3cGdjZmtMTXdteEEyT0s3cHVIZ2Vsa1JoV3RMUDNlZXdGYlVtNGt2UHhOMlNYQUFwaw?oc=5,https://www.trefis.com,What Needs To Be True To Buy Meta Stock Now? - Trefis,未分類,news,2026-10-04T11:54:56+00:00,1,0.504,0.504,source_reliability+event_signal
94c4bceff60b1713,612ea52decd8de98,e8699d4249c7b74e,2026-10-01,2026-10-01T15:31:00+00:00,VGT,"VGT,ETF",analyst_rating,,analyst_action,"Had You Bought This Vanguard ETF at the Start of January, You'd be Obliterating the S&P 500 in 2026 - fool.com",,,neutral,0.5,0.45,fool.com,fool.com,0.68,70.93333333333334,"analyst_action | analyst_rating | news | ['vgt', 'etf']",長期多頭 / 風險偏低,https://news.google.com/rss/articles/CBMilAFBVV95cUxNYkJ6X2VqTkhUeDNJcFk0TUU4N2hDeFdZTENLRXg4OFp6Q25EeGdJWngtdkJTNWFCazJFYWkzbXlvcVpvWmg0d3dpQnZZZzdLU3Z5eE0xWk9ITFRBQUs2M00ybXhmUkJSOV8zMGkweFFJcF9sSzB2dzlKRXE1NjhDN3RmNW9Ya1VrQjlaZ1dsQ2sxZjVq?oc=5,https://www.fool.com,"Had You Bought This Vanguard ETF at the Start of January, You'd be Obliterating the S&P 500 in 2026 - fool.com",分析師,news,2026-10-04T11:54:56+00:00,1,0.504,0.504,source_reliability+event_signal
57ef536b6b93bef0,fa334ceb22759b76,ba3a2e68038f29c4,2026-10-01,2026-10-01T14:30:00+00:00,AMZN,AMZN,product_launch,,product_launch,Price Prediction: Amazon Stock Will Hit $400 on This Date - 24/7 Wall St.,,,neutral,0.5,0.45,24/7 Wall St.,247wallst.com,0.68,61.18333333333334,product_launch | product_launch | news | ['amzn'],長期多頭 / 風險偏低,https://news.google.com/rss/articles/CBMioAFBVV95cUxPalpGT1kxWER3emtJVkYzZHkxQWpoVWlBVVZIZm5KRTBfRThrR3BnSXdtU042QVBoWDlTbWRmS1dyT1lfRWo2ZTB3WGRNcm1abE56LUYyT3liTU9MbkhreHVfRVNzTEJrTUZWRUJrTnhiejYtT3d5cWdFNWV3VDVxR2R0RTdMQnNPMWQ0NkI5ZERTRTI3aDVoMTMwSVllQ0V5?oc=5,https://247wallst.com,Price Prediction: Amazon Stock Will Hit $400 on This Date - 24/7 Wall St.,未分類,news,2026-10-04T11:54:56+00:00,1,0.504,0.504,source_reliability+event_signal
10931fd8f3bb37a0,910460b8761534f4,98538df1774f6e59,2026-10-01,2026-10-01T14:11:00+00:00,IYW,"IYW,AI,IBM",earnings,,earnings_release,"Accenture Soars 23% as Record Bookings Dispel AI Demand Fears; Infosys Jumps 8%, IBM Climbs 5% - 24/7 Wall St.",,,positive,0.65,0.45,24/7 Wall St.,247wallst.com,0.68,70.93333333333334,"earnings_release | earnings | news | ['iyw', 'ai', 'ibm']",長期多頭 / 風險偏低,https://news.google.com/rss/articles/CBMizgFBVV95cUxPM3E4SXIzUE44Wkxub0VEUGlJYUdWbmlWakxvbkFqVGQwV0JfUXpSdHNfN2pmbXFjcy1Fc2VmbDlDczBCTEE2WGdQT2RFbkJPbEFzM3Z4Z1FKTW1weTh0b3JTUDFoTDhOREItdnNEQlN1NmM5eUx4RWZzYTNtUm14alY2VUtTMmZISzZUTGt4QjFwN1dnMWIxR2JHZDVaMVE3QTRUZXl2dVQzdk9mOHdBWnBxYThUX01NcHAwZ01RMndxZlI4RDNibkNUTGJ1dw?oc=5,https://247wallst.com,"Accenture Soars 23% as Record Bookings Dispel AI Demand Fears; Infosys Jumps 8%, IBM Climbs 5% - 24/7 Wall St.",AI/晶片,news,2026-10-04T11:54:56+00:00,1,0.5640000000000001,0.5640000000000001,source_reliability+event_signal
854d36478d20e53b,bcccc57f545bb6c9,e34230a68a9f5c9b,2026-10-01,2026-10-01T13:04:24+00:00,AAPL,"AAPL,TIKR",product_launch,,product_launch,Apple Chief Executive John Ternus Weighs Major Corporate Overhaul and Product Release Shift - TIKR.com,,,neutral,0.5,0.45,TIKR.com,tikr.com,0.68,62.18333333333334,"product_launch | product_launch | news | ['aapl', 'tikr']",長期多頭 / 風險偏低,https://news.google.com/rss/articles/CBMikwFBVV95cUxOUHVNS19lOVZENVVHOGFJRUJteFJRRnBzUktaNnlNTjJjWG5pT2hvVnFPTXhLN3JxY1daaWZmWWtfb21uZFJSLWFGLUJ4ZG41ZHBwRWppUDJYeU11ei1uZmRkbWJENHFRLVNPRnZXVXM5V2w1cjhJRjNxX2dldmN1LTlBNFRhRDEzNGFzdFdPRjZDS0U?oc=5,https://www.tikr.com,Apple Chief Executive John Ternus Weighs Major Corporate Overhaul and Product Release Shift - TIKR.com,未分類,news,2026-10-04T11:54:56+00:00,1,0.504,0.504,source_reliability+event_signal
977d7703a3c40a52,a86da843e2c543f5,28812d649f05d2f2,2026-10-01,2026-10-01T12:00:00+00:00,IYW,IYW,product_launch,,product_launch,Apple Takes Aim at the Smart Home: ETFs to Tap? - TradingView,,,neutral,0.5,0.45,TradingView,es.tradingview.com,0.68,62.93333333333334,product_launch | product_launch | news | ['iyw'],長期多頭 / 風險偏低,https://news.google.com/rss/articles/CBMiogFBVV95cUxPaEkwRVY3UGprcV9Xd2p4OTQweEh6Yk1yeDI4dE5WMDBwMzZMSlNmNG9KME9FdkhZZm94ZjlrcWxzZm1ZVnlQdlMzQ1JhVEdFeWVDcWhTQk5veXdsVFo5UTFwSnZTdUtpMnR6aXZXT0ZWQmNiS2VvM201NTdsNkxJNjZuOS0xYms0ZGdxS0pfRFl4OWNzMnRxbUw5cnRWMUp3OXc?oc=5,https://es.tradingview.com,Apple Takes Aim at the Smart Home: ETFs to Tap? - TradingView,AI/晶片,news,2026-10-04T11:54:56+00:00,1,0.504,0.504,source_reliability+event_signal
b53f6e458f6915c1,a86e0e592bcbced6,787204021e6d18a1,2026-10-01,2026-10-01T12:00:00+00:00,VGT,VGT,product_launch,,product_launch,Apple Takes Aim at the Smart Home: ETFs to Tap? - TradingView,,,neutral,0.5,0.45,TradingView,es.tradingview.com,0.68,62.93333333333334,product_launch | product_launch | news | ['vgt'],長期多頭 / 風險偏低,https://news.google.com/rss/articles/CBMiogFBVV95cUxPaEkwRVY3UGprcV9Xd2p4OTQweEh6Yk1yeDI4dE5WMDBwMzZMSlNmNG9KME9FdkhZZm94ZjlrcWxzZm1ZVnlQdlMzQ1JhVEdFeWVDcWhTQk5veXdsVFo5UTFwSnZTdUtpMnR6aXZXT0ZWQmNiS2VvM201NTdsNkxJNjZuOS0xYms0ZGdxS0pfRFl4OWNzMnRxbUw5cnRWMUp3OXc?oc=5,https://es.tradingview.com,Apple Takes Aim at the Smart Home: ETFs to Tap? - TradingView,AI/晶片,news,2026-10-04T11:54:56+00:00,2,0.514,0.514,source_reliability+event_signal
56e90f2ed7004ce1,fc39fa5a230c469f,9826413b5d00eaa6,2026-10-01,2026-10-01T11:46:37+00:00,MSFT,MSFT,earnings,,earnings_release,Microsoft stock best quarter since 1998: Q3 2026 gains 37.5% - qz.com,,,positive,0.65,0.45,qz.com,qz.com,0.68,66.35,earnings_release | earnings | news | ['msft'],長期多頭 / 風險偏低,https://news.google.com/rss/articles/CBMidkFVX3lxTE1UbTVROEF5OVdUcEdCaUhIclhLaUR0Zl9sZnlRYUhFVHFPYk5zS2pPV1hlTTBrUjhaRmJOYmxQOVRHb1E1dDlJakxSNE42TG9pTmM3TnR4YzU1VHdVOXhtSmQyUHNDRkpqbng3Ym9PZ24yWG1tc1E?oc=5,https://qz.com,Microsoft stock best quarter since 1998: Q3 2026 gains 37.5% - qz.com,AI/晶片；財報/財測,news,2026-10-04T11:54:56+00:00,1,0.5640000000000001,0.5640000000000001,source_reliability+event_signal
b90d3b050a411e1f,1778663b7fe60631,d2565a3d9ed5519c,2026-10-01,2026-10-01T10:48:22+00:00,AMZN,"AMZN,AWS",product_launch,,product_launch,Wells Fargo reiterates Amazon stock Overweight on AWS pricing power - Investing.com,,,neutral,0.5,0.45,Investing.com,investing.com,0.68,62.6,"product_launch | product_launch | news | ['amzn', 'aws']",長期多頭 / 風險偏低,https://news.google.com/rss/articles/CBMixgFBVV95cUxON21IYmVnNS1udmN4T3lmdWgzOHlBTklPaUU3RXY0SHJPWnpZVWd5dTRFUG0zQlBYaEFaZndEZVgyMlZtc1ZsWWE3akVBb3Q2RkZNcHFCYVQtRmFrVHg3UUxISWNwRm11RjJiTm9vVDdpTGV6M3dGSzNYWXNqUFJCUWc5cm1aS01IMzZYTGtKQjBHQnBNSUwtQkQzVXFSbDlGVDUxMnZoQmp5VnBDSVM4YTYxbE9BWVcyQkgyTEtPaTlSZWlqU2c?oc=5,https://www.investing.com,Wells Fargo reiterates Amazon stock Overweight on AWS pricing power - Investing.com,產品/需求,news,2026-10-04T11:54:56+00:00,1,0.504,0.504,source_reliability+event_signal
e2ffd08cc174fa02,fb33feb891afb860,6d7fbd5c4502c41e,2026-10-01,2026-10-01T10:13:02+00:00,AMD,AMD,product_launch,,product_launch,What's Going On With AMD Stock Thursday? - TradingView,,,neutral,0.5,0.45,TradingView,es.tradingview.com,0.68,55.85,product_launch | product_launch | news | ['amd'],長期多頭 / 風險偏低,https://news.google.com/rss/articles/CBMingFBVV95cUxPYzh4dDFJQjhwUlZYNkJnWlAxSk95QzlZaUxvaURTazlPM2lMU2dUSXNZUG1DbG9rVmw4MFNoUE01dWptanZTUko0NHZuLURvREdmT20xNnNxUmtUYVpCYW13MGFrZFVEYTNCQnMwZVpiOENMbHJ2eVoyS0NTSVFvU0pMMTg2bnJIbjJYa2lvUUh4clV3ZGk0VFo2b3RJQQ?oc=5,https://es.tradingview.com,What's Going On With AMD Stock Thursday? - TradingView,未分類,news,2026-10-04T11:54:56+00:00,1,0.504,0.504,source_reliability+event_signal
ddb3e8a33139333f,5986d656cb9fabf1,1cd6467720a09e25,2026-10-01,2026-10-01T07:00:00+00:00,AMZN,AMZN,guidance,analyst_rating,guidance_revision,Amazon.com (NasdaqGS:AMZN) Stock Forecast & Analyst Predictions - simplywall.st,,,neutral,0.5,0.45,simplywall.st,simplywall.st,0.68,63.35,guidance_revision | guidance | news | ['amzn'],長期多頭 / 風險偏低,https://news.google.com/rss/articles/CBMidkFVX3lxTE94QVNzWVFkbDdMODZDS0FtNnFJVGJtRUpDbTFtaS02S1J4ZlZ6Y09iOU9uel9QNUFlOWpQdXZhODBWa3B1Wmp6T1VlOHlkcHpqYVpFV2hNb3dHMEtPNnNLaVlWMnd1WFRlZG1YZUpzOEFFaDRuQ3c?oc=5,https://simplywall.st,Amazon.com (NasdaqGS:AMZN) Stock Forecast & Analyst Predictions - simplywall.st,財報/財測；分析師,news,2026-10-04T11:54:56+00:00,1,0.504,0.504,source_reliability+event_signal
4c4a7fefb9872302,31b01a822f774136,5fc95b27461a7d7a,2026-10-01,2026-10-01T07:00:00+00:00,SMH,SMH,product_launch,,product_launch,6 Best-Performing Semiconductor ETFs in October - nerdwallet.com,,,neutral,0.5,0.45,nerdwallet.com,nerdwallet.com,0.68,58.6,product_launch | product_launch | news | ['smh'],長期多頭 / 風險偏低,https://news.google.com/rss/articles/CBMibkFVX3lxTFBKMXhsOUppNTA4WTJ6OHdNU0RQSUVsdV9vdEJScFJEWDFzV2Frck41b0pmblM3TXRvM3NUTWhORnhUc1RTM0xfdEtDWGkwSEloWThUS0pxRW5uajFCSHNPM3VZR0Rla2ZiUTQtYWNR?oc=5,https://www.nerdwallet.com,6 Best-Performing Semiconductor ETFs in October - nerdwallet.com,AI/晶片,news,2026-10-04T11:54:56+00:00,1,0.504,0.504,source_reliability+event_signal
107c56af33e3c1f1,59a62ff7f3e0cc97,5ab7a0d6b9083094,2026-10-01,2026-10-01T07:00:00+00:00,SOXX,SOXX,product_launch,,product_launch,6 Best-Performing Semiconductor ETFs in October - nerdwallet.com,,,neutral,0.5,0.45,nerdwallet.com,nerdwallet.com,0.68,58.6,product_launch | product_launch | news | ['soxx'],長期多頭 / 風險偏低,https://news.google.com/rss/articles/CBMibkFVX3lxTFBKMXhsOUppNTA4WTJ6OHdNU0RQSUVsdV9vdEJScFJEWDFzV2Frck41b0pmblM3TXRvM3NUTWhORnhUc1RTM0xfdEtDWGkwSEloWThUS0pxRW5uajFCSHNPM3VZR0Rla2ZiUTQtYWNR?oc=5,https://www.nerdwallet.com,6 Best-Performing Semiconductor ETFs in October - nerdwallet.com,AI/晶片,news,2026-10-04T11:54:56+00:00,1,0.504,0.504,source_reliability+event_signal
e7038a442dffc7c3,a86e0e592bcbced6,787204021e6d18a1,2026-10-01,2026-10-01T07:00:00+00:00,VGT,VGT,product_launch,,product_launch,10 Best-Performing Vanguard ETFs for October 2026 - nerdwallet.com,,,neutral,0.5,0.45,nerdwallet.com,nerdwallet.com,0.68,55.85,product_launch | product_launch | news | ['vgt'],長期多頭 / 風險偏低,https://news.google.com/rss/articles/CBMiZ0FVX3lxTE5yeXdaU2YyWE1Gc093bFhvSDUzaUIwWkFQN081T1JPaG9BbmNadHBDckg5c21mcEJWMk1JTUtxTDVvSjJFaURIZmt3T1dKQjRCQ2szdDRaREtZZlZ4eWx5MlVxOUxZOE0?oc=5,https://www.nerdwallet.com,10 Best-Performing Vanguard ETFs for October 2026 - nerdwallet.com,未分類,news,2026-10-04T11:54:56+00:00,2,0.514,0.514,source_reliability+event_signal
34f18851d65592b1,e2a23937f2f3e960,811e0f5e617a88cd,2026-10-01,2026-10-01T07:00:00+00:00,CENTRAL_BANKS,CENTRAL_BANKS,macro_policy,inflation_data,macro_policy,Inflation rate and central bank interest rate in developed and emerging countries as of September 2026 - Statista,,,neutral,0.5,0.45,Statista,statista.com,0.68,72.35,macro_policy | macro_policy | international_news | ['central_banks'],長期多頭 / 風險偏低,https://news.google.com/rss/articles/CBMijAFBVV95cUxPN1dESGlPd05QSUM0VFdqd04wVGdkUzBSczA3WmpGOVAxZllzX2c4b3Fjdko1WTZISDdIbUxpWWJxcEpIbS0ya19wOFNLUjgtWFJPVUl4bkhERzQ3LWgzUmxKTmxCVXBRNUR4SFNwdGg1dEFWbXJaVWhBY2liOW44VmdBUkVyT2N4ckpKZg?oc=5,https://www.statista.com,Inflation rate and central bank interest rate in developed and emerging countries as of September 2026 - Statista,Fed/利率；產品/需求,international_news,2026-10-04T11:54:56+00:00,2,0.514,0.514,source_reliability+event_signal
c86f40fd2aa4c8fd,216b2c583161d95b,fc221a7f4ec473b4,2026-10-01,2026-10-01T06:18:20+00:00,SMH,"SMH,ETF",product_launch,,product_launch,VanEck Semiconductor ETF (Dinari Tokenized ETF) (SMH) Price Prediction for 2026 to 2031 - Bybit,,,neutral,0.5,0.45,Bybit,bybit.com,0.68,65.6,"product_launch | product_launch | news | ['smh', 'etf']",長期多頭 / 風險偏低,https://news.google.com/rss/articles/CBMikgFBVV95cUxPSzJrVFBPbUt5NkJKTzlzbENhRkI3V0t0c2g3SUU0ZHA5X1ROTzdYdUE0MlBlU1dVTE9ZanlGNFdGQ1gxd1BPem1CTkVrWGZFUWcxQ2RQNkFOcW0yWmN0a3dXLWFEaElZWEN1RFR6UUFUc3IzTW5kbXh3SzE1NF82dGJ6R2dGMzdfTTFsTkFwdUhtQQ?oc=5,https://www.bybit.com,VanEck Semiconductor ETF (Dinari Tokenized ETF) (SMH) Price Prediction for 2026 to 2031 - Bybit,AI/晶片,news,2026-10-04T11:54:56+00:00,1,0.504,0.504,source_reliability+event_signal
6ec62e16a2fea107,1099986df6864335,db715deab2e46dd6,2026-10-01,2026-10-01T04:49:00+00:00,GLOBAL,GLOBAL,inflation_data,,inflation_print,"Geopolitical tensions, high crude may fuel India's imported inflation, says government report - Reuters",,,neutral,0.5,0.25,Reuters,reuters.com,0.95,90.25,inflation_print | inflation_data | international_news | ['global'],長期多頭 / 風險偏低,https://news.google.com/rss/articles/CBMirgFBVV95cUxOMmh1aDl6WkZhcWU2cVdMN0ZQblp0cXJMZ2ZvUDFNMW1ORWdwbzJSbnJZUlE5ek1sRDR2S3V6TlBSS3V6TFNDcUNGV1dqS09tMGVYOXlfODlPRFRmVmh0dlBEcnl1WEZkUFVVWnBQUHhQZzhsdjJ2YzF1cW5Fbm03SlJURFl6eHNzSGF5c01BOWVtZlRaYlMzYWg2Q1E4a2ZxWjQ3R3FmSFFXVkF3cnc?oc=5,https://www.reuters.com,"Geopolitical tensions, high crude may fuel India's imported inflation, says government report - Reuters",Fed/利率；大盤風險；國際/戰爭；國際/貿易,international_news,2026-10-04T11:54:56+00:00,1,0.545,0.545,source_reliability+event_signal
2232d88dc01c2912,54ae215ae7045f49,6ce870c46982b136,2026-10-01,2026-10-01T02:20:42+00:00,WAR,WAR,geopolitical,,geopolitical_shock,Iran War Threatens a Prolonged Hit to Global Energy Markets - EnergyNow.com,,,neutral,0.5,0.45,EnergyNow.com,energynow.com,0.68,66.35,geopolitical_shock | geopolitical | international_news | ['war'],長期多頭 / 風險偏低,https://news.google.com/rss/articles/CBMilAFBVV95cUxOLVhOU1hzTGxCWGJhRHJnQ3JqY0VZX0ZvbkI0UHV3U19MX0IwYzJRSjVkeTJEcHRsUTk1cVZVRVFDMGlaWEY1VkpwcmtyRFZ6THdJTmF6d1hpN3JxZHVGV1htT0gxU1dQRmFVOWh0Rk92SFNMbEVSbEdHYTB2dkpBcHpQamVLa0VwNzNRV3Zua2JfZW56?oc=5,https://energynow.com,Iran War Threatens a Prolonged Hit to Global Energy Markets - EnergyNow.com,大盤風險；國際/戰爭,international_news,2026-10-04T11:54:56+00:00,1,0.504,0.504,source_reliability+event_signal
699e1dda7035150d,2669f9da88b761d6,68958906b0a22657,2026-09-30,2026-09-30T21:20:36+00:00,VGT,"VGT,ETF",product_launch,,product_launch,Yields & Global Value: Inside Vanguard's Top 8 ETFs for September - ETF Database,,,neutral,0.5,0.45,ETF Database,etfdb.com,0.68,60.85,"product_launch | product_launch | news | ['vgt', 'etf']",長期多頭 / 風險偏低,https://news.google.com/rss/articles/CBMiiwFBVV95cUxPQlBvN19kZVJKQ1pDNDI5blB3OTJyQkl6czZLNmx2RDFKZUR4dnAyRXhpR0xJU0pEM0M4Q3I4a1NLc0FVU2xjX1k5UWhrZnd3anp5SDdHYl9ZOEVlSDVKUVpJSm9IalhrV3cyYVZLVGtLelZPTE1XaUtxOUxQSEpaYUxEVUhjTTR1Qm40?oc=5,https://etfdb.com,Yields & Global Value: Inside Vanguard's Top 8 ETFs for September - ETF Database,未分類,news,2026-10-04T11:54:56+00:00,1,0.504,0.504,source_reliability+event_signal
1df31e5b827eed54,7507689c01910340,08e26afe1f283151,2026-09-30,2026-09-30T21:06:00+00:00,AAPL,AAPL,product_launch,,product_launch,Apple Predicted To Sell 6 Million iPhone Duo Handsets This Year - Investor's Business Daily,,,neutral,0.5,0.45,Investor's Business Daily,investors.com,0.8,79.25,product_launch | product_launch | news | ['aapl'],長期多頭 / 風險偏低,https://news.google.com/rss/articles/CBMilAFBVV95cUxOU0VaNmd2U0tkNXlzazM5Y2dxSXBfajRBT2JwYnNacklBN1ZnRU1EbXp3ZDNsUm1WcVM2MlBkTm02WDhoNW80MWFLVDV2WGtWOWZIcTRaRW5uQmJHM0VhbkNiUFJ2dU1rdjdVc054dzlYYnQzQ0xzc1k2dlY3LWVJVHpic2tsVGhScUVabGotdlUyell1?oc=5,https://www.investors.com,Apple Predicted To Sell 6 Million iPhone Duo Handsets This Year - Investor's Business Daily,AI/晶片；產品/需求,news,2026-10-04T11:54:56+00:00,2,0.55,0.55,source_reliability+event_signal
7a386ad0e3ed9473,0fa4a61dc5778853,2117693593d74001,2026-09-30,2026-09-30T20:26:47+00:00,IGV,"IGV,MOORE,INC,ETF",geopolitical,,geopolitical_shock,"BROOKS, MOORE & ASSOCIATES, INC.'s iShares Expanded Tech-Software Sector ETF(IGV) Holding History - GuruFocus",,,neutral,0.5,0.45,GuruFocus,gurufocus.com,0.68,68.35,"geopolitical_shock | geopolitical | news | ['igv', 'moore', 'inc', 'etf']",長期多頭 / 風險偏低,https://news.google.com/rss/articles/CBMijgFBVV95cUxOMzNsVzFyOHdaYXAxS1BOOFEwUTJwTmw0UmMzamhLb1prVjE1QlU1aUlSUHBIMjBseWJGZ2c0V1FIajhUcDdzN093TXk5NHoyMVhzbGN4NTdWbWtZQ1c3T3RzZk9vcUxDZkFqcl9CTGllcG80SEI5NEFvTFI5Q19SaUpwc3dSdjU2eGVac193?oc=5,https://www.gurufocus.com,"BROOKS, MOORE & ASSOCIATES, INC.'s iShares Expanded Tech-Software Sector ETF(IGV) Holding History - GuruFocus",大盤風險；國際/戰爭,news,2026-10-04T11:54:56+00:00,1,0.504,0.504,source_reliability+event_signal
990f041fd529fbe3,85340751fd4b2f23,95663799cde2f723,2026-09-30,2026-09-30T20:20:51+00:00,IGV,"IGV,PCE",inflation_data,geopolitical,inflation_print,"Cooler PCE, Hotter Software: Why IGV Is Beating Semiconductor ETFs - iShares Expanded Tech-Software Secto - Benzinga",,,positive,0.65,0.45,Benzinga,benzinga.com,0.68,75.1,"inflation_print | inflation_data | news | ['igv', 'pce']",長期多頭 / 風險偏低,https://news.google.com/rss/articles/CBMiwgFBVV95cUxNQ3o0RV96cF9pd093UHF4Y0o5U3JMdUl0RVlrQUt6VXFrQUh1TUItdVhqWV9rUm1SZFlxWHVySFpIZEdoR0hNU0pVbGdpeGplSm5TOWFkZEVIWkQwTl9JLWFDc1lFZHVOM0xIdlZ3LUUyYlVRVDRWeGxLUk8zYzlQRnlxZkZqT3NISU9DTkZwWlI2a1RpTWoybzFkZjRRdGUtUElTdGFva0VpRGJsOWZ6RF85VmMzUzBicVM0eFNIcXJBQQ?oc=5,https://www.benzinga.com,"Cooler PCE, Hotter Software: Why IGV Is Beating Semiconductor ETFs - iShares Expanded Tech-Software Secto - Benzinga",AI/晶片；Fed/利率；大盤風險；國際/戰爭,news,2026-10-04T11:54:56+00:00,1,0.5640000000000001,0.5640000000000001,source_reliability+event_signal
c88e32b14ea26fe0,b7a6c906d98113e9,cfac67e49622bbc1,2026-09-30,2026-09-30T20:08:47+00:00,META,"META,AI,CNBC",product_launch,,product_launch,Meta stock enjoys best month since 2022 on AI momentum - CNBC,,,neutral,0.5,0.45,CNBC,cnbc.com,0.8,72.5,"product_launch | product_launch | news | ['meta', 'ai', 'cnbc']",長期多頭 / 風險偏低,https://news.google.com/rss/articles/CBMidEFVX3lxTE1JU2Z5QzZ5cDZaZmhqYzJIR3lHeEduQWNfZnMyMTNNSENwdUh0cXNaOTRaZTRweS13STVyckg3MkVoNnB0aUFDV3R1YVU0YlFJbjA1YlhmRmM3cFN1eFRLQmpwUS1hZ0k2dUg4SXpuZ25LLXBU0gF6QVVfeXFMTnpwYnd1RXlTR25obHhCa28zeVhkUDFEbTZBcjA1ZklfSklPc3p0VVoxZHduRUwwdURtYVlXc0NDb1Q3U3Z1cjIwRmg0M284SUYwczV0U081MVliN0s1bkZtU1p0NWgyOUZPUnhPQkJ4bjc2OHE2RXNrNmc?oc=5,https://www.cnbc.com,Meta stock enjoys best month since 2022 on AI momentum - CNBC,AI/晶片,news,2026-10-04T11:54:56+00:00,1,0.54,0.54,source_reliability+event_signal
fb17c73dc720484e,222a8f07a5ee0351,bd6da29afbef15a2,2026-09-30,2026-09-30T18:09:41+00:00,QQQ,QQQ,product_launch,,product_launch,Inside the Nasdaq 100: The Stocks Driving Innovation and Market Performance - Investopedia,,,neutral,0.5,0.45,Investopedia,investopedia.com,0.68,59.85,product_launch | product_launch | news | ['qqq'],長期多頭 / 風險偏低,https://news.google.com/rss/articles/CBMisgFBVV95cUxQZFVFUV9uNUNmb1BoblFzV096WkpZR3FkczZ2eGEzdTk0SlZMVy1PejNwVF9RZzkzaXQ3N2dmZGUzaVo1NGE2SUxYdThLazJzaUsyckg0X1NoazJvSW9LNVBGaGtreWUwbGZFdld4V3EyWG9YZ3pjRXNlVDVuZ3ktc1lEbDJXQS1xUzF1dG9CSjFsZThpdjRxU3JfcXFLREZtUWZZZjVrN1Jlc0g3Znhqb1N3?oc=5,https://www.investopedia.com,Inside the Nasdaq 100: The Stocks Driving Innovation and Market Performance - Investopedia,未分類,news,2026-10-04T11:54:56+00:00,1,0.504,0.504,source_reliability+event_signal
ec7bafcd629438a9,838e917395f16c99,ed666e0769f929fe,2026-09-30,2026-09-30T18:08:41+00:00,XLK,"XLK,ETF",product_launch,,product_launch,Thematic vs. Sector ETF: Understanding the Difference - Investopedia,,,neutral,0.5,0.45,Investopedia,investopedia.com,0.68,55.85,"product_launch | product_launch | news | ['xlk', 'etf']",長期多頭 / 風險偏低,https://news.google.com/rss/articles/CBMikwFBVV95cUxPN3JXbWsyb1AxZTZ2SW1LelVkSFYxa1NuM2M4alZsdHZiQWd1b2NMMDBoanptT09SUGlOY3pYWFdIRzlzQ2lUS2E0ckNhREhCM0pXNkxVWjNvMWtUcm9qS19YeUQ2Z3htZ0xtRVhVdm5vRUJhLWhyd05KVm9NTFFQcld3cmkwTUpSOHM4QXpiRi1sX00?oc=5,https://www.investopedia.com,Thematic vs. Sector ETF: Understanding the Difference - Investopedia,未分類,news,2026-10-04T11:54:56+00:00,1,0.504,0.504,source_reliability+event_signal
b8cd2f1105bab3ff,07fbcd88b5e8ec30,8d03ad6d5dcf81ae,2026-09-30,2026-09-30T17:20:00+00:00,META,META,product_launch,,product_launch,"Here's What a $1,500 Investment in Meta Platforms Stock Could Be Worth in 5 Years - fool.com",,,neutral,0.5,0.25,fool.com,fool.com,0.68,67.6,product_launch | product_launch | news | ['meta'],長期多頭 / 風險偏低,https://news.google.com/rss/articles/CBMimAFBVV95cUxQUXBIeU1MRmpNaVUtMEdXSXpTdnUwckhZWWZUeTFGQm0xTjEwbmdBejNqbFlhWUd3ZGZhMEtpN0pFSlM2ZmI4Y3ZBZ0pFeEVQZUdBQ3BlWk1ET3B2NmRhalVRRlZhYlRmcXBCc0VidlJ2clU4NVZ6UnNIa1BSeFRyOVk5NjdaUkVBY01WMzRvdXlsV1FDUTV4cw?oc=5,https://www.fool.com,"Here's What a $1,500 Investment in Meta Platforms Stock Could Be Worth in 5 Years - fool.com",併購/合作,news,2026-10-04T11:54:56+00:00,1,0.464,0.464,source_reliability+event_signal
2bf5a0203f07e297,a6f6fd8829a42590,6168fd0bb1eae106,2026-09-30,2026-09-30T15:04:25+00:00,SOXX,"SOXX,AI",earnings,,earnings_release,"AI Uncertainty Is Rising, But These 3 Chip ETFs Still Have Momentum - MarketBeat",,,positive,0.65,0.45,MarketBeat,marketbeat.com,0.68,64.6,"earnings_release | earnings | news | ['soxx', 'ai']",長期多頭 / 風險偏低,https://news.google.com/rss/articles/CBMipgFBVV95cUxOaXNoa3ZFQ0hobUR1TGZ0M1p5aTZqa09pYU11TGdIZEpfNjJoOXI5VGZfVmtBLUxOQnhRMGVuZGtDQnpKWnY1LUYyMkFwZ2Frd0I1LWNaWFBtOWQ3R2tndExUQWVGOVB0R2ZKQmFtZTN6OVIwVnhrd1M2Z1k5ZFdmUjdDXzFoSUVFU3ZwQmNIaHlSdHlrWEM1UmFCdkFMaDYtcFZsbzZB?oc=5,https://www.marketbeat.com,"AI Uncertainty Is Rising, But These 3 Chip ETFs Still Have Momentum - MarketBeat",AI/晶片,news,2026-10-04T11:54:56+00:00,1,0.5640000000000001,0.5640000000000001,source_reliability+event_signal
ea3a2bea2d636dd0,7507689c01910340,08e26afe1f283151,2026-09-30,2026-09-30T15:00:02+00:00,AAPL,AAPL,product_launch,,product_launch,Apple stock pops on report it will unveil all-new smart home hub at Oct. 13 event - Yahoo Finance,,,neutral,0.5,0.45,Yahoo Finance,finance.yahoo.com,0.72,75.1,product_launch | product_launch | news | ['aapl'],長期多頭 / 風險偏低,https://news.google.com/rss/articles/CBMi1wFBVV95cUxPVE5rQ2pkQ3huWmlSLThsOEN3Uk1Rak02YWMySFA5cTcyeGpQbktZdXEyT3NnWi1lSjdxT2h4UGVLYWo0MjBUYTBDZElnUmptOFh1VmhlLWxxY0ZaenQzZXhucHJUY1VMUXpPZXdvX2VYR3NuRHBPMEhPN1JHRzZsRXZORGllUGQtR0tTQnpIbGdVOE1VSVFBQzlMZ29mRU5GSnJZSFlZdzJrZ3ZlZTZxYnM2Z3B5TVA0YnVuREVQVXdCREJLTDdVN2NOSWhtUy1adWRFTUZXZw?oc=5,https://finance.yahoo.com,Apple stock pops on report it will unveil all-new smart home hub at Oct. 13 event - Yahoo Finance,產品/需求,news,2026-10-04T11:54:56+00:00,2,0.526,0.526,source_reliability+event_signal
5f250ae4a103f1c2,8f4595472d10fcae,a4cf98c6ca7d2042,2026-09-30,2026-09-30T14:48:12+00:00,GOOGL,GOOGL,product_launch,,product_launch,Alphabet Stock Jumps: What's Happening Today? - Benzinga,,,neutral,0.5,0.45,Benzinga,benzinga.com,0.68,54.85,product_launch | product_launch | news | ['googl'],長期多頭 / 風險偏低,https://news.google.com/rss/articles/CBMipgFBVV95cUxQVm52ckcxSnltTGwtVkdPNGRFNjVxSFVUeHJRbHJ0YzFQOWRfWHZfaXY2UWtlbWVQTjRJVk9aT3RwTzUweG4xNDZVdWg5WEZqSlZHc1d1MzduWWxNTmU3T3QxSGVEOGtWUGVlcGFLX09laTYwcncwX1FpbWVtcGxBMlRzbjZLdDdtWXgtT0lDM0ZJSHNyaXlRQ1F0Z09sdEtmSDFDRC1R?oc=5,https://www.benzinga.com,Alphabet Stock Jumps: What's Happening Today? - Benzinga,未分類,news,2026-10-04T11:54:56+00:00,3,0.524,0.524,source_reliability+event_signal
308b6a08ac2b5ed0,8f4595472d10fcae,a4cf98c6ca7d2042,2026-09-30,2026-09-30T13:35:17+00:00,GOOGL,GOOGL,product_launch,,product_launch,What Is Going On With Alphabet Stock? - Yahoo Finance,,,neutral,0.5,0.45,Yahoo Finance,finance.yahoo.com,0.72,62.35,product_launch | product_launch | news | ['googl'],長期多頭 / 風險偏低,https://news.google.com/rss/articles/CBMijgFBVV95cUxNT2MzRnRNMXlZWmlWSVVjWG4wS2dlTkxFVXZ2Zy1BNUNReDUySzJtTWtZWGtuMDhURDBSNUNkZW5kZmR4cXdieVhuTmFfdWtURHNqM1dyeEE0RHhGSmtCNzJWVTlIRzFjYXIyWTdIQmkyZ2tQZndKS1BYeS1HdHBmOVZDcWFiTFVZc3lBSTVn?oc=5,https://finance.yahoo.com,What Is Going On With Alphabet Stock? - Yahoo Finance,未分類,news,2026-10-04T11:54:56+00:00,3,0.536,0.536,source_reliability+event_signal
2e30367a46ccff12,0b42a817d6808911,eb7562d8f552ecd6,2026-09-30,2026-09-30T13:20:00+00:00,TSLA,TSLA,product_launch,,product_launch,Should You Buy Tesla Stock Before Oct. 2? - Yahoo Finance,,,neutral,0.5,0.45,Yahoo Finance,finance.yahoo.com,0.72,63.35,product_launch | product_launch | news | ['tsla'],長期多頭 / 風險偏低,https://news.google.com/rss/articles/CBMijwFBVV95cUxOOUpLUWdIREpiaTdoYlpEa1A5dVV2am5sdWp5d2RtV2x0cTg5dHc3Y3dmQjlOTVhKc1dGNmVBMmJBWlc0ckpSTkREQ3ZNOEFodGc0WHZITy1ZRkJDQjVaSFpEQ0ROejZUQ1hHdmlyVUJPMThUNFlYNk9WQkhRYjlJMjFSRnBaUkYtaUpmTXNocw?oc=5,https://finance.yahoo.com,Should You Buy Tesla Stock Before Oct. 2? - Yahoo Finance,未分類,news,2026-10-04T11:54:56+00:00,1,0.516,0.516,source_reliability+event_signal
009f6e4865639d4b,8f4595472d10fcae,a4cf98c6ca7d2042,2026-09-30,2026-09-30T13:07:52+00:00,GOOGL,GOOGL,product_launch,,product_launch,Is This The Right Time To Buy Google Stock? - Forbes,,,neutral,0.5,0.45,Forbes,forbes.com,0.68,57.85,product_launch | product_launch | news | ['googl'],長期多頭 / 風險偏低,https://news.google.com/rss/articles/CBMiowFBVV95cUxPaWdQaW12Tm9nNmpmeVU4d0hDZ1JCVm5BOExDaTdWazhUM0p4LTZJUVJrMVUzYWtNMjdoQlpqdFE4Z2VOOWwyUVAyajJvWkFQY0RYd2t0V2ZuRWxaaE5MV2o3WktVWDdIZ1k3VHdPWFVhUjhRYTM3LVBZT3lidmlQaW1PclktZlIzaE5ObDk5RS0xdC1idXI3MGRmSTBacjlRNDVZ?oc=5,https://www.forbes.com,Is This The Right Time To Buy Google Stock? - Forbes,未分類,news,2026-10-04T11:54:56+00:00,3,0.524,0.524,source_reliability+event_signal
e99abc650c1f5014,1f755704d4295931,90894f5e6e25c971,2026-09-30,2026-09-30T11:16:01+00:00,AMD,"AMD,AI",product_launch,,product_launch,AI Chips Update - AMD Expands AI Horizons with World Labs Acquisition - simplywall.st,,,neutral,0.5,0.45,simplywall.st,simplywall.st,0.68,64.26666666666667,"product_launch | product_launch | news | ['amd', 'ai']",長期多頭 / 風險偏低,https://news.google.com/rss/articles/CBMiywFBVV95cUxOc2lRMGxKcnBsRjVMeGhaQTZkRmJKUHhNcEZSYWhsRUpzQU16T3F3aEdaSVRXS21xTUd5NklrM0d3ZVoxTlZOZGw4VHBpLVNQRjR6bFhBMExRc1VRdVVTVlFKb3ZaZ3lPejlJRkRfOGsxQzluNlgtdlowQkc0QWs2c2lad2R0c1dFRldFcVNpSFQzaFozbG1Ed2FoSlh6Tm1ERERFaVR0WTFJMWp3NS1xTmwybG9RN0ZxMDNSZWItempIRmtEaHNLQjRFWdIB0AFBVV95cUxOYk9CeWwwQktjbmJDT0xKbnNUUGE3V240OUtHeXdDVkVMX21KeXNkZXFCbGtBZ1k3RjBxMlF1bDVaQno3WXJycGJ0c0tyUHhOSGZNYzNHQ2k1cy1Ral9iNlhGUjd3TEZUOUpLTENSTUZTQ01aZkR3Qzh0dnNQX08tZkl5LXNJTlAtc3JTQ1l4VUNucTBsM1NOdXB5bFpCanlBT3RnaG0xajZ3TWllX2JVNHpSQktLSlgwd01CcXlaSXprOE9iOUt6N2FUR2FWeVhO?oc=5,https://simplywall.st,AI Chips Update - AMD Expands AI Horizons with World Labs Acquisition - simplywall.st,AI/晶片,news,2026-10-04T11:54:56+00:00,1,0.504,0.504,source_reliability+event_signal
c45c86dd4c7c9b55,b86e411351b34e22,1c0c0b133f9a789c,2026-09-30,2026-09-30T10:19:08+00:00,ENERGY,ENERGY,product_launch,,product_launch,Decarbonization as a Strategic Imperative: Why Tax Policy Matters - Wolters Kluwer,,,neutral,0.5,0.45,Wolters Kluwer,legalblogs.wolterskluwer.com,0.68,58.516666666666666,product_launch | product_launch | international_news | ['energy'],長期多頭 / 風險偏低,https://news.google.com/rss/articles/CBMiyAFBVV95cUxOVUFJOGh5MUdqN0JOVHZJSHBVMGx3WUQxTGdWNDY1cGV5bVkxaU1LbTM3NnlIelZvRzVPWTBaemg5MXVxeXNRdk5xYmZRbXdtdWgzM09DRF9SeG9LTS1meWd1YjZ0VXpwanhkZ2FSaHdSRVVGSm43aFhwWU1Qd3ZtajVnWWJxdXMtcHRwYjNsUGhLS2ZmR29yYVhTdDdKVUFhdl9UMnB2VnN3cGdROWNWNXBFREVid3dIdWhjUVlDOFFUUkw3MDN4eA?oc=5,https://legalblogs.wolterskluwer.com,Decarbonization as a Strategic Imperative: Why Tax Policy Matters - Wolters Kluwer,未分類,international_news,2026-10-04T11:54:56+00:00,2,0.514,0.514,source_reliability+event_signal
f1a9132539f8d353,26039ce14b31c428,878a374ceac63454,2026-09-30,2026-09-30T07:48:55+00:00,SOXX,"SOXX,AMD",geopolitical,,geopolitical_shock,"Chip Stocks Roar Back: AMD, Intel Power SOXX Toward Best Month Since June - TradingView",,,neutral,0.5,0.45,TradingView,es.tradingview.com,0.68,72.76666666666667,"geopolitical_shock | geopolitical | news | ['soxx', 'amd']",長期多頭 / 風險偏低,https://news.google.com/rss/articles/CBMiywFBVV95cUxNT0RMdUJDbkdpdXFQaVRrUmd0VnJQbHJVdlZNZHB0ZVU0MlNKYkZPU0hLVXRMRG9nVHRrWnoxc1dRTDJrWGpVYzRBLUlMUkdFQjJmakZNWkdGeHZoTExMbk5pM3dEek56cjR4Wk5SWDJmaEZaNlRPLUZGNmU5SHQtWmhBVTZDLXoyVFQyYkhyQjY3ZTJGRTFYbWVvTE43djJXYUYzN0o0a09fSnlNNkprbk80eUlfUHJVMDJ1ZldCQTlXQUd3MERJRnkxQQ?oc=5,https://es.tradingview.com,"Chip Stocks Roar Back: AMD, Intel Power SOXX Toward Best Month Since June - TradingView",AI/晶片；大盤風險；國際/戰爭,news,2026-10-04T11:54:56+00:00,1,0.504,0.504,source_reliability+event_signal
a1d132db68102cb3,eea77aea62355e13,734a4d54823a93f5,2026-09-30,2026-09-30T07:00:00+00:00,QQQ,"QQQ,ETF",geopolitical,,geopolitical_shock,QQQ ETF Risks and Rewards - Investopedia,,,neutral,0.5,0.45,Investopedia,investopedia.com,0.68,61.016666666666666,"geopolitical_shock | geopolitical | news | ['qqq', 'etf']",長期多頭 / 風險偏低,https://news.google.com/rss/articles/CBMickFVX3lxTE16OERhYzVCd21WbVpiMGxtdUh0Ql9weEZlLVdNM3B4U2ppWlQxbkhOeFpLRlRraGozakJvczJvVEdmT3BtOVpnTjY2aGpIQkxkVTRxSTBrMS1XeFJMUU45SjVmQkR3LThsdTZYam9QUVFQUQ?oc=5,https://www.investopedia.com,QQQ ETF Risks and Rewards - Investopedia,大盤風險；國際/戰爭,news,2026-10-04T11:54:56+00:00,1,0.504,0.504,source_reliability+event_signal
eec2c43a7bbd595b,b86e411351b34e22,1c0c0b133f9a789c,2026-09-30,2026-09-30T04:23:52+00:00,ENERGY,ENERGY,product_launch,,product_launch,Taking stock: India’s energy resilience in sharp focus - S&P Global,,,neutral,0.5,0.45,S&P Global,spglobal.com,0.68,57.516666666666666,product_launch | product_launch | international_news | ['energy'],長期多頭 / 風險偏低,https://news.google.com/rss/articles/CBMizAFBVV95cUxOcUd5aUl5aDN0bWNtVkU3T19QcFdkRkUzLXRCbnFQV0tESE80NklVNUtndmdPUEJFRFpOaF9uVk9QQVNQTHZBOWwySGxWYW1BZ3NidlB3ajNpZGFGNlZjcmZfb0Vac09pUVRsRTdhdWE1WVAxNnV3a1F2b0ozRzFIN1F4OGNXRHE3QWxkeUNnSXZkSWRCUXUyLW12RDBtR01tWnlMaExqSmtEOHMwanR6cFNFTFpKU1hnMzdXZWxMY0djeldTRURkSEZlMkE?oc=5,https://www.spglobal.com,Taking stock: India’s energy resilience in sharp focus - S&P Global,未分類,international_news,2026-10-04T11:54:56+00:00,2,0.514,0.514,source_reliability+event_signal
649ae416b10a80d7,8acb87c6a916c8a3,db715deab2e46dd6,2026-09-30,2026-09-30T04:21:55+00:00,GLOBAL,GLOBAL,inflation_data,,inflation_print,Asymmetric hedging: Mapping India’s geopolitical shift - S&P Global,,,neutral,0.5,0.45,S&P Global,spglobal.com,0.68,63.016666666666666,inflation_print | inflation_data | international_news | ['global'],長期多頭 / 風險偏低,https://news.google.com/rss/articles/CBMi1gFBVV95cUxQdTlUWEczREYwb2lpZlRsOExwSF91WlpyTGxVajNUamJZR2VCT2NnRzJrekFuR2hKLVM1MXFMZG5vQk9OXy1qdkNvZ0dnR3FnWDkxbi1vZkdSRWc2WV9ld212Z0YzanhCVkx0NC1nUE1qU1pqVUFKMVhPajJlV2FZWkxtbFdlZkJOMkdPZ1V6bVpBS29vRzV4VjJvdVE1c0NmeEYxUndsZ0ZudWhSTFoyeGJUdkFUQi1KYll4dEVmWFY4cDNGT05NaXFiTHpRMDFDS2drM1JR?oc=5,https://www.spglobal.com,Asymmetric hedging: Mapping India’s geopolitical shift - S&P Global,大盤風險；國際/戰爭,international_news,2026-10-04T11:54:56+00:00,1,0.504,0.504,source_reliability+event_signal
83605e36b9d11110,8aabb721d8d7004d,d3b84e96ad83ef85,2026-09-30,2026-09-30T03:50:00+00:00,IYW,"IYW,ETF,VGT",product_launch,,product_launch,Vanguard Tech ETF (VGT) vs. iShares Tech ETF (IYW): Which Offers Better Value for Investors? - fool.com,,,neutral,0.5,0.45,fool.com,fool.com,0.68,63.516666666666666,"product_launch | product_launch | news | ['iyw', 'etf', 'vgt']",長期多頭 / 風險偏低,https://news.google.com/rss/articles/CBMiwgFBVV95cUxPX0l0OEUxZElydktQWHdPUUVtZzB5cjN0Rk43X1Zvdy1qSVY5MldYVENISlBXTTBWVG9yamUxRWZnT0R5dkdKejgtRzE0TkNnazhpNTZsZTlWWW9VUlFxa1NKeGJiREFBTnNBTnEzd0tFUDNMcWFuM1FGMnVfMDVGTnZoNTJ4QUVBZm1kT2hEclVOSEVjRTU4MklPTG94a045cWY5Q1cwcWZySVZ4MmFJcEtkZU5VUWd5amVDb3FWZGdBUQ?oc=5,https://www.fool.com,Vanguard Tech ETF (VGT) vs. iShares Tech ETF (IYW): Which Offers Better Value for Investors? - fool.com,未分類,news,2026-10-04T11:54:56+00:00,2,0.514,0.514,source_reliability+event_signal
7cc8db33846fbbb8,8aabb721d8d7004d,d3b84e96ad83ef85,2026-09-30,2026-09-30T03:10:00+00:00,IYW,"IYW,ETF,VGT",product_launch,,product_launch,Vanguard Tech ETF (VGT) vs. iShares Tech ETF (IYW): Which Offers Better Value for Investors? - Yahoo Finance,,,neutral,0.5,0.45,Yahoo Finance,finance.yahoo.com,0.72,70.01666666666667,"product_launch | product_launch | news | ['iyw', 'etf', 'vgt']",長期多頭 / 風險偏低,https://news.google.com/rss/articles/CBMikwFBVV95cUxPQThjV0ZBcWhfaFg4TDE5X1RMUjJkRURmTGRQYXItTVUtbmd4SE9SSEtpNkdsLXRPbW9lNzFUemhVRVVJNi0wSU1zUmJodnhCMlRrdV9ERzJmVTlLZC1lNFJWb1U4TWcwSkJFTTktd3VQZkRMZG1KaUFOd3Vid3NLd1lmTjVmZzZmQVVEekpHV3JqSWM?oc=5,https://finance.yahoo.com,Vanguard Tech ETF (VGT) vs. iShares Tech ETF (IYW): Which Offers Better Value for Investors? - Yahoo Finance,未分類,news,2026-10-04T11:54:56+00:00,2,0.526,0.526,source_reliability+event_signal
37639ae999c24e80,9442857fa0577d26,e6a3b1c3b1f3b60b,2026-09-30,2026-09-30T02:29:04+00:00,ENERGY,ENERGY,geopolitical,,geopolitical_shock,"Tax cuts, school holidays: How countries are fighting high gas prices amid the Iran war - abcnews.com",,,neutral,0.5,0.45,abcnews.com,abcnews.com,0.68,71.01666666666667,geopolitical_shock | geopolitical | international_news | ['energy'],長期多頭 / 風險偏低,https://news.google.com/rss/articles/CBMiogFBVV95cUxOUGQ5T0FHOUhjUnlJQ2xBZkdvY1FZYnRnT3l6Yk14R3Q4ejlleXdkT3lUUTFwWThRRlhYTjU5M2hISVM4WFNrenNNNWdaU3Riendzc3U3OVY3UEFNMmpJUXp5ejM5aVptc2M0QUxqRFEyQmVyRFNPZUN4WGl1eUJDeW5TeXRpVTlqLWRLVDFBQmdHTkZ1cGVVaU1GcExMUExiMFHSAacBQVVfeXFMT29ldDFvZnlxQTYycm85Q2VrX3BnMksxcjdtbHBib090ZlBDRUFjcS1lZjJTc3RZUENrUEQtVlZyTDFDU2l0WGlYWldxMUZmRW9kR284dkU1QmltUU5DY2lxV3B6LUtLT3dzbU1aalFUQ2NmX0M0bjd1N244LU80N2tLdDRFTm9TOGMzNkhXV0cxT1BnblNacHdBanNSdFQ3WlZObnludU0?oc=5,https://abcnews.com,"Tax cuts, school holidays: How countries are fighting high gas prices amid the Iran war - abcnews.com",大盤風險；國際/戰爭,international_news,2026-10-04T11:54:56+00:00,1,0.504,0.504,source_reliability+event_signal
4bfcdd9dc7480b17,7ed62ab727c52870,672731591223b755,2026-09-30,2026-09-30T00:47:37+00:00,CENTRAL_BANKS,CENTRAL_BANKS,product_launch,,product_launch,Battered bond market braces for a new era of interest rates - Reuters,,,neutral,0.5,0.45,Reuters,reuters.com,0.95,77.66666666666667,product_launch | product_launch | international_news | ['central_banks'],長期多頭 / 風險偏低,https://news.google.com/rss/articles/CBMipgFBVV95cUxQUFJEcnNjUGNwM1N4MlNkdG1pZ0VwVmt4cWhUZ2t0UkN4aHlRNzVyR3hCd2dUMG1FRWszT05VOUN4MUhDSGhXQUhIamhNWWJJNUpGXzZWcFc2Mk5Hcl9yNXBaaWVDVDlZQWg0d2xIRGl0RFhqWjJlR1ZORGlrNXRmdGZxSF9URFQ3Zzc5d2dER1g4U3hvZDZXMHNKVlhFaGRBRmRKRVJR?oc=5,https://www.reuters.com,Battered bond market braces for a new era of interest rates - Reuters,未分類,international_news,2026-10-04T11:54:56+00:00,1,0.585,0.585,source_reliability+event_signal
cf0c2dd207f749cd,69dd40d3eb55baae,93a5d20bc6f8eb08,2026-09-30,2026-09-30T00:00:00+00:00,GLOBAL,GLOBAL,guidance,,guidance_revision,"Economic conditions outlook, September 2026 - McKinsey & Company",,,neutral,0.5,0.45,McKinsey & Company,mckinsey.com,0.68,55.516666666666666,guidance_revision | guidance | international_news | ['global'],長期多頭 / 風險偏低,https://news.google.com/rss/articles/CBMirgFBVV95cUxQY1FqZVFxWjcteGl5dE1sUGpRQXlJaEpUZFlvUlozZzl2UHhFbjRxWDJacUJnRXZMN0x1OXJuYWlTNlVMN2xFZVlQakNwdVk5dzJIQmczRV9ndUZWbXpNNXpLcGZVQzdpZnJKUjdOV2ZEVmVUMjVxTy1mc1NCUFBVdUR2Qm05TlJuNlZUMS04YllKbUpqNHVrUlVKUFJQMFY3TWd2TGZ2T0RoUFAyTmc?oc=5,https://www.mckinsey.com,"Economic conditions outlook, September 2026 - McKinsey & Company",未分類,international_news,2026-10-04T11:54:56+00:00,1,0.504,0.504,source_reliability+event_signal
22753e3675fd95f6,580c2c998b40c4f8,5d2697de7a0bb945,2026-09-30,2026-09-30T00:00:00+00:00,WAR,WAR,product_launch,,product_launch,Global Economics Intelligence executive summary (August 2026) - McKinsey & Company,,,neutral,0.5,0.45,McKinsey & Company,mckinsey.com,0.68,57.516666666666666,product_launch | product_launch | international_news | ['war'],長期多頭 / 風險偏低,https://news.google.com/rss/articles/CBMisAFBVV95cUxPSmgzTkdja3YzVE1LaEtHbGFYak1oUU9Pei1CR1AwOW4wak5uY3hRQk0wb1o1SWhObGhxTUZDaEZqSUZ0TjdqUS1Ed3hwclZJRi1YV0RLQzZIY3paTzR3R2l0dkp5TkhLYVdXbm5NREhjc0lSazNjRmhJNlc4Y0Z5c2d0MWZ0WWNqNVhWRjFIRUdnWHJvaEYzdmp6NnV3cXd3bjdybm9EVTN4TEgwdUJsVA?oc=5,https://www.mckinsey.com,Global Economics Intelligence executive summary (August 2026) - McKinsey & Company,未分類,international_news,2026-10-04T11:54:56+00:00,1,0.504,0.504,source_reliability+event_signal
b50f89ef3a09723b,bb3b7d85f2ea8e71,610922e762a79c80,2026-09-29,2026-09-29T20:44:30+00:00,SOXX,"SOXX,ETF,AI",macro_policy,,macro_policy,Semiconductor ETF SOXX is a buy amid strong AI demand despite market volatility and Fed tightening. - pluang.com,,,positive,0.65,0.8,pluang.com,pluang.com,0.68,72.01666666666667,"macro_policy | macro_policy | news | ['soxx', 'etf', 'ai']",長期多頭 / 風險偏低,https://news.google.com/rss/articles/CBMiigFBVV95cUxOYl9zak5KcVJRVnJmd1ZJbVJ0cGxDQXBRdmVvMHhRRzZfT1BVcm8yRW5UYVR0ZG1kYkRVZWt5Vk1pbTAxSzZDS0RyT3Mwa3BIVzVJS1ltN2VBWGdqVk5ybEpoUjNXR2U5THF4dkJ2SlNEZnJSeURiSTFQN3NBLXVtMmJEUUhxN2ZyT0E?oc=5,https://pluang.com,Semiconductor ETF SOXX is a buy amid strong AI demand despite market volatility and Fed tightening. - pluang.com,AI/晶片；Fed/利率,news,2026-10-04T11:54:56+00:00,1,0.6340000000000001,0.6340000000000001,source_reliability+event_signal
67f762ae88995fb3,7b2261338037cc37,48f62377bdca7fe9,2026-09-29,2026-09-29T20:31:29+00:00,MSFT,MSFT,product_launch,,product_launch,Has MSFT Stock Run Out Of Steam? - Trefis,,,neutral,0.5,0.45,Trefis,trefis.com,0.68,55.516666666666666,product_launch | product_launch | news | ['msft'],長期多頭 / 風險偏低,https://news.google.com/rss/articles/CBMilwFBVV95cUxQeUtFckZIOUtobzVyZ0Jid3JyVjk2VlpBYzA1TnpYUVdCS0Z0dlhNTVJXemtWVUk4b3J5b0ozdEJTb2pteVJnRDlVX09MV3FweGlJS3dZd0w5allsLUFySDVJNVMwdnMzR2tfQS1LZE14d1NDY3lVWnp6c3dmWGc1WTdzQVRZdE9Nelk1cTItakVQRG9kQUx3?oc=5,https://www.trefis.com,Has MSFT Stock Run Out Of Steam? - Trefis,未分類,news,2026-10-04T11:54:56+00:00,1,0.504,0.504,source_reliability+event_signal
06efdbd039897d11,629559dfbd7acbbe,6ce870c46982b136,2026-09-29,2026-09-29T20:00:03+00:00,WAR,WAR,geopolitical,,geopolitical_shock,How Wars and Geopolitical Conflicts Can Affect Stock Market Performance: What History Shows | Chase - Chase Bank,,,neutral,0.5,0.45,Chase Bank,chase.com,0.68,72.01666666666667,geopolitical_shock | geopolitical | international_news | ['war'],長期多頭 / 風險偏低,https://news.google.com/rss/articles/CBMiyAFBVV95cUxOb0stUXVwNjFPUmhyOENJQUJJVnVyLVg1VGcxMm56ekZXUjY3blY1bVhtSWpYYVhPLXNiaVFHUl9RYjhiV0FPVG5ROE1BYTRCUWV2WFgtekVrNm00WnlORmJRQmVYalF3d1hWb0JuRVBMY3lBbnVxeTZQajRrWVBrTHRab0dZeVllMVhGVjI5YzBDVWFjVnJMcGZuNi12M3VHUnBxUDVlTVExeHNfcVJPZDNqWHNPWDFPdDFieVhoWXQxX3hpLUFveQ?oc=5,https://www.chase.com,How Wars and Geopolitical Conflicts Can Affect Stock Market Performance: What History Shows | Chase - Chase Bank,大盤風險；國際/戰爭,international_news,2026-10-04T11:54:56+00:00,1,0.504,0.504,source_reliability+event_signal
9eef879158e67396,c8f77d471c969e2c,a4cf98c6ca7d2042,2026-09-29,2026-09-29T19:19:43+00:00,GOOGL,GOOGL,product_launch,,product_launch,What Is The One Risk Every Google Stock Investor Should Know? - Trefis,,,neutral,0.5,0.45,Trefis,trefis.com,0.68,67.01666666666667,product_launch | product_launch | news | ['googl'],長期多頭 / 風險偏低,https://news.google.com/rss/articles/CBMivwFBVV95cUxPWlk4LU9VSW9SYlZjdGI0eS1SeU1Jb09wcjU3X19IWUJQMFh2aFdTS3pkZzdsLUMzRkc4dm5PbWFQblJmczVGbi1TRUZMZDBwQ2JZT3VNUEpmbjl4UmNsSi02VlljeVVNeE00OWJtU05OS1U2bXk3U2hya1ZtWjVyS1BGY1ZnSlllQlR5T2NQbmRoQ1ZyOS1zVW5iRUVaZkFsNnVxOHJyUnQ3LTJlaWNlalRkUWlNc3I0ZjBaNGM3Yw?oc=5,https://www.trefis.com,What Is The One Risk Every Google Stock Investor Should Know? - Trefis,產品/需求；大盤風險,news,2026-10-04T11:54:56+00:00,2,0.514,0.514,source_reliability+event_signal
f622dce16425035f,8f62cbbef1e267f4,e6a3b1c3b1f3b60b,2026-09-29,2026-09-29T18:15:00+00:00,ENERGY,ENERGY,geopolitical,supply_chain,geopolitical_shock,Oil and Gas Industry Expected Surplus – But War Brought Shortage Instead - The San Diego Voice & Viewpoint,,,neutral,0.5,0.45,The San Diego Voice & Viewpoint,sdvoice.info,0.68,73.01666666666667,geopolitical_shock | geopolitical | international_news | ['energy'],長期多頭 / 風險偏低,https://news.google.com/rss/articles/CBMiYEFVX3lxTFA4ei1ITEpKeHppZl91cHBoNnRKczRFS2JUbnBXd3lOdzVLREpRRmFIQVBUVkQyOUN4QVY3ajRmQk9QU1lMVEp0dWp6VmxkSHkwWnBVNFRVNDJRam0yUnJpVg?oc=5,https://sdvoice.info,Oil and Gas Industry Expected Surplus – But War Brought Shortage Instead - The San Diego Voice & Viewpoint,大盤風險；國際/戰爭,international_news,2026-10-04T11:54:56+00:00,1,0.504,0.504,source_reliability+event_signal
520bdbfc7c80a0b6,b431e9896c6c7d53,754cd0ca3c87c88b,2026-09-29,2026-09-29T17:20:01+00:00,IYW,"IYW,VGT",earnings,,earnings_release,These ten tech stocks posted double-digit gains in September (VGT:NYSEARCA) - seekingalpha.com,,,positive,0.65,0.45,seekingalpha.com,seekingalpha.com,0.68,62.266666666666666,"earnings_release | earnings | news | ['iyw', 'vgt']",長期多頭 / 風險偏低,https://news.google.com/rss/articles/CBMinwFBVV95cUxPRlZ5MzBoRGlDM05NNFRYakpNS2c5WmhqVklwNHJKeVg2QVRGWFZNdTctaXBpeWtva3dRUHJqOEdHazFqUGM0RGZpRGRIRDVDOGJNSVF0SkdmMHk5QzlVTUFTQ3kxVmdnMi1lVmhrMGNwczBnRWp2MlBnUUktY2ZGM2ppMGNTSGlGWjdwX1U1SVNLUWtoek5JdDdxYnR1M2s?oc=5,https://seekingalpha.com,These ten tech stocks posted double-digit gains in September (VGT:NYSEARCA) - seekingalpha.com,AI/晶片,news,2026-10-04T11:54:56+00:00,1,0.5640000000000001,0.5640000000000001,source_reliability+event_signal
c117b139797e9153,987025cddf599133,6d7fbd5c4502c41e,2026-09-29,2026-09-29T15:21:18+00:00,AMD,AMD,product_launch,,product_launch,What Was AMD Telling You Before Its Stock Ran? - Trefis,,,neutral,0.5,0.45,Trefis,trefis.com,0.68,57.516666666666666,product_launch | product_launch | news | ['amd'],長期多頭 / 風險偏低,https://news.google.com/rss/articles/CBMiqAFBVV95cUxNYWttR3B3dkI4dWNBOUtwQXYtWklOcXd6blVPNkJMdXJRZzBOZzc0QUE1RHlEZ3VfcjNxSVlsYUhsWnNGSVRyUGF3cngxWE1mUGYzQmNkRzNMQ2wzYVZVdE5yc3lVTXAxdjlBQVBwVUZrYVRCOGJqWmFId0d0YnRGQTh6NkRGZUFxR3NRVHM5MjFreVZ0c1ZpZmJTQkFpTTRRLWpJTG5aaEQ?oc=5,https://www.trefis.com,What Was AMD Telling You Before Its Stock Ran? - Trefis,未分類,news,2026-10-04T11:54:56+00:00,1,0.504,0.504,source_reliability+event_signal
6cdd162b3526e9d4,efaa82f7d45aee3c,90894f5e6e25c971,2026-09-29,2026-09-29T15:15:00+00:00,AMD,"AMD,AI",product_launch,,product_launch,Nvidia vs. AMD: Which AI Chip Stock Has More Room to Run After AMD's Surge Past $1 Trillion? - fool.com,,,neutral,0.5,0.45,fool.com,fool.com,0.68,70.26666666666667,"product_launch | product_launch | news | ['amd', 'ai']",長期多頭 / 風險偏低,https://news.google.com/rss/articles/CBMimAFBVV95cUxOM0ZOOTNsSHRPRWdUa2RpamVmaWx4bWVad3pKb20zQmFJeWppa0tjRnplSXBjMmhoanNCNS1yOUJkSWNwNlBncjBUbHJCNE54OHBORC1RUDFLdWdzWVhiSWJmRXFXZGh3RjEtWmIxS0xvWnhhRTdSUldScEtsaTVXd0FvVDFrVTl6cFpsVFRyZjVpYkl0T19WVA?oc=5,https://www.fool.com,Nvidia vs. AMD: Which AI Chip Stock Has More Room to Run After AMD's Surge Past $1 Trillion? - fool.com,AI/晶片,news,2026-10-04T11:54:56+00:00,2,0.514,0.514,source_reliability+event_signal
ec34ea204d1230fb,efaa82f7d45aee3c,90894f5e6e25c971,2026-09-29,2026-09-29T14:35:00+00:00,AMD,"AMD,AI",product_launch,,product_launch,Nvidia vs. AMD: Which AI Chip Stock Has More Room to Run After AMD's Surge Past $1 Trillion? - aol.com,,,neutral,0.5,0.45,aol.com,aol.com,0.68,70.26666666666667,"product_launch | product_launch | news | ['amd', 'ai']",長期多頭 / 風險偏低,https://news.google.com/rss/articles/CBMic0FVX3lxTE16TGxoSmFkUFVZdlhDQ3VZV0UtQWpqQ3liX0RfUnByUDBTTGxhemRTMm5mTkVhSGVBdkh6c0tLdDhzZWg0S1VxNERONnBTTFpjTlhXZHVSYzN1NnBTQUZRYm5BT1hFSVR1QU1KazhGamt4VUE?oc=5,https://www.aol.com,Nvidia vs. AMD: Which AI Chip Stock Has More Room to Run After AMD's Surge Past $1 Trillion? - aol.com,AI/晶片,news,2026-10-04T11:54:56+00:00,2,0.514,0.514,source_reliability+event_signal
ad4c3da79c632152,829bce06948d950d,84407e7efb220177,2026-09-29,2026-09-29T14:05:00+00:00,SOXX,"SOXX,ETF",product_launch,,product_launch,"If You'd Invested $5,000 in the iShares Semiconductor ETF the Day It Launched, Here's Exactly What You'd Have Today - Yahoo Finance",,,neutral,0.5,0.45,Yahoo Finance,finance.yahoo.com,0.72,75.76666666666667,"product_launch | product_launch | news | ['soxx', 'etf']",長期多頭 / 風險偏低,https://news.google.com/rss/articles/CBMilwFBVV95cUxNMlNrTmZGdG9Ud3VPMk9KQlNZMGdnZ2J4UncyejlQRFpRYzFRUmNibU5JZXRWaEIxLWF1cHJpcm9BSFdJdEV2QVJhQ1JiYzJrVGlNd2FPb19vWXpxQWdvNEg4TmtSQkFtNWhJYjN5SERZRTN4OFRBT2cxODNiMHU0ZXdLVW8yb1BDUVNPVXFzWG1ndWVFV1NF?oc=5,https://finance.yahoo.com,"If You'd Invested $5,000 in the iShares Semiconductor ETF the Day It Launched, Here's Exactly What You'd Have Today - Yahoo Finance",AI/晶片,news,2026-10-04T11:54:56+00:00,1,0.516,0.516,source_reliability+event_signal
6cb60e73c2890433,0963cdc2b5d24b0e,01d4294e726431c1,2026-09-29,2026-09-29T13:00:00+00:00,QQQ,"QQQ,ETF",product_launch,,product_launch,The Invesco QQQ Trust Recently Hit a New All-Time High. Is It Still a Good ETF to Buy Right Now? - fool.com,,,neutral,0.5,0.45,fool.com,fool.com,0.68,66.51666666666667,"product_launch | product_launch | news | ['qqq', 'etf']",長期多頭 / 風險偏低,https://news.google.com/rss/articles/CBMi0wFBVV95cUxPNXZndVVxMWpPUGxnTnRXTU5BN200T2tHOXdXaTZVOWFrUGg1MktPMWo2VTd4c1d5My0tM1Rsc3Bmc0hsWnFNNGswYklScm12U0lXUUxIeE1FQkFwRzlGb250QTBmRFlEX3I2YWNRWjdVNFVnMUV2SVdCTHVQY2VKOFhfZWdsMVkyX2VNNUszakU4XzJuVEo0NlQwdUVfclhnMjhxbVZyZDFnbmF4d29GY25Uc0pXNXcwVFI3aWQ3b3p5VEh2RjBxeWJsa2NJMkNIdlpB?oc=5,https://www.fool.com,The Invesco QQQ Trust Recently Hit a New All-Time High. Is It Still a Good ETF to Buy Right Now? - fool.com,未分類,news,2026-10-04T11:54:56+00:00,2,0.514,0.514,source_reliability+event_signal
1d7fc6a0bd30d89b,0963cdc2b5d24b0e,01d4294e726431c1,2026-09-29,2026-09-29T12:20:02+00:00,QQQ,"QQQ,ETF",product_launch,,product_launch,The Invesco QQQ Trust Recently Hit a New All-Time High. Is It Still a Good ETF to Buy Right Now? - Yahoo Finance,,,neutral,0.5,0.45,Yahoo Finance,finance.yahoo.com,0.72,72.01666666666667,"product_launch | product_launch | news | ['qqq', 'etf']",長期多頭 / 風險偏低,https://news.google.com/rss/articles/CBMimwFBVV95cUxPYnVpLVJVOHhJU2lKQTJGMG9hUmlHb2lla1lvNlNiMTFSbW1TemlJVHZwSDUtMHY1NERCMEZYVjR2dFg2N2RUVEZ4Q3dCeGxKRHFsaHp2eTctWXNLWGp3aEVKNUE3d1E5ZFFxdmFtcHVFN2kyaklsNWVPVzNmTldTa1hMWV82LVZDSFB4b18xakw5LW9BUE00T3Jfaw?oc=5,https://finance.yahoo.com,The Invesco QQQ Trust Recently Hit a New All-Time High. Is It Still a Good ETF to Buy Right Now? - Yahoo Finance,未分類,news,2026-10-04T11:54:56+00:00,2,0.526,0.526,source_reliability+event_signal
468d62039c4ae121,361e28715202e917,ed666e0769f929fe,2026-09-29,2026-09-29T10:30:00+00:00,XLK,"XLK,ETF",product_launch,,product_launch,ValuEngine Weekly Commentary: Sector And ETF Performance - seekingalpha.com,,,neutral,0.5,0.45,seekingalpha.com,seekingalpha.com,0.68,55.18333333333334,"product_launch | product_launch | news | ['xlk', 'etf']",長期多頭 / 風險偏低,https://news.google.com/rss/articles/CBMilwFBVV95cUxOU0JZa3FpTEg0YjBUd3g3ZUhURGx6cmY3b1VMcXlQQVg5QXpxb2g2dTNUb1k3OVZmOVVXZEJLaW9Id1E1OF8wampPOGpCd3Boa2YwUWhHZXhfSzh4b0JfOEhReFE5OFljdVVfeGcxdllCZGI0UkF2TFRXZE9aLS0xc19qV29BYThneWRaQUpOMTViQjF4cXo4?oc=5,https://seekingalpha.com,ValuEngine Weekly Commentary: Sector And ETF Performance - seekingalpha.com,未分類,news,2026-10-04T11:54:56+00:00,1,0.504,0.504,source_reliability+event_signal
0b76018927293620,912f45bfdee5f45b,9e7a2d165e45418c,2026-09-29,2026-09-29T10:00:00+00:00,TRADE,TRADE,geopolitical,,geopolitical_shock,U.S. and China to Cut Tariffs on $60 Billion of Goods - Time Magazine,,,neutral,0.5,0.8,Time Magazine,time.com,0.68,67.68333333333334,geopolitical_shock | geopolitical | international_news | ['trade'],長期多頭 / 風險偏低,https://news.google.com/rss/articles/CBMilgFBVV95cUxPcjhvLXJfUEZkMXFHLW5zeHB3eC1ORnh0cGJ3NklDT2E0dVNjTEdKNmcyYVA1Yzk4TWVUSEhOTHRhZkYyUU5NblA3V0hKSGhMMVZaaGJrZEY1dzFQaUlnMmgxaTRMZ0gzYlI3Y0FjNWNOZ2tKRFZDbVp6RUpuSjJORWVld3FNbGxveEZRcnIwVGtSZW9NUUE?oc=5,https://time.com,U.S. and China to Cut Tariffs on $60 Billion of Goods - Time Magazine,大盤風險；國際/貿易,international_news,2026-10-04T11:54:56+00:00,1,0.5740000000000001,0.5740000000000001,source_reliability+event_signal
07eeee0fec25ff53,06e19722d41d9cd0,b63f9d520fa41b36,2026-09-29,2026-09-29T09:25:01+00:00,ENERGY,"ENERGY,LSEG",inflation_data,,inflation_print,Global monetary tightening: Energy shocks put inflation back in focus - LSEG,,,neutral,0.5,0.45,LSEG,lseg.com,0.68,61.93333333333334,"inflation_print | inflation_data | international_news | ['energy', 'lseg']",長期多頭 / 風險偏低,https://news.google.com/rss/articles/CBMitwFBVV95cUxOc1h6Ym5iYnhnMzR3XzRPbzA2aVlySldjOWRGTjFiaGwyUkExNDRsYVpwbVVyaGZEWkx4YmNCd2NaQ2Zxeks4NGtacUZVYW9aR0Jxc1Z1TVBqWFQtX2phVEdBZ2ZjeUtELXJfVEFjSUxCMEtuXzRqekhyU1dNcUpCcmhWVnltMmJyQUt4ZklMU2RjZlNTb0d4S2tndzc4b2FncVZCdVVFV1JOcG82M2tFa1lzY3BHTmc?oc=5,https://www.lseg.com,Global monetary tightening: Energy shocks put inflation back in focus - LSEG,Fed/利率,international_news,2026-10-04T11:54:56+00:00,1,0.504,0.504,source_reliability+event_signal
ae3f936f0c4735ea,adb3d0ab98a7236d,811e0f5e617a88cd,2026-09-29,2026-09-29T09:07:59+00:00,CENTRAL_BANKS,CENTRAL_BANKS,macro_policy,,macro_policy,'G force' driving world markets may need Fed and bond brake - Reuters,,,neutral,0.5,0.6000000000000001,Reuters,reuters.com,0.95,81.08333333333333,macro_policy | macro_policy | international_news | ['central_banks'],長期多頭 / 風險偏低,https://news.google.com/rss/articles/CBMivwFBVV95cUxQUnpCZlg4eTdTc3B0ZkdodjdjNVZYLTdHcGFqMG9tWkhRVHVjMUhJamN2T2tDNlpENVhNTlRhRnhyQnBRS3dmMFJlemc4dW1MbTdXTm5kSGtJM0hsRUhkODN3eGJHeWhXX3VPb3RZellvYWY0SXJTZ2NfVXhqYVJlaVdlZThBcjRSeUZCeXBnZkkwV1JKT1UxaEJsYm5fTWhOeDdaN1FSOXJPVUw4N1pKLUZOUkxnUEtNMGNVNGhEbw?oc=5,https://www.reuters.com,'G force' driving world markets may need Fed and bond brake - Reuters,Fed/利率,international_news,2026-10-04T11:54:56+00:00,1,0.615,0.615,source_reliability+event_signal
5020e83764e1f643,9f2172e8ede4d309,5d2697de7a0bb945,2026-09-29,2026-09-29T08:06:25+00:00,WAR,WAR,product_launch,,product_launch,What kind of Crisis is Approaching? - Blain's Morning Porridge,,,neutral,0.5,0.45,Blain's Morning Porridge,morningporridge.com,0.68,59.93333333333334,product_launch | product_launch | international_news | ['war'],長期多頭 / 風險偏低,https://news.google.com/rss/articles/CBMirAFBVV95cUxNd3c2dFFJeFVtejZPMjd6QU9PdDdSbl93ZXFXQXZwTjNpbDNnTFJFVWlCYTM3TWwtQnBXSEtna1VPUWlXTVBJNHBqLWFtRVkzWnhGbWtFRmxDMm1xZlJUeF9mVWNjTERzTXd1Q2ZNTng0cUhvY1l3bWhKdFJaQ3RqNkxuZzZzUFVmM3Y5blF1LTk3UEQwcUxPN2JpeVg2ZGU5NDBPdkIzc1kzaUN5?oc=5,https://morningporridge.com,What kind of Crisis is Approaching? - Blain's Morning Porridge,AI/晶片,international_news,2026-10-04T11:54:56+00:00,1,0.504,0.504,source_reliability+event_signal
c40fbd6378d86ca6,6292feb874f37939,532f23eefca920a6,2026-09-29,2026-09-29T07:16:34+00:00,NVDA,"NVDA,TOP",guidance,,guidance_revision,Nvidia (NVDA) Stock Outlook October: What You Need To Look For? - TOP1markets,,,neutral,0.5,0.45,TOP1markets,top1markets.com,0.68,59.18333333333334,"guidance_revision | guidance | news | ['nvda', 'top']",長期多頭 / 風險偏低,https://news.google.com/rss/articles/CBMilAFBVV95cUxPUlpYQ2d3b2swbmc5dWVOVlVETWdtRGk4bVNsaG5aN1RVVVNOYm5USUxzalZ0V1VneUh1aUtKZngxazRLQTNuTXVrQWwyRDBTR0Y3TFNxQlJwQzkxeEp0MkI2cEEzVXNRUl80ZUhZal9EaFRnb1hXdlVySF9RYlZhVXkzLVFndDV5SlpXTDRoRjZ2NW83?oc=5,https://www.top1markets.com,Nvidia (NVDA) Stock Outlook October: What You Need To Look For? - TOP1markets,未分類,news,2026-10-04T11:54:56+00:00,1,0.504,0.504,source_reliability+event_signal
2acc5f2106648234,1b68d65be1e25279,569c12190ed70580,2026-09-29,2026-09-29T07:00:00+00:00,GLOBAL,GLOBAL,geopolitical,,geopolitical_shock,"What Is a Trade War? History, Tariffs, & Impact - Britannica",,,neutral,0.5,0.8,Britannica,britannica.com,0.68,68.43333333333334,geopolitical_shock | geopolitical | international_news | ['global'],長期多頭 / 風險偏低,https://news.google.com/rss/articles/CBMiX0FVX3lxTFBOQm1yN1o4dXBKdWVGdE1IeG9xN3NTaUdJQUFDOXR3NDZlZmVhYTVhSjdPMFllWHA5SXduczlPMTNoU3FmNEIybl80SEZjYnBPYVpZeHFQekFaVVAtNG9N?oc=5,https://www.britannica.com,"What Is a Trade War? History, Tariffs, & Impact - Britannica",大盤風險；國際/戰爭；國際/貿易,international_news,2026-10-04T11:54:56+00:00,1,0.5740000000000001,0.5740000000000001,source_reliability+event_signal
feac2428f3b2673c,46c70d23294527ef,8ea4f619d232f371,2026-09-29,2026-09-29T07:00:00+00:00,GLOBAL,GLOBAL,product_launch,,product_launch,What’s happening this week in economics? - Deloitte,,,neutral,0.5,0.45,Deloitte,deloitte.com,0.68,54.18333333333334,product_launch | product_launch | international_news | ['global'],長期多頭 / 風險偏低,https://news.google.com/rss/articles/CBMingFBVV95cUxNcV9VYnV0R0RPcWN0d2g1SHJIVlNmaVA1TV9nXzRKdVlFcWtSMjQ1T1B0djE4dDNRanZvSVFGX0ZBNUd6cnZkVnAtenFuMnFzdU9zYzg5cFdkTVRxU1F5YVVXVFhVWGdhd2RsTDBkNS1Xcm9ub1FnMFp5NnB3WVBYa3JJa1FVbG5IT0ZRRHphTUhtNThkenVJS1ZrdWNDdw?oc=5,https://www.deloitte.com,What’s happening this week in economics? - Deloitte,未分類,international_news,2026-10-04T11:54:56+00:00,2,0.514,0.514,source_reliability+event_signal
a158b7790242a956,46c70d23294527ef,8ea4f619d232f371,2026-09-29,2026-09-29T07:00:00+00:00,GLOBAL,GLOBAL,product_launch,,product_launch,Stock Market Under the Trump Administration: What is Driving Markets in 2026? - U.S. Bank,,,neutral,0.5,0.45,U.S. Bank,usbank.com,0.68,61.18333333333334,product_launch | product_launch | international_news | ['global'],長期多頭 / 風險偏低,https://news.google.com/rss/articles/CBMingFBVV95cUxPcUowVHR1VXAzd0Zfamw1MkVSejFsRGo1bkdGdHhjNVBZVFdwU3VpcE5neGJOeWl6RmdQVkFsYlcxNEVTRGg3WHNYSGR1d1BpTjV4T2NqdWdER3ZtQ0RVbU40WTcyRXRaTEM5bFZteVlYNE5EYkM1M1BaR0lYTGlUeFlTeDhVMzRaWFFqZEZhcGc3RFJoZy1qZy1mTGViQQ?oc=5,https://www.usbank.com,Stock Market Under the Trump Administration: What is Driving Markets in 2026? - U.S. Bank,未分類,international_news,2026-10-04T11:54:56+00:00,2,0.514,0.514,source_reliability+event_signal
f09dbc484f1cedf3,c8f77d471c969e2c,a4cf98c6ca7d2042,2026-09-29,2026-09-29T02:00:00+00:00,GOOGL,GOOGL,product_launch,,product_launch,Alphabet: Buy Before It Cashes In On Its TPUs (NASDAQ:GOOGL) - seekingalpha.com,,,neutral,0.5,0.45,seekingalpha.com,seekingalpha.com,0.68,58.18333333333334,product_launch | product_launch | news | ['googl'],長期多頭 / 風險偏低,https://news.google.com/rss/articles/CBMilgFBVV95cUxPa0ZOZWlzeEEzZ0hnaEs0QmI3Tnk1SmY4azBFQlBJeDd4VkNGd2k0ZzJhcmNqUnRFNG5MNkZDYVZnSlNQTnpTVC1lRjFiQlV6Z1RQYTJvcU5Mbl9Cc2FjX24zUGlSWUh0Ym1BTHM0UUd6R3pzc0F3SjNyNnFEbXlyTmpNaV9nT3FzbFdjRVpGUDdVV1Nrbmc?oc=5,https://seekingalpha.com,Alphabet: Buy Before It Cashes In On Its TPUs (NASDAQ:GOOGL) - seekingalpha.com,未分類,news,2026-10-04T11:54:56+00:00,2,0.514,0.514,source_reliability+event_signal
72d4c3339a9f16ef,6ebf716c24b3c252,8d03ad6d5dcf81ae,2026-09-28,2026-09-28T23:02:36+00:00,META,META,product_launch,,product_launch,Why Meta (META) Stock Is Trading Lower Today - Yahoo Finance,,,neutral,0.5,0.45,Yahoo Finance,finance.yahoo.com,0.72,62.68333333333334,product_launch | product_launch | news | ['meta'],長期多頭 / 風險偏低,https://news.google.com/rss/articles/CBMilwFBVV95cUxNdWNwUVRrU1E2ejFtOWRFR2lkbHExcHhuaWliQkhPZDE5YVBESnBTZXZHNF80T3RSR1c4VTc0TkRxMFBGQVlXdlo4Q1FUdTc0amNNT1d1M0ZYMHNoV0FvUFNZb05HVE4waW5vT3FfMllVRDl6QUlkal9HQ2cxYlRacGE1YXViVG1rdmhzNHBlSlJoakZNTmYw?oc=5,https://finance.yahoo.com,Why Meta (META) Stock Is Trading Lower Today - Yahoo Finance,未分類,news,2026-10-04T11:54:56+00:00,2,0.526,0.526,source_reliability+event_signal
30d792c2356715aa,0f5b46aac9eb9b04,5490ff3f8dedd97f,2026-09-28,2026-09-28T20:00:17+00:00,GLOBAL,"GLOBAL,US",product_launch,,product_launch,"Exclusive | Jamie Dimon on how growth can untangle US-China strife, thorny global issues - South China Morning Post",,,neutral,0.5,0.45,South China Morning Post,scmp.com,0.68,65.18333333333334,"product_launch | product_launch | international_news | ['global', 'us']",長期多頭 / 風險偏低,https://news.google.com/rss/articles/CBMi3AFBVV95cUxQaWZzREstclZyOC1hTkdMeE5td2x2QmtUa1pFZnZqNFRSTEZWeHVPaFZmRnZEVkp0Um5xOWpLdWljbnkzNDdxZFN4NnRGU3FnTm0zRGRVWEtuR3M2dFBVeWRya1NlQW5PcFV6OVRUS1hRRTZ0WUlMSDgyblpjT3FEek90NEVIWG56OVJfdWRjZGxtT0dPMzhPeFdkZlZZWXRSSWJZTHM0VHdzdEZZWlhsQjViLTUxcG8wVU4wZmllZU5kVnhEWnU4blZaTjRXWnJXOHBhSkc4RzNRQjQ20gHcAUFVX3lxTE1NS0VvdDBKSHI0MGVzUGlaYXVISW51SnItZldIVnJiY09aODFTTDZSQ3FWTFM5eWVaWFJvQzJLXy1fc3g4YTJiVWl5ZHlmaEUyUTNSUnB2d2xjQmRZdEdISTA5V0l1SDRxRmVCclY5aXA5cXNlekcxTDBWeUFqRzNLYVpDS1pnMkJqZFRsdlhwY2tPQjhCZlpkQW9TT29WYWYycnNKeHkyWFBwNDNqZU9SODB6a2w2NDBWTnNGTXZ6VkhqSS1wR19mbVdoN2V5cDJNRmZqeFNuUC1zTnk?oc=5,https://www.scmp.com,"Exclusive | Jamie Dimon on how growth can untangle US-China strife, thorny global issues - South China Morning Post",未分類,international_news,2026-10-04T11:54:56+00:00,1,0.504,0.504,source_reliability+event_signal
b0e03f5e16827e14,7333da50c1ef7ab3,192bcbb7fe54133f,2026-09-28,2026-09-28T19:59:17+00:00,ENERGY,"ENERGY,UN",product_launch,,product_launch,From energy crisis to energy transition: How renewables are reshaping energy security - UN News,,,neutral,0.5,0.45,UN News,news.un.org,0.68,61.18333333333334,"product_launch | product_launch | international_news | ['energy', 'un']",長期多頭 / 風險偏低,https://news.google.com/rss/articles/CBMiV0FVX3lxTFBzWVQ2cmxMSFlMNmtCa1RhYmRSNUtJUFlpd0lTR3ozYUxfQzRnaTdYcm9WR1FXMlNqNWhyUmRuUXlYYkFxX2Nxa3ctY3NhY2lRYXlNVk1hVQ?oc=5,https://news.un.org,From energy crisis to energy transition: How renewables are reshaping energy security - UN News,未分類,international_news,2026-10-04T11:54:56+00:00,1,0.504,0.504,source_reliability+event_signal
74c76d0c77d7096b,80d0e5af8a821d06,ba3a2e68038f29c4,2026-09-28,2026-09-28T17:30:53+00:00,AMZN,AMZN,product_launch,,product_launch,What Is Going on With Amazon Stock on Monday? - Benzinga,,,neutral,0.5,0.45,Benzinga,benzinga.com,0.68,57.18333333333334,product_launch | product_launch | news | ['amzn'],長期多頭 / 風險偏低,https://news.google.com/rss/articles/CBMioAFBVV95cUxOOUlJcWlWSHJHdHBKaWVlTjRLTG96Rkh4a0RBYzY1eE5MN3dDcjNrTFlGeGx2SkFjMmx5Nkx6VnlWRkR4WV9jN0lHLWJuSFBPV19qVF9nR0JMWnZFWXFOV3ZWMl9kM3A3SjFsZWktdkdLQWxocGF5dFRkOExvcnhtNEt0WEF3SDZEUkttc0t0Z2hUai05OUdMYjFERTdBV0tr?oc=5,https://www.benzinga.com,What Is Going on With Amazon Stock on Monday? - Benzinga,未分類,news,2026-10-04T11:54:56+00:00,1,0.504,0.504,source_reliability+event_signal
7ee495e128b498ae,88fe01a1046efc97,6d9816b1857ddb0b,2026-09-28,2026-09-28T17:03:46+00:00,TRADE,TRADE,product_launch,,product_launch,Xi-Trump Meeting: Four Takeaways from the Washington Visit for Businesses - China Briefing,,,neutral,0.5,0.45,China Briefing,china-briefing.com,0.68,59.18333333333334,product_launch | product_launch | international_news | ['trade'],長期多頭 / 風險偏低,https://news.google.com/rss/articles/CBMif0FVX3lxTE1ueWZJUzY1TWlqMUF0M1Zid2g4aVMyYUtLY3JEd3kxbURfSF9FS09uc1B6Z3dHWFVqRnRFdnB5WmFpaHpKVVJndnBKQjBIVFRORGJXYVBwRWFDRDNrM3UxNUMwcFpmc0lzYzJmdE5neHBFZUE5RXdlZWJ6czYzbGc?oc=5,https://www.china-briefing.com,Xi-Trump Meeting: Four Takeaways from the Washington Visit for Businesses - China Briefing,未分類,international_news,2026-10-04T11:54:56+00:00,1,0.504,0.504,source_reliability+event_signal
325bb256ba494294,8256d8e92e2df448,6d7fbd5c4502c41e,2026-09-28,2026-09-28T16:43:26+00:00,AMD,AMD,product_launch,,product_launch,AMD Stock Drops 4.5% as Perplexity Puts Agents on Local PCs - Yahoo Finance,,,neutral,0.5,0.45,Yahoo Finance,finance.yahoo.com,0.72,65.68333333333334,product_launch | product_launch | news | ['amd'],長期多頭 / 風險偏低,https://news.google.com/rss/articles/CBMiiwFBVV95cUxOTzgxZXFMRTBTaE1zUF9WMmFwWUhZNTUwSlJ4MEpHWDl1Yk5FSWU5SUFTU3JQZkhyckFHNi1FS0VpTG1OV0RpUTJPeEk2d0ltUU5tMjhQUXIwcl9sT3FwV21ldG1CVVE4UHg3SjVDRWxiTVBRVkREVzNFc01BS2NfN3I3bUg2SWs5UENB?oc=5,https://finance.yahoo.com,AMD Stock Drops 4.5% as Perplexity Puts Agents on Local PCs - Yahoo Finance,未分類,news,2026-10-04T11:54:56+00:00,1,0.516,0.516,source_reliability+event_signal
34531478a6d98312,4dea1322740f9bc2,48f62377bdca7fe9,2026-09-28,2026-09-28T16:38:00+00:00,MSFT,MSFT,product_launch,,product_launch,"Microsoft (MSFT) Stock Quotes, Company News And Chart Analysis - Investor's Business Daily",,,neutral,0.5,0.45,Investor's Business Daily,investors.com,0.8,72.83333333333333,product_launch | product_launch | news | ['msft'],長期多頭 / 風險偏低,https://news.google.com/rss/articles/CBMipAFBVV95cUxQWWhxeXNoQ3Riem4wdDhaZzA0SjA4bU1IVllkcEV4Y1V1eUFpTTV4Vllfb1VnSnBQV3k4VnBuUzlWb0dURDZ3V2pyQm83cUtuWU9FaFpSZEd0T1FQczZlNllPSFJVcUFKb1EyYUZVRW43UE9aMk1iOUtuOGc2UTk1QjA2QkFhXzh1YWhTSEF0ZW82LTdickFSY2ROeGIwelVjRHJqRA?oc=5,https://www.investors.com,"Microsoft (MSFT) Stock Quotes, Company News And Chart Analysis - Investor's Business Daily",AI/晶片,news,2026-10-04T11:54:56+00:00,1,0.54,0.54,source_reliability+event_signal
9812097b9b962969,2165f0f367cb1218,bcf7507c5ecf55db,2026-09-28,2026-09-28T16:01:00+00:00,IYW,"IYW,AI",product_launch,,product_launch,Super Micro and Dell Drop 5% as AI Server Rally Reverses; Hewlett Packard Enterprise Falls 3% - 24/7 Wall St.,,,neutral,0.5,0.45,24/7 Wall St.,247wallst.com,0.68,73.68333333333332,"product_launch | product_launch | news | ['iyw', 'ai']",長期多頭 / 風險偏低,https://news.google.com/rss/articles/CBMizwFBVV95cUxOOF91ZGppWlhPR09hOXBZYU9SLV9SRnZGSjIwM1EzQ0ZmcGJmOFBVYkZ1Y1JlU0xPTlRGZUkzYUlFSHhmQnQ4b2pmSENlTUd0Nm45YnZRbkVtTGxvUXVoZ0JNRmRNbngxSlZoWmtkVE5YMkVaWHNyQURiNVRBa3pEeFp6YVV4cVctcTlZcUhSaWRkNnJZSHNURFBqNm8teGVpWWg5RHNJWTd2YVN1ZEdTOVRDNUkzWVJKMHRXbU9BZG1BTzhjNUlOazNKUlFPQ0E?oc=5,https://247wallst.com,Super Micro and Dell Drop 5% as AI Server Rally Reverses; Hewlett Packard Enterprise Falls 3% - 24/7 Wall St.,AI/晶片；產品/需求,news,2026-10-04T11:54:56+00:00,1,0.504,0.504,source_reliability+event_signal
459eab3e9a3329ff,f4c308391df9e9a8,eb7562d8f552ecd6,2026-09-28,2026-09-28T15:46:14+00:00,TSLA,TSLA,product_launch,,product_launch,Tesla Stock Drops: What's Going On Today? - Benzinga,,,neutral,0.5,0.45,Benzinga,benzinga.com,0.68,55.18333333333334,product_launch | product_launch | news | ['tsla'],長期多頭 / 風險偏低,https://news.google.com/rss/articles/CBMioAFBVV95cUxNM2VHVWFOeTF4a2ZIcldZTHRZNFRSQkRiMklnVkVCRFhGTy01Z3lOcGdnaFhQNkxKRThZVURqV0FsWEpROWtnQk5lU3lUOWdzRHBXU3o5MTJUZ3N0cDR2WHBIVGlhRVhQSENVWjB1RjVBbm9Gb0c5dG1QZmZfVjVjVElNSElWaFE0VWUwRF9CQUVFVTJ0Qy03aV9tcTkxQ3Fk?oc=5,https://www.benzinga.com,Tesla Stock Drops: What's Going On Today? - Benzinga,未分類,news,2026-10-04T11:54:56+00:00,1,0.504,0.504,source_reliability+event_signal
a874449cdab49aed,a30f14ecf1d610c7,5d2697de7a0bb945,2026-09-28,2026-09-28T15:35:35+00:00,WAR,WAR,product_launch,,product_launch,COMMENTARY: Cash-rich oil majors face post-Iran strategy rethink - Reuters,,,neutral,0.5,0.45,Reuters,reuters.com,0.95,74.33333333333333,product_launch | product_launch | international_news | ['war'],長期多頭 / 風險偏低,https://news.google.com/rss/articles/CBMixwFBVV95cUxPQ21VRGFRWnc1czVkOUdJbGJ3ZmMwNGUtVTFmbkxJcFBWZWNXdnVUcUFFajJGNFJJSGkwYldyWi1PNFhzQlQtUjhaNzg4OE9QRTF1bXd5dkVGR3BzZUJCaVFweUxuSlJhRjZfank4Tl9Ec2ZveGJKdlFFWjZXbEFud0FOVVR6bmhzVmNqMm5fN2xQcnI5TEdtU25NX3p6QkxRbE5wM0RGa2pIVDZMWjhrMHV6UEZZMlNielBwLWVHWmtYWU5LTnZJ?oc=5,https://www.reuters.com,COMMENTARY: Cash-rich oil majors face post-Iran strategy rethink - Reuters,未分類,international_news,2026-10-04T11:54:56+00:00,1,0.585,0.585,source_reliability+event_signal
8aec710e5aafcbb4,6ebf716c24b3c252,8d03ad6d5dcf81ae,2026-09-28,2026-09-28T14:46:00+00:00,META,META,product_launch,,product_launch,Meta Stock Pulls Back After Muse-Fueled Rally. What Investors Are Watching Next. - Investor's Business Daily,,,neutral,0.5,0.45,Investor's Business Daily,investors.com,0.8,75.83333333333333,product_launch | product_launch | news | ['meta'],長期多頭 / 風險偏低,https://news.google.com/rss/articles/CBMivgFBVV95cUxQOG1ua0pCczJCRlIwcEFUalp2MmgwdDdfcXloOTh1SnJlcU9Pbk5MelN5WnZBOXNEU1FWeVp6eXFQV3MzWTJqNlhub1BLVk1aTEFrQ0tnZnNwaFk1Z2kxaS1xcURBdVpTLWRQdUZVU3lVRFJWcngtN0UwUWRab3pXZW84NVJYemZsd1M5RmRiOU5JRDJGM283dUhHZDRtRjN5UlEwdDVKUk5LOW9nempVTkNqQWhnUFR0YXhEMXV3?oc=5,https://www.investors.com,Meta Stock Pulls Back After Muse-Fueled Rally. What Investors Are Watching Next. - Investor's Business Daily,AI/晶片,news,2026-10-04T11:54:56+00:00,2,0.55,0.55,source_reliability+event_signal
696b1f5b4c799c05,5283badcdee3e96c,5a4063368ae00818,2026-09-28,2026-09-28T14:45:14+00:00,IGV,"IGV,AI,CIBR",geopolitical,,geopolitical_shock,JPMorgan’s basket of security software stocks outperforms as AI threats mount (CIBR:NASDAQ) - seekingalpha.com,,,neutral,0.5,0.45,seekingalpha.com,seekingalpha.com,0.68,71.43333333333334,"geopolitical_shock | geopolitical | news | ['igv', 'ai', 'cibr']",長期多頭 / 風險偏低,https://news.google.com/rss/articles/CBMisAFBVV95cUxNNlQtZU9zVXpzbEZiQVFlcW9ZVDJKdFFlalRrU3ZUdXkzdHhfUldZVFBpMTR1NW0yUElfbWRqSllGSHMyQ3JGSjBUOUZ6LUNJYkwwM1hMYlA1Z0JidmdLSUI2TVVCR1gyX0RERWFsMzRNYjViTnp0bDhfaVhGVXpFaFFNRlcwcGdfbUV1ajBaZVQwTWhEODdVZFJOc3luV0ZUR3lmN2FITlhNZ0h6ZC1NWA?oc=5,https://seekingalpha.com,JPMorgan’s basket of security software stocks outperforms as AI threats mount (CIBR:NASDAQ) - seekingalpha.com,AI/晶片；大盤風險；國際/戰爭,news,2026-10-04T11:54:56+00:00,1,0.504,0.504,source_reliability+event_signal
01af8c57509bb0d6,24cb4d3cd1a9d472,3bdd9b4a4770559b,2026-09-28,2026-09-28T13:56:00+00:00,NVDA,NVDA,earnings,,earnings_release,Nvidia Adds Record $150 Billion to Stock Buyback - wsj.com,,,positive,0.65,0.45,wsj.com,wsj.com,0.92,72.68333333333332,earnings_release | earnings | news | ['nvda'],長期多頭 / 風險偏低,https://news.google.com/rss/articles/CBMijAFBVV95cUxQc0FYLWRBSUpvTnE1UVdUekNzQTdsck9qYmhILVI2WGpxaGJaQl9iQjRYZzViSFc5c1FNXzJJaFgxTm9FTXZ2S2kxeEFQcGFqeFY4WkhuVXNoZW0tbUUzMG5KTkc5SWtPVGlHYmgxMHB3d1BGX1RpVFh4QUcyaFhxX1ZJN1hPZ2ktQ0NTVA?oc=5,https://www.wsj.com,Nvidia Adds Record $150 Billion to Stock Buyback - wsj.com,未分類,news,2026-10-04T11:54:56+00:00,1,0.636,0.636,source_reliability+event_signal
969ade7fe373c2a7,72d3a1e321ce35ea,bd6da29afbef15a2,2026-09-28,2026-09-28T13:45:00+00:00,QQQ,QQQ,product_launch,,product_launch,The Nasdaq Nears a Major Breakout: 5 Tech ETFs to Play the Move - The Globe and Mail,,,neutral,0.5,0.45,The Globe and Mail,theglobeandmail.com,0.68,67.93333333333334,product_launch | product_launch | news | ['qqq'],長期多頭 / 風險偏低,https://news.google.com/rss/articles/CBMi3wFBVV95cUxPSWthTl9xYzVnZkc0NXo5NGZIT3dkMjNMWjIwbF9NbDBMV1dtVHZLTEphNGE0ZFhjTENJWVE0dXpNaXZIT2RxQ2pkQ0hjWHYtRlY5dkZWM3IxbnlsdndfUVd5VkFqUFRKLUdTeWpWaFVqOTM4REIxUzhvRWhLZXhMRnBneUZhNkhjYjV5SW04M2hCWkltTFJQbllWS2ZHcmpfZmR0aDJ5a0pLVmI1VXVaTS1naW12N2VBSXRCTTk0cDEyZXpmNkxHOEwzbDB3a0RHZHoybkcwT3gyN0k5VFVv?oc=5,https://www.theglobeandmail.com,The Nasdaq Nears a Major Breakout: 5 Tech ETFs to Play the Move - The Globe and Mail,AI/晶片,news,2026-10-04T11:54:56+00:00,1,0.504,0.504,source_reliability+event_signal
bf7d2d5392f9177f,64e050875d2c4974,b30c46823d7af892,2026-09-28,2026-09-28T13:45:00+00:00,XLK,XLK,product_launch,,product_launch,The Nasdaq Nears a Major Breakout: 5 Tech ETFs to Play the Move - Yahoo Finance,,,neutral,0.5,0.45,Yahoo Finance,finance.yahoo.com,0.72,67.68333333333334,product_launch | product_launch | news | ['xlk'],長期多頭 / 風險偏低,https://news.google.com/rss/articles/CBMimgFBVV95cUxQNUpjU3dXV0djMDdJWlctTVYxc3FFNGc3QjRPVGlEM2R5Zlg0TlJyMGRYeUNoTVRMQ0lfb1Q5T1laNzBGRkZwQlktS2t0N0M5V2NIeFpjd0V4QktlNndCMzVhTDBsMERqVGRuZVg1Yy1tSUNHYVZ5alFHTWRVNUJadEQ1V0RmSkM5R2pEY2RjX25mRjNVeGVVaWJB?oc=5,https://finance.yahoo.com,The Nasdaq Nears a Major Breakout: 5 Tech ETFs to Play the Move - Yahoo Finance,未分類,news,2026-10-04T11:54:56+00:00,1,0.516,0.516,source_reliability+event_signal
ac7fe10687a0e482,ca70f81803780612,1c0c0b133f9a789c,2026-09-28,2026-09-28T12:43:12+00:00,ENERGY,ENERGY,product_launch,,product_launch,Why fuel prices may go higher still - The Conversation,,,neutral,0.5,0.25,The Conversation,theconversation.com,0.68,56.18333333333334,product_launch | product_launch | international_news | ['energy'],長期多頭 / 風險偏低,https://news.google.com/rss/articles/CBMiekFVX3lxTE55U3QyU2pzNVlocDUweEdXNkEyYzZSdEJ6d3NyeHRyNzROLUF1cWRzeUQ0b3FSWkNmMURNak9ycU9fTXJJTWg2LXRwc2wwdzUzVlV2Mlc1cW1jU1ViZjlTZ0t6VENuYTlXRWp0WmFyZERPQ3huX3BmNFB3?oc=5,https://theconversation.com,Why fuel prices may go higher still - The Conversation,未分類,international_news,2026-10-04T11:54:56+00:00,1,0.464,0.464,source_reliability+event_signal
93281c12a0430884,14c85b67fb0e80c6,9e7a2d165e45418c,2026-09-28,2026-09-28T11:12:55+00:00,TRADE,TRADE,geopolitical,,geopolitical_shock,China and the U.S. Pledge to Cut Tariffs on $60 Billion in Goods - The New York Times,,,neutral,0.5,0.8,The New York Times,nytimes.com,0.68,71.35,geopolitical_shock | geopolitical | international_news | ['trade'],長期多頭 / 風險偏低,https://news.google.com/rss/articles/CBMifEFVX3lxTE1rdUg4QW9wLTQ0Q0NoSFRCckJveTFzQW1fN0gwNWpkT21xeExETUREUngtMV9aRWx5WHBLV1RPVTYyaU9XSnpzazc0QktxdFBoUl85cHJKV18zTlhCX2xVakN3Mnl2cHRPbFdyZjRJSG9OMlBUT1ZFZW01eDg?oc=5,https://www.nytimes.com,China and the U.S. Pledge to Cut Tariffs on $60 Billion in Goods - The New York Times,大盤風險；國際/貿易,international_news,2026-10-04T11:54:56+00:00,1,0.5740000000000001,0.5740000000000001,source_reliability+event_signal
aa60ab83d7916195,94aa7ff8ae0c4bf7,bbfe8b7969d8be00,2026-09-28,2026-09-28T11:06:00+00:00,NVDA,"NVDA,AI",product_launch,,product_launch,Nvidia sets biggest-ever buyback plan as AI chip competition weighs on stock performance - Reuters,,,neutral,0.5,0.45,Reuters,reuters.com,0.95,86.5,"product_launch | product_launch | news | ['nvda', 'ai']",長期多頭 / 風險偏低,https://news.google.com/rss/articles/CBMioAFBVV95cUxNTzg4UzFUbWw0cThEbUEwYVdsdF9WVVpuSDZ0RkJjLWd1UE5XdVJFWjRKazNRU2lyVkxiX2xIZFplVnkxTTl4QUhnV1NaM21SdFNxTFBMYXVJMlJVU2lobmtWYkpqa2wyWlRPLWxuZTMtTzhRUVpHZ1V6VkRLS0psbzlQTWQwcGNpVXNuSGRYSjlCQU9sU3lXcXVteXk2ZmZf?oc=5,https://www.reuters.com,Nvidia sets biggest-ever buyback plan as AI chip competition weighs on stock performance - Reuters,AI/晶片；產品/需求,news,2026-10-04T11:54:56+00:00,2,0.595,0.595,source_reliability+event_signal
7c528bcf82ccc61e,bf092d7296c1bdc9,6ce870c46982b136,2026-09-28,2026-09-28T10:09:55+00:00,WAR,WAR,geopolitical,,geopolitical_shock,Global markets: War and peace risk narrative – Rabobank - Mitrade,,,neutral,0.5,0.45,Mitrade,mitrade.com,0.68,64.35,geopolitical_shock | geopolitical | international_news | ['war'],長期多頭 / 風險偏低,https://news.google.com/rss/articles/CBMigwFBVV95cUxQMUk3eU1FS0l0MWhlQkRyQWhwMHgtQWZLMG1vcTlGWTI0RkZ5cEFzQTZlSTdxM3dFWHZZX3g5OTczdTNQaXNpU0JfNTY4eGtPdWZKc053T1UyR2VFQzZlOXJNVkRnaVNWR3V4R1VQTzdZazY5cXdPb0NiQlFEMmFYWU1tYw?oc=5,https://www.mitrade.com,Global markets: War and peace risk narrative – Rabobank - Mitrade,大盤風險；國際/戰爭,international_news,2026-10-04T11:54:56+00:00,1,0.504,0.504,source_reliability+event_signal
6c619922f3f84456,6ae02adfb5a72820,d005d62612c4cefc,2026-09-28,2026-09-28T06:51:36+00:00,TRADE,"TRADE,US",geopolitical,,geopolitical_shock,"US, China list goods recommended for tariff cuts following Trump-Xi summit - Al Jazeera",,,neutral,0.5,0.8,Al Jazeera,aljazeera.com,0.68,67.35,"geopolitical_shock | geopolitical | international_news | ['trade', 'us']",長期多頭 / 風險偏低,https://news.google.com/rss/articles/CBMiuAFBVV95cUxQelZyZ0FsbXVrSlp3OXZ2ZWlFZHpINVdwdVJwYmc1NTN0bGZ5NXJxQTZOYm5lbzBSSXJmU2ItbmJYX1Z2ay1wZHBVM3dENDBkWWRVcEtEakNjTkYwckVYMWJXeC04SURqQ2NCTTJrQ0UxOUIwRGp3RjZHTTI5bXlmd0kxME4wVGZrNV9Bekx2TVh5RnB6Y29iSWFIamlOUmFvTHhLOHVRSE1TQWxoLXhHcGdlYk9FNm050gG-AUFVX3lxTE9xRGdhcFMtb0lJQmkwbm9HWW5kUmIzdGxEeU1WTjVXbWZwcHoxd2JzWHpZT0s0c2p3NFBQdENpckwxME92OW5IZ3Z2ZW9kaXZQMm1QU1RYSmVLZTE0TUF2aGt5UHNuLVN0Zmd1dDRDWVgxTURYS2NjZlRMMFAzM2NnSjVWNlFKYXBBTS1GaEFVMTFaTzFtZ0hIOHhFbVJZa3VvREtEbTBjal9xcGZKUmdqZHJMY0dub3BwVFh6OHc?oc=5,https://www.aljazeera.com,"US, China list goods recommended for tariff cuts following Trump-Xi summit - Al Jazeera",大盤風險；國際/貿易,international_news,2026-10-04T11:54:56+00:00,1,0.5740000000000001,0.5740000000000001,source_reliability+event_signal
4bb4a176daf2ca30,215b1eac4f8bef35,08e26afe1f283151,2026-09-28,2026-09-28T06:35:49+00:00,AAPL,AAPL,product_launch,,product_launch,Apple (AAPL) Stock Could Be Overvalued On Fresh Health App Hopes - simplywall.st,,,neutral,0.5,0.25,simplywall.st,simplywall.st,0.68,58.85,product_launch | product_launch | news | ['aapl'],長期多頭 / 風險偏低,https://news.google.com/rss/articles/CBMivAFBVV95cUxNVGlqRVFJRnA5UmxOeGNhMmZ2YnRBVDBPTFB5M0JtMTNid3U2OEpNTTNtUGtVTWV0SElsblFKMnNtcFR2MENKaFdJWHUwYTRmZm5yRkVzWEJCSjdybHZRNkQxYXZoaDF4Vjc3LUkxeU9Ba0hPRGFOSUlrZTZJNTRJQXhpeWlkdnRzSFpoUjViYzBqcjRUZzZDREFCX3IzYnhRU2lMdzBKclJERlc4a0NJYlo1RGpKVXBqelZmU9IBwgFBVV95cUxPdVFFTHFfQlB2MkRaUWFZNlR4Ul9uUzFWdFdKLU1aN0I1dWpBRlVlTW4yZV9VLWhzVXMwRnhnVVcxTzY0emlzSnZIMnBHdVY2QjlkTTkzQ2hiOU4ya2t3UUV2OW9MQW50bGg5ZjRwMDJiNG55YkVWQi0tWjUxZGdJZ2o2Zll4d2xNMHZ5WHRxZjJGSzU0cXBDQ2FuUGpZZGhaYUlKVUF3T3NkZm1OODBISjdDeG5KbmVEY0RmSVlpQUFnUQ?oc=5,https://simplywall.st,Apple (AAPL) Stock Could Be Overvalued On Fresh Health App Hopes - simplywall.st,未分類,news,2026-10-04T11:54:56+00:00,1,0.464,0.464,source_reliability+event_signal
07cd84f1b87731e0,94aa7ff8ae0c4bf7,bbfe8b7969d8be00,2026-09-28,2026-09-28T03:13:00+00:00,NVDA,"NVDA,AI",product_launch,,product_launch,"NVDA Stock In Focus: China Reportedly Weighs Letting ByteDance, Alibaba Buy Some Nvidia AI Chips - Yahoo Finance",,,neutral,0.5,0.25,Yahoo Finance,finance.yahoo.com,0.72,73.1,"product_launch | product_launch | news | ['nvda', 'ai']",長期多頭 / 風險偏低,https://news.google.com/rss/articles/CBMinwFBVV95cUxOel84ZmZOdEs3MTdCb1J0Z0Vrb3NXMURUSTMyQ1oyOUVpMVA5UllzX0F1RFJFNTVoMUZ0SEwwWFoyRjBweHc3Q2s2MlNDYTc2R01tUmd6VkpYeDB2T2RMSk9lVEkxdE9OQ2M3cTZOU2c1WXNIUW5nVnIzNmhRQmczemFhX0hGZC1wWjZnN1lLaWM2M1BRNER1aE5DT09BeGc?oc=5,https://finance.yahoo.com,"NVDA Stock In Focus: China Reportedly Weighs Letting ByteDance, Alibaba Buy Some Nvidia AI Chips - Yahoo Finance",AI/晶片,news,2026-10-04T11:54:56+00:00,2,0.48600000000000004,0.48600000000000004,source_reliability+event_signal
f6734c2a75a62a43,e8b5e15c1d6a8ccb,6c49bd626ff603f4,2026-09-27,2026-09-27T22:14:00+00:00,AMZN,AMZN,earnings,,earnings_release,I'd Buy Amazon Stock While It Sits 12% Below Its Record - fool.com,,,positive,0.65,0.45,fool.com,fool.com,0.68,58.85,earnings_release | earnings | news | ['amzn'],長期多頭 / 風險偏低,https://news.google.com/rss/articles/CBMingFBVV95cUxOa0hNM2lkQzFqbVJmajZVT1h6QUdZRm1Rd2swME9Fc2RlZnl2Z3FjUi1uZmNlWHlzMldNeVNpYi1iNTlTNmdja0F4ZThsRE9VWmZ2N1BmQ1BiMGlnNDZ3emZBVHF0RzB3NVhpWVFPSklRUU45bm1WTVVERHNmVHNwYnVFREpIU0M5M0UzVUd2a3c2NkExS05WT0hTdkVlZw?oc=5,https://www.fool.com,I'd Buy Amazon Stock While It Sits 12% Below Its Record - fool.com,未分類,news,2026-10-04T11:54:56+00:00,1,0.5640000000000001,0.5640000000000001,source_reliability+event_signal
32c682fca1ab2c99,f941e7ff9a6f01c6,3a03aafbd5e34129,2026-09-27,2026-09-27T14:11:00+00:00,TRADE,TRADE,contract,geopolitical,commercial_contract,"Xi visit delivers coal deal, tariff talks — and plenty of unresolved issues - Politico",,,neutral,0.5,0.8,Politico,politico.com,0.68,72.1,commercial_contract | contract | international_news | ['trade'],長期多頭 / 風險偏低,https://news.google.com/rss/articles/CBMif0FVX3lxTFBTMFZHdmJyVEZFU3RXOURfOVpzLVZKV0pLWHdFNTRMY3pGV01BZklSY0xMUk1DZDdKVU5JQU9qeFMydzhWZ3pRMTRjS3ZoWFA0b2ZKakhEZTNBZFpNaGd1OUZmYW9nMkNJZUUzRXM3dnFiM1pEckVfaHJySDhxbGM?oc=5,https://www.politico.com,"Xi visit delivers coal deal, tariff talks — and plenty of unresolved issues - Politico",併購/合作；大盤風險；國際/貿易,international_news,2026-10-04T11:54:56+00:00,1,0.5740000000000001,0.5740000000000001,source_reliability+event_signal
8c92d04a7d73ea07,9def1d5e9c809339,0f144eaebd8271a2,2026-09-27,2026-09-27T11:27:00+00:00,XLK,"XLK,ETF,CNBC",product_launch,,product_launch,Here's what Frank Cappelleri is watching from the XLK technology ETF - CNBC,,,neutral,0.5,0.45,CNBC,cnbc.com,0.8,68.41666666666667,"product_launch | product_launch | news | ['xlk', 'etf', 'cnbc']",長期多頭 / 風險偏低,https://news.google.com/rss/articles/CBMirwFBVV95cUxNLVY3NDl5bUwzODI4ZTBlX21qNHdKd0xtMDhSdFNjRDlhTklxUHduUzA2Xy1kOW1vQTRGNHlMMWRnQlFyOFFleW4yOXB2OURYLXFCelJRV1pvUWVPR09xc3JmMUo4MG55cmFtZTByTUNNX3NRWlRSN2xjeHRwMDBUdklFbVhrbVU0OW9mbEUyZXhOR2ZTY2FWUkI1YUt0UjdiNmJ6SHVxQ0xsc25SN3pz?oc=5,https://www.cnbc.com,Here's what Frank Cappelleri is watching from the XLK technology ETF - CNBC,未分類,news,2026-10-04T11:54:56+00:00,1,0.54,0.54,source_reliability+event_signal
b5add1dd17e051f9,d8409e0da0a911a8,01d4294e726431c1,2026-09-27,2026-09-27T01:02:00+00:00,QQQ,"QQQ,ETF",product_launch,,product_launch,This 17% Yield Nasdaq Covered Call ETF Is Somehow Outperforming QQQ - 24/7 Wall St.,,,neutral,0.5,0.45,24/7 Wall St.,247wallst.com,0.68,60.516666666666666,"product_launch | product_launch | news | ['qqq', 'etf']",長期多頭 / 風險偏低,https://news.google.com/rss/articles/CBMitAFBVV95cUxOZ2NtTldfRGZjY1RzNUN0ZWlKb19MWFNPQzk4VTRLTVZoc3Y2OFBTRnFCemJqRy1PMlUxMnpPUXg3WHdoVWdpS0VJRnBPMW8zQURhVG5GVmVvbUNicl9NUmlLeUFWZlExbGpyckZNcDE4UW44WlNCOVRGdzcyNDdtZEgzUUdENGtUSHpramtOT3d4YTUwdVFRV094SGJhRUp2Q1I0U1EzWkgzcVNFYklLWHpIZjM?oc=5,https://247wallst.com,This 17% Yield Nasdaq Covered Call ETF Is Somehow Outperforming QQQ - 24/7 Wall St.,未分類,news,2026-10-04T11:54:56+00:00,1,0.504,0.504,source_reliability+event_signal
7a71e4f5da21babb,fc80c9ff8c4573c7,90894f5e6e25c971,2026-09-26,2026-09-26T07:00:00+00:00,AMD,"AMD,AI",product_launch,,product_launch,"AMD: First AI Target Hit, Likely $1,000 Up Next (NASDAQ:AMD) - seekingalpha.com",,,neutral,0.5,0.45,seekingalpha.com,seekingalpha.com,0.68,60.93333333333334,"product_launch | product_launch | news | ['amd', 'ai']",長期多頭 / 風險偏低,https://news.google.com/rss/articles/CBMijAFBVV95cUxORGtETVJfd0Y1X0xlMlJ1QjRRTTRnTUM3NmNUV1lNTWRXc0Qwc1dORFBFZE14U1NvRGlZN1ltRklvMXE1Uko2dTNJVDJtSXhGMXNiUU13TGJmbjRwd3JWQVUxTy1UalNyVjRvUTQ2TlJIVXMtU0t1WjJmOVltQUZEbEVScDFlS0V1ZlREQQ?oc=5,https://seekingalpha.com,"AMD: First AI Target Hit, Likely $1,000 Up Next (NASDAQ:AMD) - seekingalpha.com",AI/晶片,news,2026-10-04T11:54:56+00:00,1,0.504,0.504,source_reliability+event_signal
9d90c78459539d95,b03a41e4418c24fc,027a4e86efb9a644,2026-09-26,2026-09-26T07:00:00+00:00,MSFT,"MSFT,CNBC",product_launch,,product_launch,Meta and Microsoft led tech stocks higher last week despite soaring bond yields - CNBC,,,neutral,0.5,0.45,CNBC,cnbc.com,0.8,70.08333333333333,"product_launch | product_launch | news | ['msft', 'cnbc']",長期多頭 / 風險偏低,https://news.google.com/rss/articles/CBMiqAFBVV95cUxOYmlROGs2M2hYOTVKSlNVSi1YQjNHYjJ2UjlueU1hak54dkVhOG05WEhHUk5VYlNDbkNEZjlVSnVWNmRNS2RZdENmM3JJeHp0UWRReHlRVko3RVphR0ZNU1lJcm9QVXA5WXZ3TmJQWUlidlV5VUF6dTZCbVJvMnI0MHM3RWFOcklLT3lBblM3bjBvNjgwM1pueW1xdFJHVHJyOG1ZRHd3YVo?oc=5,https://www.cnbc.com,Meta and Microsoft led tech stocks higher last week despite soaring bond yields - CNBC,未分類,news,2026-10-04T11:54:56+00:00,1,0.54,0.54,source_reliability+event_signal
b733849b4bd6a4d2,5441ecd3b0893b25,eb7562d8f552ecd6,2026-09-26,2026-09-26T05:03:01+00:00,TSLA,TSLA,product_launch,,product_launch,Is Tesla’s (TSLA) Stock Really Priced Like a Car Company? - Yahoo Finance,,,neutral,0.5,0.45,Yahoo Finance,finance.yahoo.com,0.72,63.68333333333334,product_launch | product_launch | news | ['tsla'],長期多頭 / 風險偏低,https://news.google.com/rss/articles/CBMimwFBVV95cUxNcGk5ZDFnUXhZVm1ja3VlenBTTE41SVZzUW01SWpHeE5qMnVFQmJDcno1Y040QlBDUUMwX0MxcEVwR3hFN2NPUjhMSU1SODRNTjNPV21CbWM1OUozOW5iQV9QTWZZTnNlVWIxRmVlQVdFbUlPZjVyZXZ6Y0pRM0xmTFBKQkU2RkVGc19PN2JWZkhFVktKdW9KTjRRbw?oc=5,https://finance.yahoo.com,Is Tesla’s (TSLA) Stock Really Priced Like a Car Company? - Yahoo Finance,未分類,news,2026-10-04T11:54:56+00:00,1,0.516,0.516,source_reliability+event_signal
1ed8715cf48baf7c,e23b4cb4d4956d4e,096199d50fec8a77,2026-09-25,2026-09-25T17:20:55+00:00,IYW,"IYW,US",product_launch,,product_launch,Exchange-Traded Funds Rise US Equities Advance After Midday - Yahoo Finance,,,neutral,0.5,0.45,Yahoo Finance,finance.yahoo.com,0.72,61.68333333333334,"product_launch | product_launch | news | ['iyw', 'us']",長期多頭 / 風險偏低,https://news.google.com/rss/articles/CBMimgFBVV95cUxPWk1rb1duZEp2ejh3eUJtSkxFQy1RVERYVGU5N1FZQktoaTllSU8xT29WU0N3aG43U1Vid0dOZGZzQTRSakQzS0Rma2ZaY0Z2d21CVVY1dU5LN1JlVnZlQlVxU0VDT0VOT05hX2FBeU0zVS1BTHhCVDNpdTNpV24yd2lvUFhZSUFweFF4TjhpNzlXc1R3SFlINkhB?oc=5,https://finance.yahoo.com,Exchange-Traded Funds Rise US Equities Advance After Midday - Yahoo Finance,未分類,news,2026-10-04T11:54:56+00:00,1,0.516,0.516,source_reliability+event_signal
672cf22a3df723fe,507859dc7638ec94,f2575c1b636657ce,2026-09-25,2026-09-25T15:05:00+00:00,VGT,"VGT,QQQ",product_launch,,product_launch,"VGT vs. QQQ: Where Should You Invest $1,000 Right Now for Maximum Long-Term Growth? - The Globe and Mail",,,neutral,0.5,0.45,The Globe and Mail,theglobeandmail.com,0.68,67.93333333333334,"product_launch | product_launch | news | ['vgt', 'qqq']",長期多頭 / 風險偏低,https://news.google.com/rss/articles/CBMi9AFBVV95cUxNOG9ia1J0RVB6RFBkVnAxNllNSFA3VFhKdzhlNGlIVGZaNWQyWEphVzFxb2xCSUxtZnpSWFN0ak1XZGJUTXZXbzdRV0FtVk85aFA2WlYwU3JHczIwQmp5RHlfdW5lbWF2WWIydUdLR2VFbGlhZ1FrREFxakpKc0l2NzJPMHNSeDJpU1p3NnZWN0xvVmR1YkM1OHFxX2xoWWx3NUxUMEExM1pPYXdWaWRubEJ0djFNUkNOZGJvTmNtVk9rSGtyX0xSdUJtU19jWEpxdXRlWVpJVUZZbzdzeUNvVEszZ01BMnVHZENGM2RMd0hkaVhT?oc=5,https://www.theglobeandmail.com,"VGT vs. QQQ: Where Should You Invest $1,000 Right Now for Maximum Long-Term Growth? - The Globe and Mail",AI/晶片,news,2026-10-04T11:54:56+00:00,1,0.504,0.504,source_reliability+event_signal
a3a8801656c25779,82efbcd7dc13ce70,5be2ea3368ce1cef,2026-09-25,2026-09-25T12:33:00+00:00,IGV,IGV,geopolitical,,geopolitical_shock,3 Software ETFs to Buy as the SaaSpocalypse Bottoms Out - TradingView,,,neutral,0.5,0.45,TradingView,es.tradingview.com,0.68,64.68333333333334,geopolitical_shock | geopolitical | news | ['igv'],長期多頭 / 風險偏低,https://news.google.com/rss/articles/CBMirwFBVV95cUxPRjN3enNLczVuS3RNdjNqRGNCOU9DS214aVBQT1JPRjNkLTRFUUhVNGdLbk5yYUlFblZMb3ZCNzlyYWxOLWRheE41Z2IwSTRWS2c0bTc5bXR4SzQ4eXN0enREX3QzNzNOTUhFZ2lfQlZiejgxWW1IZzJXZGN5d1BGalExTmZ6Yml2dHM4VVo2bW1fWTlqZHg3MlFYNDVPc0dNbnN5ZXVCbHVyeGdtM0VF?oc=5,https://es.tradingview.com,3 Software ETFs to Buy as the SaaSpocalypse Bottoms Out - TradingView,大盤風險；國際/戰爭,news,2026-10-04T11:54:56+00:00,1,0.504,0.504,source_reliability+event_signal
6e875dd461419eb5,1f02909459802e7f,145a8a5aa0cfc673,2026-09-25,2026-09-25T09:20:02+00:00,XLK,"XLK,ETF,RSPT",earnings,,earnings_release,Is Invesco S&P 500 Equal Weight Technology ETF (RSPT) a Strong ETF Right Now? - Eastern Progress,,,positive,0.65,0.45,Eastern Progress,easternprogress.com,0.68,61.85,"earnings_release | earnings | news | ['xlk', 'etf', 'rspt']",長期多頭 / 風險偏低,https://news.google.com/rss/articles/CBMi7AFBVV95cUxQdDFxX1VSdm4wUUFha0RXRHgyRHBhQmJvZHZNckFDLVEteDNnSGhsOFhTSmNkc21HQTctS1FnUEZiMHUxMVFDOGlCWkVYNW9wdTVSVmpyOE1qWnU1Umsybl9MMUFsd011TTBiVUdBTWlfWXB3WWRJOE9rUGNucFJsSGYtMXJaajYwT0pQV0RtWWpxT0gta3BWX1V4WXM2LVFTb25jczRZVG1nMG40VVh2M0VYSm5lTjZTeElFb0t0M1lneTFyb011ejBpUTI5TG1yYktQRnpDWUFkUmRxdEcyeUsxN0l4NlozMmdYMQ?oc=5,https://www.easternprogress.com,Is Invesco S&P 500 Equal Weight Technology ETF (RSPT) a Strong ETF Right Now? - Eastern Progress,未分類,news,2026-10-04T11:54:56+00:00,1,0.5640000000000001,0.5640000000000001,source_reliability+event_signal
ab64cc82452028b0,f74ba65d6f4d1654,158b9a58638fe47e,2026-09-25,2026-09-25T07:00:00+00:00,AAPL,AAPL,earnings,,earnings_release,Apple Just Gained 10% in a Month. What Will It Take for AAPL Stock to Finally Hit $350? - 24/7 Wall St.,,,positive,0.65,0.45,24/7 Wall St.,247wallst.com,0.68,68.6,earnings_release | earnings | news | ['aapl'],長期多頭 / 風險偏低,https://news.google.com/rss/articles/CBMixgFBVV95cUxQVnNCY0Z4d3VBYW9MV0llUzJPRGp6UUlKNUY1cXpsZjcyV21FLXVmSF8wTW5lYVJtUEJwODVuY1A2X05Zem5QRlpDWDRWS1VjVXpJR2VSZFFQZHE3azl3Y0VOd1Njdk5fanNubi1ZX0lvYnRiM3dqN1NYNVpTUjJaSzNRYzNCbG8wNnc0bTFCNldpNEFBZ0hmMzFuclpNRmxwb3gwanNQeGZNUGNZU21ubjRFaVRGTl9BN2Nhd0lJcVhpR3ZLdGc?oc=5,https://247wallst.com,Apple Just Gained 10% in a Month. What Will It Take for AAPL Stock to Finally Hit $350? - 24/7 Wall St.,AI/晶片,news,2026-10-04T11:54:56+00:00,1,0.5640000000000001,0.5640000000000001,source_reliability+event_signal
8dfa574d4043eb2c,ab5023ac9cc2be68,ba3a2e68038f29c4,2026-09-25,2026-09-25T07:00:00+00:00,AMZN,AMZN,product_launch,,product_launch,Amazon Stocks Move Lower as Anthropic Commits $11.6 Billion Elsewhere - Yahoo Finance,,,neutral,0.5,0.45,Yahoo Finance,finance.yahoo.com,0.72,63.35,product_launch | product_launch | news | ['amzn'],長期多頭 / 風險偏低,https://news.google.com/rss/articles/CBMioAFBVV95cUxOdUVLUmxHRFZoTUttcEJIV0duSGE3dWZQbEdZTHMwaGJaVWRfTTJ4MzA5WGp6bnBlZlR6Wl9SVXhaOWdRZ256TGJRdUZTT3VTWldmSnBvd1IxVDdXdHpYRnhscUdiTkYzZFVBVk5hdFJMVXktMWxTcXViUXNudGFYVG1UQmVvZndybFRHaUp4eXRvZFp6aFp4cm1DdWlEMkJ2?oc=5,https://finance.yahoo.com,Amazon Stocks Move Lower as Anthropic Commits $11.6 Billion Elsewhere - Yahoo Finance,未分類,news,2026-10-04T11:54:56+00:00,1,0.516,0.516,source_reliability+event_signal
5db915db2b7f8454,9af2a84d068b6331,8d03ad6d5dcf81ae,2026-09-25,2026-09-25T07:00:00+00:00,META,META,product_launch,,product_launch,"Meta Stock Rally: Buy, Sell, or Hold? What to Do With Shares Now. - Barron's",,,neutral,0.5,0.45,Barron's,barrons.com,0.68,59.85,product_launch | product_launch | news | ['meta'],長期多頭 / 風險偏低,https://news.google.com/rss/articles/CBMigAFBVV95cUxOSUtNSk9lS0w0Z3BuYVRlOE5iSUVaZmVydE1mY3Y1MnhJVkdyLUtJNTRiM0xpaTZ0N1pPSUhVdWtLS2JxdnV6UzhzR0R4QVVWSHF4bDl1cF9hakFsOFhBLTd3Sm5DQlJzdFNYUi1FS0Ywck5QWXp5LURaNEQ0dU5LYQ?oc=5,https://www.barrons.com,"Meta Stock Rally: Buy, Sell, or Hold? What to Do With Shares Now. - Barron's",未分類,news,2026-10-04T11:54:56+00:00,1,0.504,0.504,source_reliability+event_signal
a75f3121a85da41e,2de93f695995bb65,3c64b9861d170d24,2026-09-25,2026-09-25T07:00:00+00:00,MSFT,MSFT,analyst_rating,,analyst_action,Top Bank Tweaks Microsoft Stock Price Target for 2027 - Yahoo Finance,,,negative,0.35,0.45,Yahoo Finance,finance.yahoo.com,0.72,66.1,analyst_action | analyst_rating | news | ['msft'],長期多頭 / 風險偏低,https://news.google.com/rss/articles/CBMinAFBVV95cUxQcFE3UHRpQmhHQ1pydFRTSHhHNXBtMjBHT3ZjMjE1dTI2emQwaEc3dTh3WjdfSGJGY0Nzbm93QWdOaUROT1REVmlTWDRyTmQzLVZWVnhLRE1aOEpFQkRPa3Nwa2t3WHJoejRzR1FBZVBsQWhSaGpZbzNSN3ZsOGNYMWNVTURKTW92bGdsRF9OVkI5aHRYdHRVWkhaYmc?oc=5,https://finance.yahoo.com,Top Bank Tweaks Microsoft Stock Price Target for 2027 - Yahoo Finance,分析師,news,2026-10-04T11:54:56+00:00,1,0.456,0.456,source_reliability+event_signal
5b485cb953830f64,a3cf82c153468307,48f62377bdca7fe9,2026-09-25,2026-09-25T07:00:00+00:00,MSFT,MSFT,product_launch,,product_launch,"If You Invest $10,000 in Microsoft Today, Here’s What It Could Be Worth by 2030 - 24/7 Wall St.",,,neutral,0.5,0.25,24/7 Wall St.,247wallst.com,0.68,63.85,product_launch | product_launch | news | ['msft'],長期多頭 / 風險偏低,https://news.google.com/rss/articles/CBMiuwFBVV95cUxPWnRYN3ZnclhoM0xHc2k5ZThSbF9TUGY1b1E1b3pfdC01WTg4LU5VREdjSFQ0Njd0bnpzemNkN3J6WEduYU1RSjVWcWhMNjY4TzNyOXF1UEdFcVlJS2xoZXBoWWN3VFdCck1aRmZuamctVGY3bFo1NzJaQnlNWlBFSzFqdkNGbFdPTzcxdHVDeHRCcWN6Y2wwS2JKNWl0R1FZSlBwam9IcVFvYk4yNFlUcjQ1bUU1a2tHZ1Jz?oc=5,https://247wallst.com,"If You Invest $10,000 in Microsoft Today, Here’s What It Could Be Worth by 2030 - 24/7 Wall St.",未分類,news,2026-10-04T11:54:56+00:00,1,0.464,0.464,source_reliability+event_signal
92ac86e687627b60,a4979e4d42df5d15,27fc7bba5f8b7ca6,2026-09-25,2026-09-25T07:00:00+00:00,SOXX,"SOXX,ETF,AMD",product_launch,,product_launch,"Meet the Super Semiconductor ETF With 34.7% of Its Assets Parked in Intel, AMD, Micron, and Nvidia - fool.com",,,neutral,0.5,0.45,fool.com,fool.com,0.68,67.6,"product_launch | product_launch | news | ['soxx', 'etf', 'amd']",長期多頭 / 風險偏低,https://news.google.com/rss/articles/CBMimAFBVV95cUxOVE9OUXNxVnhHX2NmMmRFWkFzNEJkRV9kZ045QXZjcVNTRUJ2THp0c1BXbE9pM3FYa0RrVllIMkN6TUk0YUNuZDIzVzNSUXJBd295N2liWmtxOG11NjNNVjhnVjJaSzhGUktEcXFLaUgyWVdGcnE3YnBiYl9mdl9UU2JzY3JWM1hnODNsWFYwNjdNMG5nNkJkNQ?oc=5,https://www.fool.com,"Meet the Super Semiconductor ETF With 34.7% of Its Assets Parked in Intel, AMD, Micron, and Nvidia - fool.com",AI/晶片,news,2026-10-04T11:54:56+00:00,1,0.504,0.504,source_reliability+event_signal
f96f0d581e868876,52aa133e4b6412ae,ed666e0769f929fe,2026-09-25,2026-09-25T07:00:00+00:00,XLK,"XLK,ETF",product_launch,,product_launch,Sector ETF Comparison - Day 27 - Moomoo,,,neutral,0.5,0.45,Moomoo,moomoo.com,0.68,52.85,"product_launch | product_launch | news | ['xlk', 'etf']",長期多頭 / 風險偏低,https://news.google.com/rss/articles/CBMia0FVX3lxTFBBWUNvdWZfbWFRWDNPUTVxVlZtMUV3eVdLNnhLb2h5X0oteTNhRG13a091UGZSeE1VTWVsUHVTZV9QS21DdGVNMXBENnk0RWUxWHR5YTczS3dNdXVaanpNQno5QjBKd2VUTGQ0?oc=5,http://www.moomoo.com,Sector ETF Comparison - Day 27 - Moomoo,未分類,news,2026-10-04T11:54:56+00:00,1,0.504,0.504,source_reliability+event_signal
8ad713e57127d3e4,ebac06a4168e13c3,4a24ee41ff7edf8f,2026-09-24,2026-09-24T21:11:09+00:00,SMH,"SMH,ETF",contract,,commercial_contract,"VanEck Semiconductor ETF Options Spot-On: On September 24th, 166.53K Contracts Were Traded, With 1.8 Million Open Interest - 富途牛牛",,,positive,0.65,0.8,富途牛牛,news.futunn.com,0.68,67.6,"commercial_contract | contract | news | ['smh', 'etf']",長期多頭 / 風險偏低,https://news.google.com/rss/articles/CBMiqAFBVV95cUxOM2F4dzZLdlZDTGJVZzJuMEI4ZUNpeUhidDdlLUtzeEhZZkE1aXFpRm9ib1F4YVFVR210WUdrOHhSRkZxVzN4TUdXLU5oNXMtcDFJTExaRVdmZHlVbVFJaFFtV1BhTDB6OWxxeFptamwxeEtwZFBWZjEydnZhb1dqRGxacnBZMW9WWG5qdjlieGRlR3JZQVRQT0R4Mnc0ZzZfTzAxM0haUzk?oc=5,https://news.futunn.com,"VanEck Semiconductor ETF Options Spot-On: On September 24th, 166.53K Contracts Were Traded, With 1.8 Million Open Interest - 富途牛牛",AI/晶片,news,2026-10-04T11:54:56+00:00,1,0.6340000000000001,0.6340000000000001,source_reliability+event_signal
