date,series,label,value
2023-05-29,BAMLC0A0CM,Investment Grade OAS,1.41
2023-05-30,BAMLC0A0CM,Investment Grade OAS,1.4
2023-05-31,BAMLC0A0CM,Investment Grade OAS,1.42
2023-06-01,BAMLC0A0CM,Investment Grade OAS,1.42
2023-06-02,BAMLC0A0CM,Investment Grade OAS,1.39
2023-06-05,BAMLC0A0CM,Investment Grade OAS,1.39
2023-06-06,BAMLC0A0CM,Investment Grade OAS,1.39
2023-06-07,BAMLC0A0CM,Investment Grade OAS,1.39
2023-06-08,BAMLC0A0CM,Investment Grade OAS,1.4
2023-06-09,BAMLC0A0CM,Investment Grade OAS,1.4
2023-06-12,BAMLC0A0CM,Investment Grade OAS,1.41
2023-06-13,BAMLC0A0CM,Investment Grade OAS,1.39
2023-06-14,BAMLC0A0CM,Investment Grade OAS,1.38
2023-06-15,BAMLC0A0CM,Investment Grade OAS,1.37
2023-06-16,BAMLC0A0CM,Investment Grade OAS,1.35
2023-06-19,BAMLC0A0CM,Investment Grade OAS,1.35
2023-06-20,BAMLC0A0CM,Investment Grade OAS,1.35
2023-06-21,BAMLC0A0CM,Investment Grade OAS,1.35
2023-06-22,BAMLC0A0CM,Investment Grade OAS,1.34
2023-06-23,BAMLC0A0CM,Investment Grade OAS,1.35
2023-06-26,BAMLC0A0CM,Investment Grade OAS,1.36
2023-06-27,BAMLC0A0CM,Investment Grade OAS,1.34
2023-06-28,BAMLC0A0CM,Investment Grade OAS,1.34
2023-06-29,BAMLC0A0CM,Investment Grade OAS,1.31
2023-06-30,BAMLC0A0CM,Investment Grade OAS,1.3
2023-07-03,BAMLC0A0CM,Investment Grade OAS,1.29
2023-07-04,BAMLC0A0CM,Investment Grade OAS,1.29
2023-07-05,BAMLC0A0CM,Investment Grade OAS,1.28
2023-07-06,BAMLC0A0CM,Investment Grade OAS,1.29
2023-07-07,BAMLC0A0CM,Investment Grade OAS,1.28
2023-07-10,BAMLC0A0CM,Investment Grade OAS,1.29
2023-07-11,BAMLC0A0CM,Investment Grade OAS,1.28
2023-07-12,BAMLC0A0CM,Investment Grade OAS,1.27
2023-07-13,BAMLC0A0CM,Investment Grade OAS,1.27
2023-07-14,BAMLC0A0CM,Investment Grade OAS,1.28
2023-07-17,BAMLC0A0CM,Investment Grade OAS,1.29
2023-07-18,BAMLC0A0CM,Investment Grade OAS,1.28
2023-07-19,BAMLC0A0CM,Investment Grade OAS,1.28
2023-07-20,BAMLC0A0CM,Investment Grade OAS,1.27
2023-07-21,BAMLC0A0CM,Investment Grade OAS,1.26
2023-07-24,BAMLC0A0CM,Investment Grade OAS,1.25
2023-07-25,BAMLC0A0CM,Investment Grade OAS,1.24
2023-07-26,BAMLC0A0CM,Investment Grade OAS,1.23
2023-07-27,BAMLC0A0CM,Investment Grade OAS,1.2
2023-07-28,BAMLC0A0CM,Investment Grade OAS,1.19
2023-07-31,BAMLC0A0CM,Investment Grade OAS,1.19
2023-08-01,BAMLC0A0CM,Investment Grade OAS,1.19
2023-08-02,BAMLC0A0CM,Investment Grade OAS,1.21
2023-08-03,BAMLC0A0CM,Investment Grade OAS,1.22
2023-08-04,BAMLC0A0CM,Investment Grade OAS,1.22
2023-08-07,BAMLC0A0CM,Investment Grade OAS,1.22
2023-08-08,BAMLC0A0CM,Investment Grade OAS,1.23
2023-08-09,BAMLC0A0CM,Investment Grade OAS,1.23
2023-08-10,BAMLC0A0CM,Investment Grade OAS,1.22
2023-08-11,BAMLC0A0CM,Investment Grade OAS,1.22
2023-08-14,BAMLC0A0CM,Investment Grade OAS,1.22
2023-08-15,BAMLC0A0CM,Investment Grade OAS,1.23
2023-08-16,BAMLC0A0CM,Investment Grade OAS,1.25
2023-08-17,BAMLC0A0CM,Investment Grade OAS,1.26
2023-08-18,BAMLC0A0CM,Investment Grade OAS,1.27
2023-08-21,BAMLC0A0CM,Investment Grade OAS,1.26
2023-08-22,BAMLC0A0CM,Investment Grade OAS,1.25
2023-08-23,BAMLC0A0CM,Investment Grade OAS,1.25
2023-08-24,BAMLC0A0CM,Investment Grade OAS,1.23
2023-08-25,BAMLC0A0CM,Investment Grade OAS,1.23
2023-08-28,BAMLC0A0CM,Investment Grade OAS,1.22
2023-08-29,BAMLC0A0CM,Investment Grade OAS,1.22
2023-08-30,BAMLC0A0CM,Investment Grade OAS,1.22
2023-08-31,BAMLC0A0CM,Investment Grade OAS,1.22
2023-09-01,BAMLC0A0CM,Investment Grade OAS,1.22
2023-09-04,BAMLC0A0CM,Investment Grade OAS,1.22
2023-09-05,BAMLC0A0CM,Investment Grade OAS,1.22
2023-09-06,BAMLC0A0CM,Investment Grade OAS,1.23
2023-09-07,BAMLC0A0CM,Investment Grade OAS,1.23
2023-09-08,BAMLC0A0CM,Investment Grade OAS,1.23
2023-09-11,BAMLC0A0CM,Investment Grade OAS,1.23
2023-09-12,BAMLC0A0CM,Investment Grade OAS,1.23
2023-09-13,BAMLC0A0CM,Investment Grade OAS,1.24
2023-09-14,BAMLC0A0CM,Investment Grade OAS,1.23
2023-09-15,BAMLC0A0CM,Investment Grade OAS,1.22
2023-09-18,BAMLC0A0CM,Investment Grade OAS,1.22
2023-09-19,BAMLC0A0CM,Investment Grade OAS,1.21
2023-09-20,BAMLC0A0CM,Investment Grade OAS,1.2
2023-09-21,BAMLC0A0CM,Investment Grade OAS,1.2
2023-09-22,BAMLC0A0CM,Investment Grade OAS,1.2
2023-09-25,BAMLC0A0CM,Investment Grade OAS,1.19
2023-09-26,BAMLC0A0CM,Investment Grade OAS,1.2
2023-09-27,BAMLC0A0CM,Investment Grade OAS,1.21
2023-09-28,BAMLC0A0CM,Investment Grade OAS,1.23
2023-09-29,BAMLC0A0CM,Investment Grade OAS,1.24
2023-09-30,BAMLC0A0CM,Investment Grade OAS,1.25
2023-10-02,BAMLC0A0CM,Investment Grade OAS,1.26
2023-10-03,BAMLC0A0CM,Investment Grade OAS,1.28
2023-10-04,BAMLC0A0CM,Investment Grade OAS,1.29
2023-10-05,BAMLC0A0CM,Investment Grade OAS,1.29
2023-10-06,BAMLC0A0CM,Investment Grade OAS,1.29
2023-10-09,BAMLC0A0CM,Investment Grade OAS,1.29
2023-10-10,BAMLC0A0CM,Investment Grade OAS,1.29
2023-10-11,BAMLC0A0CM,Investment Grade OAS,1.27
2023-10-12,BAMLC0A0CM,Investment Grade OAS,1.26
2023-10-13,BAMLC0A0CM,Investment Grade OAS,1.27
2023-10-16,BAMLC0A0CM,Investment Grade OAS,1.27
2023-10-17,BAMLC0A0CM,Investment Grade OAS,1.27
2023-10-18,BAMLC0A0CM,Investment Grade OAS,1.29
2023-10-19,BAMLC0A0CM,Investment Grade OAS,1.31
2023-10-20,BAMLC0A0CM,Investment Grade OAS,1.33
2023-10-23,BAMLC0A0CM,Investment Grade OAS,1.33
2023-10-24,BAMLC0A0CM,Investment Grade OAS,1.31
2023-10-25,BAMLC0A0CM,Investment Grade OAS,1.3
2023-10-26,BAMLC0A0CM,Investment Grade OAS,1.3
2023-10-27,BAMLC0A0CM,Investment Grade OAS,1.31
2023-10-30,BAMLC0A0CM,Investment Grade OAS,1.32
2023-10-31,BAMLC0A0CM,Investment Grade OAS,1.32
2023-11-01,BAMLC0A0CM,Investment Grade OAS,1.33
2023-11-02,BAMLC0A0CM,Investment Grade OAS,1.29
2023-11-03,BAMLC0A0CM,Investment Grade OAS,1.29
2023-11-06,BAMLC0A0CM,Investment Grade OAS,1.28
2023-11-07,BAMLC0A0CM,Investment Grade OAS,1.29
2023-11-08,BAMLC0A0CM,Investment Grade OAS,1.28
2023-11-09,BAMLC0A0CM,Investment Grade OAS,1.27
2023-11-10,BAMLC0A0CM,Investment Grade OAS,1.26
2023-11-13,BAMLC0A0CM,Investment Grade OAS,1.25
2023-11-14,BAMLC0A0CM,Investment Grade OAS,1.23
2023-11-15,BAMLC0A0CM,Investment Grade OAS,1.22
2023-11-16,BAMLC0A0CM,Investment Grade OAS,1.21
2023-11-17,BAMLC0A0CM,Investment Grade OAS,1.2
2023-11-20,BAMLC0A0CM,Investment Grade OAS,1.18
2023-11-21,BAMLC0A0CM,Investment Grade OAS,1.17
2023-11-22,BAMLC0A0CM,Investment Grade OAS,1.15
2023-11-23,BAMLC0A0CM,Investment Grade OAS,1.15
2023-11-24,BAMLC0A0CM,Investment Grade OAS,1.14
2023-11-27,BAMLC0A0CM,Investment Grade OAS,1.14
2023-11-28,BAMLC0A0CM,Investment Grade OAS,1.14
2023-11-29,BAMLC0A0CM,Investment Grade OAS,1.11
2023-11-30,BAMLC0A0CM,Investment Grade OAS,1.11
2023-12-01,BAMLC0A0CM,Investment Grade OAS,1.11
2023-12-04,BAMLC0A0CM,Investment Grade OAS,1.1
2023-12-05,BAMLC0A0CM,Investment Grade OAS,1.11
2023-12-06,BAMLC0A0CM,Investment Grade OAS,1.12
2023-12-07,BAMLC0A0CM,Investment Grade OAS,1.11
2023-12-08,BAMLC0A0CM,Investment Grade OAS,1.1
2023-12-11,BAMLC0A0CM,Investment Grade OAS,1.1
2023-12-12,BAMLC0A0CM,Investment Grade OAS,1.09
2023-12-13,BAMLC0A0CM,Investment Grade OAS,1.08
2023-12-14,BAMLC0A0CM,Investment Grade OAS,1.04
2023-12-15,BAMLC0A0CM,Investment Grade OAS,1.04
2023-12-18,BAMLC0A0CM,Investment Grade OAS,1.05
2023-12-19,BAMLC0A0CM,Investment Grade OAS,1.05
2023-12-20,BAMLC0A0CM,Investment Grade OAS,1.06
2023-12-21,BAMLC0A0CM,Investment Grade OAS,1.07
2023-12-22,BAMLC0A0CM,Investment Grade OAS,1.07
2023-12-26,BAMLC0A0CM,Investment Grade OAS,1.06
2023-12-27,BAMLC0A0CM,Investment Grade OAS,1.05
2023-12-28,BAMLC0A0CM,Investment Grade OAS,1.04
2023-12-29,BAMLC0A0CM,Investment Grade OAS,1.04
2023-12-31,BAMLC0A0CM,Investment Grade OAS,1.04
2024-01-02,BAMLC0A0CM,Investment Grade OAS,1.06
2024-01-03,BAMLC0A0CM,Investment Grade OAS,1.09
2024-01-04,BAMLC0A0CM,Investment Grade OAS,1.09
2024-01-05,BAMLC0A0CM,Investment Grade OAS,1.09
2024-01-08,BAMLC0A0CM,Investment Grade OAS,1.08
2024-01-09,BAMLC0A0CM,Investment Grade OAS,1.06
2024-01-10,BAMLC0A0CM,Investment Grade OAS,1.04
2024-01-11,BAMLC0A0CM,Investment Grade OAS,1.03
2024-01-12,BAMLC0A0CM,Investment Grade OAS,1.02
2024-01-15,BAMLC0A0CM,Investment Grade OAS,1.02
2024-01-16,BAMLC0A0CM,Investment Grade OAS,1.02
2024-01-17,BAMLC0A0CM,Investment Grade OAS,1.02
2024-01-18,BAMLC0A0CM,Investment Grade OAS,1.01
2024-01-19,BAMLC0A0CM,Investment Grade OAS,1.01
2024-01-22,BAMLC0A0CM,Investment Grade OAS,1.01
2024-01-23,BAMLC0A0CM,Investment Grade OAS,1.01
2024-01-24,BAMLC0A0CM,Investment Grade OAS,0.99
2024-01-25,BAMLC0A0CM,Investment Grade OAS,0.98
2024-01-26,BAMLC0A0CM,Investment Grade OAS,0.97
2024-01-29,BAMLC0A0CM,Investment Grade OAS,0.98
2024-01-30,BAMLC0A0CM,Investment Grade OAS,1.0
2024-01-31,BAMLC0A0CM,Investment Grade OAS,1.02
2024-02-01,BAMLC0A0CM,Investment Grade OAS,1.04
2024-02-02,BAMLC0A0CM,Investment Grade OAS,1.02
2024-02-05,BAMLC0A0CM,Investment Grade OAS,1.0
2024-02-06,BAMLC0A0CM,Investment Grade OAS,1.0
2024-02-07,BAMLC0A0CM,Investment Grade OAS,1.0
2024-02-08,BAMLC0A0CM,Investment Grade OAS,0.99
2024-02-09,BAMLC0A0CM,Investment Grade OAS,1.0
2024-02-12,BAMLC0A0CM,Investment Grade OAS,1.0
2024-02-13,BAMLC0A0CM,Investment Grade OAS,0.99
2024-02-14,BAMLC0A0CM,Investment Grade OAS,0.98
2024-02-15,BAMLC0A0CM,Investment Grade OAS,0.97
2024-02-16,BAMLC0A0CM,Investment Grade OAS,0.96
2024-02-19,BAMLC0A0CM,Investment Grade OAS,0.96
2024-02-20,BAMLC0A0CM,Investment Grade OAS,0.96
2024-02-21,BAMLC0A0CM,Investment Grade OAS,0.94
2024-02-22,BAMLC0A0CM,Investment Grade OAS,0.93
2024-02-23,BAMLC0A0CM,Investment Grade OAS,0.95
2024-02-26,BAMLC0A0CM,Investment Grade OAS,0.96
2024-02-27,BAMLC0A0CM,Investment Grade OAS,0.96
2024-02-28,BAMLC0A0CM,Investment Grade OAS,0.98
2024-02-29,BAMLC0A0CM,Investment Grade OAS,1.0
2024-03-01,BAMLC0A0CM,Investment Grade OAS,1.01
2024-03-04,BAMLC0A0CM,Investment Grade OAS,1.0
2024-03-05,BAMLC0A0CM,Investment Grade OAS,1.01
2024-03-06,BAMLC0A0CM,Investment Grade OAS,1.01
2024-03-07,BAMLC0A0CM,Investment Grade OAS,1.0
2024-03-08,BAMLC0A0CM,Investment Grade OAS,0.99
2024-03-11,BAMLC0A0CM,Investment Grade OAS,0.98
2024-03-12,BAMLC0A0CM,Investment Grade OAS,0.97
2024-03-13,BAMLC0A0CM,Investment Grade OAS,0.95
2024-03-14,BAMLC0A0CM,Investment Grade OAS,0.94
2024-03-15,BAMLC0A0CM,Investment Grade OAS,0.93
2024-03-18,BAMLC0A0CM,Investment Grade OAS,0.92
2024-03-19,BAMLC0A0CM,Investment Grade OAS,0.92
2024-03-20,BAMLC0A0CM,Investment Grade OAS,0.92
2024-03-21,BAMLC0A0CM,Investment Grade OAS,0.91
2024-03-22,BAMLC0A0CM,Investment Grade OAS,0.92
2024-03-25,BAMLC0A0CM,Investment Grade OAS,0.92
2024-03-26,BAMLC0A0CM,Investment Grade OAS,0.93
2024-03-27,BAMLC0A0CM,Investment Grade OAS,0.94
2024-03-28,BAMLC0A0CM,Investment Grade OAS,0.93
2024-03-31,BAMLC0A0CM,Investment Grade OAS,0.94
2024-04-01,BAMLC0A0CM,Investment Grade OAS,0.93
2024-04-02,BAMLC0A0CM,Investment Grade OAS,0.93
2024-04-03,BAMLC0A0CM,Investment Grade OAS,0.92
2024-04-04,BAMLC0A0CM,Investment Grade OAS,0.92
2024-04-05,BAMLC0A0CM,Investment Grade OAS,0.92
2024-04-08,BAMLC0A0CM,Investment Grade OAS,0.91
2024-04-09,BAMLC0A0CM,Investment Grade OAS,0.91
2024-04-10,BAMLC0A0CM,Investment Grade OAS,0.89
2024-04-11,BAMLC0A0CM,Investment Grade OAS,0.89
2024-04-12,BAMLC0A0CM,Investment Grade OAS,0.92
2024-04-15,BAMLC0A0CM,Investment Grade OAS,0.92
2024-04-16,BAMLC0A0CM,Investment Grade OAS,0.95
2024-04-17,BAMLC0A0CM,Investment Grade OAS,0.95
2024-04-18,BAMLC0A0CM,Investment Grade OAS,0.94
2024-04-19,BAMLC0A0CM,Investment Grade OAS,0.94
2024-04-22,BAMLC0A0CM,Investment Grade OAS,0.93
2024-04-23,BAMLC0A0CM,Investment Grade OAS,0.92
2024-04-24,BAMLC0A0CM,Investment Grade OAS,0.92
2024-04-25,BAMLC0A0CM,Investment Grade OAS,0.92
2024-04-26,BAMLC0A0CM,Investment Grade OAS,0.9
2024-04-29,BAMLC0A0CM,Investment Grade OAS,0.9
2024-04-30,BAMLC0A0CM,Investment Grade OAS,0.91
2024-05-01,BAMLC0A0CM,Investment Grade OAS,0.91
2024-05-02,BAMLC0A0CM,Investment Grade OAS,0.9
2024-05-03,BAMLC0A0CM,Investment Grade OAS,0.89
2024-05-06,BAMLC0A0CM,Investment Grade OAS,0.88
2024-05-07,BAMLC0A0CM,Investment Grade OAS,0.88
2024-05-08,BAMLC0A0CM,Investment Grade OAS,0.89
2024-05-09,BAMLC0A0CM,Investment Grade OAS,0.89
2024-05-10,BAMLC0A0CM,Investment Grade OAS,0.89
2024-05-13,BAMLC0A0CM,Investment Grade OAS,0.9
2024-05-14,BAMLC0A0CM,Investment Grade OAS,0.9
2024-05-15,BAMLC0A0CM,Investment Grade OAS,0.9
2024-05-16,BAMLC0A0CM,Investment Grade OAS,0.89
2024-05-17,BAMLC0A0CM,Investment Grade OAS,0.89
2024-05-20,BAMLC0A0CM,Investment Grade OAS,0.88
2024-05-21,BAMLC0A0CM,Investment Grade OAS,0.89
2024-05-22,BAMLC0A0CM,Investment Grade OAS,0.89
2024-05-23,BAMLC0A0CM,Investment Grade OAS,0.89
2024-05-24,BAMLC0A0CM,Investment Grade OAS,0.89
2024-05-27,BAMLC0A0CM,Investment Grade OAS,0.89
2024-05-28,BAMLC0A0CM,Investment Grade OAS,0.88
2024-05-29,BAMLC0A0CM,Investment Grade OAS,0.88
2024-05-30,BAMLC0A0CM,Investment Grade OAS,0.88
2024-05-31,BAMLC0A0CM,Investment Grade OAS,0.88
2024-06-03,BAMLC0A0CM,Investment Grade OAS,0.88
2024-06-04,BAMLC0A0CM,Investment Grade OAS,0.9
2024-06-05,BAMLC0A0CM,Investment Grade OAS,0.91
2024-06-06,BAMLC0A0CM,Investment Grade OAS,0.92
2024-06-07,BAMLC0A0CM,Investment Grade OAS,0.9
2024-06-10,BAMLC0A0CM,Investment Grade OAS,0.9
2024-06-11,BAMLC0A0CM,Investment Grade OAS,0.91
2024-06-12,BAMLC0A0CM,Investment Grade OAS,0.9
2024-06-13,BAMLC0A0CM,Investment Grade OAS,0.92
2024-06-14,BAMLC0A0CM,Investment Grade OAS,0.95
2024-06-17,BAMLC0A0CM,Investment Grade OAS,0.95
2024-06-18,BAMLC0A0CM,Investment Grade OAS,0.96
2024-06-19,BAMLC0A0CM,Investment Grade OAS,0.96
2024-06-20,BAMLC0A0CM,Investment Grade OAS,0.96
2024-06-21,BAMLC0A0CM,Investment Grade OAS,0.96
2024-06-24,BAMLC0A0CM,Investment Grade OAS,0.96
2024-06-25,BAMLC0A0CM,Investment Grade OAS,0.96
2024-06-26,BAMLC0A0CM,Investment Grade OAS,0.97
2024-06-27,BAMLC0A0CM,Investment Grade OAS,0.96
2024-06-28,BAMLC0A0CM,Investment Grade OAS,0.96
2024-06-30,BAMLC0A0CM,Investment Grade OAS,0.96
2024-07-01,BAMLC0A0CM,Investment Grade OAS,0.94
2024-07-02,BAMLC0A0CM,Investment Grade OAS,0.93
2024-07-03,BAMLC0A0CM,Investment Grade OAS,0.93
2024-07-04,BAMLC0A0CM,Investment Grade OAS,0.93
2024-07-05,BAMLC0A0CM,Investment Grade OAS,0.92
2024-07-08,BAMLC0A0CM,Investment Grade OAS,0.92
2024-07-09,BAMLC0A0CM,Investment Grade OAS,0.92
2024-07-10,BAMLC0A0CM,Investment Grade OAS,0.92
2024-07-11,BAMLC0A0CM,Investment Grade OAS,0.93
2024-07-12,BAMLC0A0CM,Investment Grade OAS,0.92
2024-07-15,BAMLC0A0CM,Investment Grade OAS,0.92
2024-07-16,BAMLC0A0CM,Investment Grade OAS,0.92
2024-07-17,BAMLC0A0CM,Investment Grade OAS,0.93
2024-07-18,BAMLC0A0CM,Investment Grade OAS,0.93
2024-07-19,BAMLC0A0CM,Investment Grade OAS,0.93
2024-07-22,BAMLC0A0CM,Investment Grade OAS,0.93
2024-07-23,BAMLC0A0CM,Investment Grade OAS,0.93
2024-07-24,BAMLC0A0CM,Investment Grade OAS,0.96
2024-07-25,BAMLC0A0CM,Investment Grade OAS,0.95
2024-07-26,BAMLC0A0CM,Investment Grade OAS,0.95
2024-07-29,BAMLC0A0CM,Investment Grade OAS,0.95
2024-07-30,BAMLC0A0CM,Investment Grade OAS,0.96
2024-07-31,BAMLC0A0CM,Investment Grade OAS,0.97
2024-08-01,BAMLC0A0CM,Investment Grade OAS,1.0
2024-08-02,BAMLC0A0CM,Investment Grade OAS,1.06
2024-08-05,BAMLC0A0CM,Investment Grade OAS,1.12
2024-08-06,BAMLC0A0CM,Investment Grade OAS,1.08
2024-08-07,BAMLC0A0CM,Investment Grade OAS,1.07
2024-08-08,BAMLC0A0CM,Investment Grade OAS,1.05
2024-08-09,BAMLC0A0CM,Investment Grade OAS,1.05
2024-08-12,BAMLC0A0CM,Investment Grade OAS,1.05
2024-08-13,BAMLC0A0CM,Investment Grade OAS,1.04
2024-08-14,BAMLC0A0CM,Investment Grade OAS,1.02
2024-08-15,BAMLC0A0CM,Investment Grade OAS,0.98
2024-08-16,BAMLC0A0CM,Investment Grade OAS,0.98
2024-08-19,BAMLC0A0CM,Investment Grade OAS,0.97
2024-08-20,BAMLC0A0CM,Investment Grade OAS,0.98
2024-08-21,BAMLC0A0CM,Investment Grade OAS,0.98
2024-08-22,BAMLC0A0CM,Investment Grade OAS,0.97
2024-08-23,BAMLC0A0CM,Investment Grade OAS,0.96
2024-08-26,BAMLC0A0CM,Investment Grade OAS,0.96
2024-08-27,BAMLC0A0CM,Investment Grade OAS,0.96
2024-08-28,BAMLC0A0CM,Investment Grade OAS,0.96
2024-08-29,BAMLC0A0CM,Investment Grade OAS,0.96
2024-08-30,BAMLC0A0CM,Investment Grade OAS,0.95
2024-08-31,BAMLC0A0CM,Investment Grade OAS,0.96
2024-09-02,BAMLC0A0CM,Investment Grade OAS,0.96
2024-09-03,BAMLC0A0CM,Investment Grade OAS,0.98
2024-09-04,BAMLC0A0CM,Investment Grade OAS,0.99
2024-09-05,BAMLC0A0CM,Investment Grade OAS,0.99
2024-09-06,BAMLC0A0CM,Investment Grade OAS,0.99
2024-09-09,BAMLC0A0CM,Investment Grade OAS,0.99
2024-09-10,BAMLC0A0CM,Investment Grade OAS,1.01
2024-09-11,BAMLC0A0CM,Investment Grade OAS,1.01
2024-09-12,BAMLC0A0CM,Investment Grade OAS,0.99
2024-09-13,BAMLC0A0CM,Investment Grade OAS,0.99
2024-09-16,BAMLC0A0CM,Investment Grade OAS,0.98
2024-09-17,BAMLC0A0CM,Investment Grade OAS,0.97
2024-09-18,BAMLC0A0CM,Investment Grade OAS,0.95
2024-09-19,BAMLC0A0CM,Investment Grade OAS,0.93
2024-09-20,BAMLC0A0CM,Investment Grade OAS,0.93
2024-09-23,BAMLC0A0CM,Investment Grade OAS,0.92
2024-09-24,BAMLC0A0CM,Investment Grade OAS,0.92
2024-09-25,BAMLC0A0CM,Investment Grade OAS,0.92
2024-09-26,BAMLC0A0CM,Investment Grade OAS,0.92
2024-09-27,BAMLC0A0CM,Investment Grade OAS,0.92
2024-09-30,BAMLC0A0CM,Investment Grade OAS,0.92
2024-10-01,BAMLC0A0CM,Investment Grade OAS,0.92
2024-10-02,BAMLC0A0CM,Investment Grade OAS,0.91
2024-10-03,BAMLC0A0CM,Investment Grade OAS,0.9
2024-10-04,BAMLC0A0CM,Investment Grade OAS,0.87
2024-10-07,BAMLC0A0CM,Investment Grade OAS,0.86
2024-10-08,BAMLC0A0CM,Investment Grade OAS,0.87
2024-10-09,BAMLC0A0CM,Investment Grade OAS,0.85
2024-10-10,BAMLC0A0CM,Investment Grade OAS,0.84
2024-10-11,BAMLC0A0CM,Investment Grade OAS,0.84
2024-10-14,BAMLC0A0CM,Investment Grade OAS,0.84
2024-10-15,BAMLC0A0CM,Investment Grade OAS,0.83
2024-10-16,BAMLC0A0CM,Investment Grade OAS,0.83
2024-10-17,BAMLC0A0CM,Investment Grade OAS,0.83
2024-10-18,BAMLC0A0CM,Investment Grade OAS,0.83
2024-10-21,BAMLC0A0CM,Investment Grade OAS,0.85
2024-10-22,BAMLC0A0CM,Investment Grade OAS,0.85
2024-10-23,BAMLC0A0CM,Investment Grade OAS,0.86
2024-10-24,BAMLC0A0CM,Investment Grade OAS,0.86
2024-10-25,BAMLC0A0CM,Investment Grade OAS,0.85
2024-10-28,BAMLC0A0CM,Investment Grade OAS,0.84
2024-10-29,BAMLC0A0CM,Investment Grade OAS,0.84
2024-10-30,BAMLC0A0CM,Investment Grade OAS,0.84
2024-10-31,BAMLC0A0CM,Investment Grade OAS,0.86
2024-11-01,BAMLC0A0CM,Investment Grade OAS,0.86
2024-11-04,BAMLC0A0CM,Investment Grade OAS,0.86
2024-11-05,BAMLC0A0CM,Investment Grade OAS,0.84
2024-11-06,BAMLC0A0CM,Investment Grade OAS,0.8
2024-11-07,BAMLC0A0CM,Investment Grade OAS,0.78
2024-11-08,BAMLC0A0CM,Investment Grade OAS,0.77
2024-11-11,BAMLC0A0CM,Investment Grade OAS,0.77
2024-11-12,BAMLC0A0CM,Investment Grade OAS,0.77
2024-11-13,BAMLC0A0CM,Investment Grade OAS,0.78
2024-11-14,BAMLC0A0CM,Investment Grade OAS,0.8
2024-11-15,BAMLC0A0CM,Investment Grade OAS,0.8
2024-11-18,BAMLC0A0CM,Investment Grade OAS,0.8
2024-11-19,BAMLC0A0CM,Investment Grade OAS,0.8
2024-11-20,BAMLC0A0CM,Investment Grade OAS,0.81
2024-11-21,BAMLC0A0CM,Investment Grade OAS,0.81
2024-11-22,BAMLC0A0CM,Investment Grade OAS,0.8
2024-11-25,BAMLC0A0CM,Investment Grade OAS,0.8
2024-11-26,BAMLC0A0CM,Investment Grade OAS,0.81
2024-11-27,BAMLC0A0CM,Investment Grade OAS,0.82
2024-11-28,BAMLC0A0CM,Investment Grade OAS,0.82
2024-11-29,BAMLC0A0CM,Investment Grade OAS,0.82
2024-11-30,BAMLC0A0CM,Investment Grade OAS,0.83
2024-12-02,BAMLC0A0CM,Investment Grade OAS,0.81
2024-12-03,BAMLC0A0CM,Investment Grade OAS,0.8
2024-12-04,BAMLC0A0CM,Investment Grade OAS,0.8
2024-12-05,BAMLC0A0CM,Investment Grade OAS,0.81
2024-12-06,BAMLC0A0CM,Investment Grade OAS,0.81
2024-12-09,BAMLC0A0CM,Investment Grade OAS,0.81
2024-12-10,BAMLC0A0CM,Investment Grade OAS,0.8
2024-12-11,BAMLC0A0CM,Investment Grade OAS,0.78
2024-12-12,BAMLC0A0CM,Investment Grade OAS,0.79
2024-12-13,BAMLC0A0CM,Investment Grade OAS,0.78
2024-12-16,BAMLC0A0CM,Investment Grade OAS,0.78
2024-12-17,BAMLC0A0CM,Investment Grade OAS,0.79
2024-12-18,BAMLC0A0CM,Investment Grade OAS,0.79
2024-12-19,BAMLC0A0CM,Investment Grade OAS,0.82
2024-12-20,BAMLC0A0CM,Investment Grade OAS,0.82
2024-12-23,BAMLC0A0CM,Investment Grade OAS,0.82
2024-12-26,BAMLC0A0CM,Investment Grade OAS,0.81
2024-12-27,BAMLC0A0CM,Investment Grade OAS,0.81
2024-12-30,BAMLC0A0CM,Investment Grade OAS,0.82
2024-12-31,BAMLC0A0CM,Investment Grade OAS,0.82
2025-01-02,BAMLC0A0CM,Investment Grade OAS,0.83
2025-01-03,BAMLC0A0CM,Investment Grade OAS,0.83
2025-01-06,BAMLC0A0CM,Investment Grade OAS,0.84
2025-01-07,BAMLC0A0CM,Investment Grade OAS,0.84
2025-01-08,BAMLC0A0CM,Investment Grade OAS,0.83
2025-01-09,BAMLC0A0CM,Investment Grade OAS,0.83
2025-01-10,BAMLC0A0CM,Investment Grade OAS,0.83
2025-01-13,BAMLC0A0CM,Investment Grade OAS,0.84
2025-01-14,BAMLC0A0CM,Investment Grade OAS,0.84
2025-01-15,BAMLC0A0CM,Investment Grade OAS,0.83
2025-01-16,BAMLC0A0CM,Investment Grade OAS,0.83
2025-01-17,BAMLC0A0CM,Investment Grade OAS,0.82
2025-01-20,BAMLC0A0CM,Investment Grade OAS,0.82
2025-01-21,BAMLC0A0CM,Investment Grade OAS,0.82
2025-01-22,BAMLC0A0CM,Investment Grade OAS,0.81
2025-01-23,BAMLC0A0CM,Investment Grade OAS,0.8
2025-01-24,BAMLC0A0CM,Investment Grade OAS,0.8
2025-01-27,BAMLC0A0CM,Investment Grade OAS,0.81
2025-01-28,BAMLC0A0CM,Investment Grade OAS,0.81
2025-01-29,BAMLC0A0CM,Investment Grade OAS,0.81
2025-01-30,BAMLC0A0CM,Investment Grade OAS,0.81
2025-01-31,BAMLC0A0CM,Investment Grade OAS,0.82
2025-02-03,BAMLC0A0CM,Investment Grade OAS,0.83
2025-02-04,BAMLC0A0CM,Investment Grade OAS,0.82
2025-02-05,BAMLC0A0CM,Investment Grade OAS,0.83
2025-02-06,BAMLC0A0CM,Investment Grade OAS,0.84
2025-02-07,BAMLC0A0CM,Investment Grade OAS,0.84
2025-02-10,BAMLC0A0CM,Investment Grade OAS,0.84
2025-02-11,BAMLC0A0CM,Investment Grade OAS,0.83
2025-02-12,BAMLC0A0CM,Investment Grade OAS,0.81
2025-02-13,BAMLC0A0CM,Investment Grade OAS,0.81
2025-02-14,BAMLC0A0CM,Investment Grade OAS,0.8
2025-02-17,BAMLC0A0CM,Investment Grade OAS,0.8
2025-02-18,BAMLC0A0CM,Investment Grade OAS,0.79
2025-02-19,BAMLC0A0CM,Investment Grade OAS,0.79
2025-02-20,BAMLC0A0CM,Investment Grade OAS,0.8
2025-02-21,BAMLC0A0CM,Investment Grade OAS,0.81
2025-02-24,BAMLC0A0CM,Investment Grade OAS,0.81
2025-02-25,BAMLC0A0CM,Investment Grade OAS,0.84
2025-02-26,BAMLC0A0CM,Investment Grade OAS,0.84
2025-02-27,BAMLC0A0CM,Investment Grade OAS,0.85
2025-02-28,BAMLC0A0CM,Investment Grade OAS,0.88
2025-03-03,BAMLC0A0CM,Investment Grade OAS,0.89
2025-03-04,BAMLC0A0CM,Investment Grade OAS,0.89
2025-03-05,BAMLC0A0CM,Investment Grade OAS,0.87
2025-03-06,BAMLC0A0CM,Investment Grade OAS,0.88
2025-03-07,BAMLC0A0CM,Investment Grade OAS,0.89
2025-03-10,BAMLC0A0CM,Investment Grade OAS,0.91
2025-03-11,BAMLC0A0CM,Investment Grade OAS,0.94
2025-03-12,BAMLC0A0CM,Investment Grade OAS,0.96
2025-03-13,BAMLC0A0CM,Investment Grade OAS,0.97
2025-03-14,BAMLC0A0CM,Investment Grade OAS,0.94
2025-03-17,BAMLC0A0CM,Investment Grade OAS,0.93
2025-03-18,BAMLC0A0CM,Investment Grade OAS,0.93
2025-03-19,BAMLC0A0CM,Investment Grade OAS,0.91
2025-03-20,BAMLC0A0CM,Investment Grade OAS,0.91
2025-03-21,BAMLC0A0CM,Investment Grade OAS,0.92
2025-03-24,BAMLC0A0CM,Investment Grade OAS,0.9
2025-03-25,BAMLC0A0CM,Investment Grade OAS,0.9
2025-03-26,BAMLC0A0CM,Investment Grade OAS,0.91
2025-03-27,BAMLC0A0CM,Investment Grade OAS,0.91
2025-03-28,BAMLC0A0CM,Investment Grade OAS,0.94
2025-03-31,BAMLC0A0CM,Investment Grade OAS,0.97
2025-04-01,BAMLC0A0CM,Investment Grade OAS,0.98
2025-04-02,BAMLC0A0CM,Investment Grade OAS,0.96
2025-04-03,BAMLC0A0CM,Investment Grade OAS,1.06
2025-04-04,BAMLC0A0CM,Investment Grade OAS,1.14
2025-04-07,BAMLC0A0CM,Investment Grade OAS,1.2
2025-04-08,BAMLC0A0CM,Investment Grade OAS,1.18
2025-04-09,BAMLC0A0CM,Investment Grade OAS,1.21
2025-04-10,BAMLC0A0CM,Investment Grade OAS,1.18
2025-04-11,BAMLC0A0CM,Investment Grade OAS,1.18
2025-04-14,BAMLC0A0CM,Investment Grade OAS,1.15
2025-04-15,BAMLC0A0CM,Investment Grade OAS,1.14
2025-04-16,BAMLC0A0CM,Investment Grade OAS,1.13
2025-04-17,BAMLC0A0CM,Investment Grade OAS,1.11
2025-04-21,BAMLC0A0CM,Investment Grade OAS,1.12
2025-04-22,BAMLC0A0CM,Investment Grade OAS,1.11
2025-04-23,BAMLC0A0CM,Investment Grade OAS,1.08
2025-04-24,BAMLC0A0CM,Investment Grade OAS,1.06
2025-04-25,BAMLC0A0CM,Investment Grade OAS,1.04
2025-04-28,BAMLC0A0CM,Investment Grade OAS,1.04
2025-04-29,BAMLC0A0CM,Investment Grade OAS,1.06
2025-04-30,BAMLC0A0CM,Investment Grade OAS,1.09
2025-05-01,BAMLC0A0CM,Investment Grade OAS,1.09
2025-05-02,BAMLC0A0CM,Investment Grade OAS,1.06
2025-05-05,BAMLC0A0CM,Investment Grade OAS,1.05
2025-05-06,BAMLC0A0CM,Investment Grade OAS,1.05
2025-05-07,BAMLC0A0CM,Investment Grade OAS,1.05
2025-05-08,BAMLC0A0CM,Investment Grade OAS,1.02
2025-05-09,BAMLC0A0CM,Investment Grade OAS,1.02
2025-05-12,BAMLC0A0CM,Investment Grade OAS,0.97
2025-05-13,BAMLC0A0CM,Investment Grade OAS,0.94
2025-05-14,BAMLC0A0CM,Investment Grade OAS,0.93
2025-05-15,BAMLC0A0CM,Investment Grade OAS,0.94
2025-05-16,BAMLC0A0CM,Investment Grade OAS,0.93
2025-05-19,BAMLC0A0CM,Investment Grade OAS,0.92
2025-05-20,BAMLC0A0CM,Investment Grade OAS,0.9
2025-05-21,BAMLC0A0CM,Investment Grade OAS,0.91
2025-05-22,BAMLC0A0CM,Investment Grade OAS,0.92
2025-05-23,BAMLC0A0CM,Investment Grade OAS,0.93
2025-05-26,BAMLC0A0CM,Investment Grade OAS,0.93
2025-05-27,BAMLC0A0CM,Investment Grade OAS,0.91
2025-05-28,BAMLC0A0CM,Investment Grade OAS,0.9
2025-05-29,BAMLC0A0CM,Investment Grade OAS,0.9
2025-05-30,BAMLC0A0CM,Investment Grade OAS,0.91
2025-05-31,BAMLC0A0CM,Investment Grade OAS,0.92
2025-06-02,BAMLC0A0CM,Investment Grade OAS,0.91
2025-06-03,BAMLC0A0CM,Investment Grade OAS,0.89
2025-06-04,BAMLC0A0CM,Investment Grade OAS,0.89
2025-06-05,BAMLC0A0CM,Investment Grade OAS,0.89
2025-06-06,BAMLC0A0CM,Investment Grade OAS,0.87
2025-06-09,BAMLC0A0CM,Investment Grade OAS,0.87
2025-06-10,BAMLC0A0CM,Investment Grade OAS,0.87
2025-06-11,BAMLC0A0CM,Investment Grade OAS,0.87
2025-06-12,BAMLC0A0CM,Investment Grade OAS,0.88
2025-06-13,BAMLC0A0CM,Investment Grade OAS,0.88
2025-06-16,BAMLC0A0CM,Investment Grade OAS,0.87
2025-06-17,BAMLC0A0CM,Investment Grade OAS,0.88
2025-06-18,BAMLC0A0CM,Investment Grade OAS,0.88
2025-06-19,BAMLC0A0CM,Investment Grade OAS,0.88
2025-06-20,BAMLC0A0CM,Investment Grade OAS,0.88
2025-06-23,BAMLC0A0CM,Investment Grade OAS,0.89
2025-06-24,BAMLC0A0CM,Investment Grade OAS,0.88
2025-06-25,BAMLC0A0CM,Investment Grade OAS,0.88
2025-06-26,BAMLC0A0CM,Investment Grade OAS,0.89
2025-06-27,BAMLC0A0CM,Investment Grade OAS,0.88
2025-06-30,BAMLC0A0CM,Investment Grade OAS,0.86
2025-07-01,BAMLC0A0CM,Investment Grade OAS,0.84
2025-07-02,BAMLC0A0CM,Investment Grade OAS,0.83
2025-07-03,BAMLC0A0CM,Investment Grade OAS,0.8
2025-07-04,BAMLC0A0CM,Investment Grade OAS,0.8
2025-07-07,BAMLC0A0CM,Investment Grade OAS,0.81
2025-07-08,BAMLC0A0CM,Investment Grade OAS,0.82
2025-07-09,BAMLC0A0CM,Investment Grade OAS,0.83
2025-07-10,BAMLC0A0CM,Investment Grade OAS,0.83
2025-07-11,BAMLC0A0CM,Investment Grade OAS,0.83
2025-07-14,BAMLC0A0CM,Investment Grade OAS,0.82
2025-07-15,BAMLC0A0CM,Investment Grade OAS,0.81
2025-07-16,BAMLC0A0CM,Investment Grade OAS,0.81
2025-07-17,BAMLC0A0CM,Investment Grade OAS,0.8
2025-07-18,BAMLC0A0CM,Investment Grade OAS,0.8
2025-07-21,BAMLC0A0CM,Investment Grade OAS,0.8
2025-07-22,BAMLC0A0CM,Investment Grade OAS,0.81
2025-07-23,BAMLC0A0CM,Investment Grade OAS,0.79
2025-07-24,BAMLC0A0CM,Investment Grade OAS,0.79
2025-07-25,BAMLC0A0CM,Investment Grade OAS,0.78
2025-07-28,BAMLC0A0CM,Investment Grade OAS,0.78
2025-07-29,BAMLC0A0CM,Investment Grade OAS,0.79
2025-07-30,BAMLC0A0CM,Investment Grade OAS,0.78
2025-07-31,BAMLC0A0CM,Investment Grade OAS,0.79
2025-08-01,BAMLC0A0CM,Investment Grade OAS,0.82
2025-08-04,BAMLC0A0CM,Investment Grade OAS,0.82
2025-08-05,BAMLC0A0CM,Investment Grade OAS,0.82
2025-08-06,BAMLC0A0CM,Investment Grade OAS,0.81
2025-08-07,BAMLC0A0CM,Investment Grade OAS,0.8
2025-08-08,BAMLC0A0CM,Investment Grade OAS,0.8
2025-08-11,BAMLC0A0CM,Investment Grade OAS,0.8
2025-08-12,BAMLC0A0CM,Investment Grade OAS,0.79
2025-08-13,BAMLC0A0CM,Investment Grade OAS,0.78
2025-08-14,BAMLC0A0CM,Investment Grade OAS,0.77
2025-08-15,BAMLC0A0CM,Investment Grade OAS,0.75
2025-08-18,BAMLC0A0CM,Investment Grade OAS,0.75
2025-08-19,BAMLC0A0CM,Investment Grade OAS,0.76
2025-08-20,BAMLC0A0CM,Investment Grade OAS,0.77
2025-08-21,BAMLC0A0CM,Investment Grade OAS,0.77
2025-08-22,BAMLC0A0CM,Investment Grade OAS,0.77
2025-08-25,BAMLC0A0CM,Investment Grade OAS,0.76
2025-08-26,BAMLC0A0CM,Investment Grade OAS,0.78
2025-08-27,BAMLC0A0CM,Investment Grade OAS,0.78
2025-08-28,BAMLC0A0CM,Investment Grade OAS,0.79
2025-08-29,BAMLC0A0CM,Investment Grade OAS,0.8
2025-08-31,BAMLC0A0CM,Investment Grade OAS,0.81
2025-09-01,BAMLC0A0CM,Investment Grade OAS,0.81
2025-09-02,BAMLC0A0CM,Investment Grade OAS,0.82
2025-09-03,BAMLC0A0CM,Investment Grade OAS,0.81
2025-09-04,BAMLC0A0CM,Investment Grade OAS,0.79
2025-09-05,BAMLC0A0CM,Investment Grade OAS,0.79
2025-09-08,BAMLC0A0CM,Investment Grade OAS,0.8
2025-09-09,BAMLC0A0CM,Investment Grade OAS,0.8
2025-09-10,BAMLC0A0CM,Investment Grade OAS,0.79
2025-09-11,BAMLC0A0CM,Investment Grade OAS,0.78
2025-09-12,BAMLC0A0CM,Investment Grade OAS,0.77
2025-09-15,BAMLC0A0CM,Investment Grade OAS,0.75
2025-09-16,BAMLC0A0CM,Investment Grade OAS,0.76
2025-09-17,BAMLC0A0CM,Investment Grade OAS,0.76
2025-09-18,BAMLC0A0CM,Investment Grade OAS,0.75
2025-09-19,BAMLC0A0CM,Investment Grade OAS,0.74
2025-09-22,BAMLC0A0CM,Investment Grade OAS,0.74
2025-09-23,BAMLC0A0CM,Investment Grade OAS,0.75
2025-09-24,BAMLC0A0CM,Investment Grade OAS,0.75
2025-09-25,BAMLC0A0CM,Investment Grade OAS,0.76
2025-09-26,BAMLC0A0CM,Investment Grade OAS,0.75
2025-09-29,BAMLC0A0CM,Investment Grade OAS,0.75
2025-09-30,BAMLC0A0CM,Investment Grade OAS,0.76
2025-10-01,BAMLC0A0CM,Investment Grade OAS,0.76
2025-10-02,BAMLC0A0CM,Investment Grade OAS,0.75
2025-10-03,BAMLC0A0CM,Investment Grade OAS,0.75
2025-10-06,BAMLC0A0CM,Investment Grade OAS,0.74
2025-10-07,BAMLC0A0CM,Investment Grade OAS,0.75
2025-10-08,BAMLC0A0CM,Investment Grade OAS,0.75
2025-10-09,BAMLC0A0CM,Investment Grade OAS,0.77
2025-10-10,BAMLC0A0CM,Investment Grade OAS,0.81
2025-10-13,BAMLC0A0CM,Investment Grade OAS,0.81
2025-10-14,BAMLC0A0CM,Investment Grade OAS,0.81
2025-10-15,BAMLC0A0CM,Investment Grade OAS,0.78
2025-10-16,BAMLC0A0CM,Investment Grade OAS,0.8
2025-10-17,BAMLC0A0CM,Investment Grade OAS,0.8
2025-10-20,BAMLC0A0CM,Investment Grade OAS,0.79
2025-10-21,BAMLC0A0CM,Investment Grade OAS,0.79
2025-10-22,BAMLC0A0CM,Investment Grade OAS,0.8
2025-10-23,BAMLC0A0CM,Investment Grade OAS,0.78
2025-10-24,BAMLC0A0CM,Investment Grade OAS,0.77
2025-10-27,BAMLC0A0CM,Investment Grade OAS,0.76
2025-10-28,BAMLC0A0CM,Investment Grade OAS,0.76
2025-10-29,BAMLC0A0CM,Investment Grade OAS,0.75
2025-10-30,BAMLC0A0CM,Investment Grade OAS,0.77
2025-10-31,BAMLC0A0CM,Investment Grade OAS,0.8
2025-11-03,BAMLC0A0CM,Investment Grade OAS,0.83
2025-11-04,BAMLC0A0CM,Investment Grade OAS,0.83
2025-11-05,BAMLC0A0CM,Investment Grade OAS,0.81
2025-11-06,BAMLC0A0CM,Investment Grade OAS,0.82
2025-11-07,BAMLC0A0CM,Investment Grade OAS,0.84
2025-11-10,BAMLC0A0CM,Investment Grade OAS,0.82
2025-11-11,BAMLC0A0CM,Investment Grade OAS,0.82
2025-11-12,BAMLC0A0CM,Investment Grade OAS,0.83
2025-11-13,BAMLC0A0CM,Investment Grade OAS,0.84
2025-11-14,BAMLC0A0CM,Investment Grade OAS,0.83
2025-11-17,BAMLC0A0CM,Investment Grade OAS,0.84
2025-11-18,BAMLC0A0CM,Investment Grade OAS,0.85
2025-11-19,BAMLC0A0CM,Investment Grade OAS,0.84
2025-11-20,BAMLC0A0CM,Investment Grade OAS,0.85
2025-11-21,BAMLC0A0CM,Investment Grade OAS,0.86
2025-11-24,BAMLC0A0CM,Investment Grade OAS,0.85
2025-11-25,BAMLC0A0CM,Investment Grade OAS,0.84
2025-11-26,BAMLC0A0CM,Investment Grade OAS,0.82
2025-11-27,BAMLC0A0CM,Investment Grade OAS,0.82
2025-11-28,BAMLC0A0CM,Investment Grade OAS,0.82
2025-11-30,BAMLC0A0CM,Investment Grade OAS,0.82
2025-12-01,BAMLC0A0CM,Investment Grade OAS,0.82
2025-12-02,BAMLC0A0CM,Investment Grade OAS,0.81
2025-12-03,BAMLC0A0CM,Investment Grade OAS,0.81
2025-12-04,BAMLC0A0CM,Investment Grade OAS,0.8
2025-12-05,BAMLC0A0CM,Investment Grade OAS,0.79
2025-12-08,BAMLC0A0CM,Investment Grade OAS,0.78
2025-12-09,BAMLC0A0CM,Investment Grade OAS,0.79
2025-12-10,BAMLC0A0CM,Investment Grade OAS,0.78
2025-12-11,BAMLC0A0CM,Investment Grade OAS,0.78
2025-12-12,BAMLC0A0CM,Investment Grade OAS,0.8
2025-12-15,BAMLC0A0CM,Investment Grade OAS,0.8
2025-12-16,BAMLC0A0CM,Investment Grade OAS,0.81
2025-12-17,BAMLC0A0CM,Investment Grade OAS,0.81
2025-12-18,BAMLC0A0CM,Investment Grade OAS,0.81
2025-12-19,BAMLC0A0CM,Investment Grade OAS,0.8
2025-12-22,BAMLC0A0CM,Investment Grade OAS,0.8
2025-12-23,BAMLC0A0CM,Investment Grade OAS,0.79
2025-12-24,BAMLC0A0CM,Investment Grade OAS,0.79
2025-12-26,BAMLC0A0CM,Investment Grade OAS,0.79
2025-12-29,BAMLC0A0CM,Investment Grade OAS,0.79
2025-12-30,BAMLC0A0CM,Investment Grade OAS,0.79
2025-12-31,BAMLC0A0CM,Investment Grade OAS,0.79
2026-01-02,BAMLC0A0CM,Investment Grade OAS,0.79
2026-01-05,BAMLC0A0CM,Investment Grade OAS,0.79
2026-01-06,BAMLC0A0CM,Investment Grade OAS,0.79
2026-01-07,BAMLC0A0CM,Investment Grade OAS,0.79
2026-01-08,BAMLC0A0CM,Investment Grade OAS,0.79
2026-01-09,BAMLC0A0CM,Investment Grade OAS,0.78
2026-01-12,BAMLC0A0CM,Investment Grade OAS,0.78
2026-01-13,BAMLC0A0CM,Investment Grade OAS,0.77
2026-01-14,BAMLC0A0CM,Investment Grade OAS,0.77
2026-01-15,BAMLC0A0CM,Investment Grade OAS,0.76
2026-01-16,BAMLC0A0CM,Investment Grade OAS,0.75
2026-01-19,BAMLC0A0CM,Investment Grade OAS,0.75
2026-01-20,BAMLC0A0CM,Investment Grade OAS,0.75
2026-01-21,BAMLC0A0CM,Investment Grade OAS,0.74
2026-01-22,BAMLC0A0CM,Investment Grade OAS,0.73
2026-01-23,BAMLC0A0CM,Investment Grade OAS,0.73
2026-01-26,BAMLC0A0CM,Investment Grade OAS,0.74
2026-01-27,BAMLC0A0CM,Investment Grade OAS,0.73
2026-01-28,BAMLC0A0CM,Investment Grade OAS,0.73
2026-01-29,BAMLC0A0CM,Investment Grade OAS,0.74
2026-01-30,BAMLC0A0CM,Investment Grade OAS,0.74
2026-01-31,BAMLC0A0CM,Investment Grade OAS,0.75
2026-02-02,BAMLC0A0CM,Investment Grade OAS,0.74
2026-02-03,BAMLC0A0CM,Investment Grade OAS,0.74
2026-02-04,BAMLC0A0CM,Investment Grade OAS,0.75
2026-02-05,BAMLC0A0CM,Investment Grade OAS,0.76
2026-02-06,BAMLC0A0CM,Investment Grade OAS,0.76
2026-02-09,BAMLC0A0CM,Investment Grade OAS,0.76
2026-02-10,BAMLC0A0CM,Investment Grade OAS,0.77
2026-02-11,BAMLC0A0CM,Investment Grade OAS,0.77
2026-02-12,BAMLC0A0CM,Investment Grade OAS,0.78
2026-02-13,BAMLC0A0CM,Investment Grade OAS,0.79
2026-02-16,BAMLC0A0CM,Investment Grade OAS,0.79
2026-02-17,BAMLC0A0CM,Investment Grade OAS,0.8
2026-02-18,BAMLC0A0CM,Investment Grade OAS,0.78
2026-02-19,BAMLC0A0CM,Investment Grade OAS,0.79
2026-02-20,BAMLC0A0CM,Investment Grade OAS,0.78
2026-02-23,BAMLC0A0CM,Investment Grade OAS,0.8
2026-02-24,BAMLC0A0CM,Investment Grade OAS,0.81
2026-02-25,BAMLC0A0CM,Investment Grade OAS,0.8
2026-02-26,BAMLC0A0CM,Investment Grade OAS,0.82
2026-02-27,BAMLC0A0CM,Investment Grade OAS,0.85
2026-02-28,BAMLC0A0CM,Investment Grade OAS,0.86
2026-03-02,BAMLC0A0CM,Investment Grade OAS,0.85
2026-03-03,BAMLC0A0CM,Investment Grade OAS,0.84
2026-03-04,BAMLC0A0CM,Investment Grade OAS,0.82
2026-03-05,BAMLC0A0CM,Investment Grade OAS,0.82
2026-03-06,BAMLC0A0CM,Investment Grade OAS,0.84
2026-03-09,BAMLC0A0CM,Investment Grade OAS,0.85
2026-03-10,BAMLC0A0CM,Investment Grade OAS,0.84
2026-03-11,BAMLC0A0CM,Investment Grade OAS,0.88
2026-03-12,BAMLC0A0CM,Investment Grade OAS,0.91
2026-03-13,BAMLC0A0CM,Investment Grade OAS,0.93
2026-03-16,BAMLC0A0CM,Investment Grade OAS,0.94
2026-03-17,BAMLC0A0CM,Investment Grade OAS,0.92
2026-03-18,BAMLC0A0CM,Investment Grade OAS,0.91
2026-03-19,BAMLC0A0CM,Investment Grade OAS,0.9
2026-03-20,BAMLC0A0CM,Investment Grade OAS,0.88
2026-03-23,BAMLC0A0CM,Investment Grade OAS,0.88
2026-03-24,BAMLC0A0CM,Investment Grade OAS,0.87
2026-03-25,BAMLC0A0CM,Investment Grade OAS,0.87
2026-03-26,BAMLC0A0CM,Investment Grade OAS,0.88
2026-03-27,BAMLC0A0CM,Investment Grade OAS,0.91
2026-03-30,BAMLC0A0CM,Investment Grade OAS,0.93
2026-03-31,BAMLC0A0CM,Investment Grade OAS,0.9
2026-04-01,BAMLC0A0CM,Investment Grade OAS,0.87
2026-04-02,BAMLC0A0CM,Investment Grade OAS,0.86
2026-04-03,BAMLC0A0CM,Investment Grade OAS,0.86
2026-04-06,BAMLC0A0CM,Investment Grade OAS,0.85
2026-04-07,BAMLC0A0CM,Investment Grade OAS,0.86
2026-04-08,BAMLC0A0CM,Investment Grade OAS,0.83
2026-04-09,BAMLC0A0CM,Investment Grade OAS,0.83
2026-04-10,BAMLC0A0CM,Investment Grade OAS,0.82
2026-04-13,BAMLC0A0CM,Investment Grade OAS,0.82
2026-04-14,BAMLC0A0CM,Investment Grade OAS,0.81
2026-04-15,BAMLC0A0CM,Investment Grade OAS,0.8
2026-04-16,BAMLC0A0CM,Investment Grade OAS,0.81
2026-04-17,BAMLC0A0CM,Investment Grade OAS,0.8
2026-04-20,BAMLC0A0CM,Investment Grade OAS,0.81
2026-04-21,BAMLC0A0CM,Investment Grade OAS,0.8
2026-04-22,BAMLC0A0CM,Investment Grade OAS,0.79
2026-04-23,BAMLC0A0CM,Investment Grade OAS,0.8
2026-04-24,BAMLC0A0CM,Investment Grade OAS,0.8
2026-04-27,BAMLC0A0CM,Investment Grade OAS,0.81
2026-04-28,BAMLC0A0CM,Investment Grade OAS,0.81
2026-04-29,BAMLC0A0CM,Investment Grade OAS,0.81
2026-04-30,BAMLC0A0CM,Investment Grade OAS,0.81
2026-05-01,BAMLC0A0CM,Investment Grade OAS,0.81
2026-05-04,BAMLC0A0CM,Investment Grade OAS,0.8
2026-05-05,BAMLC0A0CM,Investment Grade OAS,0.79
2026-05-06,BAMLC0A0CM,Investment Grade OAS,0.78
2026-05-07,BAMLC0A0CM,Investment Grade OAS,0.79
2026-05-08,BAMLC0A0CM,Investment Grade OAS,0.79
2026-05-11,BAMLC0A0CM,Investment Grade OAS,0.78
2026-05-12,BAMLC0A0CM,Investment Grade OAS,0.77
2026-05-13,BAMLC0A0CM,Investment Grade OAS,0.76
2026-05-14,BAMLC0A0CM,Investment Grade OAS,0.76
2026-05-15,BAMLC0A0CM,Investment Grade OAS,0.75
2026-05-18,BAMLC0A0CM,Investment Grade OAS,0.75
2026-05-19,BAMLC0A0CM,Investment Grade OAS,0.76
2026-05-20,BAMLC0A0CM,Investment Grade OAS,0.75
2026-05-21,BAMLC0A0CM,Investment Grade OAS,0.75
2026-05-22,BAMLC0A0CM,Investment Grade OAS,0.74
2026-05-25,BAMLC0A0CM,Investment Grade OAS,0.74
2023-05-29,BAMLH0A0HYM2,High Yield OAS,4.54
2023-05-30,BAMLH0A0HYM2,High Yield OAS,4.58
2023-05-31,BAMLH0A0HYM2,High Yield OAS,4.69
2023-06-01,BAMLH0A0HYM2,High Yield OAS,4.65
2023-06-02,BAMLH0A0HYM2,High Yield OAS,4.37
2023-06-05,BAMLH0A0HYM2,High Yield OAS,4.39
2023-06-06,BAMLH0A0HYM2,High Yield OAS,4.39
2023-06-07,BAMLH0A0HYM2,High Yield OAS,4.33
2023-06-08,BAMLH0A0HYM2,High Yield OAS,4.39
2023-06-09,BAMLH0A0HYM2,High Yield OAS,4.29
2023-06-12,BAMLH0A0HYM2,High Yield OAS,4.34
2023-06-13,BAMLH0A0HYM2,High Yield OAS,4.18
2023-06-14,BAMLH0A0HYM2,High Yield OAS,4.18
2023-06-15,BAMLH0A0HYM2,High Yield OAS,4.21
2023-06-16,BAMLH0A0HYM2,High Yield OAS,4.15
2023-06-19,BAMLH0A0HYM2,High Yield OAS,4.15
2023-06-20,BAMLH0A0HYM2,High Yield OAS,4.22
2023-06-21,BAMLH0A0HYM2,High Yield OAS,4.32
2023-06-22,BAMLH0A0HYM2,High Yield OAS,4.3
2023-06-23,BAMLH0A0HYM2,High Yield OAS,4.4
2023-06-26,BAMLH0A0HYM2,High Yield OAS,4.45
2023-06-27,BAMLH0A0HYM2,High Yield OAS,4.3
2023-06-28,BAMLH0A0HYM2,High Yield OAS,4.27
2023-06-29,BAMLH0A0HYM2,High Yield OAS,4.14
2023-06-30,BAMLH0A0HYM2,High Yield OAS,4.05
2023-07-03,BAMLH0A0HYM2,High Yield OAS,3.99
2023-07-04,BAMLH0A0HYM2,High Yield OAS,3.99
2023-07-05,BAMLH0A0HYM2,High Yield OAS,4.01
2023-07-06,BAMLH0A0HYM2,High Yield OAS,4.1
2023-07-07,BAMLH0A0HYM2,High Yield OAS,4.08
2023-07-10,BAMLH0A0HYM2,High Yield OAS,4.13
2023-07-11,BAMLH0A0HYM2,High Yield OAS,4.05
2023-07-12,BAMLH0A0HYM2,High Yield OAS,3.95
2023-07-13,BAMLH0A0HYM2,High Yield OAS,3.97
2023-07-14,BAMLH0A0HYM2,High Yield OAS,3.9
2023-07-17,BAMLH0A0HYM2,High Yield OAS,3.97
2023-07-18,BAMLH0A0HYM2,High Yield OAS,3.9
2023-07-19,BAMLH0A0HYM2,High Yield OAS,3.89
2023-07-20,BAMLH0A0HYM2,High Yield OAS,3.9
2023-07-21,BAMLH0A0HYM2,High Yield OAS,3.89
2023-07-24,BAMLH0A0HYM2,High Yield OAS,3.82
2023-07-25,BAMLH0A0HYM2,High Yield OAS,3.84
2023-07-26,BAMLH0A0HYM2,High Yield OAS,3.91
2023-07-27,BAMLH0A0HYM2,High Yield OAS,3.78
2023-07-28,BAMLH0A0HYM2,High Yield OAS,3.82
2023-07-31,BAMLH0A0HYM2,High Yield OAS,3.79
2023-08-01,BAMLH0A0HYM2,High Yield OAS,3.82
2023-08-02,BAMLH0A0HYM2,High Yield OAS,3.96
2023-08-03,BAMLH0A0HYM2,High Yield OAS,3.98
2023-08-04,BAMLH0A0HYM2,High Yield OAS,4.01
2023-08-07,BAMLH0A0HYM2,High Yield OAS,3.97
2023-08-08,BAMLH0A0HYM2,High Yield OAS,4.0
2023-08-09,BAMLH0A0HYM2,High Yield OAS,3.94
2023-08-10,BAMLH0A0HYM2,High Yield OAS,3.83
2023-08-11,BAMLH0A0HYM2,High Yield OAS,3.83
2023-08-14,BAMLH0A0HYM2,High Yield OAS,3.79
2023-08-15,BAMLH0A0HYM2,High Yield OAS,3.85
2023-08-16,BAMLH0A0HYM2,High Yield OAS,3.81
2023-08-17,BAMLH0A0HYM2,High Yield OAS,3.95
2023-08-18,BAMLH0A0HYM2,High Yield OAS,4.02
2023-08-21,BAMLH0A0HYM2,High Yield OAS,3.97
2023-08-22,BAMLH0A0HYM2,High Yield OAS,3.93
2023-08-23,BAMLH0A0HYM2,High Yield OAS,3.92
2023-08-24,BAMLH0A0HYM2,High Yield OAS,3.91
2023-08-25,BAMLH0A0HYM2,High Yield OAS,3.9
2023-08-28,BAMLH0A0HYM2,High Yield OAS,3.86
2023-08-29,BAMLH0A0HYM2,High Yield OAS,3.87
2023-08-30,BAMLH0A0HYM2,High Yield OAS,3.8
2023-08-31,BAMLH0A0HYM2,High Yield OAS,3.85
2023-09-01,BAMLH0A0HYM2,High Yield OAS,3.81
2023-09-04,BAMLH0A0HYM2,High Yield OAS,3.81
2023-09-05,BAMLH0A0HYM2,High Yield OAS,3.83
2023-09-06,BAMLH0A0HYM2,High Yield OAS,3.86
2023-09-07,BAMLH0A0HYM2,High Yield OAS,3.9
2023-09-08,BAMLH0A0HYM2,High Yield OAS,3.85
2023-09-11,BAMLH0A0HYM2,High Yield OAS,3.82
2023-09-12,BAMLH0A0HYM2,High Yield OAS,3.84
2023-09-13,BAMLH0A0HYM2,High Yield OAS,3.85
2023-09-14,BAMLH0A0HYM2,High Yield OAS,3.78
2023-09-15,BAMLH0A0HYM2,High Yield OAS,3.79
2023-09-18,BAMLH0A0HYM2,High Yield OAS,3.82
2023-09-19,BAMLH0A0HYM2,High Yield OAS,3.82
2023-09-20,BAMLH0A0HYM2,High Yield OAS,3.77
2023-09-21,BAMLH0A0HYM2,High Yield OAS,3.89
2023-09-22,BAMLH0A0HYM2,High Yield OAS,3.93
2023-09-25,BAMLH0A0HYM2,High Yield OAS,3.97
2023-09-26,BAMLH0A0HYM2,High Yield OAS,4.04
2023-09-27,BAMLH0A0HYM2,High Yield OAS,4.03
2023-09-28,BAMLH0A0HYM2,High Yield OAS,4.09
2023-09-29,BAMLH0A0HYM2,High Yield OAS,4.03
2023-09-30,BAMLH0A0HYM2,High Yield OAS,4.03
2023-10-02,BAMLH0A0HYM2,High Yield OAS,4.11
2023-10-03,BAMLH0A0HYM2,High Yield OAS,4.26
2023-10-04,BAMLH0A0HYM2,High Yield OAS,4.37
2023-10-05,BAMLH0A0HYM2,High Yield OAS,4.38
2023-10-06,BAMLH0A0HYM2,High Yield OAS,4.33
2023-10-09,BAMLH0A0HYM2,High Yield OAS,4.34
2023-10-10,BAMLH0A0HYM2,High Yield OAS,4.26
2023-10-11,BAMLH0A0HYM2,High Yield OAS,4.25
2023-10-12,BAMLH0A0HYM2,High Yield OAS,4.25
2023-10-13,BAMLH0A0HYM2,High Yield OAS,4.3
2023-10-16,BAMLH0A0HYM2,High Yield OAS,4.27
2023-10-17,BAMLH0A0HYM2,High Yield OAS,4.25
2023-10-18,BAMLH0A0HYM2,High Yield OAS,4.32
2023-10-19,BAMLH0A0HYM2,High Yield OAS,4.37
2023-10-20,BAMLH0A0HYM2,High Yield OAS,4.52
2023-10-23,BAMLH0A0HYM2,High Yield OAS,4.51
2023-10-24,BAMLH0A0HYM2,High Yield OAS,4.41
2023-10-25,BAMLH0A0HYM2,High Yield OAS,4.37
2023-10-26,BAMLH0A0HYM2,High Yield OAS,4.5
2023-10-27,BAMLH0A0HYM2,High Yield OAS,4.53
2023-10-30,BAMLH0A0HYM2,High Yield OAS,4.5
2023-10-31,BAMLH0A0HYM2,High Yield OAS,4.42
2023-11-01,BAMLH0A0HYM2,High Yield OAS,4.47
2023-11-02,BAMLH0A0HYM2,High Yield OAS,4.15
2023-11-03,BAMLH0A0HYM2,High Yield OAS,4.04
2023-11-06,BAMLH0A0HYM2,High Yield OAS,4.0
2023-11-07,BAMLH0A0HYM2,High Yield OAS,4.08
2023-11-08,BAMLH0A0HYM2,High Yield OAS,4.08
2023-11-09,BAMLH0A0HYM2,High Yield OAS,4.04
2023-11-10,BAMLH0A0HYM2,High Yield OAS,4.03
2023-11-13,BAMLH0A0HYM2,High Yield OAS,4.03
2023-11-14,BAMLH0A0HYM2,High Yield OAS,3.92
2023-11-15,BAMLH0A0HYM2,High Yield OAS,3.89
2023-11-16,BAMLH0A0HYM2,High Yield OAS,4.02
2023-11-17,BAMLH0A0HYM2,High Yield OAS,3.99
2023-11-20,BAMLH0A0HYM2,High Yield OAS,3.92
2023-11-21,BAMLH0A0HYM2,High Yield OAS,3.95
2023-11-22,BAMLH0A0HYM2,High Yield OAS,3.9
2023-11-23,BAMLH0A0HYM2,High Yield OAS,3.9
2023-11-24,BAMLH0A0HYM2,High Yield OAS,3.85
2023-11-27,BAMLH0A0HYM2,High Yield OAS,3.89
2023-11-28,BAMLH0A0HYM2,High Yield OAS,3.9
2023-11-29,BAMLH0A0HYM2,High Yield OAS,3.8
2023-11-30,BAMLH0A0HYM2,High Yield OAS,3.84
2023-12-01,BAMLH0A0HYM2,High Yield OAS,3.87
2023-12-04,BAMLH0A0HYM2,High Yield OAS,3.8
2023-12-05,BAMLH0A0HYM2,High Yield OAS,3.8
2023-12-06,BAMLH0A0HYM2,High Yield OAS,3.79
2023-12-07,BAMLH0A0HYM2,High Yield OAS,3.77
2023-12-08,BAMLH0A0HYM2,High Yield OAS,3.75
2023-12-11,BAMLH0A0HYM2,High Yield OAS,3.79
2023-12-12,BAMLH0A0HYM2,High Yield OAS,3.76
2023-12-13,BAMLH0A0HYM2,High Yield OAS,3.79
2023-12-14,BAMLH0A0HYM2,High Yield OAS,3.47
2023-12-15,BAMLH0A0HYM2,High Yield OAS,3.51
2023-12-18,BAMLH0A0HYM2,High Yield OAS,3.51
2023-12-19,BAMLH0A0HYM2,High Yield OAS,3.46
2023-12-20,BAMLH0A0HYM2,High Yield OAS,3.43
2023-12-21,BAMLH0A0HYM2,High Yield OAS,3.41
2023-12-22,BAMLH0A0HYM2,High Yield OAS,3.39
2023-12-26,BAMLH0A0HYM2,High Yield OAS,3.37
2023-12-27,BAMLH0A0HYM2,High Yield OAS,3.34
2023-12-28,BAMLH0A0HYM2,High Yield OAS,3.32
2023-12-29,BAMLH0A0HYM2,High Yield OAS,3.34
2023-12-31,BAMLH0A0HYM2,High Yield OAS,3.39
2024-01-02,BAMLH0A0HYM2,High Yield OAS,3.54
2024-01-03,BAMLH0A0HYM2,High Yield OAS,3.71
2024-01-04,BAMLH0A0HYM2,High Yield OAS,3.69
2024-01-05,BAMLH0A0HYM2,High Yield OAS,3.68
2024-01-08,BAMLH0A0HYM2,High Yield OAS,3.63
2024-01-09,BAMLH0A0HYM2,High Yield OAS,3.59
2024-01-10,BAMLH0A0HYM2,High Yield OAS,3.5
2024-01-11,BAMLH0A0HYM2,High Yield OAS,3.55
2024-01-12,BAMLH0A0HYM2,High Yield OAS,3.56
2024-01-15,BAMLH0A0HYM2,High Yield OAS,3.54
2024-01-16,BAMLH0A0HYM2,High Yield OAS,3.58
2024-01-17,BAMLH0A0HYM2,High Yield OAS,3.62
2024-01-18,BAMLH0A0HYM2,High Yield OAS,3.58
2024-01-19,BAMLH0A0HYM2,High Yield OAS,3.54
2024-01-22,BAMLH0A0HYM2,High Yield OAS,3.49
2024-01-23,BAMLH0A0HYM2,High Yield OAS,3.51
2024-01-24,BAMLH0A0HYM2,High Yield OAS,3.44
2024-01-25,BAMLH0A0HYM2,High Yield OAS,3.45
2024-01-26,BAMLH0A0HYM2,High Yield OAS,3.39
2024-01-29,BAMLH0A0HYM2,High Yield OAS,3.41
2024-01-30,BAMLH0A0HYM2,High Yield OAS,3.42
2024-01-31,BAMLH0A0HYM2,High Yield OAS,3.59
2024-02-01,BAMLH0A0HYM2,High Yield OAS,3.56
2024-02-02,BAMLH0A0HYM2,High Yield OAS,3.47
2024-02-05,BAMLH0A0HYM2,High Yield OAS,3.5
2024-02-06,BAMLH0A0HYM2,High Yield OAS,3.52
2024-02-07,BAMLH0A0HYM2,High Yield OAS,3.43
2024-02-08,BAMLH0A0HYM2,High Yield OAS,3.38
2024-02-09,BAMLH0A0HYM2,High Yield OAS,3.33
2024-02-12,BAMLH0A0HYM2,High Yield OAS,3.35
2024-02-13,BAMLH0A0HYM2,High Yield OAS,3.36
2024-02-14,BAMLH0A0HYM2,High Yield OAS,3.38
2024-02-15,BAMLH0A0HYM2,High Yield OAS,3.35
2024-02-16,BAMLH0A0HYM2,High Yield OAS,3.34
2024-02-19,BAMLH0A0HYM2,High Yield OAS,3.34
2024-02-20,BAMLH0A0HYM2,High Yield OAS,3.37
2024-02-21,BAMLH0A0HYM2,High Yield OAS,3.34
2024-02-22,BAMLH0A0HYM2,High Yield OAS,3.22
2024-02-23,BAMLH0A0HYM2,High Yield OAS,3.23
2024-02-26,BAMLH0A0HYM2,High Yield OAS,3.23
2024-02-27,BAMLH0A0HYM2,High Yield OAS,3.26
2024-02-28,BAMLH0A0HYM2,High Yield OAS,3.31
2024-02-29,BAMLH0A0HYM2,High Yield OAS,3.29
2024-03-01,BAMLH0A0HYM2,High Yield OAS,3.32
2024-03-04,BAMLH0A0HYM2,High Yield OAS,3.26
2024-03-05,BAMLH0A0HYM2,High Yield OAS,3.31
2024-03-06,BAMLH0A0HYM2,High Yield OAS,3.27
2024-03-07,BAMLH0A0HYM2,High Yield OAS,3.27
2024-03-08,BAMLH0A0HYM2,High Yield OAS,3.26
2024-03-11,BAMLH0A0HYM2,High Yield OAS,3.26
2024-03-12,BAMLH0A0HYM2,High Yield OAS,3.2
2024-03-13,BAMLH0A0HYM2,High Yield OAS,3.15
2024-03-14,BAMLH0A0HYM2,High Yield OAS,3.15
2024-03-15,BAMLH0A0HYM2,High Yield OAS,3.16
2024-03-18,BAMLH0A0HYM2,High Yield OAS,3.13
2024-03-19,BAMLH0A0HYM2,High Yield OAS,3.1
2024-03-20,BAMLH0A0HYM2,High Yield OAS,3.14
2024-03-21,BAMLH0A0HYM2,High Yield OAS,3.05
2024-03-22,BAMLH0A0HYM2,High Yield OAS,3.08
2024-03-25,BAMLH0A0HYM2,High Yield OAS,3.11
2024-03-26,BAMLH0A0HYM2,High Yield OAS,3.15
2024-03-27,BAMLH0A0HYM2,High Yield OAS,3.15
2024-03-28,BAMLH0A0HYM2,High Yield OAS,3.12
2024-03-31,BAMLH0A0HYM2,High Yield OAS,3.15
2024-04-01,BAMLH0A0HYM2,High Yield OAS,3.12
2024-04-02,BAMLH0A0HYM2,High Yield OAS,3.23
2024-04-03,BAMLH0A0HYM2,High Yield OAS,3.23
2024-04-04,BAMLH0A0HYM2,High Yield OAS,3.24
2024-04-05,BAMLH0A0HYM2,High Yield OAS,3.18
2024-04-08,BAMLH0A0HYM2,High Yield OAS,3.15
2024-04-09,BAMLH0A0HYM2,High Yield OAS,3.14
2024-04-10,BAMLH0A0HYM2,High Yield OAS,3.1
2024-04-11,BAMLH0A0HYM2,High Yield OAS,3.16
2024-04-12,BAMLH0A0HYM2,High Yield OAS,3.25
2024-04-15,BAMLH0A0HYM2,High Yield OAS,3.28
2024-04-16,BAMLH0A0HYM2,High Yield OAS,3.36
2024-04-17,BAMLH0A0HYM2,High Yield OAS,3.42
2024-04-18,BAMLH0A0HYM2,High Yield OAS,3.39
2024-04-19,BAMLH0A0HYM2,High Yield OAS,3.37
2024-04-22,BAMLH0A0HYM2,High Yield OAS,3.29
2024-04-23,BAMLH0A0HYM2,High Yield OAS,3.2
2024-04-24,BAMLH0A0HYM2,High Yield OAS,3.19
2024-04-25,BAMLH0A0HYM2,High Yield OAS,3.24
2024-04-26,BAMLH0A0HYM2,High Yield OAS,3.16
2024-04-29,BAMLH0A0HYM2,High Yield OAS,3.12
2024-04-30,BAMLH0A0HYM2,High Yield OAS,3.18
2024-05-01,BAMLH0A0HYM2,High Yield OAS,3.21
2024-05-02,BAMLH0A0HYM2,High Yield OAS,3.16
2024-05-03,BAMLH0A0HYM2,High Yield OAS,3.08
2024-05-06,BAMLH0A0HYM2,High Yield OAS,3.03
2024-05-07,BAMLH0A0HYM2,High Yield OAS,3.06
2024-05-08,BAMLH0A0HYM2,High Yield OAS,3.1
2024-05-09,BAMLH0A0HYM2,High Yield OAS,3.14
2024-05-10,BAMLH0A0HYM2,High Yield OAS,3.12
2024-05-13,BAMLH0A0HYM2,High Yield OAS,3.14
2024-05-14,BAMLH0A0HYM2,High Yield OAS,3.14
2024-05-15,BAMLH0A0HYM2,High Yield OAS,3.13
2024-05-16,BAMLH0A0HYM2,High Yield OAS,3.08
2024-05-17,BAMLH0A0HYM2,High Yield OAS,3.09
2024-05-20,BAMLH0A0HYM2,High Yield OAS,3.07
2024-05-21,BAMLH0A0HYM2,High Yield OAS,3.07
2024-05-22,BAMLH0A0HYM2,High Yield OAS,3.11
2024-05-23,BAMLH0A0HYM2,High Yield OAS,3.1
2024-05-24,BAMLH0A0HYM2,High Yield OAS,3.11
2024-05-27,BAMLH0A0HYM2,High Yield OAS,3.12
2024-05-28,BAMLH0A0HYM2,High Yield OAS,3.09
2024-05-29,BAMLH0A0HYM2,High Yield OAS,3.15
2024-05-30,BAMLH0A0HYM2,High Yield OAS,3.19
2024-05-31,BAMLH0A0HYM2,High Yield OAS,3.2
2024-06-03,BAMLH0A0HYM2,High Yield OAS,3.17
2024-06-04,BAMLH0A0HYM2,High Yield OAS,3.22
2024-06-05,BAMLH0A0HYM2,High Yield OAS,3.2
2024-06-06,BAMLH0A0HYM2,High Yield OAS,3.2
2024-06-07,BAMLH0A0HYM2,High Yield OAS,3.15
2024-06-10,BAMLH0A0HYM2,High Yield OAS,3.15
2024-06-11,BAMLH0A0HYM2,High Yield OAS,3.19
2024-06-12,BAMLH0A0HYM2,High Yield OAS,3.09
2024-06-13,BAMLH0A0HYM2,High Yield OAS,3.2
2024-06-14,BAMLH0A0HYM2,High Yield OAS,3.29
2024-06-17,BAMLH0A0HYM2,High Yield OAS,3.26
2024-06-18,BAMLH0A0HYM2,High Yield OAS,3.24
2024-06-19,BAMLH0A0HYM2,High Yield OAS,3.24
2024-06-20,BAMLH0A0HYM2,High Yield OAS,3.23
2024-06-21,BAMLH0A0HYM2,High Yield OAS,3.21
2024-06-24,BAMLH0A0HYM2,High Yield OAS,3.19
2024-06-25,BAMLH0A0HYM2,High Yield OAS,3.19
2024-06-26,BAMLH0A0HYM2,High Yield OAS,3.18
2024-06-27,BAMLH0A0HYM2,High Yield OAS,3.21
2024-06-28,BAMLH0A0HYM2,High Yield OAS,3.18
2024-06-30,BAMLH0A0HYM2,High Yield OAS,3.21
2024-07-01,BAMLH0A0HYM2,High Yield OAS,3.21
2024-07-02,BAMLH0A0HYM2,High Yield OAS,3.23
2024-07-03,BAMLH0A0HYM2,High Yield OAS,3.25
2024-07-04,BAMLH0A0HYM2,High Yield OAS,3.25
2024-07-05,BAMLH0A0HYM2,High Yield OAS,3.27
2024-07-08,BAMLH0A0HYM2,High Yield OAS,3.2
2024-07-09,BAMLH0A0HYM2,High Yield OAS,3.21
2024-07-10,BAMLH0A0HYM2,High Yield OAS,3.17
2024-07-11,BAMLH0A0HYM2,High Yield OAS,3.18
2024-07-12,BAMLH0A0HYM2,High Yield OAS,3.19
2024-07-15,BAMLH0A0HYM2,High Yield OAS,3.13
2024-07-16,BAMLH0A0HYM2,High Yield OAS,3.08
2024-07-17,BAMLH0A0HYM2,High Yield OAS,3.09
2024-07-18,BAMLH0A0HYM2,High Yield OAS,3.09
2024-07-19,BAMLH0A0HYM2,High Yield OAS,3.09
2024-07-22,BAMLH0A0HYM2,High Yield OAS,3.05
2024-07-23,BAMLH0A0HYM2,High Yield OAS,3.02
2024-07-24,BAMLH0A0HYM2,High Yield OAS,3.1
2024-07-25,BAMLH0A0HYM2,High Yield OAS,3.08
2024-07-26,BAMLH0A0HYM2,High Yield OAS,3.1
2024-07-29,BAMLH0A0HYM2,High Yield OAS,3.13
2024-07-30,BAMLH0A0HYM2,High Yield OAS,3.2
2024-07-31,BAMLH0A0HYM2,High Yield OAS,3.25
2024-08-01,BAMLH0A0HYM2,High Yield OAS,3.35
2024-08-02,BAMLH0A0HYM2,High Yield OAS,3.72
2024-08-05,BAMLH0A0HYM2,High Yield OAS,3.93
2024-08-06,BAMLH0A0HYM2,High Yield OAS,3.67
2024-08-07,BAMLH0A0HYM2,High Yield OAS,3.57
2024-08-08,BAMLH0A0HYM2,High Yield OAS,3.48
2024-08-09,BAMLH0A0HYM2,High Yield OAS,3.49
2024-08-12,BAMLH0A0HYM2,High Yield OAS,3.52
2024-08-13,BAMLH0A0HYM2,High Yield OAS,3.54
2024-08-14,BAMLH0A0HYM2,High Yield OAS,3.46
2024-08-15,BAMLH0A0HYM2,High Yield OAS,3.31
2024-08-16,BAMLH0A0HYM2,High Yield OAS,3.29
2024-08-19,BAMLH0A0HYM2,High Yield OAS,3.21
2024-08-20,BAMLH0A0HYM2,High Yield OAS,3.25
2024-08-21,BAMLH0A0HYM2,High Yield OAS,3.27
2024-08-22,BAMLH0A0HYM2,High Yield OAS,3.21
2024-08-23,BAMLH0A0HYM2,High Yield OAS,3.19
2024-08-26,BAMLH0A0HYM2,High Yield OAS,3.15
2024-08-27,BAMLH0A0HYM2,High Yield OAS,3.17
2024-08-28,BAMLH0A0HYM2,High Yield OAS,3.19
2024-08-29,BAMLH0A0HYM2,High Yield OAS,3.15
2024-08-30,BAMLH0A0HYM2,High Yield OAS,3.13
2024-08-31,BAMLH0A0HYM2,High Yield OAS,3.17
2024-09-02,BAMLH0A0HYM2,High Yield OAS,3.17
2024-09-03,BAMLH0A0HYM2,High Yield OAS,3.31
2024-09-04,BAMLH0A0HYM2,High Yield OAS,3.35
2024-09-05,BAMLH0A0HYM2,High Yield OAS,3.29
2024-09-06,BAMLH0A0HYM2,High Yield OAS,3.39
2024-09-09,BAMLH0A0HYM2,High Yield OAS,3.36
2024-09-10,BAMLH0A0HYM2,High Yield OAS,3.46
2024-09-11,BAMLH0A0HYM2,High Yield OAS,3.44
2024-09-12,BAMLH0A0HYM2,High Yield OAS,3.39
2024-09-13,BAMLH0A0HYM2,High Yield OAS,3.37
2024-09-16,BAMLH0A0HYM2,High Yield OAS,3.32
2024-09-17,BAMLH0A0HYM2,High Yield OAS,3.25
2024-09-18,BAMLH0A0HYM2,High Yield OAS,3.21
2024-09-19,BAMLH0A0HYM2,High Yield OAS,3.1
2024-09-20,BAMLH0A0HYM2,High Yield OAS,3.15
2024-09-23,BAMLH0A0HYM2,High Yield OAS,3.15
2024-09-24,BAMLH0A0HYM2,High Yield OAS,3.21
2024-09-25,BAMLH0A0HYM2,High Yield OAS,3.19
2024-09-26,BAMLH0A0HYM2,High Yield OAS,3.14
2024-09-27,BAMLH0A0HYM2,High Yield OAS,3.14
2024-09-30,BAMLH0A0HYM2,High Yield OAS,3.03
2024-10-01,BAMLH0A0HYM2,High Yield OAS,3.07
2024-10-02,BAMLH0A0HYM2,High Yield OAS,3.06
2024-10-03,BAMLH0A0HYM2,High Yield OAS,3.04
2024-10-04,BAMLH0A0HYM2,High Yield OAS,2.89
2024-10-07,BAMLH0A0HYM2,High Yield OAS,2.95
2024-10-08,BAMLH0A0HYM2,High Yield OAS,2.99
2024-10-09,BAMLH0A0HYM2,High Yield OAS,2.94
2024-10-10,BAMLH0A0HYM2,High Yield OAS,2.99
2024-10-11,BAMLH0A0HYM2,High Yield OAS,2.98
2024-10-14,BAMLH0A0HYM2,High Yield OAS,2.97
2024-10-15,BAMLH0A0HYM2,High Yield OAS,2.93
2024-10-16,BAMLH0A0HYM2,High Yield OAS,2.9
2024-10-17,BAMLH0A0HYM2,High Yield OAS,2.89
2024-10-18,BAMLH0A0HYM2,High Yield OAS,2.88
2024-10-21,BAMLH0A0HYM2,High Yield OAS,2.88
2024-10-22,BAMLH0A0HYM2,High Yield OAS,2.92
2024-10-23,BAMLH0A0HYM2,High Yield OAS,2.95
2024-10-24,BAMLH0A0HYM2,High Yield OAS,2.93
2024-10-25,BAMLH0A0HYM2,High Yield OAS,2.89
2024-10-28,BAMLH0A0HYM2,High Yield OAS,2.82
2024-10-29,BAMLH0A0HYM2,High Yield OAS,2.85
2024-10-30,BAMLH0A0HYM2,High Yield OAS,2.8
2024-10-31,BAMLH0A0HYM2,High Yield OAS,2.88
2024-11-01,BAMLH0A0HYM2,High Yield OAS,2.83
2024-11-04,BAMLH0A0HYM2,High Yield OAS,2.87
2024-11-05,BAMLH0A0HYM2,High Yield OAS,2.86
2024-11-06,BAMLH0A0HYM2,High Yield OAS,2.74
2024-11-07,BAMLH0A0HYM2,High Yield OAS,2.73
2024-11-08,BAMLH0A0HYM2,High Yield OAS,2.63
2024-11-11,BAMLH0A0HYM2,High Yield OAS,2.63
2024-11-12,BAMLH0A0HYM2,High Yield OAS,2.61
2024-11-13,BAMLH0A0HYM2,High Yield OAS,2.64
2024-11-14,BAMLH0A0HYM2,High Yield OAS,2.6
2024-11-15,BAMLH0A0HYM2,High Yield OAS,2.72
2024-11-18,BAMLH0A0HYM2,High Yield OAS,2.72
2024-11-19,BAMLH0A0HYM2,High Yield OAS,2.69
2024-11-20,BAMLH0A0HYM2,High Yield OAS,2.67
2024-11-21,BAMLH0A0HYM2,High Yield OAS,2.61
2024-11-22,BAMLH0A0HYM2,High Yield OAS,2.61
2024-11-25,BAMLH0A0HYM2,High Yield OAS,2.64
2024-11-26,BAMLH0A0HYM2,High Yield OAS,2.68
2024-11-27,BAMLH0A0HYM2,High Yield OAS,2.69
2024-11-28,BAMLH0A0HYM2,High Yield OAS,2.69
2024-11-29,BAMLH0A0HYM2,High Yield OAS,2.72
2024-11-30,BAMLH0A0HYM2,High Yield OAS,2.74
2024-12-02,BAMLH0A0HYM2,High Yield OAS,2.68
2024-12-03,BAMLH0A0HYM2,High Yield OAS,2.66
2024-12-04,BAMLH0A0HYM2,High Yield OAS,2.66
2024-12-05,BAMLH0A0HYM2,High Yield OAS,2.66
2024-12-06,BAMLH0A0HYM2,High Yield OAS,2.67
2024-12-09,BAMLH0A0HYM2,High Yield OAS,2.67
2024-12-10,BAMLH0A0HYM2,High Yield OAS,2.67
2024-12-11,BAMLH0A0HYM2,High Yield OAS,2.64
2024-12-12,BAMLH0A0HYM2,High Yield OAS,2.66
2024-12-13,BAMLH0A0HYM2,High Yield OAS,2.68
2024-12-16,BAMLH0A0HYM2,High Yield OAS,2.69
2024-12-17,BAMLH0A0HYM2,High Yield OAS,2.75
2024-12-18,BAMLH0A0HYM2,High Yield OAS,2.73
2024-12-19,BAMLH0A0HYM2,High Yield OAS,2.91
2024-12-20,BAMLH0A0HYM2,High Yield OAS,2.86
2024-12-23,BAMLH0A0HYM2,High Yield OAS,2.85
2024-12-24,BAMLH0A0HYM2,High Yield OAS,2.86
2024-12-26,BAMLH0A0HYM2,High Yield OAS,2.86
2024-12-27,BAMLH0A0HYM2,High Yield OAS,2.84
2024-12-30,BAMLH0A0HYM2,High Yield OAS,2.94
2024-12-31,BAMLH0A0HYM2,High Yield OAS,2.92
2025-01-02,BAMLH0A0HYM2,High Yield OAS,2.88
2025-01-03,BAMLH0A0HYM2,High Yield OAS,2.81
2025-01-06,BAMLH0A0HYM2,High Yield OAS,2.76
2025-01-07,BAMLH0A0HYM2,High Yield OAS,2.79
2025-01-08,BAMLH0A0HYM2,High Yield OAS,2.84
2025-01-09,BAMLH0A0HYM2,High Yield OAS,2.82
2025-01-10,BAMLH0A0HYM2,High Yield OAS,2.81
2025-01-13,BAMLH0A0HYM2,High Yield OAS,2.85
2025-01-14,BAMLH0A0HYM2,High Yield OAS,2.8
2025-01-15,BAMLH0A0HYM2,High Yield OAS,2.72
2025-01-16,BAMLH0A0HYM2,High Yield OAS,2.73
2025-01-17,BAMLH0A0HYM2,High Yield OAS,2.64
2025-01-20,BAMLH0A0HYM2,High Yield OAS,2.64
2025-01-21,BAMLH0A0HYM2,High Yield OAS,2.61
2025-01-22,BAMLH0A0HYM2,High Yield OAS,2.59
2025-01-23,BAMLH0A0HYM2,High Yield OAS,2.61
2025-01-24,BAMLH0A0HYM2,High Yield OAS,2.6
2025-01-27,BAMLH0A0HYM2,High Yield OAS,2.66
2025-01-28,BAMLH0A0HYM2,High Yield OAS,2.66
2025-01-29,BAMLH0A0HYM2,High Yield OAS,2.68
2025-01-30,BAMLH0A0HYM2,High Yield OAS,2.67
2025-01-31,BAMLH0A0HYM2,High Yield OAS,2.68
2025-02-03,BAMLH0A0HYM2,High Yield OAS,2.73
2025-02-04,BAMLH0A0HYM2,High Yield OAS,2.71
2025-02-05,BAMLH0A0HYM2,High Yield OAS,2.69
2025-02-06,BAMLH0A0HYM2,High Yield OAS,2.66
2025-02-07,BAMLH0A0HYM2,High Yield OAS,2.67
2025-02-10,BAMLH0A0HYM2,High Yield OAS,2.66
2025-02-11,BAMLH0A0HYM2,High Yield OAS,2.66
2025-02-12,BAMLH0A0HYM2,High Yield OAS,2.65
2025-02-13,BAMLH0A0HYM2,High Yield OAS,2.65
2025-02-14,BAMLH0A0HYM2,High Yield OAS,2.62
2025-02-17,BAMLH0A0HYM2,High Yield OAS,2.62
2025-02-18,BAMLH0A0HYM2,High Yield OAS,2.62
2025-02-19,BAMLH0A0HYM2,High Yield OAS,2.68
2025-02-20,BAMLH0A0HYM2,High Yield OAS,2.66
2025-02-21,BAMLH0A0HYM2,High Yield OAS,2.78
2025-02-24,BAMLH0A0HYM2,High Yield OAS,2.78
2025-02-25,BAMLH0A0HYM2,High Yield OAS,2.84
2025-02-26,BAMLH0A0HYM2,High Yield OAS,2.81
2025-02-27,BAMLH0A0HYM2,High Yield OAS,2.81
2025-02-28,BAMLH0A0HYM2,High Yield OAS,2.87
2025-03-03,BAMLH0A0HYM2,High Yield OAS,2.94
2025-03-04,BAMLH0A0HYM2,High Yield OAS,2.99
2025-03-05,BAMLH0A0HYM2,High Yield OAS,2.88
2025-03-06,BAMLH0A0HYM2,High Yield OAS,2.99
2025-03-07,BAMLH0A0HYM2,High Yield OAS,2.97
2025-03-10,BAMLH0A0HYM2,High Yield OAS,3.16
2025-03-11,BAMLH0A0HYM2,High Yield OAS,3.22
2025-03-12,BAMLH0A0HYM2,High Yield OAS,3.2
2025-03-13,BAMLH0A0HYM2,High Yield OAS,3.4
2025-03-14,BAMLH0A0HYM2,High Yield OAS,3.25
2025-03-17,BAMLH0A0HYM2,High Yield OAS,3.18
2025-03-18,BAMLH0A0HYM2,High Yield OAS,3.23
2025-03-19,BAMLH0A0HYM2,High Yield OAS,3.19
2025-03-20,BAMLH0A0HYM2,High Yield OAS,3.17
2025-03-21,BAMLH0A0HYM2,High Yield OAS,3.21
2025-03-24,BAMLH0A0HYM2,High Yield OAS,3.05
2025-03-25,BAMLH0A0HYM2,High Yield OAS,3.09
2025-03-26,BAMLH0A0HYM2,High Yield OAS,3.19
2025-03-27,BAMLH0A0HYM2,High Yield OAS,3.27
2025-03-28,BAMLH0A0HYM2,High Yield OAS,3.47
2025-03-31,BAMLH0A0HYM2,High Yield OAS,3.55
2025-04-01,BAMLH0A0HYM2,High Yield OAS,3.5
2025-04-02,BAMLH0A0HYM2,High Yield OAS,3.42
2025-04-03,BAMLH0A0HYM2,High Yield OAS,4.01
2025-04-04,BAMLH0A0HYM2,High Yield OAS,4.45
2025-04-07,BAMLH0A0HYM2,High Yield OAS,4.61
2025-04-08,BAMLH0A0HYM2,High Yield OAS,4.57
2025-04-09,BAMLH0A0HYM2,High Yield OAS,4.37
2025-04-10,BAMLH0A0HYM2,High Yield OAS,4.42
2025-04-11,BAMLH0A0HYM2,High Yield OAS,4.26
2025-04-14,BAMLH0A0HYM2,High Yield OAS,4.14
2025-04-15,BAMLH0A0HYM2,High Yield OAS,4.09
2025-04-16,BAMLH0A0HYM2,High Yield OAS,4.16
2025-04-17,BAMLH0A0HYM2,High Yield OAS,4.02
2025-04-21,BAMLH0A0HYM2,High Yield OAS,4.16
2025-04-22,BAMLH0A0HYM2,High Yield OAS,3.99
2025-04-23,BAMLH0A0HYM2,High Yield OAS,3.75
2025-04-24,BAMLH0A0HYM2,High Yield OAS,3.73
2025-04-25,BAMLH0A0HYM2,High Yield OAS,3.67
2025-04-28,BAMLH0A0HYM2,High Yield OAS,3.73
2025-04-29,BAMLH0A0HYM2,High Yield OAS,3.74
2025-04-30,BAMLH0A0HYM2,High Yield OAS,3.94
2025-05-01,BAMLH0A0HYM2,High Yield OAS,3.78
2025-05-02,BAMLH0A0HYM2,High Yield OAS,3.6
2025-05-05,BAMLH0A0HYM2,High Yield OAS,3.6
2025-05-06,BAMLH0A0HYM2,High Yield OAS,3.66
2025-05-07,BAMLH0A0HYM2,High Yield OAS,3.67
2025-05-08,BAMLH0A0HYM2,High Yield OAS,3.51
2025-05-09,BAMLH0A0HYM2,High Yield OAS,3.53
2025-05-12,BAMLH0A0HYM2,High Yield OAS,3.15
2025-05-13,BAMLH0A0HYM2,High Yield OAS,3.09
2025-05-14,BAMLH0A0HYM2,High Yield OAS,3.1
2025-05-15,BAMLH0A0HYM2,High Yield OAS,3.2
2025-05-16,BAMLH0A0HYM2,High Yield OAS,3.16
2025-05-19,BAMLH0A0HYM2,High Yield OAS,3.21
2025-05-20,BAMLH0A0HYM2,High Yield OAS,3.2
2025-05-21,BAMLH0A0HYM2,High Yield OAS,3.25
2025-05-22,BAMLH0A0HYM2,High Yield OAS,3.32
2025-05-23,BAMLH0A0HYM2,High Yield OAS,3.4
2025-05-26,BAMLH0A0HYM2,High Yield OAS,3.4
2025-05-27,BAMLH0A0HYM2,High Yield OAS,3.24
2025-05-28,BAMLH0A0HYM2,High Yield OAS,3.23
2025-05-29,BAMLH0A0HYM2,High Yield OAS,3.22
2025-05-30,BAMLH0A0HYM2,High Yield OAS,3.31
2025-05-31,BAMLH0A0HYM2,High Yield OAS,3.32
2025-06-02,BAMLH0A0HYM2,High Yield OAS,3.27
2025-06-03,BAMLH0A0HYM2,High Yield OAS,3.19
2025-06-04,BAMLH0A0HYM2,High Yield OAS,3.23
2025-06-05,BAMLH0A0HYM2,High Yield OAS,3.18
2025-06-06,BAMLH0A0HYM2,High Yield OAS,3.09
2025-06-09,BAMLH0A0HYM2,High Yield OAS,3.12
2025-06-10,BAMLH0A0HYM2,High Yield OAS,3.12
2025-06-11,BAMLH0A0HYM2,High Yield OAS,3.12
2025-06-12,BAMLH0A0HYM2,High Yield OAS,3.17
2025-06-13,BAMLH0A0HYM2,High Yield OAS,3.18
2025-06-16,BAMLH0A0HYM2,High Yield OAS,3.1
2025-06-17,BAMLH0A0HYM2,High Yield OAS,3.17
2025-06-18,BAMLH0A0HYM2,High Yield OAS,3.16
2025-06-19,BAMLH0A0HYM2,High Yield OAS,3.16
2025-06-20,BAMLH0A0HYM2,High Yield OAS,3.13
2025-06-23,BAMLH0A0HYM2,High Yield OAS,3.12
2025-06-24,BAMLH0A0HYM2,High Yield OAS,3.06
2025-06-25,BAMLH0A0HYM2,High Yield OAS,3.04
2025-06-26,BAMLH0A0HYM2,High Yield OAS,3.04
2025-06-27,BAMLH0A0HYM2,High Yield OAS,3.02
2025-06-30,BAMLH0A0HYM2,High Yield OAS,2.96
2025-07-01,BAMLH0A0HYM2,High Yield OAS,2.91
2025-07-02,BAMLH0A0HYM2,High Yield OAS,2.88
2025-07-03,BAMLH0A0HYM2,High Yield OAS,2.8
2025-07-04,BAMLH0A0HYM2,High Yield OAS,2.8
2025-07-07,BAMLH0A0HYM2,High Yield OAS,2.86
2025-07-08,BAMLH0A0HYM2,High Yield OAS,2.92
2025-07-09,BAMLH0A0HYM2,High Yield OAS,2.94
2025-07-10,BAMLH0A0HYM2,High Yield OAS,2.92
2025-07-11,BAMLH0A0HYM2,High Yield OAS,2.97
2025-07-14,BAMLH0A0HYM2,High Yield OAS,2.95
2025-07-15,BAMLH0A0HYM2,High Yield OAS,2.95
2025-07-16,BAMLH0A0HYM2,High Yield OAS,3.0
2025-07-17,BAMLH0A0HYM2,High Yield OAS,2.91
2025-07-18,BAMLH0A0HYM2,High Yield OAS,2.93
2025-07-21,BAMLH0A0HYM2,High Yield OAS,2.89
2025-07-22,BAMLH0A0HYM2,High Yield OAS,2.9
2025-07-23,BAMLH0A0HYM2,High Yield OAS,2.83
2025-07-24,BAMLH0A0HYM2,High Yield OAS,2.82
2025-07-25,BAMLH0A0HYM2,High Yield OAS,2.84
2025-07-28,BAMLH0A0HYM2,High Yield OAS,2.82
2025-07-29,BAMLH0A0HYM2,High Yield OAS,2.86
2025-07-30,BAMLH0A0HYM2,High Yield OAS,2.89
2025-07-31,BAMLH0A0HYM2,High Yield OAS,2.86
2025-08-01,BAMLH0A0HYM2,High Yield OAS,3.13
2025-08-04,BAMLH0A0HYM2,High Yield OAS,3.02
2025-08-05,BAMLH0A0HYM2,High Yield OAS,2.98
2025-08-06,BAMLH0A0HYM2,High Yield OAS,2.98
2025-08-07,BAMLH0A0HYM2,High Yield OAS,2.95
2025-08-08,BAMLH0A0HYM2,High Yield OAS,2.94
2025-08-11,BAMLH0A0HYM2,High Yield OAS,2.94
2025-08-12,BAMLH0A0HYM2,High Yield OAS,2.93
2025-08-13,BAMLH0A0HYM2,High Yield OAS,2.9
2025-08-14,BAMLH0A0HYM2,High Yield OAS,2.89
2025-08-15,BAMLH0A0HYM2,High Yield OAS,2.88
2025-08-18,BAMLH0A0HYM2,High Yield OAS,2.88
2025-08-19,BAMLH0A0HYM2,High Yield OAS,2.9
2025-08-20,BAMLH0A0HYM2,High Yield OAS,2.94
2025-08-21,BAMLH0A0HYM2,High Yield OAS,2.95
2025-08-22,BAMLH0A0HYM2,High Yield OAS,2.88
2025-08-25,BAMLH0A0HYM2,High Yield OAS,2.8
2025-08-26,BAMLH0A0HYM2,High Yield OAS,2.78
2025-08-27,BAMLH0A0HYM2,High Yield OAS,2.78
2025-08-28,BAMLH0A0HYM2,High Yield OAS,2.75
2025-08-29,BAMLH0A0HYM2,High Yield OAS,2.82
2025-08-31,BAMLH0A0HYM2,High Yield OAS,2.84
2025-09-01,BAMLH0A0HYM2,High Yield OAS,2.84
2025-09-02,BAMLH0A0HYM2,High Yield OAS,2.92
2025-09-03,BAMLH0A0HYM2,High Yield OAS,2.88
2025-09-04,BAMLH0A0HYM2,High Yield OAS,2.84
2025-09-05,BAMLH0A0HYM2,High Yield OAS,2.83
2025-09-08,BAMLH0A0HYM2,High Yield OAS,2.84
2025-09-09,BAMLH0A0HYM2,High Yield OAS,2.87
2025-09-10,BAMLH0A0HYM2,High Yield OAS,2.84
2025-09-11,BAMLH0A0HYM2,High Yield OAS,2.78
2025-09-12,BAMLH0A0HYM2,High Yield OAS,2.79
2025-09-15,BAMLH0A0HYM2,High Yield OAS,2.75
2025-09-16,BAMLH0A0HYM2,High Yield OAS,2.79
2025-09-17,BAMLH0A0HYM2,High Yield OAS,2.79
2025-09-18,BAMLH0A0HYM2,High Yield OAS,2.71
2025-09-19,BAMLH0A0HYM2,High Yield OAS,2.72
2025-09-22,BAMLH0A0HYM2,High Yield OAS,2.69
2025-09-23,BAMLH0A0HYM2,High Yield OAS,2.71
2025-09-24,BAMLH0A0HYM2,High Yield OAS,2.7
2025-09-25,BAMLH0A0HYM2,High Yield OAS,2.76
2025-09-26,BAMLH0A0HYM2,High Yield OAS,2.75
2025-09-29,BAMLH0A0HYM2,High Yield OAS,2.74
2025-09-30,BAMLH0A0HYM2,High Yield OAS,2.8
2025-10-01,BAMLH0A0HYM2,High Yield OAS,2.81
2025-10-02,BAMLH0A0HYM2,High Yield OAS,2.81
2025-10-03,BAMLH0A0HYM2,High Yield OAS,2.8
2025-10-06,BAMLH0A0HYM2,High Yield OAS,2.76
2025-10-07,BAMLH0A0HYM2,High Yield OAS,2.82
2025-10-08,BAMLH0A0HYM2,High Yield OAS,2.84
2025-10-09,BAMLH0A0HYM2,High Yield OAS,2.95
2025-10-10,BAMLH0A0HYM2,High Yield OAS,3.18
2025-10-13,BAMLH0A0HYM2,High Yield OAS,3.18
2025-10-14,BAMLH0A0HYM2,High Yield OAS,3.11
2025-10-15,BAMLH0A0HYM2,High Yield OAS,2.95
2025-10-16,BAMLH0A0HYM2,High Yield OAS,3.04
2025-10-17,BAMLH0A0HYM2,High Yield OAS,3.04
2025-10-20,BAMLH0A0HYM2,High Yield OAS,2.99
2025-10-21,BAMLH0A0HYM2,High Yield OAS,2.97
2025-10-22,BAMLH0A0HYM2,High Yield OAS,3.01
2025-10-23,BAMLH0A0HYM2,High Yield OAS,2.96
2025-10-24,BAMLH0A0HYM2,High Yield OAS,2.88
2025-10-27,BAMLH0A0HYM2,High Yield OAS,2.8
2025-10-28,BAMLH0A0HYM2,High Yield OAS,2.82
2025-10-29,BAMLH0A0HYM2,High Yield OAS,2.76
2025-10-30,BAMLH0A0HYM2,High Yield OAS,2.85
2025-10-31,BAMLH0A0HYM2,High Yield OAS,2.94
2025-11-03,BAMLH0A0HYM2,High Yield OAS,3.04
2025-11-04,BAMLH0A0HYM2,High Yield OAS,3.13
2025-11-05,BAMLH0A0HYM2,High Yield OAS,3.05
2025-11-06,BAMLH0A0HYM2,High Yield OAS,3.13
2025-11-07,BAMLH0A0HYM2,High Yield OAS,3.15
2025-11-10,BAMLH0A0HYM2,High Yield OAS,3.02
2025-11-11,BAMLH0A0HYM2,High Yield OAS,3.02
2025-11-12,BAMLH0A0HYM2,High Yield OAS,3.02
2025-11-13,BAMLH0A0HYM2,High Yield OAS,3.09
2025-11-14,BAMLH0A0HYM2,High Yield OAS,3.07
2025-11-17,BAMLH0A0HYM2,High Yield OAS,3.13
2025-11-18,BAMLH0A0HYM2,High Yield OAS,3.2
2025-11-19,BAMLH0A0HYM2,High Yield OAS,3.17
2025-11-20,BAMLH0A0HYM2,High Yield OAS,3.17
2025-11-21,BAMLH0A0HYM2,High Yield OAS,3.19
2025-11-24,BAMLH0A0HYM2,High Yield OAS,3.15
2025-11-25,BAMLH0A0HYM2,High Yield OAS,3.1
2025-11-26,BAMLH0A0HYM2,High Yield OAS,3.0
2025-11-27,BAMLH0A0HYM2,High Yield OAS,3.0
2025-11-28,BAMLH0A0HYM2,High Yield OAS,2.95
2025-11-30,BAMLH0A0HYM2,High Yield OAS,2.92
2025-12-01,BAMLH0A0HYM2,High Yield OAS,2.94
2025-12-02,BAMLH0A0HYM2,High Yield OAS,2.92
2025-12-03,BAMLH0A0HYM2,High Yield OAS,2.89
2025-12-04,BAMLH0A0HYM2,High Yield OAS,2.88
2025-12-05,BAMLH0A0HYM2,High Yield OAS,2.85
2025-12-08,BAMLH0A0HYM2,High Yield OAS,2.89
2025-12-09,BAMLH0A0HYM2,High Yield OAS,2.89
2025-12-10,BAMLH0A0HYM2,High Yield OAS,2.91
2025-12-11,BAMLH0A0HYM2,High Yield OAS,2.88
2025-12-12,BAMLH0A0HYM2,High Yield OAS,2.91
2025-12-15,BAMLH0A0HYM2,High Yield OAS,2.91
2025-12-16,BAMLH0A0HYM2,High Yield OAS,2.98
2025-12-17,BAMLH0A0HYM2,High Yield OAS,2.99
2025-12-18,BAMLH0A0HYM2,High Yield OAS,2.95
2025-12-19,BAMLH0A0HYM2,High Yield OAS,2.9
2025-12-22,BAMLH0A0HYM2,High Yield OAS,2.88
2025-12-23,BAMLH0A0HYM2,High Yield OAS,2.83
2025-12-24,BAMLH0A0HYM2,High Yield OAS,2.84
2025-12-26,BAMLH0A0HYM2,High Yield OAS,2.86
2025-12-29,BAMLH0A0HYM2,High Yield OAS,2.87
2025-12-30,BAMLH0A0HYM2,High Yield OAS,2.84
2025-12-31,BAMLH0A0HYM2,High Yield OAS,2.81
2026-01-02,BAMLH0A0HYM2,High Yield OAS,2.83
2026-01-05,BAMLH0A0HYM2,High Yield OAS,2.81
2026-01-06,BAMLH0A0HYM2,High Yield OAS,2.79
2026-01-07,BAMLH0A0HYM2,High Yield OAS,2.79
2026-01-08,BAMLH0A0HYM2,High Yield OAS,2.76
2026-01-09,BAMLH0A0HYM2,High Yield OAS,2.74
2026-01-12,BAMLH0A0HYM2,High Yield OAS,2.74
2026-01-13,BAMLH0A0HYM2,High Yield OAS,2.75
2026-01-14,BAMLH0A0HYM2,High Yield OAS,2.76
2026-01-15,BAMLH0A0HYM2,High Yield OAS,2.71
2026-01-16,BAMLH0A0HYM2,High Yield OAS,2.65
2026-01-19,BAMLH0A0HYM2,High Yield OAS,2.65
2026-01-20,BAMLH0A0HYM2,High Yield OAS,2.73
2026-01-21,BAMLH0A0HYM2,High Yield OAS,2.69
2026-01-22,BAMLH0A0HYM2,High Yield OAS,2.64
2026-01-23,BAMLH0A0HYM2,High Yield OAS,2.68
2026-01-26,BAMLH0A0HYM2,High Yield OAS,2.69
2026-01-27,BAMLH0A0HYM2,High Yield OAS,2.71
2026-01-28,BAMLH0A0HYM2,High Yield OAS,2.72
2026-01-29,BAMLH0A0HYM2,High Yield OAS,2.77
2026-01-30,BAMLH0A0HYM2,High Yield OAS,2.8
2026-01-31,BAMLH0A0HYM2,High Yield OAS,2.88
2026-02-02,BAMLH0A0HYM2,High Yield OAS,2.81
2026-02-03,BAMLH0A0HYM2,High Yield OAS,2.85
2026-02-04,BAMLH0A0HYM2,High Yield OAS,2.86
2026-02-05,BAMLH0A0HYM2,High Yield OAS,2.97
2026-02-06,BAMLH0A0HYM2,High Yield OAS,2.87
2026-02-09,BAMLH0A0HYM2,High Yield OAS,2.84
2026-02-10,BAMLH0A0HYM2,High Yield OAS,2.86
2026-02-11,BAMLH0A0HYM2,High Yield OAS,2.84
2026-02-12,BAMLH0A0HYM2,High Yield OAS,2.92
2026-02-13,BAMLH0A0HYM2,High Yield OAS,2.95
2026-02-16,BAMLH0A0HYM2,High Yield OAS,2.94
2026-02-17,BAMLH0A0HYM2,High Yield OAS,2.94
2026-02-18,BAMLH0A0HYM2,High Yield OAS,2.86
2026-02-19,BAMLH0A0HYM2,High Yield OAS,2.88
2026-02-20,BAMLH0A0HYM2,High Yield OAS,2.86
2026-02-23,BAMLH0A0HYM2,High Yield OAS,2.95
2026-02-24,BAMLH0A0HYM2,High Yield OAS,2.97
2026-02-25,BAMLH0A0HYM2,High Yield OAS,2.94
2026-02-26,BAMLH0A0HYM2,High Yield OAS,2.98
2026-02-27,BAMLH0A0HYM2,High Yield OAS,3.1
2026-02-28,BAMLH0A0HYM2,High Yield OAS,3.12
2026-03-02,BAMLH0A0HYM2,High Yield OAS,3.03
2026-03-03,BAMLH0A0HYM2,High Yield OAS,3.08
2026-03-04,BAMLH0A0HYM2,High Yield OAS,2.97
2026-03-05,BAMLH0A0HYM2,High Yield OAS,3.0
2026-03-06,BAMLH0A0HYM2,High Yield OAS,3.13
2026-03-09,BAMLH0A0HYM2,High Yield OAS,3.19
2026-03-10,BAMLH0A0HYM2,High Yield OAS,3.06
2026-03-11,BAMLH0A0HYM2,High Yield OAS,3.09
2026-03-12,BAMLH0A0HYM2,High Yield OAS,3.17
2026-03-13,BAMLH0A0HYM2,High Yield OAS,3.28
2026-03-16,BAMLH0A0HYM2,High Yield OAS,3.27
2026-03-17,BAMLH0A0HYM2,High Yield OAS,3.22
2026-03-18,BAMLH0A0HYM2,High Yield OAS,3.2
2026-03-19,BAMLH0A0HYM2,High Yield OAS,3.27
2026-03-20,BAMLH0A0HYM2,High Yield OAS,3.24
2026-03-23,BAMLH0A0HYM2,High Yield OAS,3.19
2026-03-24,BAMLH0A0HYM2,High Yield OAS,3.19
2026-03-25,BAMLH0A0HYM2,High Yield OAS,3.17
2026-03-26,BAMLH0A0HYM2,High Yield OAS,3.21
2026-03-27,BAMLH0A0HYM2,High Yield OAS,3.42
2026-03-30,BAMLH0A0HYM2,High Yield OAS,3.46
2026-03-31,BAMLH0A0HYM2,High Yield OAS,3.28
2026-04-01,BAMLH0A0HYM2,High Yield OAS,3.16
2026-04-02,BAMLH0A0HYM2,High Yield OAS,3.17
2026-04-03,BAMLH0A0HYM2,High Yield OAS,3.13
2026-04-06,BAMLH0A0HYM2,High Yield OAS,3.05
2026-04-07,BAMLH0A0HYM2,High Yield OAS,3.12
2026-04-08,BAMLH0A0HYM2,High Yield OAS,2.94
2026-04-09,BAMLH0A0HYM2,High Yield OAS,2.9
2026-04-10,BAMLH0A0HYM2,High Yield OAS,2.94
2026-04-13,BAMLH0A0HYM2,High Yield OAS,2.95
2026-04-14,BAMLH0A0HYM2,High Yield OAS,2.84
2026-04-15,BAMLH0A0HYM2,High Yield OAS,2.85
2026-04-16,BAMLH0A0HYM2,High Yield OAS,2.86
2026-04-17,BAMLH0A0HYM2,High Yield OAS,2.83
2026-04-20,BAMLH0A0HYM2,High Yield OAS,2.87
2026-04-21,BAMLH0A0HYM2,High Yield OAS,2.85
2026-04-22,BAMLH0A0HYM2,High Yield OAS,2.84
2026-04-23,BAMLH0A0HYM2,High Yield OAS,2.86
2026-04-24,BAMLH0A0HYM2,High Yield OAS,2.86
2026-04-27,BAMLH0A0HYM2,High Yield OAS,2.84
2026-04-28,BAMLH0A0HYM2,High Yield OAS,2.85
2026-04-29,BAMLH0A0HYM2,High Yield OAS,2.82
2026-04-30,BAMLH0A0HYM2,High Yield OAS,2.83
2026-05-01,BAMLH0A0HYM2,High Yield OAS,2.77
2026-05-04,BAMLH0A0HYM2,High Yield OAS,2.78
2026-05-05,BAMLH0A0HYM2,High Yield OAS,2.77
2026-05-06,BAMLH0A0HYM2,High Yield OAS,2.75
2026-05-07,BAMLH0A0HYM2,High Yield OAS,2.79
2026-05-08,BAMLH0A0HYM2,High Yield OAS,2.81
2026-05-11,BAMLH0A0HYM2,High Yield OAS,2.79
2026-05-12,BAMLH0A0HYM2,High Yield OAS,2.82
2026-05-13,BAMLH0A0HYM2,High Yield OAS,2.82
2026-05-14,BAMLH0A0HYM2,High Yield OAS,2.76
2026-05-15,BAMLH0A0HYM2,High Yield OAS,2.8
2026-05-18,BAMLH0A0HYM2,High Yield OAS,2.83
2026-05-19,BAMLH0A0HYM2,High Yield OAS,2.86
2026-05-20,BAMLH0A0HYM2,High Yield OAS,2.8
2026-05-21,BAMLH0A0HYM2,High Yield OAS,2.78
2026-05-22,BAMLH0A0HYM2,High Yield OAS,2.74
2026-05-25,BAMLH0A0HYM2,High Yield OAS,2.74
2006-05-26,DGS10,US 10Y Yield,5.06
2006-05-30,DGS10,US 10Y Yield,5.09
2006-05-31,DGS10,US 10Y Yield,5.12
2006-06-01,DGS10,US 10Y Yield,5.11
2006-06-02,DGS10,US 10Y Yield,5.0
2006-06-05,DGS10,US 10Y Yield,5.02
2006-06-06,DGS10,US 10Y Yield,5.01
2006-06-07,DGS10,US 10Y Yield,5.02
2006-06-08,DGS10,US 10Y Yield,5.0
2006-06-09,DGS10,US 10Y Yield,4.98
2006-06-12,DGS10,US 10Y Yield,4.99
2006-06-13,DGS10,US 10Y Yield,4.97
2006-06-14,DGS10,US 10Y Yield,5.05
2006-06-15,DGS10,US 10Y Yield,5.1
2006-06-16,DGS10,US 10Y Yield,5.13
2006-06-19,DGS10,US 10Y Yield,5.14
2006-06-20,DGS10,US 10Y Yield,5.15
2006-06-21,DGS10,US 10Y Yield,5.16
2006-06-22,DGS10,US 10Y Yield,5.2
2006-06-23,DGS10,US 10Y Yield,5.23
2006-06-26,DGS10,US 10Y Yield,5.25
2006-06-27,DGS10,US 10Y Yield,5.21
2006-06-28,DGS10,US 10Y Yield,5.25
2006-06-29,DGS10,US 10Y Yield,5.22
2006-06-30,DGS10,US 10Y Yield,5.15
2006-07-03,DGS10,US 10Y Yield,5.15
2006-07-05,DGS10,US 10Y Yield,5.23
2006-07-06,DGS10,US 10Y Yield,5.19
2006-07-07,DGS10,US 10Y Yield,5.14
2006-07-10,DGS10,US 10Y Yield,5.13
2006-07-11,DGS10,US 10Y Yield,5.1
2006-07-12,DGS10,US 10Y Yield,5.1
2006-07-13,DGS10,US 10Y Yield,5.08
2006-07-14,DGS10,US 10Y Yield,5.07
2006-07-17,DGS10,US 10Y Yield,5.07
2006-07-18,DGS10,US 10Y Yield,5.13
2006-07-19,DGS10,US 10Y Yield,5.06
2006-07-20,DGS10,US 10Y Yield,5.03
2006-07-21,DGS10,US 10Y Yield,5.05
2006-07-24,DGS10,US 10Y Yield,5.05
2006-07-25,DGS10,US 10Y Yield,5.07
2006-07-26,DGS10,US 10Y Yield,5.04
2006-07-27,DGS10,US 10Y Yield,5.07
2006-07-28,DGS10,US 10Y Yield,5.0
2006-07-31,DGS10,US 10Y Yield,4.99
2006-08-01,DGS10,US 10Y Yield,4.99
2006-08-02,DGS10,US 10Y Yield,4.96
2006-08-03,DGS10,US 10Y Yield,4.96
2006-08-04,DGS10,US 10Y Yield,4.91
2006-08-07,DGS10,US 10Y Yield,4.93
2006-08-08,DGS10,US 10Y Yield,4.93
2006-08-09,DGS10,US 10Y Yield,4.92
2006-08-10,DGS10,US 10Y Yield,4.93
2006-08-11,DGS10,US 10Y Yield,4.97
2006-08-14,DGS10,US 10Y Yield,5.0
2006-08-15,DGS10,US 10Y Yield,4.93
2006-08-16,DGS10,US 10Y Yield,4.87
2006-08-17,DGS10,US 10Y Yield,4.87
2006-08-18,DGS10,US 10Y Yield,4.84
2006-08-21,DGS10,US 10Y Yield,4.82
2006-08-22,DGS10,US 10Y Yield,4.82
2006-08-23,DGS10,US 10Y Yield,4.82
2006-08-24,DGS10,US 10Y Yield,4.81
2006-08-25,DGS10,US 10Y Yield,4.79
2006-08-28,DGS10,US 10Y Yield,4.8
2006-08-29,DGS10,US 10Y Yield,4.79
2006-08-30,DGS10,US 10Y Yield,4.76
2006-08-31,DGS10,US 10Y Yield,4.74
2006-09-01,DGS10,US 10Y Yield,4.73
2006-09-05,DGS10,US 10Y Yield,4.78
2006-09-06,DGS10,US 10Y Yield,4.8
2006-09-07,DGS10,US 10Y Yield,4.8
2006-09-08,DGS10,US 10Y Yield,4.78
2006-09-11,DGS10,US 10Y Yield,4.8
2006-09-12,DGS10,US 10Y Yield,4.78
2006-09-13,DGS10,US 10Y Yield,4.77
2006-09-14,DGS10,US 10Y Yield,4.79
2006-09-15,DGS10,US 10Y Yield,4.8
2006-09-18,DGS10,US 10Y Yield,4.81
2006-09-19,DGS10,US 10Y Yield,4.74
2006-09-20,DGS10,US 10Y Yield,4.73
2006-09-21,DGS10,US 10Y Yield,4.65
2006-09-22,DGS10,US 10Y Yield,4.6
2006-09-25,DGS10,US 10Y Yield,4.56
2006-09-26,DGS10,US 10Y Yield,4.59
2006-09-27,DGS10,US 10Y Yield,4.6
2006-09-28,DGS10,US 10Y Yield,4.63
2006-09-29,DGS10,US 10Y Yield,4.64
2006-10-02,DGS10,US 10Y Yield,4.62
2006-10-03,DGS10,US 10Y Yield,4.62
2006-10-04,DGS10,US 10Y Yield,4.57
2006-10-05,DGS10,US 10Y Yield,4.61
2006-10-06,DGS10,US 10Y Yield,4.7
2006-10-10,DGS10,US 10Y Yield,4.75
2006-10-11,DGS10,US 10Y Yield,4.78
2006-10-12,DGS10,US 10Y Yield,4.79
2006-10-13,DGS10,US 10Y Yield,4.81
2006-10-16,DGS10,US 10Y Yield,4.79
2006-10-17,DGS10,US 10Y Yield,4.78
2006-10-18,DGS10,US 10Y Yield,4.77
2006-10-19,DGS10,US 10Y Yield,4.79
2006-10-20,DGS10,US 10Y Yield,4.79
2006-10-23,DGS10,US 10Y Yield,4.83
2006-10-24,DGS10,US 10Y Yield,4.83
2006-10-25,DGS10,US 10Y Yield,4.78
2006-10-26,DGS10,US 10Y Yield,4.73
2006-10-27,DGS10,US 10Y Yield,4.68
2006-10-30,DGS10,US 10Y Yield,4.68
2006-10-31,DGS10,US 10Y Yield,4.61
2006-11-01,DGS10,US 10Y Yield,4.57
2006-11-02,DGS10,US 10Y Yield,4.6
2006-11-03,DGS10,US 10Y Yield,4.72
2006-11-06,DGS10,US 10Y Yield,4.71
2006-11-07,DGS10,US 10Y Yield,4.66
2006-11-08,DGS10,US 10Y Yield,4.64
2006-11-09,DGS10,US 10Y Yield,4.62
2006-11-10,DGS10,US 10Y Yield,4.59
2006-11-13,DGS10,US 10Y Yield,4.61
2006-11-14,DGS10,US 10Y Yield,4.57
2006-11-15,DGS10,US 10Y Yield,4.61
2006-11-16,DGS10,US 10Y Yield,4.66
2006-11-17,DGS10,US 10Y Yield,4.61
2006-11-20,DGS10,US 10Y Yield,4.6
2006-11-21,DGS10,US 10Y Yield,4.58
2006-11-22,DGS10,US 10Y Yield,4.57
2006-11-24,DGS10,US 10Y Yield,4.55
2006-11-27,DGS10,US 10Y Yield,4.54
2006-11-28,DGS10,US 10Y Yield,4.51
2006-11-29,DGS10,US 10Y Yield,4.52
2006-11-30,DGS10,US 10Y Yield,4.46
2006-12-01,DGS10,US 10Y Yield,4.43
2006-12-04,DGS10,US 10Y Yield,4.43
2006-12-05,DGS10,US 10Y Yield,4.45
2006-12-06,DGS10,US 10Y Yield,4.48
2006-12-07,DGS10,US 10Y Yield,4.49
2006-12-08,DGS10,US 10Y Yield,4.56
2006-12-11,DGS10,US 10Y Yield,4.52
2006-12-12,DGS10,US 10Y Yield,4.49
2006-12-13,DGS10,US 10Y Yield,4.58
2006-12-14,DGS10,US 10Y Yield,4.6
2006-12-15,DGS10,US 10Y Yield,4.6
2006-12-18,DGS10,US 10Y Yield,4.6
2006-12-19,DGS10,US 10Y Yield,4.6
2006-12-20,DGS10,US 10Y Yield,4.6
2006-12-21,DGS10,US 10Y Yield,4.55
2006-12-22,DGS10,US 10Y Yield,4.63
2006-12-26,DGS10,US 10Y Yield,4.61
2006-12-27,DGS10,US 10Y Yield,4.66
2006-12-28,DGS10,US 10Y Yield,4.7
2006-12-29,DGS10,US 10Y Yield,4.71
2007-01-02,DGS10,US 10Y Yield,4.68
2007-01-03,DGS10,US 10Y Yield,4.67
2007-01-04,DGS10,US 10Y Yield,4.62
2007-01-05,DGS10,US 10Y Yield,4.65
2007-01-08,DGS10,US 10Y Yield,4.66
2007-01-09,DGS10,US 10Y Yield,4.66
2007-01-10,DGS10,US 10Y Yield,4.69
2007-01-11,DGS10,US 10Y Yield,4.74
2007-01-12,DGS10,US 10Y Yield,4.77
2007-01-16,DGS10,US 10Y Yield,4.75
2007-01-17,DGS10,US 10Y Yield,4.79
2007-01-18,DGS10,US 10Y Yield,4.75
2007-01-19,DGS10,US 10Y Yield,4.78
2007-01-22,DGS10,US 10Y Yield,4.76
2007-01-23,DGS10,US 10Y Yield,4.81
2007-01-24,DGS10,US 10Y Yield,4.81
2007-01-25,DGS10,US 10Y Yield,4.87
2007-01-26,DGS10,US 10Y Yield,4.88
2007-01-29,DGS10,US 10Y Yield,4.9
2007-01-30,DGS10,US 10Y Yield,4.88
2007-01-31,DGS10,US 10Y Yield,4.83
2007-02-01,DGS10,US 10Y Yield,4.84
2007-02-02,DGS10,US 10Y Yield,4.83
2007-02-05,DGS10,US 10Y Yield,4.81
2007-02-06,DGS10,US 10Y Yield,4.77
2007-02-07,DGS10,US 10Y Yield,4.74
2007-02-08,DGS10,US 10Y Yield,4.73
2007-02-09,DGS10,US 10Y Yield,4.79
2007-02-12,DGS10,US 10Y Yield,4.8
2007-02-13,DGS10,US 10Y Yield,4.82
2007-02-14,DGS10,US 10Y Yield,4.74
2007-02-15,DGS10,US 10Y Yield,4.7
2007-02-16,DGS10,US 10Y Yield,4.69
2007-02-20,DGS10,US 10Y Yield,4.68
2007-02-21,DGS10,US 10Y Yield,4.69
2007-02-22,DGS10,US 10Y Yield,4.73
2007-02-23,DGS10,US 10Y Yield,4.68
2007-02-26,DGS10,US 10Y Yield,4.63
2007-02-27,DGS10,US 10Y Yield,4.5
2007-02-28,DGS10,US 10Y Yield,4.56
2007-03-01,DGS10,US 10Y Yield,4.56
2007-03-02,DGS10,US 10Y Yield,4.52
2007-03-05,DGS10,US 10Y Yield,4.51
2007-03-06,DGS10,US 10Y Yield,4.53
2007-03-07,DGS10,US 10Y Yield,4.5
2007-03-08,DGS10,US 10Y Yield,4.51
2007-03-09,DGS10,US 10Y Yield,4.59
2007-03-12,DGS10,US 10Y Yield,4.56
2007-03-13,DGS10,US 10Y Yield,4.5
2007-03-14,DGS10,US 10Y Yield,4.53
2007-03-15,DGS10,US 10Y Yield,4.54
2007-03-16,DGS10,US 10Y Yield,4.55
2007-03-19,DGS10,US 10Y Yield,4.58
2007-03-20,DGS10,US 10Y Yield,4.56
2007-03-21,DGS10,US 10Y Yield,4.53
2007-03-22,DGS10,US 10Y Yield,4.6
2007-03-23,DGS10,US 10Y Yield,4.62
2007-03-26,DGS10,US 10Y Yield,4.6
2007-03-27,DGS10,US 10Y Yield,4.62
2007-03-28,DGS10,US 10Y Yield,4.62
2007-03-29,DGS10,US 10Y Yield,4.64
2007-03-30,DGS10,US 10Y Yield,4.65
2007-04-02,DGS10,US 10Y Yield,4.65
2007-04-03,DGS10,US 10Y Yield,4.67
2007-04-04,DGS10,US 10Y Yield,4.66
2007-04-05,DGS10,US 10Y Yield,4.68
2007-04-06,DGS10,US 10Y Yield,4.76
2007-04-09,DGS10,US 10Y Yield,4.75
2007-04-10,DGS10,US 10Y Yield,4.73
2007-04-11,DGS10,US 10Y Yield,4.74
2007-04-12,DGS10,US 10Y Yield,4.74
2007-04-13,DGS10,US 10Y Yield,4.76
2007-04-16,DGS10,US 10Y Yield,4.74
2007-04-17,DGS10,US 10Y Yield,4.69
2007-04-18,DGS10,US 10Y Yield,4.66
2007-04-19,DGS10,US 10Y Yield,4.68
2007-04-20,DGS10,US 10Y Yield,4.68
2007-04-23,DGS10,US 10Y Yield,4.66
2007-04-24,DGS10,US 10Y Yield,4.63
2007-04-25,DGS10,US 10Y Yield,4.66
2007-04-26,DGS10,US 10Y Yield,4.69
2007-04-27,DGS10,US 10Y Yield,4.71
2007-04-30,DGS10,US 10Y Yield,4.63
2007-05-01,DGS10,US 10Y Yield,4.64
2007-05-02,DGS10,US 10Y Yield,4.65
2007-05-03,DGS10,US 10Y Yield,4.68
2007-05-04,DGS10,US 10Y Yield,4.65
2007-05-07,DGS10,US 10Y Yield,4.64
2007-05-08,DGS10,US 10Y Yield,4.63
2007-05-09,DGS10,US 10Y Yield,4.67
2007-05-10,DGS10,US 10Y Yield,4.65
2007-05-11,DGS10,US 10Y Yield,4.67
2007-05-14,DGS10,US 10Y Yield,4.69
2007-05-15,DGS10,US 10Y Yield,4.71
2007-05-16,DGS10,US 10Y Yield,4.71
2007-05-17,DGS10,US 10Y Yield,4.76
2007-05-18,DGS10,US 10Y Yield,4.81
2007-05-21,DGS10,US 10Y Yield,4.79
2007-05-22,DGS10,US 10Y Yield,4.83
2007-05-23,DGS10,US 10Y Yield,4.86
2007-05-24,DGS10,US 10Y Yield,4.86
2007-05-25,DGS10,US 10Y Yield,4.86
2007-05-29,DGS10,US 10Y Yield,4.88
2007-05-30,DGS10,US 10Y Yield,4.88
2007-05-31,DGS10,US 10Y Yield,4.9
2007-06-01,DGS10,US 10Y Yield,4.95
2007-06-04,DGS10,US 10Y Yield,4.93
2007-06-05,DGS10,US 10Y Yield,4.98
2007-06-06,DGS10,US 10Y Yield,4.97
2007-06-07,DGS10,US 10Y Yield,5.11
2007-06-08,DGS10,US 10Y Yield,5.12
2007-06-11,DGS10,US 10Y Yield,5.14
2007-06-12,DGS10,US 10Y Yield,5.26
2007-06-13,DGS10,US 10Y Yield,5.2
2007-06-14,DGS10,US 10Y Yield,5.23
2007-06-15,DGS10,US 10Y Yield,5.16
2007-06-18,DGS10,US 10Y Yield,5.15
2007-06-19,DGS10,US 10Y Yield,5.09
2007-06-20,DGS10,US 10Y Yield,5.14
2007-06-21,DGS10,US 10Y Yield,5.16
2007-06-22,DGS10,US 10Y Yield,5.14
2007-06-25,DGS10,US 10Y Yield,5.09
2007-06-26,DGS10,US 10Y Yield,5.1
2007-06-27,DGS10,US 10Y Yield,5.09
2007-06-28,DGS10,US 10Y Yield,5.12
2007-06-29,DGS10,US 10Y Yield,5.03
2007-07-02,DGS10,US 10Y Yield,5.0
2007-07-03,DGS10,US 10Y Yield,5.05
2007-07-05,DGS10,US 10Y Yield,5.16
2007-07-06,DGS10,US 10Y Yield,5.19
2007-07-09,DGS10,US 10Y Yield,5.16
2007-07-10,DGS10,US 10Y Yield,5.03
2007-07-11,DGS10,US 10Y Yield,5.09
2007-07-12,DGS10,US 10Y Yield,5.13
2007-07-13,DGS10,US 10Y Yield,5.11
2007-07-16,DGS10,US 10Y Yield,5.05
2007-07-17,DGS10,US 10Y Yield,5.08
2007-07-18,DGS10,US 10Y Yield,5.02
2007-07-19,DGS10,US 10Y Yield,5.04
2007-07-20,DGS10,US 10Y Yield,4.96
2007-07-23,DGS10,US 10Y Yield,4.97
2007-07-24,DGS10,US 10Y Yield,4.94
2007-07-25,DGS10,US 10Y Yield,4.92
2007-07-26,DGS10,US 10Y Yield,4.79
2007-07-27,DGS10,US 10Y Yield,4.8
2007-07-30,DGS10,US 10Y Yield,4.82
2007-07-31,DGS10,US 10Y Yield,4.78
2007-08-01,DGS10,US 10Y Yield,4.76
2007-08-02,DGS10,US 10Y Yield,4.77
2007-08-03,DGS10,US 10Y Yield,4.71
2007-08-06,DGS10,US 10Y Yield,4.72
2007-08-07,DGS10,US 10Y Yield,4.77
2007-08-08,DGS10,US 10Y Yield,4.84
2007-08-09,DGS10,US 10Y Yield,4.79
2007-08-10,DGS10,US 10Y Yield,4.81
2007-08-13,DGS10,US 10Y Yield,4.78
2007-08-14,DGS10,US 10Y Yield,4.73
2007-08-15,DGS10,US 10Y Yield,4.69
2007-08-16,DGS10,US 10Y Yield,4.6
2007-08-17,DGS10,US 10Y Yield,4.68
2007-08-20,DGS10,US 10Y Yield,4.64
2007-08-21,DGS10,US 10Y Yield,4.6
2007-08-22,DGS10,US 10Y Yield,4.63
2007-08-23,DGS10,US 10Y Yield,4.62
2007-08-24,DGS10,US 10Y Yield,4.63
2007-08-27,DGS10,US 10Y Yield,4.6
2007-08-28,DGS10,US 10Y Yield,4.53
2007-08-29,DGS10,US 10Y Yield,4.57
2007-08-30,DGS10,US 10Y Yield,4.51
2007-08-31,DGS10,US 10Y Yield,4.54
2007-09-04,DGS10,US 10Y Yield,4.56
2007-09-05,DGS10,US 10Y Yield,4.48
2007-09-06,DGS10,US 10Y Yield,4.51
2007-09-07,DGS10,US 10Y Yield,4.38
2007-09-10,DGS10,US 10Y Yield,4.34
2007-09-11,DGS10,US 10Y Yield,4.37
2007-09-12,DGS10,US 10Y Yield,4.41
2007-09-13,DGS10,US 10Y Yield,4.49
2007-09-14,DGS10,US 10Y Yield,4.47
2007-09-17,DGS10,US 10Y Yield,4.48
2007-09-18,DGS10,US 10Y Yield,4.5
2007-09-19,DGS10,US 10Y Yield,4.53
2007-09-20,DGS10,US 10Y Yield,4.69
2007-09-21,DGS10,US 10Y Yield,4.64
2007-09-24,DGS10,US 10Y Yield,4.63
2007-09-25,DGS10,US 10Y Yield,4.63
2007-09-26,DGS10,US 10Y Yield,4.63
2007-09-27,DGS10,US 10Y Yield,4.58
2007-09-28,DGS10,US 10Y Yield,4.59
2007-10-01,DGS10,US 10Y Yield,4.56
2007-10-02,DGS10,US 10Y Yield,4.54
2007-10-03,DGS10,US 10Y Yield,4.55
2007-10-04,DGS10,US 10Y Yield,4.54
2007-10-05,DGS10,US 10Y Yield,4.65
2007-10-09,DGS10,US 10Y Yield,4.67
2007-10-10,DGS10,US 10Y Yield,4.65
2007-10-11,DGS10,US 10Y Yield,4.66
2007-10-12,DGS10,US 10Y Yield,4.7
2007-10-15,DGS10,US 10Y Yield,4.69
2007-10-16,DGS10,US 10Y Yield,4.66
2007-10-17,DGS10,US 10Y Yield,4.57
2007-10-18,DGS10,US 10Y Yield,4.52
2007-10-19,DGS10,US 10Y Yield,4.41
2007-10-22,DGS10,US 10Y Yield,4.42
2007-10-23,DGS10,US 10Y Yield,4.41
2007-10-24,DGS10,US 10Y Yield,4.36
2007-10-25,DGS10,US 10Y Yield,4.37
2007-10-26,DGS10,US 10Y Yield,4.41
2007-10-29,DGS10,US 10Y Yield,4.39
2007-10-30,DGS10,US 10Y Yield,4.4
2007-10-31,DGS10,US 10Y Yield,4.48
2007-11-01,DGS10,US 10Y Yield,4.36
2007-11-02,DGS10,US 10Y Yield,4.31
2007-11-05,DGS10,US 10Y Yield,4.35
2007-11-06,DGS10,US 10Y Yield,4.38
2007-11-07,DGS10,US 10Y Yield,4.34
2007-11-08,DGS10,US 10Y Yield,4.28
2007-11-09,DGS10,US 10Y Yield,4.23
2007-11-13,DGS10,US 10Y Yield,4.26
2007-11-14,DGS10,US 10Y Yield,4.28
2007-11-15,DGS10,US 10Y Yield,4.17
2007-11-16,DGS10,US 10Y Yield,4.15
2007-11-19,DGS10,US 10Y Yield,4.07
2007-11-20,DGS10,US 10Y Yield,4.06
2007-11-21,DGS10,US 10Y Yield,4.0
2007-11-23,DGS10,US 10Y Yield,4.01
2007-11-26,DGS10,US 10Y Yield,3.83
2007-11-27,DGS10,US 10Y Yield,3.95
2007-11-28,DGS10,US 10Y Yield,4.03
2007-11-29,DGS10,US 10Y Yield,3.94
2007-11-30,DGS10,US 10Y Yield,3.97
2007-12-03,DGS10,US 10Y Yield,3.89
2007-12-04,DGS10,US 10Y Yield,3.89
2007-12-05,DGS10,US 10Y Yield,3.92
2007-12-06,DGS10,US 10Y Yield,4.02
2007-12-07,DGS10,US 10Y Yield,4.12
2007-12-10,DGS10,US 10Y Yield,4.15
2007-12-11,DGS10,US 10Y Yield,3.98
2007-12-12,DGS10,US 10Y Yield,4.05
2007-12-13,DGS10,US 10Y Yield,4.18
2007-12-14,DGS10,US 10Y Yield,4.24
2007-12-17,DGS10,US 10Y Yield,4.2
2007-12-18,DGS10,US 10Y Yield,4.14
2007-12-19,DGS10,US 10Y Yield,4.06
2007-12-20,DGS10,US 10Y Yield,4.04
2007-12-21,DGS10,US 10Y Yield,4.18
2007-12-24,DGS10,US 10Y Yield,4.23
2007-12-26,DGS10,US 10Y Yield,4.3
2007-12-27,DGS10,US 10Y Yield,4.21
2007-12-28,DGS10,US 10Y Yield,4.11
2007-12-31,DGS10,US 10Y Yield,4.04
2008-01-02,DGS10,US 10Y Yield,3.91
2008-01-03,DGS10,US 10Y Yield,3.91
2008-01-04,DGS10,US 10Y Yield,3.88
2008-01-07,DGS10,US 10Y Yield,3.86
2008-01-08,DGS10,US 10Y Yield,3.86
2008-01-09,DGS10,US 10Y Yield,3.82
2008-01-10,DGS10,US 10Y Yield,3.91
2008-01-11,DGS10,US 10Y Yield,3.82
2008-01-14,DGS10,US 10Y Yield,3.81
2008-01-15,DGS10,US 10Y Yield,3.72
2008-01-16,DGS10,US 10Y Yield,3.74
2008-01-17,DGS10,US 10Y Yield,3.66
2008-01-18,DGS10,US 10Y Yield,3.66
2008-01-22,DGS10,US 10Y Yield,3.52
2008-01-23,DGS10,US 10Y Yield,3.51
2008-01-24,DGS10,US 10Y Yield,3.68
2008-01-25,DGS10,US 10Y Yield,3.61
2008-01-28,DGS10,US 10Y Yield,3.61
2008-01-29,DGS10,US 10Y Yield,3.69
2008-01-30,DGS10,US 10Y Yield,3.78
2008-01-31,DGS10,US 10Y Yield,3.67
2008-02-01,DGS10,US 10Y Yield,3.62
2008-02-04,DGS10,US 10Y Yield,3.68
2008-02-05,DGS10,US 10Y Yield,3.61
2008-02-06,DGS10,US 10Y Yield,3.61
2008-02-07,DGS10,US 10Y Yield,3.74
2008-02-08,DGS10,US 10Y Yield,3.64
2008-02-11,DGS10,US 10Y Yield,3.62
2008-02-12,DGS10,US 10Y Yield,3.66
2008-02-13,DGS10,US 10Y Yield,3.7
2008-02-14,DGS10,US 10Y Yield,3.85
2008-02-15,DGS10,US 10Y Yield,3.76
2008-02-19,DGS10,US 10Y Yield,3.89
2008-02-20,DGS10,US 10Y Yield,3.93
2008-02-21,DGS10,US 10Y Yield,3.77
2008-02-22,DGS10,US 10Y Yield,3.79
2008-02-25,DGS10,US 10Y Yield,3.91
2008-02-26,DGS10,US 10Y Yield,3.88
2008-02-27,DGS10,US 10Y Yield,3.85
2008-02-28,DGS10,US 10Y Yield,3.71
2008-02-29,DGS10,US 10Y Yield,3.53
2008-03-03,DGS10,US 10Y Yield,3.54
2008-03-04,DGS10,US 10Y Yield,3.63
2008-03-05,DGS10,US 10Y Yield,3.7
2008-03-06,DGS10,US 10Y Yield,3.62
2008-03-07,DGS10,US 10Y Yield,3.56
2008-03-10,DGS10,US 10Y Yield,3.46
2008-03-11,DGS10,US 10Y Yield,3.6
2008-03-12,DGS10,US 10Y Yield,3.49
2008-03-13,DGS10,US 10Y Yield,3.56
2008-03-14,DGS10,US 10Y Yield,3.44
2008-03-17,DGS10,US 10Y Yield,3.34
2008-03-18,DGS10,US 10Y Yield,3.48
2008-03-19,DGS10,US 10Y Yield,3.38
2008-03-20,DGS10,US 10Y Yield,3.34
2008-03-24,DGS10,US 10Y Yield,3.56
2008-03-25,DGS10,US 10Y Yield,3.51
2008-03-26,DGS10,US 10Y Yield,3.51
2008-03-27,DGS10,US 10Y Yield,3.56
2008-03-28,DGS10,US 10Y Yield,3.47
2008-03-31,DGS10,US 10Y Yield,3.45
2008-04-01,DGS10,US 10Y Yield,3.57
2008-04-02,DGS10,US 10Y Yield,3.6
2008-04-03,DGS10,US 10Y Yield,3.61
2008-04-04,DGS10,US 10Y Yield,3.5
2008-04-07,DGS10,US 10Y Yield,3.57
2008-04-08,DGS10,US 10Y Yield,3.58
2008-04-09,DGS10,US 10Y Yield,3.49
2008-04-10,DGS10,US 10Y Yield,3.55
2008-04-11,DGS10,US 10Y Yield,3.49
2008-04-14,DGS10,US 10Y Yield,3.53
2008-04-15,DGS10,US 10Y Yield,3.6
2008-04-16,DGS10,US 10Y Yield,3.72
2008-04-17,DGS10,US 10Y Yield,3.75
2008-04-18,DGS10,US 10Y Yield,3.77
2008-04-21,DGS10,US 10Y Yield,3.75
2008-04-22,DGS10,US 10Y Yield,3.74
2008-04-23,DGS10,US 10Y Yield,3.77
2008-04-24,DGS10,US 10Y Yield,3.87
2008-04-25,DGS10,US 10Y Yield,3.91
2008-04-28,DGS10,US 10Y Yield,3.86
2008-04-29,DGS10,US 10Y Yield,3.85
2008-04-30,DGS10,US 10Y Yield,3.77
2008-05-01,DGS10,US 10Y Yield,3.78
2008-05-02,DGS10,US 10Y Yield,3.89
2008-05-05,DGS10,US 10Y Yield,3.88
2008-05-06,DGS10,US 10Y Yield,3.93
2008-05-07,DGS10,US 10Y Yield,3.87
2008-05-08,DGS10,US 10Y Yield,3.79
2008-05-09,DGS10,US 10Y Yield,3.77
2008-05-12,DGS10,US 10Y Yield,3.78
2008-05-13,DGS10,US 10Y Yield,3.9
2008-05-14,DGS10,US 10Y Yield,3.92
2008-05-15,DGS10,US 10Y Yield,3.83
2008-05-16,DGS10,US 10Y Yield,3.85
2008-05-19,DGS10,US 10Y Yield,3.83
2008-05-20,DGS10,US 10Y Yield,3.78
2008-05-21,DGS10,US 10Y Yield,3.81
2008-05-22,DGS10,US 10Y Yield,3.92
2008-05-23,DGS10,US 10Y Yield,3.85
2008-05-27,DGS10,US 10Y Yield,3.93
2008-05-28,DGS10,US 10Y Yield,4.03
2008-05-29,DGS10,US 10Y Yield,4.08
2008-05-30,DGS10,US 10Y Yield,4.06
2008-06-02,DGS10,US 10Y Yield,3.98
2008-06-03,DGS10,US 10Y Yield,3.92
2008-06-04,DGS10,US 10Y Yield,3.98
2008-06-05,DGS10,US 10Y Yield,4.06
2008-06-06,DGS10,US 10Y Yield,3.94
2008-06-09,DGS10,US 10Y Yield,4.02
2008-06-10,DGS10,US 10Y Yield,4.11
2008-06-11,DGS10,US 10Y Yield,4.1
2008-06-12,DGS10,US 10Y Yield,4.23
2008-06-13,DGS10,US 10Y Yield,4.27
2008-06-16,DGS10,US 10Y Yield,4.25
2008-06-17,DGS10,US 10Y Yield,4.23
2008-06-18,DGS10,US 10Y Yield,4.16
2008-06-19,DGS10,US 10Y Yield,4.22
2008-06-20,DGS10,US 10Y Yield,4.16
2008-06-23,DGS10,US 10Y Yield,4.19
2008-06-24,DGS10,US 10Y Yield,4.1
2008-06-25,DGS10,US 10Y Yield,4.12
2008-06-26,DGS10,US 10Y Yield,4.07
2008-06-27,DGS10,US 10Y Yield,3.99
2008-06-30,DGS10,US 10Y Yield,3.99
2008-07-01,DGS10,US 10Y Yield,4.01
2008-07-02,DGS10,US 10Y Yield,3.99
2008-07-03,DGS10,US 10Y Yield,3.99
2008-07-07,DGS10,US 10Y Yield,3.95
2008-07-08,DGS10,US 10Y Yield,3.91
2008-07-09,DGS10,US 10Y Yield,3.85
2008-07-10,DGS10,US 10Y Yield,3.83
2008-07-11,DGS10,US 10Y Yield,3.96
2008-07-14,DGS10,US 10Y Yield,3.9
2008-07-15,DGS10,US 10Y Yield,3.87
2008-07-16,DGS10,US 10Y Yield,3.97
2008-07-17,DGS10,US 10Y Yield,4.07
2008-07-18,DGS10,US 10Y Yield,4.11
2008-07-21,DGS10,US 10Y Yield,4.09
2008-07-22,DGS10,US 10Y Yield,4.14
2008-07-23,DGS10,US 10Y Yield,4.16
2008-07-24,DGS10,US 10Y Yield,4.03
2008-07-25,DGS10,US 10Y Yield,4.13
2008-07-28,DGS10,US 10Y Yield,4.06
2008-07-29,DGS10,US 10Y Yield,4.09
2008-07-30,DGS10,US 10Y Yield,4.07
2008-07-31,DGS10,US 10Y Yield,3.99
2008-08-01,DGS10,US 10Y Yield,3.97
2008-08-04,DGS10,US 10Y Yield,3.98
2008-08-05,DGS10,US 10Y Yield,4.04
2008-08-06,DGS10,US 10Y Yield,4.06
2008-08-07,DGS10,US 10Y Yield,3.92
2008-08-08,DGS10,US 10Y Yield,3.94
2008-08-11,DGS10,US 10Y Yield,3.99
2008-08-12,DGS10,US 10Y Yield,3.91
2008-08-13,DGS10,US 10Y Yield,3.94
2008-08-14,DGS10,US 10Y Yield,3.89
2008-08-15,DGS10,US 10Y Yield,3.84
2008-08-18,DGS10,US 10Y Yield,3.82
2008-08-19,DGS10,US 10Y Yield,3.83
2008-08-20,DGS10,US 10Y Yield,3.79
2008-08-21,DGS10,US 10Y Yield,3.84
2008-08-22,DGS10,US 10Y Yield,3.87
2008-08-25,DGS10,US 10Y Yield,3.79
2008-08-26,DGS10,US 10Y Yield,3.79
2008-08-27,DGS10,US 10Y Yield,3.77
2008-08-28,DGS10,US 10Y Yield,3.79
2008-08-29,DGS10,US 10Y Yield,3.83
2008-09-02,DGS10,US 10Y Yield,3.74
2008-09-03,DGS10,US 10Y Yield,3.71
2008-09-04,DGS10,US 10Y Yield,3.64
2008-09-05,DGS10,US 10Y Yield,3.66
2008-09-08,DGS10,US 10Y Yield,3.66
2008-09-09,DGS10,US 10Y Yield,3.62
2008-09-10,DGS10,US 10Y Yield,3.65
2008-09-11,DGS10,US 10Y Yield,3.64
2008-09-12,DGS10,US 10Y Yield,3.74
2008-09-15,DGS10,US 10Y Yield,3.47
2008-09-16,DGS10,US 10Y Yield,3.48
2008-09-17,DGS10,US 10Y Yield,3.41
2008-09-18,DGS10,US 10Y Yield,3.54
2008-09-19,DGS10,US 10Y Yield,3.78
2008-09-22,DGS10,US 10Y Yield,3.83
2008-09-23,DGS10,US 10Y Yield,3.85
2008-09-24,DGS10,US 10Y Yield,3.8
2008-09-25,DGS10,US 10Y Yield,3.88
2008-09-26,DGS10,US 10Y Yield,3.85
2008-09-29,DGS10,US 10Y Yield,3.61
2008-09-30,DGS10,US 10Y Yield,3.85
2008-10-01,DGS10,US 10Y Yield,3.77
2008-10-02,DGS10,US 10Y Yield,3.66
2008-10-03,DGS10,US 10Y Yield,3.63
2008-10-06,DGS10,US 10Y Yield,3.48
2008-10-07,DGS10,US 10Y Yield,3.5
2008-10-08,DGS10,US 10Y Yield,3.72
2008-10-09,DGS10,US 10Y Yield,3.84
2008-10-10,DGS10,US 10Y Yield,3.89
2008-10-14,DGS10,US 10Y Yield,4.08
2008-10-15,DGS10,US 10Y Yield,4.04
2008-10-16,DGS10,US 10Y Yield,3.99
2008-10-17,DGS10,US 10Y Yield,3.98
2008-10-20,DGS10,US 10Y Yield,3.91
2008-10-21,DGS10,US 10Y Yield,3.76
2008-10-22,DGS10,US 10Y Yield,3.65
2008-10-23,DGS10,US 10Y Yield,3.63
2008-10-24,DGS10,US 10Y Yield,3.76
2008-10-27,DGS10,US 10Y Yield,3.79
2008-10-28,DGS10,US 10Y Yield,3.89
2008-10-29,DGS10,US 10Y Yield,3.93
2008-10-30,DGS10,US 10Y Yield,4.0
2008-10-31,DGS10,US 10Y Yield,4.01
2008-11-03,DGS10,US 10Y Yield,3.96
2008-11-04,DGS10,US 10Y Yield,3.81
2008-11-05,DGS10,US 10Y Yield,3.73
2008-11-06,DGS10,US 10Y Yield,3.75
2008-11-07,DGS10,US 10Y Yield,3.83
2008-11-10,DGS10,US 10Y Yield,3.82
2008-11-12,DGS10,US 10Y Yield,3.75
2008-11-13,DGS10,US 10Y Yield,3.84
2008-11-14,DGS10,US 10Y Yield,3.72
2008-11-17,DGS10,US 10Y Yield,3.68
2008-11-18,DGS10,US 10Y Yield,3.53
2008-11-19,DGS10,US 10Y Yield,3.38
2008-11-20,DGS10,US 10Y Yield,3.1
2008-11-21,DGS10,US 10Y Yield,3.2
2008-11-24,DGS10,US 10Y Yield,3.35
2008-11-25,DGS10,US 10Y Yield,3.11
2008-11-26,DGS10,US 10Y Yield,2.99
2008-11-28,DGS10,US 10Y Yield,2.93
2008-12-01,DGS10,US 10Y Yield,2.72
2008-12-02,DGS10,US 10Y Yield,2.68
2008-12-03,DGS10,US 10Y Yield,2.67
2008-12-04,DGS10,US 10Y Yield,2.55
2008-12-05,DGS10,US 10Y Yield,2.67
2008-12-08,DGS10,US 10Y Yield,2.77
2008-12-09,DGS10,US 10Y Yield,2.67
2008-12-10,DGS10,US 10Y Yield,2.69
2008-12-11,DGS10,US 10Y Yield,2.64
2008-12-12,DGS10,US 10Y Yield,2.6
2008-12-15,DGS10,US 10Y Yield,2.53
2008-12-16,DGS10,US 10Y Yield,2.37
2008-12-17,DGS10,US 10Y Yield,2.2
2008-12-18,DGS10,US 10Y Yield,2.08
2008-12-19,DGS10,US 10Y Yield,2.13
2008-12-22,DGS10,US 10Y Yield,2.16
2008-12-23,DGS10,US 10Y Yield,2.18
2008-12-24,DGS10,US 10Y Yield,2.2
2008-12-26,DGS10,US 10Y Yield,2.16
2008-12-29,DGS10,US 10Y Yield,2.13
2008-12-30,DGS10,US 10Y Yield,2.11
2008-12-31,DGS10,US 10Y Yield,2.25
2009-01-02,DGS10,US 10Y Yield,2.46
2009-01-05,DGS10,US 10Y Yield,2.49
2009-01-06,DGS10,US 10Y Yield,2.51
2009-01-07,DGS10,US 10Y Yield,2.52
2009-01-08,DGS10,US 10Y Yield,2.47
2009-01-09,DGS10,US 10Y Yield,2.43
2009-01-12,DGS10,US 10Y Yield,2.34
2009-01-13,DGS10,US 10Y Yield,2.33
2009-01-14,DGS10,US 10Y Yield,2.24
2009-01-15,DGS10,US 10Y Yield,2.23
2009-01-16,DGS10,US 10Y Yield,2.36
2009-01-20,DGS10,US 10Y Yield,2.4
2009-01-21,DGS10,US 10Y Yield,2.56
2009-01-22,DGS10,US 10Y Yield,2.62
2009-01-23,DGS10,US 10Y Yield,2.65
2009-01-26,DGS10,US 10Y Yield,2.7
2009-01-27,DGS10,US 10Y Yield,2.59
2009-01-28,DGS10,US 10Y Yield,2.71
2009-01-29,DGS10,US 10Y Yield,2.87
2009-01-30,DGS10,US 10Y Yield,2.87
2009-02-02,DGS10,US 10Y Yield,2.76
2009-02-03,DGS10,US 10Y Yield,2.89
2009-02-04,DGS10,US 10Y Yield,2.95
2009-02-05,DGS10,US 10Y Yield,2.95
2009-02-06,DGS10,US 10Y Yield,3.05
2009-02-09,DGS10,US 10Y Yield,3.07
2009-02-10,DGS10,US 10Y Yield,2.9
2009-02-11,DGS10,US 10Y Yield,2.78
2009-02-12,DGS10,US 10Y Yield,2.75
2009-02-13,DGS10,US 10Y Yield,2.89
2009-02-17,DGS10,US 10Y Yield,2.64
2009-02-18,DGS10,US 10Y Yield,2.74
2009-02-19,DGS10,US 10Y Yield,2.85
2009-02-20,DGS10,US 10Y Yield,2.78
2009-02-23,DGS10,US 10Y Yield,2.78
2009-02-24,DGS10,US 10Y Yield,2.8
2009-02-25,DGS10,US 10Y Yield,2.95
2009-02-26,DGS10,US 10Y Yield,2.98
2009-02-27,DGS10,US 10Y Yield,3.02
2009-03-02,DGS10,US 10Y Yield,2.91
2009-03-03,DGS10,US 10Y Yield,2.93
2009-03-04,DGS10,US 10Y Yield,3.01
2009-03-05,DGS10,US 10Y Yield,2.83
2009-03-06,DGS10,US 10Y Yield,2.83
2009-03-09,DGS10,US 10Y Yield,2.89
2009-03-10,DGS10,US 10Y Yield,2.99
2009-03-11,DGS10,US 10Y Yield,2.95
2009-03-12,DGS10,US 10Y Yield,2.89
2009-03-13,DGS10,US 10Y Yield,2.89
2009-03-16,DGS10,US 10Y Yield,2.97
2009-03-17,DGS10,US 10Y Yield,3.02
2009-03-18,DGS10,US 10Y Yield,2.51
2009-03-19,DGS10,US 10Y Yield,2.61
2009-03-20,DGS10,US 10Y Yield,2.65
2009-03-23,DGS10,US 10Y Yield,2.68
2009-03-24,DGS10,US 10Y Yield,2.68
2009-03-25,DGS10,US 10Y Yield,2.81
2009-03-26,DGS10,US 10Y Yield,2.76
2009-03-27,DGS10,US 10Y Yield,2.78
2009-03-30,DGS10,US 10Y Yield,2.73
2009-03-31,DGS10,US 10Y Yield,2.71
2009-04-01,DGS10,US 10Y Yield,2.68
2009-04-02,DGS10,US 10Y Yield,2.77
2009-04-03,DGS10,US 10Y Yield,2.91
2009-04-06,DGS10,US 10Y Yield,2.95
2009-04-07,DGS10,US 10Y Yield,2.93
2009-04-08,DGS10,US 10Y Yield,2.86
2009-04-09,DGS10,US 10Y Yield,2.96
2009-04-13,DGS10,US 10Y Yield,2.88
2009-04-14,DGS10,US 10Y Yield,2.8
2009-04-15,DGS10,US 10Y Yield,2.82
2009-04-16,DGS10,US 10Y Yield,2.86
2009-04-17,DGS10,US 10Y Yield,2.98
2009-04-20,DGS10,US 10Y Yield,2.88
2009-04-21,DGS10,US 10Y Yield,2.94
2009-04-22,DGS10,US 10Y Yield,2.98
2009-04-23,DGS10,US 10Y Yield,2.96
2009-04-24,DGS10,US 10Y Yield,3.03
2009-04-27,DGS10,US 10Y Yield,2.95
2009-04-28,DGS10,US 10Y Yield,3.05
2009-04-29,DGS10,US 10Y Yield,3.12
2009-04-30,DGS10,US 10Y Yield,3.16
2009-05-01,DGS10,US 10Y Yield,3.21
2009-05-04,DGS10,US 10Y Yield,3.19
2009-05-05,DGS10,US 10Y Yield,3.2
2009-05-06,DGS10,US 10Y Yield,3.18
2009-05-07,DGS10,US 10Y Yield,3.29
2009-05-08,DGS10,US 10Y Yield,3.29
2009-05-11,DGS10,US 10Y Yield,3.17
2009-05-12,DGS10,US 10Y Yield,3.17
2009-05-13,DGS10,US 10Y Yield,3.11
2009-05-14,DGS10,US 10Y Yield,3.1
2009-05-15,DGS10,US 10Y Yield,3.14
2009-05-18,DGS10,US 10Y Yield,3.22
2009-05-19,DGS10,US 10Y Yield,3.25
2009-05-20,DGS10,US 10Y Yield,3.19
2009-05-21,DGS10,US 10Y Yield,3.35
2009-05-22,DGS10,US 10Y Yield,3.45
2009-05-26,DGS10,US 10Y Yield,3.5
2009-05-27,DGS10,US 10Y Yield,3.71
2009-05-28,DGS10,US 10Y Yield,3.67
2009-05-29,DGS10,US 10Y Yield,3.47
2009-06-01,DGS10,US 10Y Yield,3.71
2009-06-02,DGS10,US 10Y Yield,3.65
2009-06-03,DGS10,US 10Y Yield,3.56
2009-06-04,DGS10,US 10Y Yield,3.72
2009-06-05,DGS10,US 10Y Yield,3.84
2009-06-08,DGS10,US 10Y Yield,3.91
2009-06-09,DGS10,US 10Y Yield,3.86
2009-06-10,DGS10,US 10Y Yield,3.98
2009-06-11,DGS10,US 10Y Yield,3.88
2009-06-12,DGS10,US 10Y Yield,3.81
2009-06-15,DGS10,US 10Y Yield,3.76
2009-06-16,DGS10,US 10Y Yield,3.67
2009-06-17,DGS10,US 10Y Yield,3.68
2009-06-18,DGS10,US 10Y Yield,3.86
2009-06-19,DGS10,US 10Y Yield,3.79
2009-06-22,DGS10,US 10Y Yield,3.72
2009-06-23,DGS10,US 10Y Yield,3.65
2009-06-24,DGS10,US 10Y Yield,3.72
2009-06-25,DGS10,US 10Y Yield,3.55
2009-06-26,DGS10,US 10Y Yield,3.52
2009-06-29,DGS10,US 10Y Yield,3.51
2009-06-30,DGS10,US 10Y Yield,3.53
2009-07-01,DGS10,US 10Y Yield,3.55
2009-07-02,DGS10,US 10Y Yield,3.51
2009-07-06,DGS10,US 10Y Yield,3.52
2009-07-07,DGS10,US 10Y Yield,3.47
2009-07-08,DGS10,US 10Y Yield,3.33
2009-07-09,DGS10,US 10Y Yield,3.44
2009-07-10,DGS10,US 10Y Yield,3.32
2009-07-13,DGS10,US 10Y Yield,3.38
2009-07-14,DGS10,US 10Y Yield,3.5
2009-07-15,DGS10,US 10Y Yield,3.63
2009-07-16,DGS10,US 10Y Yield,3.59
2009-07-17,DGS10,US 10Y Yield,3.67
2009-07-20,DGS10,US 10Y Yield,3.61
2009-07-21,DGS10,US 10Y Yield,3.5
2009-07-22,DGS10,US 10Y Yield,3.58
2009-07-23,DGS10,US 10Y Yield,3.72
2009-07-24,DGS10,US 10Y Yield,3.7
2009-07-27,DGS10,US 10Y Yield,3.75
2009-07-28,DGS10,US 10Y Yield,3.72
2009-07-29,DGS10,US 10Y Yield,3.69
2009-07-30,DGS10,US 10Y Yield,3.67
2009-07-31,DGS10,US 10Y Yield,3.52
2009-08-03,DGS10,US 10Y Yield,3.66
2009-08-04,DGS10,US 10Y Yield,3.7
2009-08-05,DGS10,US 10Y Yield,3.8
2009-08-06,DGS10,US 10Y Yield,3.79
2009-08-07,DGS10,US 10Y Yield,3.89
2009-08-10,DGS10,US 10Y Yield,3.8
2009-08-11,DGS10,US 10Y Yield,3.71
2009-08-12,DGS10,US 10Y Yield,3.72
2009-08-13,DGS10,US 10Y Yield,3.59
2009-08-14,DGS10,US 10Y Yield,3.55
2009-08-17,DGS10,US 10Y Yield,3.48
2009-08-18,DGS10,US 10Y Yield,3.51
2009-08-19,DGS10,US 10Y Yield,3.45
2009-08-20,DGS10,US 10Y Yield,3.42
2009-08-21,DGS10,US 10Y Yield,3.56
2009-08-24,DGS10,US 10Y Yield,3.48
2009-08-25,DGS10,US 10Y Yield,3.45
2009-08-26,DGS10,US 10Y Yield,3.44
2009-08-27,DGS10,US 10Y Yield,3.47
2009-08-28,DGS10,US 10Y Yield,3.46
2009-08-31,DGS10,US 10Y Yield,3.4
2009-09-01,DGS10,US 10Y Yield,3.38
2009-09-02,DGS10,US 10Y Yield,3.29
2009-09-03,DGS10,US 10Y Yield,3.33
2009-09-04,DGS10,US 10Y Yield,3.45
2009-09-08,DGS10,US 10Y Yield,3.47
2009-09-09,DGS10,US 10Y Yield,3.48
2009-09-10,DGS10,US 10Y Yield,3.36
2009-09-11,DGS10,US 10Y Yield,3.34
2009-09-14,DGS10,US 10Y Yield,3.42
2009-09-15,DGS10,US 10Y Yield,3.47
2009-09-16,DGS10,US 10Y Yield,3.48
2009-09-17,DGS10,US 10Y Yield,3.42
2009-09-18,DGS10,US 10Y Yield,3.49
2009-09-21,DGS10,US 10Y Yield,3.49
2009-09-22,DGS10,US 10Y Yield,3.46
2009-09-23,DGS10,US 10Y Yield,3.44
2009-09-24,DGS10,US 10Y Yield,3.4
2009-09-25,DGS10,US 10Y Yield,3.34
2009-09-28,DGS10,US 10Y Yield,3.31
2009-09-29,DGS10,US 10Y Yield,3.31
2009-09-30,DGS10,US 10Y Yield,3.31
2009-10-01,DGS10,US 10Y Yield,3.21
2009-10-02,DGS10,US 10Y Yield,3.24
2009-10-05,DGS10,US 10Y Yield,3.24
2009-10-06,DGS10,US 10Y Yield,3.27
2009-10-07,DGS10,US 10Y Yield,3.21
2009-10-08,DGS10,US 10Y Yield,3.27
2009-10-09,DGS10,US 10Y Yield,3.4
2009-10-13,DGS10,US 10Y Yield,3.34
2009-10-14,DGS10,US 10Y Yield,3.45
2009-10-15,DGS10,US 10Y Yield,3.49
2009-10-16,DGS10,US 10Y Yield,3.43
2009-10-19,DGS10,US 10Y Yield,3.41
2009-10-20,DGS10,US 10Y Yield,3.35
2009-10-21,DGS10,US 10Y Yield,3.42
2009-10-22,DGS10,US 10Y Yield,3.44
2009-10-23,DGS10,US 10Y Yield,3.51
2009-10-26,DGS10,US 10Y Yield,3.59
2009-10-27,DGS10,US 10Y Yield,3.49
2009-10-28,DGS10,US 10Y Yield,3.44
2009-10-29,DGS10,US 10Y Yield,3.53
2009-10-30,DGS10,US 10Y Yield,3.41
2009-11-02,DGS10,US 10Y Yield,3.45
2009-11-03,DGS10,US 10Y Yield,3.5
2009-11-04,DGS10,US 10Y Yield,3.57
2009-11-05,DGS10,US 10Y Yield,3.57
2009-11-06,DGS10,US 10Y Yield,3.54
2009-11-09,DGS10,US 10Y Yield,3.52
2009-11-10,DGS10,US 10Y Yield,3.5
2009-11-12,DGS10,US 10Y Yield,3.45
2009-11-13,DGS10,US 10Y Yield,3.43
2009-11-16,DGS10,US 10Y Yield,3.33
2009-11-17,DGS10,US 10Y Yield,3.33
2009-11-18,DGS10,US 10Y Yield,3.36
2009-11-19,DGS10,US 10Y Yield,3.35
2009-11-20,DGS10,US 10Y Yield,3.36
2009-11-23,DGS10,US 10Y Yield,3.37
2009-11-24,DGS10,US 10Y Yield,3.32
2009-11-25,DGS10,US 10Y Yield,3.28
2009-11-27,DGS10,US 10Y Yield,3.21
2009-11-30,DGS10,US 10Y Yield,3.21
2009-12-01,DGS10,US 10Y Yield,3.28
2009-12-02,DGS10,US 10Y Yield,3.32
2009-12-03,DGS10,US 10Y Yield,3.39
2009-12-04,DGS10,US 10Y Yield,3.48
2009-12-07,DGS10,US 10Y Yield,3.44
2009-12-08,DGS10,US 10Y Yield,3.4
2009-12-09,DGS10,US 10Y Yield,3.45
2009-12-10,DGS10,US 10Y Yield,3.49
2009-12-11,DGS10,US 10Y Yield,3.55
2009-12-14,DGS10,US 10Y Yield,3.56
2009-12-15,DGS10,US 10Y Yield,3.6
2009-12-16,DGS10,US 10Y Yield,3.61
2009-12-17,DGS10,US 10Y Yield,3.5
2009-12-18,DGS10,US 10Y Yield,3.55
2009-12-21,DGS10,US 10Y Yield,3.69
2009-12-22,DGS10,US 10Y Yield,3.76
2009-12-23,DGS10,US 10Y Yield,3.77
2009-12-24,DGS10,US 10Y Yield,3.82
2009-12-28,DGS10,US 10Y Yield,3.85
2009-12-29,DGS10,US 10Y Yield,3.82
2009-12-30,DGS10,US 10Y Yield,3.8
2009-12-31,DGS10,US 10Y Yield,3.85
2010-01-04,DGS10,US 10Y Yield,3.85
2010-01-05,DGS10,US 10Y Yield,3.77
2010-01-06,DGS10,US 10Y Yield,3.85
2010-01-07,DGS10,US 10Y Yield,3.85
2010-01-08,DGS10,US 10Y Yield,3.83
2010-01-11,DGS10,US 10Y Yield,3.85
2010-01-12,DGS10,US 10Y Yield,3.74
2010-01-13,DGS10,US 10Y Yield,3.8
2010-01-14,DGS10,US 10Y Yield,3.76
2010-01-15,DGS10,US 10Y Yield,3.7
2010-01-19,DGS10,US 10Y Yield,3.73
2010-01-20,DGS10,US 10Y Yield,3.68
2010-01-21,DGS10,US 10Y Yield,3.62
2010-01-22,DGS10,US 10Y Yield,3.62
2010-01-25,DGS10,US 10Y Yield,3.66
2010-01-26,DGS10,US 10Y Yield,3.65
2010-01-27,DGS10,US 10Y Yield,3.66
2010-01-28,DGS10,US 10Y Yield,3.68
2010-01-29,DGS10,US 10Y Yield,3.63
2010-02-01,DGS10,US 10Y Yield,3.68
2010-02-02,DGS10,US 10Y Yield,3.67
2010-02-03,DGS10,US 10Y Yield,3.73
2010-02-04,DGS10,US 10Y Yield,3.62
2010-02-05,DGS10,US 10Y Yield,3.59
2010-02-08,DGS10,US 10Y Yield,3.62
2010-02-09,DGS10,US 10Y Yield,3.67
2010-02-10,DGS10,US 10Y Yield,3.72
2010-02-11,DGS10,US 10Y Yield,3.73
2010-02-12,DGS10,US 10Y Yield,3.69
2010-02-16,DGS10,US 10Y Yield,3.66
2010-02-17,DGS10,US 10Y Yield,3.74
2010-02-18,DGS10,US 10Y Yield,3.79
2010-02-19,DGS10,US 10Y Yield,3.78
2010-02-22,DGS10,US 10Y Yield,3.8
2010-02-23,DGS10,US 10Y Yield,3.69
2010-02-24,DGS10,US 10Y Yield,3.7
2010-02-25,DGS10,US 10Y Yield,3.64
2010-02-26,DGS10,US 10Y Yield,3.61
2010-03-01,DGS10,US 10Y Yield,3.61
2010-03-02,DGS10,US 10Y Yield,3.62
2010-03-03,DGS10,US 10Y Yield,3.63
2010-03-04,DGS10,US 10Y Yield,3.61
2010-03-05,DGS10,US 10Y Yield,3.69
2010-03-08,DGS10,US 10Y Yield,3.72
2010-03-09,DGS10,US 10Y Yield,3.71
2010-03-10,DGS10,US 10Y Yield,3.73
2010-03-11,DGS10,US 10Y Yield,3.73
2010-03-12,DGS10,US 10Y Yield,3.71
2010-03-15,DGS10,US 10Y Yield,3.71
2010-03-16,DGS10,US 10Y Yield,3.66
2010-03-17,DGS10,US 10Y Yield,3.65
2010-03-18,DGS10,US 10Y Yield,3.68
2010-03-19,DGS10,US 10Y Yield,3.7
2010-03-22,DGS10,US 10Y Yield,3.67
2010-03-23,DGS10,US 10Y Yield,3.69
2010-03-24,DGS10,US 10Y Yield,3.84
2010-03-25,DGS10,US 10Y Yield,3.91
2010-03-26,DGS10,US 10Y Yield,3.86
2010-03-29,DGS10,US 10Y Yield,3.88
2010-03-30,DGS10,US 10Y Yield,3.88
2010-03-31,DGS10,US 10Y Yield,3.84
2010-04-01,DGS10,US 10Y Yield,3.89
2010-04-02,DGS10,US 10Y Yield,3.96
2010-04-05,DGS10,US 10Y Yield,4.01
2010-04-06,DGS10,US 10Y Yield,3.98
2010-04-07,DGS10,US 10Y Yield,3.89
2010-04-08,DGS10,US 10Y Yield,3.91
2010-04-09,DGS10,US 10Y Yield,3.9
2010-04-12,DGS10,US 10Y Yield,3.87
2010-04-13,DGS10,US 10Y Yield,3.84
2010-04-14,DGS10,US 10Y Yield,3.88
2010-04-15,DGS10,US 10Y Yield,3.86
2010-04-16,DGS10,US 10Y Yield,3.79
2010-04-19,DGS10,US 10Y Yield,3.83
2010-04-20,DGS10,US 10Y Yield,3.82
2010-04-21,DGS10,US 10Y Yield,3.77
2010-04-22,DGS10,US 10Y Yield,3.8
2010-04-23,DGS10,US 10Y Yield,3.84
2010-04-26,DGS10,US 10Y Yield,3.83
2010-04-27,DGS10,US 10Y Yield,3.71
2010-04-28,DGS10,US 10Y Yield,3.8
2010-04-29,DGS10,US 10Y Yield,3.76
2010-04-30,DGS10,US 10Y Yield,3.69
2010-05-03,DGS10,US 10Y Yield,3.72
2010-05-04,DGS10,US 10Y Yield,3.63
2010-05-05,DGS10,US 10Y Yield,3.58
2010-05-06,DGS10,US 10Y Yield,3.41
2010-05-07,DGS10,US 10Y Yield,3.45
2010-05-10,DGS10,US 10Y Yield,3.57
2010-05-11,DGS10,US 10Y Yield,3.56
2010-05-12,DGS10,US 10Y Yield,3.56
2010-05-13,DGS10,US 10Y Yield,3.55
2010-05-14,DGS10,US 10Y Yield,3.44
2010-05-17,DGS10,US 10Y Yield,3.47
2010-05-18,DGS10,US 10Y Yield,3.38
2010-05-19,DGS10,US 10Y Yield,3.36
2010-05-20,DGS10,US 10Y Yield,3.25
2010-05-21,DGS10,US 10Y Yield,3.2
2010-05-24,DGS10,US 10Y Yield,3.23
2010-05-25,DGS10,US 10Y Yield,3.18
2010-05-26,DGS10,US 10Y Yield,3.21
2010-05-27,DGS10,US 10Y Yield,3.34
2010-05-28,DGS10,US 10Y Yield,3.31
2010-06-01,DGS10,US 10Y Yield,3.29
2010-06-02,DGS10,US 10Y Yield,3.35
2010-06-03,DGS10,US 10Y Yield,3.39
2010-06-04,DGS10,US 10Y Yield,3.2
2010-06-07,DGS10,US 10Y Yield,3.17
2010-06-08,DGS10,US 10Y Yield,3.18
2010-06-09,DGS10,US 10Y Yield,3.2
2010-06-10,DGS10,US 10Y Yield,3.33
2010-06-11,DGS10,US 10Y Yield,3.24
2010-06-14,DGS10,US 10Y Yield,3.28
2010-06-15,DGS10,US 10Y Yield,3.32
2010-06-16,DGS10,US 10Y Yield,3.27
2010-06-17,DGS10,US 10Y Yield,3.21
2010-06-18,DGS10,US 10Y Yield,3.24
2010-06-21,DGS10,US 10Y Yield,3.26
2010-06-22,DGS10,US 10Y Yield,3.18
2010-06-23,DGS10,US 10Y Yield,3.13
2010-06-24,DGS10,US 10Y Yield,3.14
2010-06-25,DGS10,US 10Y Yield,3.12
2010-06-28,DGS10,US 10Y Yield,3.05
2010-06-29,DGS10,US 10Y Yield,2.97
2010-06-30,DGS10,US 10Y Yield,2.97
2010-07-01,DGS10,US 10Y Yield,2.96
2010-07-02,DGS10,US 10Y Yield,3.0
2010-07-06,DGS10,US 10Y Yield,2.95
2010-07-07,DGS10,US 10Y Yield,3.0
2010-07-08,DGS10,US 10Y Yield,3.04
2010-07-09,DGS10,US 10Y Yield,3.07
2010-07-12,DGS10,US 10Y Yield,3.08
2010-07-13,DGS10,US 10Y Yield,3.15
2010-07-14,DGS10,US 10Y Yield,3.07
2010-07-15,DGS10,US 10Y Yield,3.0
2010-07-16,DGS10,US 10Y Yield,2.96
2010-07-19,DGS10,US 10Y Yield,2.99
2010-07-20,DGS10,US 10Y Yield,2.98
2010-07-21,DGS10,US 10Y Yield,2.9
2010-07-22,DGS10,US 10Y Yield,2.96
2010-07-23,DGS10,US 10Y Yield,3.02
2010-07-26,DGS10,US 10Y Yield,3.03
2010-07-27,DGS10,US 10Y Yield,3.08
2010-07-28,DGS10,US 10Y Yield,3.03
2010-07-29,DGS10,US 10Y Yield,3.03
2010-07-30,DGS10,US 10Y Yield,2.94
2010-08-02,DGS10,US 10Y Yield,2.99
2010-08-03,DGS10,US 10Y Yield,2.94
2010-08-04,DGS10,US 10Y Yield,2.98
2010-08-05,DGS10,US 10Y Yield,2.94
2010-08-06,DGS10,US 10Y Yield,2.86
2010-08-09,DGS10,US 10Y Yield,2.86
2010-08-10,DGS10,US 10Y Yield,2.79
2010-08-11,DGS10,US 10Y Yield,2.72
2010-08-12,DGS10,US 10Y Yield,2.74
2010-08-13,DGS10,US 10Y Yield,2.68
2010-08-16,DGS10,US 10Y Yield,2.58
2010-08-17,DGS10,US 10Y Yield,2.64
2010-08-18,DGS10,US 10Y Yield,2.64
2010-08-19,DGS10,US 10Y Yield,2.58
2010-08-20,DGS10,US 10Y Yield,2.62
2010-08-23,DGS10,US 10Y Yield,2.6
2010-08-24,DGS10,US 10Y Yield,2.5
2010-08-25,DGS10,US 10Y Yield,2.54
2010-08-26,DGS10,US 10Y Yield,2.5
2010-08-27,DGS10,US 10Y Yield,2.66
2010-08-30,DGS10,US 10Y Yield,2.54
2010-08-31,DGS10,US 10Y Yield,2.47
2010-09-01,DGS10,US 10Y Yield,2.58
2010-09-02,DGS10,US 10Y Yield,2.63
2010-09-03,DGS10,US 10Y Yield,2.72
2010-09-07,DGS10,US 10Y Yield,2.61
2010-09-08,DGS10,US 10Y Yield,2.66
2010-09-09,DGS10,US 10Y Yield,2.77
2010-09-10,DGS10,US 10Y Yield,2.81
2010-09-13,DGS10,US 10Y Yield,2.74
2010-09-14,DGS10,US 10Y Yield,2.68
2010-09-15,DGS10,US 10Y Yield,2.74
2010-09-16,DGS10,US 10Y Yield,2.77
2010-09-17,DGS10,US 10Y Yield,2.75
2010-09-20,DGS10,US 10Y Yield,2.72
2010-09-21,DGS10,US 10Y Yield,2.61
2010-09-22,DGS10,US 10Y Yield,2.56
2010-09-23,DGS10,US 10Y Yield,2.56
2010-09-24,DGS10,US 10Y Yield,2.62
2010-09-27,DGS10,US 10Y Yield,2.54
2010-09-28,DGS10,US 10Y Yield,2.48
2010-09-29,DGS10,US 10Y Yield,2.52
2010-09-30,DGS10,US 10Y Yield,2.53
2010-10-01,DGS10,US 10Y Yield,2.54
2010-10-04,DGS10,US 10Y Yield,2.5
2010-10-05,DGS10,US 10Y Yield,2.5
2010-10-06,DGS10,US 10Y Yield,2.41
2010-10-07,DGS10,US 10Y Yield,2.41
2010-10-08,DGS10,US 10Y Yield,2.41
2010-10-12,DGS10,US 10Y Yield,2.44
2010-10-13,DGS10,US 10Y Yield,2.46
2010-10-14,DGS10,US 10Y Yield,2.52
2010-10-15,DGS10,US 10Y Yield,2.59
2010-10-18,DGS10,US 10Y Yield,2.52
2010-10-19,DGS10,US 10Y Yield,2.5
2010-10-20,DGS10,US 10Y Yield,2.51
2010-10-21,DGS10,US 10Y Yield,2.57
2010-10-22,DGS10,US 10Y Yield,2.59
2010-10-25,DGS10,US 10Y Yield,2.59
2010-10-26,DGS10,US 10Y Yield,2.67
2010-10-27,DGS10,US 10Y Yield,2.75
2010-10-28,DGS10,US 10Y Yield,2.69
2010-10-29,DGS10,US 10Y Yield,2.63
2010-11-01,DGS10,US 10Y Yield,2.66
2010-11-02,DGS10,US 10Y Yield,2.63
2010-11-03,DGS10,US 10Y Yield,2.67
2010-11-04,DGS10,US 10Y Yield,2.53
2010-11-05,DGS10,US 10Y Yield,2.58
2010-11-08,DGS10,US 10Y Yield,2.6
2010-11-09,DGS10,US 10Y Yield,2.72
2010-11-10,DGS10,US 10Y Yield,2.65
2010-11-12,DGS10,US 10Y Yield,2.76
2010-11-15,DGS10,US 10Y Yield,2.92
2010-11-16,DGS10,US 10Y Yield,2.85
2010-11-17,DGS10,US 10Y Yield,2.89
2010-11-18,DGS10,US 10Y Yield,2.9
2010-11-19,DGS10,US 10Y Yield,2.88
2010-11-22,DGS10,US 10Y Yield,2.8
2010-11-23,DGS10,US 10Y Yield,2.77
2010-11-24,DGS10,US 10Y Yield,2.93
2010-11-26,DGS10,US 10Y Yield,2.87
2010-11-29,DGS10,US 10Y Yield,2.84
2010-11-30,DGS10,US 10Y Yield,2.81
2010-12-01,DGS10,US 10Y Yield,2.97
2010-12-02,DGS10,US 10Y Yield,3.01
2010-12-03,DGS10,US 10Y Yield,3.03
2010-12-06,DGS10,US 10Y Yield,2.95
2010-12-07,DGS10,US 10Y Yield,3.15
2010-12-08,DGS10,US 10Y Yield,3.26
2010-12-09,DGS10,US 10Y Yield,3.23
2010-12-10,DGS10,US 10Y Yield,3.32
2010-12-13,DGS10,US 10Y Yield,3.29
2010-12-14,DGS10,US 10Y Yield,3.49
2010-12-15,DGS10,US 10Y Yield,3.53
2010-12-16,DGS10,US 10Y Yield,3.47
2010-12-17,DGS10,US 10Y Yield,3.33
2010-12-20,DGS10,US 10Y Yield,3.36
2010-12-21,DGS10,US 10Y Yield,3.35
2010-12-22,DGS10,US 10Y Yield,3.36
2010-12-23,DGS10,US 10Y Yield,3.41
2010-12-27,DGS10,US 10Y Yield,3.36
2010-12-28,DGS10,US 10Y Yield,3.5
2010-12-29,DGS10,US 10Y Yield,3.35
2010-12-30,DGS10,US 10Y Yield,3.38
2010-12-31,DGS10,US 10Y Yield,3.3
2011-01-03,DGS10,US 10Y Yield,3.36
2011-01-04,DGS10,US 10Y Yield,3.36
2011-01-05,DGS10,US 10Y Yield,3.5
2011-01-06,DGS10,US 10Y Yield,3.44
2011-01-07,DGS10,US 10Y Yield,3.34
2011-01-10,DGS10,US 10Y Yield,3.32
2011-01-11,DGS10,US 10Y Yield,3.37
2011-01-12,DGS10,US 10Y Yield,3.4
2011-01-13,DGS10,US 10Y Yield,3.34
2011-01-14,DGS10,US 10Y Yield,3.35
2011-01-18,DGS10,US 10Y Yield,3.39
2011-01-19,DGS10,US 10Y Yield,3.37
2011-01-20,DGS10,US 10Y Yield,3.47
2011-01-21,DGS10,US 10Y Yield,3.44
2011-01-24,DGS10,US 10Y Yield,3.43
2011-01-25,DGS10,US 10Y Yield,3.35
2011-01-26,DGS10,US 10Y Yield,3.45
2011-01-27,DGS10,US 10Y Yield,3.42
2011-01-28,DGS10,US 10Y Yield,3.36
2011-01-31,DGS10,US 10Y Yield,3.42
2011-02-01,DGS10,US 10Y Yield,3.48
2011-02-02,DGS10,US 10Y Yield,3.52
2011-02-03,DGS10,US 10Y Yield,3.58
2011-02-04,DGS10,US 10Y Yield,3.68
2011-02-07,DGS10,US 10Y Yield,3.68
2011-02-08,DGS10,US 10Y Yield,3.75
2011-02-09,DGS10,US 10Y Yield,3.65
2011-02-10,DGS10,US 10Y Yield,3.7
2011-02-11,DGS10,US 10Y Yield,3.64
2011-02-14,DGS10,US 10Y Yield,3.62
2011-02-15,DGS10,US 10Y Yield,3.61
2011-02-16,DGS10,US 10Y Yield,3.62
2011-02-17,DGS10,US 10Y Yield,3.58
2011-02-18,DGS10,US 10Y Yield,3.59
2011-02-22,DGS10,US 10Y Yield,3.46
2011-02-23,DGS10,US 10Y Yield,3.49
2011-02-24,DGS10,US 10Y Yield,3.46
2011-02-25,DGS10,US 10Y Yield,3.42
2011-02-28,DGS10,US 10Y Yield,3.42
2011-03-01,DGS10,US 10Y Yield,3.41
2011-03-02,DGS10,US 10Y Yield,3.46
2011-03-03,DGS10,US 10Y Yield,3.58
2011-03-04,DGS10,US 10Y Yield,3.49
2011-03-07,DGS10,US 10Y Yield,3.51
2011-03-08,DGS10,US 10Y Yield,3.56
2011-03-09,DGS10,US 10Y Yield,3.48
2011-03-10,DGS10,US 10Y Yield,3.37
2011-03-11,DGS10,US 10Y Yield,3.4
2011-03-14,DGS10,US 10Y Yield,3.36
2011-03-15,DGS10,US 10Y Yield,3.33
2011-03-16,DGS10,US 10Y Yield,3.22
2011-03-17,DGS10,US 10Y Yield,3.25
2011-03-18,DGS10,US 10Y Yield,3.28
2011-03-21,DGS10,US 10Y Yield,3.34
2011-03-22,DGS10,US 10Y Yield,3.34
2011-03-23,DGS10,US 10Y Yield,3.36
2011-03-24,DGS10,US 10Y Yield,3.42
2011-03-25,DGS10,US 10Y Yield,3.46
2011-03-28,DGS10,US 10Y Yield,3.47
2011-03-29,DGS10,US 10Y Yield,3.5
2011-03-30,DGS10,US 10Y Yield,3.47
2011-03-31,DGS10,US 10Y Yield,3.47
2011-04-01,DGS10,US 10Y Yield,3.46
2011-04-04,DGS10,US 10Y Yield,3.45
2011-04-05,DGS10,US 10Y Yield,3.5
2011-04-06,DGS10,US 10Y Yield,3.56
2011-04-07,DGS10,US 10Y Yield,3.58
2011-04-08,DGS10,US 10Y Yield,3.59
2011-04-11,DGS10,US 10Y Yield,3.59
2011-04-12,DGS10,US 10Y Yield,3.52
2011-04-13,DGS10,US 10Y Yield,3.49
2011-04-14,DGS10,US 10Y Yield,3.51
2011-04-15,DGS10,US 10Y Yield,3.43
2011-04-18,DGS10,US 10Y Yield,3.4
2011-04-19,DGS10,US 10Y Yield,3.39
2011-04-20,DGS10,US 10Y Yield,3.43
2011-04-21,DGS10,US 10Y Yield,3.42
2011-04-25,DGS10,US 10Y Yield,3.39
2011-04-26,DGS10,US 10Y Yield,3.34
2011-04-27,DGS10,US 10Y Yield,3.39
2011-04-28,DGS10,US 10Y Yield,3.34
2011-04-29,DGS10,US 10Y Yield,3.32
2011-05-02,DGS10,US 10Y Yield,3.31
2011-05-03,DGS10,US 10Y Yield,3.28
2011-05-04,DGS10,US 10Y Yield,3.25
2011-05-05,DGS10,US 10Y Yield,3.18
2011-05-06,DGS10,US 10Y Yield,3.19
2011-05-09,DGS10,US 10Y Yield,3.17
2011-05-10,DGS10,US 10Y Yield,3.23
2011-05-11,DGS10,US 10Y Yield,3.19
2011-05-12,DGS10,US 10Y Yield,3.22
2011-05-13,DGS10,US 10Y Yield,3.18
2011-05-16,DGS10,US 10Y Yield,3.15
2011-05-17,DGS10,US 10Y Yield,3.12
2011-05-18,DGS10,US 10Y Yield,3.18
2011-05-19,DGS10,US 10Y Yield,3.17
2011-05-20,DGS10,US 10Y Yield,3.15
2011-05-23,DGS10,US 10Y Yield,3.13
2011-05-24,DGS10,US 10Y Yield,3.12
2011-05-25,DGS10,US 10Y Yield,3.13
2011-05-26,DGS10,US 10Y Yield,3.07
2011-05-27,DGS10,US 10Y Yield,3.07
2011-05-31,DGS10,US 10Y Yield,3.05
2011-06-01,DGS10,US 10Y Yield,2.96
2011-06-02,DGS10,US 10Y Yield,3.04
2011-06-03,DGS10,US 10Y Yield,2.99
2011-06-06,DGS10,US 10Y Yield,3.01
2011-06-07,DGS10,US 10Y Yield,3.01
2011-06-08,DGS10,US 10Y Yield,2.98
2011-06-09,DGS10,US 10Y Yield,3.01
2011-06-10,DGS10,US 10Y Yield,2.99
2011-06-13,DGS10,US 10Y Yield,3.0
2011-06-14,DGS10,US 10Y Yield,3.11
2011-06-15,DGS10,US 10Y Yield,2.98
2011-06-16,DGS10,US 10Y Yield,2.93
2011-06-17,DGS10,US 10Y Yield,2.94
2011-06-20,DGS10,US 10Y Yield,2.97
2011-06-21,DGS10,US 10Y Yield,2.99
2011-06-22,DGS10,US 10Y Yield,3.01
2011-06-23,DGS10,US 10Y Yield,2.93
2011-06-24,DGS10,US 10Y Yield,2.88
2011-06-27,DGS10,US 10Y Yield,2.95
2011-06-28,DGS10,US 10Y Yield,3.05
2011-06-29,DGS10,US 10Y Yield,3.14
2011-06-30,DGS10,US 10Y Yield,3.18
2011-07-01,DGS10,US 10Y Yield,3.22
2011-07-05,DGS10,US 10Y Yield,3.16
2011-07-06,DGS10,US 10Y Yield,3.12
2011-07-07,DGS10,US 10Y Yield,3.17
2011-07-08,DGS10,US 10Y Yield,3.03
2011-07-11,DGS10,US 10Y Yield,2.94
2011-07-12,DGS10,US 10Y Yield,2.92
2011-07-13,DGS10,US 10Y Yield,2.92
2011-07-14,DGS10,US 10Y Yield,2.98
2011-07-15,DGS10,US 10Y Yield,2.94
2011-07-18,DGS10,US 10Y Yield,2.94
2011-07-19,DGS10,US 10Y Yield,2.91
2011-07-20,DGS10,US 10Y Yield,2.96
2011-07-21,DGS10,US 10Y Yield,3.03
2011-07-22,DGS10,US 10Y Yield,2.99
2011-07-25,DGS10,US 10Y Yield,3.03
2011-07-26,DGS10,US 10Y Yield,2.99
2011-07-27,DGS10,US 10Y Yield,3.01
2011-07-28,DGS10,US 10Y Yield,2.98
2011-07-29,DGS10,US 10Y Yield,2.82
2011-08-01,DGS10,US 10Y Yield,2.77
2011-08-02,DGS10,US 10Y Yield,2.66
2011-08-03,DGS10,US 10Y Yield,2.64
2011-08-04,DGS10,US 10Y Yield,2.47
2011-08-05,DGS10,US 10Y Yield,2.58
2011-08-08,DGS10,US 10Y Yield,2.4
2011-08-09,DGS10,US 10Y Yield,2.2
2011-08-10,DGS10,US 10Y Yield,2.17
2011-08-11,DGS10,US 10Y Yield,2.34
2011-08-12,DGS10,US 10Y Yield,2.24
2011-08-15,DGS10,US 10Y Yield,2.29
2011-08-16,DGS10,US 10Y Yield,2.23
2011-08-17,DGS10,US 10Y Yield,2.17
2011-08-18,DGS10,US 10Y Yield,2.08
2011-08-19,DGS10,US 10Y Yield,2.07
2011-08-22,DGS10,US 10Y Yield,2.1
2011-08-23,DGS10,US 10Y Yield,2.15
2011-08-24,DGS10,US 10Y Yield,2.29
2011-08-25,DGS10,US 10Y Yield,2.23
2011-08-26,DGS10,US 10Y Yield,2.19
2011-08-29,DGS10,US 10Y Yield,2.28
2011-08-30,DGS10,US 10Y Yield,2.19
2011-08-31,DGS10,US 10Y Yield,2.23
2011-09-01,DGS10,US 10Y Yield,2.15
2011-09-02,DGS10,US 10Y Yield,2.02
2011-09-06,DGS10,US 10Y Yield,1.98
2011-09-07,DGS10,US 10Y Yield,2.05
2011-09-08,DGS10,US 10Y Yield,2.0
2011-09-09,DGS10,US 10Y Yield,1.93
2011-09-12,DGS10,US 10Y Yield,1.94
2011-09-13,DGS10,US 10Y Yield,2.0
2011-09-14,DGS10,US 10Y Yield,2.03
2011-09-15,DGS10,US 10Y Yield,2.09
2011-09-16,DGS10,US 10Y Yield,2.08
2011-09-19,DGS10,US 10Y Yield,1.97
2011-09-20,DGS10,US 10Y Yield,1.95
2011-09-21,DGS10,US 10Y Yield,1.88
2011-09-22,DGS10,US 10Y Yield,1.72
2011-09-23,DGS10,US 10Y Yield,1.84
2011-09-26,DGS10,US 10Y Yield,1.91
2011-09-27,DGS10,US 10Y Yield,2.0
2011-09-28,DGS10,US 10Y Yield,2.03
2011-09-29,DGS10,US 10Y Yield,1.99
2011-09-30,DGS10,US 10Y Yield,1.92
2011-10-03,DGS10,US 10Y Yield,1.8
2011-10-04,DGS10,US 10Y Yield,1.81
2011-10-05,DGS10,US 10Y Yield,1.92
2011-10-06,DGS10,US 10Y Yield,2.01
2011-10-07,DGS10,US 10Y Yield,2.1
2011-10-11,DGS10,US 10Y Yield,2.18
2011-10-12,DGS10,US 10Y Yield,2.24
2011-10-13,DGS10,US 10Y Yield,2.19
2011-10-14,DGS10,US 10Y Yield,2.26
2011-10-17,DGS10,US 10Y Yield,2.18
2011-10-18,DGS10,US 10Y Yield,2.19
2011-10-19,DGS10,US 10Y Yield,2.18
2011-10-20,DGS10,US 10Y Yield,2.2
2011-10-21,DGS10,US 10Y Yield,2.23
2011-10-24,DGS10,US 10Y Yield,2.25
2011-10-25,DGS10,US 10Y Yield,2.14
2011-10-26,DGS10,US 10Y Yield,2.23
2011-10-27,DGS10,US 10Y Yield,2.42
2011-10-28,DGS10,US 10Y Yield,2.34
2011-10-31,DGS10,US 10Y Yield,2.17
2011-11-01,DGS10,US 10Y Yield,2.01
2011-11-02,DGS10,US 10Y Yield,2.03
2011-11-03,DGS10,US 10Y Yield,2.09
2011-11-04,DGS10,US 10Y Yield,2.06
2011-11-07,DGS10,US 10Y Yield,2.04
2011-11-08,DGS10,US 10Y Yield,2.1
2011-11-09,DGS10,US 10Y Yield,2.0
2011-11-10,DGS10,US 10Y Yield,2.04
2011-11-14,DGS10,US 10Y Yield,2.04
2011-11-15,DGS10,US 10Y Yield,2.06
2011-11-16,DGS10,US 10Y Yield,2.01
2011-11-17,DGS10,US 10Y Yield,1.96
2011-11-18,DGS10,US 10Y Yield,2.01
2011-11-21,DGS10,US 10Y Yield,1.97
2011-11-22,DGS10,US 10Y Yield,1.94
2011-11-23,DGS10,US 10Y Yield,1.89
2011-11-25,DGS10,US 10Y Yield,1.97
2011-11-28,DGS10,US 10Y Yield,1.97
2011-11-29,DGS10,US 10Y Yield,2.0
2011-11-30,DGS10,US 10Y Yield,2.08
2011-12-01,DGS10,US 10Y Yield,2.11
2011-12-02,DGS10,US 10Y Yield,2.05
2011-12-05,DGS10,US 10Y Yield,2.04
2011-12-06,DGS10,US 10Y Yield,2.08
2011-12-07,DGS10,US 10Y Yield,2.02
2011-12-08,DGS10,US 10Y Yield,1.99
2011-12-09,DGS10,US 10Y Yield,2.07
2011-12-12,DGS10,US 10Y Yield,2.03
2011-12-13,DGS10,US 10Y Yield,1.96
2011-12-14,DGS10,US 10Y Yield,1.92
2011-12-15,DGS10,US 10Y Yield,1.92
2011-12-16,DGS10,US 10Y Yield,1.86
2011-12-19,DGS10,US 10Y Yield,1.82
2011-12-20,DGS10,US 10Y Yield,1.94
2011-12-21,DGS10,US 10Y Yield,1.98
2011-12-22,DGS10,US 10Y Yield,1.97
2011-12-23,DGS10,US 10Y Yield,2.03
2011-12-27,DGS10,US 10Y Yield,2.02
2011-12-28,DGS10,US 10Y Yield,1.93
2011-12-29,DGS10,US 10Y Yield,1.91
2011-12-30,DGS10,US 10Y Yield,1.89
2012-01-03,DGS10,US 10Y Yield,1.97
2012-01-04,DGS10,US 10Y Yield,2.0
2012-01-05,DGS10,US 10Y Yield,2.02
2012-01-06,DGS10,US 10Y Yield,1.98
2012-01-09,DGS10,US 10Y Yield,1.98
2012-01-10,DGS10,US 10Y Yield,2.0
2012-01-11,DGS10,US 10Y Yield,1.93
2012-01-12,DGS10,US 10Y Yield,1.94
2012-01-13,DGS10,US 10Y Yield,1.89
2012-01-17,DGS10,US 10Y Yield,1.87
2012-01-18,DGS10,US 10Y Yield,1.92
2012-01-19,DGS10,US 10Y Yield,2.01
2012-01-20,DGS10,US 10Y Yield,2.05
2012-01-23,DGS10,US 10Y Yield,2.09
2012-01-24,DGS10,US 10Y Yield,2.08
2012-01-25,DGS10,US 10Y Yield,2.01
2012-01-26,DGS10,US 10Y Yield,1.96
2012-01-27,DGS10,US 10Y Yield,1.93
2012-01-30,DGS10,US 10Y Yield,1.87
2012-01-31,DGS10,US 10Y Yield,1.83
2012-02-01,DGS10,US 10Y Yield,1.87
2012-02-02,DGS10,US 10Y Yield,1.86
2012-02-03,DGS10,US 10Y Yield,1.97
2012-02-06,DGS10,US 10Y Yield,1.93
2012-02-07,DGS10,US 10Y Yield,2.0
2012-02-08,DGS10,US 10Y Yield,2.01
2012-02-09,DGS10,US 10Y Yield,2.04
2012-02-10,DGS10,US 10Y Yield,1.96
2012-02-13,DGS10,US 10Y Yield,1.99
2012-02-14,DGS10,US 10Y Yield,1.92
2012-02-15,DGS10,US 10Y Yield,1.93
2012-02-16,DGS10,US 10Y Yield,1.99
2012-02-17,DGS10,US 10Y Yield,2.01
2012-02-21,DGS10,US 10Y Yield,2.05
2012-02-22,DGS10,US 10Y Yield,2.01
2012-02-23,DGS10,US 10Y Yield,1.99
2012-02-24,DGS10,US 10Y Yield,1.98
2012-02-27,DGS10,US 10Y Yield,1.92
2012-02-28,DGS10,US 10Y Yield,1.94
2012-02-29,DGS10,US 10Y Yield,1.98
2012-03-01,DGS10,US 10Y Yield,2.03
2012-03-02,DGS10,US 10Y Yield,1.99
2012-03-05,DGS10,US 10Y Yield,2.0
2012-03-06,DGS10,US 10Y Yield,1.96
2012-03-07,DGS10,US 10Y Yield,1.98
2012-03-08,DGS10,US 10Y Yield,2.03
2012-03-09,DGS10,US 10Y Yield,2.04
2012-03-12,DGS10,US 10Y Yield,2.04
2012-03-13,DGS10,US 10Y Yield,2.14
2012-03-14,DGS10,US 10Y Yield,2.29
2012-03-15,DGS10,US 10Y Yield,2.29
2012-03-16,DGS10,US 10Y Yield,2.31
2012-03-19,DGS10,US 10Y Yield,2.39
2012-03-20,DGS10,US 10Y Yield,2.38
2012-03-21,DGS10,US 10Y Yield,2.31
2012-03-22,DGS10,US 10Y Yield,2.29
2012-03-23,DGS10,US 10Y Yield,2.25
2012-03-26,DGS10,US 10Y Yield,2.26
2012-03-27,DGS10,US 10Y Yield,2.2
2012-03-28,DGS10,US 10Y Yield,2.21
2012-03-29,DGS10,US 10Y Yield,2.18
2012-03-30,DGS10,US 10Y Yield,2.23
2012-04-02,DGS10,US 10Y Yield,2.22
2012-04-03,DGS10,US 10Y Yield,2.3
2012-04-04,DGS10,US 10Y Yield,2.25
2012-04-05,DGS10,US 10Y Yield,2.19
2012-04-06,DGS10,US 10Y Yield,2.07
2012-04-09,DGS10,US 10Y Yield,2.06
2012-04-10,DGS10,US 10Y Yield,2.01
2012-04-11,DGS10,US 10Y Yield,2.05
2012-04-12,DGS10,US 10Y Yield,2.08
2012-04-13,DGS10,US 10Y Yield,2.02
2012-04-16,DGS10,US 10Y Yield,2.0
2012-04-17,DGS10,US 10Y Yield,2.03
2012-04-18,DGS10,US 10Y Yield,2.0
2012-04-19,DGS10,US 10Y Yield,1.98
2012-04-20,DGS10,US 10Y Yield,1.99
2012-04-23,DGS10,US 10Y Yield,1.96
2012-04-24,DGS10,US 10Y Yield,2.0
2012-04-25,DGS10,US 10Y Yield,2.01
2012-04-26,DGS10,US 10Y Yield,1.98
2012-04-27,DGS10,US 10Y Yield,1.96
2012-04-30,DGS10,US 10Y Yield,1.95
2012-05-01,DGS10,US 10Y Yield,1.98
2012-05-02,DGS10,US 10Y Yield,1.96
2012-05-03,DGS10,US 10Y Yield,1.96
2012-05-04,DGS10,US 10Y Yield,1.91
2012-05-07,DGS10,US 10Y Yield,1.92
2012-05-08,DGS10,US 10Y Yield,1.88
2012-05-09,DGS10,US 10Y Yield,1.87
2012-05-10,DGS10,US 10Y Yield,1.89
2012-05-11,DGS10,US 10Y Yield,1.84
2012-05-14,DGS10,US 10Y Yield,1.78
2012-05-15,DGS10,US 10Y Yield,1.76
2012-05-16,DGS10,US 10Y Yield,1.76
2012-05-17,DGS10,US 10Y Yield,1.7
2012-05-18,DGS10,US 10Y Yield,1.71
2012-05-21,DGS10,US 10Y Yield,1.75
2012-05-22,DGS10,US 10Y Yield,1.79
2012-05-23,DGS10,US 10Y Yield,1.73
2012-05-24,DGS10,US 10Y Yield,1.77
2012-05-25,DGS10,US 10Y Yield,1.75
2012-05-29,DGS10,US 10Y Yield,1.74
2012-05-30,DGS10,US 10Y Yield,1.63
2012-05-31,DGS10,US 10Y Yield,1.59
2012-06-01,DGS10,US 10Y Yield,1.47
2012-06-04,DGS10,US 10Y Yield,1.53
2012-06-05,DGS10,US 10Y Yield,1.57
2012-06-06,DGS10,US 10Y Yield,1.66
2012-06-07,DGS10,US 10Y Yield,1.66
2012-06-08,DGS10,US 10Y Yield,1.65
2012-06-11,DGS10,US 10Y Yield,1.6
2012-06-12,DGS10,US 10Y Yield,1.67
2012-06-13,DGS10,US 10Y Yield,1.61
2012-06-14,DGS10,US 10Y Yield,1.64
2012-06-15,DGS10,US 10Y Yield,1.6
2012-06-18,DGS10,US 10Y Yield,1.59
2012-06-19,DGS10,US 10Y Yield,1.64
2012-06-20,DGS10,US 10Y Yield,1.65
2012-06-21,DGS10,US 10Y Yield,1.63
2012-06-22,DGS10,US 10Y Yield,1.69
2012-06-25,DGS10,US 10Y Yield,1.63
2012-06-26,DGS10,US 10Y Yield,1.66
2012-06-27,DGS10,US 10Y Yield,1.65
2012-06-28,DGS10,US 10Y Yield,1.6
2012-06-29,DGS10,US 10Y Yield,1.67
2012-07-02,DGS10,US 10Y Yield,1.61
2012-07-03,DGS10,US 10Y Yield,1.65
2012-07-05,DGS10,US 10Y Yield,1.62
2012-07-06,DGS10,US 10Y Yield,1.57
2012-07-09,DGS10,US 10Y Yield,1.53
2012-07-10,DGS10,US 10Y Yield,1.53
2012-07-11,DGS10,US 10Y Yield,1.54
2012-07-12,DGS10,US 10Y Yield,1.5
2012-07-13,DGS10,US 10Y Yield,1.52
2012-07-16,DGS10,US 10Y Yield,1.5
2012-07-17,DGS10,US 10Y Yield,1.53
2012-07-18,DGS10,US 10Y Yield,1.52
2012-07-19,DGS10,US 10Y Yield,1.54
2012-07-20,DGS10,US 10Y Yield,1.49
2012-07-23,DGS10,US 10Y Yield,1.47
2012-07-24,DGS10,US 10Y Yield,1.44
2012-07-25,DGS10,US 10Y Yield,1.43
2012-07-26,DGS10,US 10Y Yield,1.45
2012-07-27,DGS10,US 10Y Yield,1.58
2012-07-30,DGS10,US 10Y Yield,1.53
2012-07-31,DGS10,US 10Y Yield,1.51
2012-08-01,DGS10,US 10Y Yield,1.56
2012-08-02,DGS10,US 10Y Yield,1.51
2012-08-03,DGS10,US 10Y Yield,1.6
2012-08-06,DGS10,US 10Y Yield,1.59
2012-08-07,DGS10,US 10Y Yield,1.66
2012-08-08,DGS10,US 10Y Yield,1.68
2012-08-09,DGS10,US 10Y Yield,1.69
2012-08-10,DGS10,US 10Y Yield,1.65
2012-08-13,DGS10,US 10Y Yield,1.65
2012-08-14,DGS10,US 10Y Yield,1.73
2012-08-15,DGS10,US 10Y Yield,1.8
2012-08-16,DGS10,US 10Y Yield,1.83
2012-08-17,DGS10,US 10Y Yield,1.81
2012-08-20,DGS10,US 10Y Yield,1.82
2012-08-21,DGS10,US 10Y Yield,1.8
2012-08-22,DGS10,US 10Y Yield,1.71
2012-08-23,DGS10,US 10Y Yield,1.68
2012-08-24,DGS10,US 10Y Yield,1.68
2012-08-27,DGS10,US 10Y Yield,1.65
2012-08-28,DGS10,US 10Y Yield,1.64
2012-08-29,DGS10,US 10Y Yield,1.66
2012-08-30,DGS10,US 10Y Yield,1.63
2012-08-31,DGS10,US 10Y Yield,1.57
2012-09-04,DGS10,US 10Y Yield,1.59
2012-09-05,DGS10,US 10Y Yield,1.6
2012-09-06,DGS10,US 10Y Yield,1.68
2012-09-07,DGS10,US 10Y Yield,1.67
2012-09-10,DGS10,US 10Y Yield,1.68
2012-09-11,DGS10,US 10Y Yield,1.7
2012-09-12,DGS10,US 10Y Yield,1.77
2012-09-13,DGS10,US 10Y Yield,1.75
2012-09-14,DGS10,US 10Y Yield,1.88
2012-09-17,DGS10,US 10Y Yield,1.85
2012-09-18,DGS10,US 10Y Yield,1.82
2012-09-19,DGS10,US 10Y Yield,1.79
2012-09-20,DGS10,US 10Y Yield,1.8
2012-09-21,DGS10,US 10Y Yield,1.77
2012-09-24,DGS10,US 10Y Yield,1.74
2012-09-25,DGS10,US 10Y Yield,1.7
2012-09-26,DGS10,US 10Y Yield,1.64
2012-09-27,DGS10,US 10Y Yield,1.66
2012-09-28,DGS10,US 10Y Yield,1.65
2012-10-01,DGS10,US 10Y Yield,1.64
2012-10-02,DGS10,US 10Y Yield,1.64
2012-10-03,DGS10,US 10Y Yield,1.64
2012-10-04,DGS10,US 10Y Yield,1.7
2012-10-05,DGS10,US 10Y Yield,1.75
2012-10-09,DGS10,US 10Y Yield,1.74
2012-10-10,DGS10,US 10Y Yield,1.72
2012-10-11,DGS10,US 10Y Yield,1.7
2012-10-12,DGS10,US 10Y Yield,1.69
2012-10-15,DGS10,US 10Y Yield,1.7
2012-10-16,DGS10,US 10Y Yield,1.75
2012-10-17,DGS10,US 10Y Yield,1.83
2012-10-18,DGS10,US 10Y Yield,1.86
2012-10-19,DGS10,US 10Y Yield,1.79
2012-10-22,DGS10,US 10Y Yield,1.83
2012-10-23,DGS10,US 10Y Yield,1.79
2012-10-24,DGS10,US 10Y Yield,1.8
2012-10-25,DGS10,US 10Y Yield,1.86
2012-10-26,DGS10,US 10Y Yield,1.78
2012-10-29,DGS10,US 10Y Yield,1.74
2012-10-31,DGS10,US 10Y Yield,1.72
2012-11-01,DGS10,US 10Y Yield,1.75
2012-11-02,DGS10,US 10Y Yield,1.75
2012-11-05,DGS10,US 10Y Yield,1.72
2012-11-06,DGS10,US 10Y Yield,1.78
2012-11-07,DGS10,US 10Y Yield,1.68
2012-11-08,DGS10,US 10Y Yield,1.62
2012-11-09,DGS10,US 10Y Yield,1.61
2012-11-13,DGS10,US 10Y Yield,1.59
2012-11-14,DGS10,US 10Y Yield,1.59
2012-11-15,DGS10,US 10Y Yield,1.58
2012-11-16,DGS10,US 10Y Yield,1.58
2012-11-19,DGS10,US 10Y Yield,1.61
2012-11-20,DGS10,US 10Y Yield,1.66
2012-11-21,DGS10,US 10Y Yield,1.69
2012-11-23,DGS10,US 10Y Yield,1.7
2012-11-26,DGS10,US 10Y Yield,1.66
2012-11-27,DGS10,US 10Y Yield,1.64
2012-11-28,DGS10,US 10Y Yield,1.63
2012-11-29,DGS10,US 10Y Yield,1.62
2012-11-30,DGS10,US 10Y Yield,1.62
2012-12-03,DGS10,US 10Y Yield,1.63
2012-12-04,DGS10,US 10Y Yield,1.62
2012-12-05,DGS10,US 10Y Yield,1.6
2012-12-06,DGS10,US 10Y Yield,1.59
2012-12-07,DGS10,US 10Y Yield,1.64
2012-12-10,DGS10,US 10Y Yield,1.63
2012-12-11,DGS10,US 10Y Yield,1.66
2012-12-12,DGS10,US 10Y Yield,1.72
2012-12-13,DGS10,US 10Y Yield,1.74
2012-12-14,DGS10,US 10Y Yield,1.72
2012-12-17,DGS10,US 10Y Yield,1.78
2012-12-18,DGS10,US 10Y Yield,1.84
2012-12-19,DGS10,US 10Y Yield,1.82
2012-12-20,DGS10,US 10Y Yield,1.81
2012-12-21,DGS10,US 10Y Yield,1.77
2012-12-24,DGS10,US 10Y Yield,1.79
2012-12-26,DGS10,US 10Y Yield,1.77
2012-12-27,DGS10,US 10Y Yield,1.74
2012-12-28,DGS10,US 10Y Yield,1.73
2012-12-31,DGS10,US 10Y Yield,1.78
2013-01-02,DGS10,US 10Y Yield,1.86
2013-01-03,DGS10,US 10Y Yield,1.92
2013-01-04,DGS10,US 10Y Yield,1.93
2013-01-07,DGS10,US 10Y Yield,1.92
2013-01-08,DGS10,US 10Y Yield,1.89
2013-01-09,DGS10,US 10Y Yield,1.88
2013-01-10,DGS10,US 10Y Yield,1.91
2013-01-11,DGS10,US 10Y Yield,1.89
2013-01-14,DGS10,US 10Y Yield,1.89
2013-01-15,DGS10,US 10Y Yield,1.86
2013-01-16,DGS10,US 10Y Yield,1.84
2013-01-17,DGS10,US 10Y Yield,1.89
2013-01-18,DGS10,US 10Y Yield,1.87
2013-01-22,DGS10,US 10Y Yield,1.86
2013-01-23,DGS10,US 10Y Yield,1.86
2013-01-24,DGS10,US 10Y Yield,1.88
2013-01-25,DGS10,US 10Y Yield,1.98
2013-01-28,DGS10,US 10Y Yield,2.0
2013-01-29,DGS10,US 10Y Yield,2.03
2013-01-30,DGS10,US 10Y Yield,2.03
2013-01-31,DGS10,US 10Y Yield,2.02
2013-02-01,DGS10,US 10Y Yield,2.04
2013-02-04,DGS10,US 10Y Yield,2.0
2013-02-05,DGS10,US 10Y Yield,2.04
2013-02-06,DGS10,US 10Y Yield,2.0
2013-02-07,DGS10,US 10Y Yield,1.99
2013-02-08,DGS10,US 10Y Yield,1.99
2013-02-11,DGS10,US 10Y Yield,1.99
2013-02-12,DGS10,US 10Y Yield,2.02
2013-02-13,DGS10,US 10Y Yield,2.05
2013-02-14,DGS10,US 10Y Yield,2.0
2013-02-15,DGS10,US 10Y Yield,2.01
2013-02-19,DGS10,US 10Y Yield,2.03
2013-02-20,DGS10,US 10Y Yield,2.02
2013-02-21,DGS10,US 10Y Yield,1.99
2013-02-22,DGS10,US 10Y Yield,1.97
2013-02-25,DGS10,US 10Y Yield,1.88
2013-02-26,DGS10,US 10Y Yield,1.88
2013-02-27,DGS10,US 10Y Yield,1.91
2013-02-28,DGS10,US 10Y Yield,1.89
2013-03-01,DGS10,US 10Y Yield,1.86
2013-03-04,DGS10,US 10Y Yield,1.88
2013-03-05,DGS10,US 10Y Yield,1.9
2013-03-06,DGS10,US 10Y Yield,1.95
2013-03-07,DGS10,US 10Y Yield,2.0
2013-03-08,DGS10,US 10Y Yield,2.06
2013-03-11,DGS10,US 10Y Yield,2.07
2013-03-12,DGS10,US 10Y Yield,2.03
2013-03-13,DGS10,US 10Y Yield,2.04
2013-03-14,DGS10,US 10Y Yield,2.04
2013-03-15,DGS10,US 10Y Yield,2.01
2013-03-18,DGS10,US 10Y Yield,1.96
2013-03-19,DGS10,US 10Y Yield,1.92
2013-03-20,DGS10,US 10Y Yield,1.96
2013-03-21,DGS10,US 10Y Yield,1.95
2013-03-22,DGS10,US 10Y Yield,1.93
2013-03-25,DGS10,US 10Y Yield,1.93
2013-03-26,DGS10,US 10Y Yield,1.92
2013-03-27,DGS10,US 10Y Yield,1.87
2013-03-28,DGS10,US 10Y Yield,1.87
2013-04-01,DGS10,US 10Y Yield,1.86
2013-04-02,DGS10,US 10Y Yield,1.88
2013-04-03,DGS10,US 10Y Yield,1.83
2013-04-04,DGS10,US 10Y Yield,1.78
2013-04-05,DGS10,US 10Y Yield,1.72
2013-04-08,DGS10,US 10Y Yield,1.76
2013-04-09,DGS10,US 10Y Yield,1.78
2013-04-10,DGS10,US 10Y Yield,1.84
2013-04-11,DGS10,US 10Y Yield,1.82
2013-04-12,DGS10,US 10Y Yield,1.75
2013-04-15,DGS10,US 10Y Yield,1.72
2013-04-16,DGS10,US 10Y Yield,1.75
2013-04-17,DGS10,US 10Y Yield,1.73
2013-04-18,DGS10,US 10Y Yield,1.72
2013-04-19,DGS10,US 10Y Yield,1.73
2013-04-22,DGS10,US 10Y Yield,1.72
2013-04-23,DGS10,US 10Y Yield,1.74
2013-04-24,DGS10,US 10Y Yield,1.73
2013-04-25,DGS10,US 10Y Yield,1.74
2013-04-26,DGS10,US 10Y Yield,1.7
2013-04-29,DGS10,US 10Y Yield,1.7
2013-04-30,DGS10,US 10Y Yield,1.7
2013-05-01,DGS10,US 10Y Yield,1.66
2013-05-02,DGS10,US 10Y Yield,1.66
2013-05-03,DGS10,US 10Y Yield,1.78
2013-05-06,DGS10,US 10Y Yield,1.8
2013-05-07,DGS10,US 10Y Yield,1.82
2013-05-08,DGS10,US 10Y Yield,1.81
2013-05-09,DGS10,US 10Y Yield,1.81
2013-05-10,DGS10,US 10Y Yield,1.9
2013-05-13,DGS10,US 10Y Yield,1.92
2013-05-14,DGS10,US 10Y Yield,1.96
2013-05-15,DGS10,US 10Y Yield,1.94
2013-05-16,DGS10,US 10Y Yield,1.87
2013-05-17,DGS10,US 10Y Yield,1.95
2013-05-20,DGS10,US 10Y Yield,1.97
2013-05-21,DGS10,US 10Y Yield,1.94
2013-05-22,DGS10,US 10Y Yield,2.03
2013-05-23,DGS10,US 10Y Yield,2.02
2013-05-24,DGS10,US 10Y Yield,2.01
2013-05-28,DGS10,US 10Y Yield,2.15
2013-05-29,DGS10,US 10Y Yield,2.13
2013-05-30,DGS10,US 10Y Yield,2.13
2013-05-31,DGS10,US 10Y Yield,2.16
2013-06-03,DGS10,US 10Y Yield,2.13
2013-06-04,DGS10,US 10Y Yield,2.14
2013-06-05,DGS10,US 10Y Yield,2.1
2013-06-06,DGS10,US 10Y Yield,2.08
2013-06-07,DGS10,US 10Y Yield,2.17
2013-06-10,DGS10,US 10Y Yield,2.22
2013-06-11,DGS10,US 10Y Yield,2.2
2013-06-12,DGS10,US 10Y Yield,2.25
2013-06-13,DGS10,US 10Y Yield,2.19
2013-06-14,DGS10,US 10Y Yield,2.14
2013-06-17,DGS10,US 10Y Yield,2.19
2013-06-18,DGS10,US 10Y Yield,2.2
2013-06-19,DGS10,US 10Y Yield,2.33
2013-06-20,DGS10,US 10Y Yield,2.41
2013-06-21,DGS10,US 10Y Yield,2.52
2013-06-24,DGS10,US 10Y Yield,2.57
2013-06-25,DGS10,US 10Y Yield,2.6
2013-06-26,DGS10,US 10Y Yield,2.55
2013-06-27,DGS10,US 10Y Yield,2.49
2013-06-28,DGS10,US 10Y Yield,2.52
2013-07-01,DGS10,US 10Y Yield,2.5
2013-07-02,DGS10,US 10Y Yield,2.48
2013-07-03,DGS10,US 10Y Yield,2.52
2013-07-05,DGS10,US 10Y Yield,2.73
2013-07-08,DGS10,US 10Y Yield,2.65
2013-07-09,DGS10,US 10Y Yield,2.65
2013-07-10,DGS10,US 10Y Yield,2.7
2013-07-11,DGS10,US 10Y Yield,2.6
2013-07-12,DGS10,US 10Y Yield,2.61
2013-07-15,DGS10,US 10Y Yield,2.57
2013-07-16,DGS10,US 10Y Yield,2.55
2013-07-17,DGS10,US 10Y Yield,2.52
2013-07-18,DGS10,US 10Y Yield,2.56
2013-07-19,DGS10,US 10Y Yield,2.5
2013-07-22,DGS10,US 10Y Yield,2.5
2013-07-23,DGS10,US 10Y Yield,2.53
2013-07-24,DGS10,US 10Y Yield,2.61
2013-07-25,DGS10,US 10Y Yield,2.61
2013-07-26,DGS10,US 10Y Yield,2.58
2013-07-29,DGS10,US 10Y Yield,2.61
2013-07-30,DGS10,US 10Y Yield,2.63
2013-07-31,DGS10,US 10Y Yield,2.6
2013-08-01,DGS10,US 10Y Yield,2.74
2013-08-02,DGS10,US 10Y Yield,2.63
2013-08-05,DGS10,US 10Y Yield,2.67
2013-08-06,DGS10,US 10Y Yield,2.67
2013-08-07,DGS10,US 10Y Yield,2.61
2013-08-08,DGS10,US 10Y Yield,2.58
2013-08-09,DGS10,US 10Y Yield,2.57
2013-08-12,DGS10,US 10Y Yield,2.61
2013-08-13,DGS10,US 10Y Yield,2.71
2013-08-14,DGS10,US 10Y Yield,2.71
2013-08-15,DGS10,US 10Y Yield,2.77
2013-08-16,DGS10,US 10Y Yield,2.84
2013-08-19,DGS10,US 10Y Yield,2.88
2013-08-20,DGS10,US 10Y Yield,2.82
2013-08-21,DGS10,US 10Y Yield,2.87
2013-08-22,DGS10,US 10Y Yield,2.9
2013-08-23,DGS10,US 10Y Yield,2.82
2013-08-26,DGS10,US 10Y Yield,2.79
2013-08-27,DGS10,US 10Y Yield,2.72
2013-08-28,DGS10,US 10Y Yield,2.78
2013-08-29,DGS10,US 10Y Yield,2.75
2013-08-30,DGS10,US 10Y Yield,2.78
2013-09-03,DGS10,US 10Y Yield,2.86
2013-09-04,DGS10,US 10Y Yield,2.9
2013-09-05,DGS10,US 10Y Yield,2.98
2013-09-06,DGS10,US 10Y Yield,2.94
2013-09-09,DGS10,US 10Y Yield,2.9
2013-09-10,DGS10,US 10Y Yield,2.96
2013-09-11,DGS10,US 10Y Yield,2.93
2013-09-12,DGS10,US 10Y Yield,2.92
2013-09-13,DGS10,US 10Y Yield,2.9
2013-09-16,DGS10,US 10Y Yield,2.88
2013-09-17,DGS10,US 10Y Yield,2.86
2013-09-18,DGS10,US 10Y Yield,2.69
2013-09-19,DGS10,US 10Y Yield,2.76
2013-09-20,DGS10,US 10Y Yield,2.75
2013-09-23,DGS10,US 10Y Yield,2.72
2013-09-24,DGS10,US 10Y Yield,2.67
2013-09-25,DGS10,US 10Y Yield,2.63
2013-09-26,DGS10,US 10Y Yield,2.66
2013-09-27,DGS10,US 10Y Yield,2.64
2013-09-30,DGS10,US 10Y Yield,2.64
2013-10-01,DGS10,US 10Y Yield,2.66
2013-10-02,DGS10,US 10Y Yield,2.63
2013-10-03,DGS10,US 10Y Yield,2.62
2013-10-04,DGS10,US 10Y Yield,2.66
2013-10-07,DGS10,US 10Y Yield,2.65
2013-10-08,DGS10,US 10Y Yield,2.66
2013-10-09,DGS10,US 10Y Yield,2.68
2013-10-10,DGS10,US 10Y Yield,2.71
2013-10-11,DGS10,US 10Y Yield,2.7
2013-10-15,DGS10,US 10Y Yield,2.75
2013-10-16,DGS10,US 10Y Yield,2.69
2013-10-17,DGS10,US 10Y Yield,2.61
2013-10-18,DGS10,US 10Y Yield,2.6
2013-10-21,DGS10,US 10Y Yield,2.63
2013-10-22,DGS10,US 10Y Yield,2.54
2013-10-23,DGS10,US 10Y Yield,2.51
2013-10-24,DGS10,US 10Y Yield,2.53
2013-10-25,DGS10,US 10Y Yield,2.53
2013-10-28,DGS10,US 10Y Yield,2.54
2013-10-29,DGS10,US 10Y Yield,2.53
2013-10-30,DGS10,US 10Y Yield,2.55
2013-10-31,DGS10,US 10Y Yield,2.57
2013-11-01,DGS10,US 10Y Yield,2.65
2013-11-04,DGS10,US 10Y Yield,2.63
2013-11-05,DGS10,US 10Y Yield,2.69
2013-11-06,DGS10,US 10Y Yield,2.67
2013-11-07,DGS10,US 10Y Yield,2.63
2013-11-08,DGS10,US 10Y Yield,2.77
2013-11-12,DGS10,US 10Y Yield,2.8
2013-11-13,DGS10,US 10Y Yield,2.75
2013-11-14,DGS10,US 10Y Yield,2.69
2013-11-15,DGS10,US 10Y Yield,2.71
2013-11-18,DGS10,US 10Y Yield,2.67
2013-11-19,DGS10,US 10Y Yield,2.71
2013-11-20,DGS10,US 10Y Yield,2.8
2013-11-21,DGS10,US 10Y Yield,2.79
2013-11-22,DGS10,US 10Y Yield,2.75
2013-11-25,DGS10,US 10Y Yield,2.74
2013-11-26,DGS10,US 10Y Yield,2.71
2013-11-27,DGS10,US 10Y Yield,2.74
2013-11-29,DGS10,US 10Y Yield,2.75
2013-12-02,DGS10,US 10Y Yield,2.81
2013-12-03,DGS10,US 10Y Yield,2.79
2013-12-04,DGS10,US 10Y Yield,2.84
2013-12-05,DGS10,US 10Y Yield,2.88
2013-12-06,DGS10,US 10Y Yield,2.88
2013-12-09,DGS10,US 10Y Yield,2.86
2013-12-10,DGS10,US 10Y Yield,2.81
2013-12-11,DGS10,US 10Y Yield,2.86
2013-12-12,DGS10,US 10Y Yield,2.89
2013-12-13,DGS10,US 10Y Yield,2.88
2013-12-16,DGS10,US 10Y Yield,2.89
2013-12-17,DGS10,US 10Y Yield,2.85
2013-12-18,DGS10,US 10Y Yield,2.89
2013-12-19,DGS10,US 10Y Yield,2.94
2013-12-20,DGS10,US 10Y Yield,2.89
2013-12-23,DGS10,US 10Y Yield,2.94
2013-12-24,DGS10,US 10Y Yield,2.99
2013-12-26,DGS10,US 10Y Yield,3.0
2013-12-27,DGS10,US 10Y Yield,3.02
2013-12-30,DGS10,US 10Y Yield,2.99
2013-12-31,DGS10,US 10Y Yield,3.04
2014-01-02,DGS10,US 10Y Yield,3.0
2014-01-03,DGS10,US 10Y Yield,3.01
2014-01-06,DGS10,US 10Y Yield,2.98
2014-01-07,DGS10,US 10Y Yield,2.96
2014-01-08,DGS10,US 10Y Yield,3.01
2014-01-09,DGS10,US 10Y Yield,2.97
2014-01-10,DGS10,US 10Y Yield,2.88
2014-01-13,DGS10,US 10Y Yield,2.84
2014-01-14,DGS10,US 10Y Yield,2.88
2014-01-15,DGS10,US 10Y Yield,2.9
2014-01-16,DGS10,US 10Y Yield,2.86
2014-01-17,DGS10,US 10Y Yield,2.84
2014-01-21,DGS10,US 10Y Yield,2.85
2014-01-22,DGS10,US 10Y Yield,2.87
2014-01-23,DGS10,US 10Y Yield,2.79
2014-01-24,DGS10,US 10Y Yield,2.75
2014-01-27,DGS10,US 10Y Yield,2.78
2014-01-28,DGS10,US 10Y Yield,2.77
2014-01-29,DGS10,US 10Y Yield,2.69
2014-01-30,DGS10,US 10Y Yield,2.72
2014-01-31,DGS10,US 10Y Yield,2.67
2014-02-03,DGS10,US 10Y Yield,2.61
2014-02-04,DGS10,US 10Y Yield,2.64
2014-02-05,DGS10,US 10Y Yield,2.7
2014-02-06,DGS10,US 10Y Yield,2.73
2014-02-07,DGS10,US 10Y Yield,2.71
2014-02-10,DGS10,US 10Y Yield,2.7
2014-02-11,DGS10,US 10Y Yield,2.75
2014-02-12,DGS10,US 10Y Yield,2.8
2014-02-13,DGS10,US 10Y Yield,2.73
2014-02-14,DGS10,US 10Y Yield,2.75
2014-02-18,DGS10,US 10Y Yield,2.71
2014-02-19,DGS10,US 10Y Yield,2.73
2014-02-20,DGS10,US 10Y Yield,2.76
2014-02-21,DGS10,US 10Y Yield,2.73
2014-02-24,DGS10,US 10Y Yield,2.75
2014-02-25,DGS10,US 10Y Yield,2.7
2014-02-26,DGS10,US 10Y Yield,2.67
2014-02-27,DGS10,US 10Y Yield,2.65
2014-02-28,DGS10,US 10Y Yield,2.66
2014-03-03,DGS10,US 10Y Yield,2.6
2014-03-04,DGS10,US 10Y Yield,2.7
2014-03-05,DGS10,US 10Y Yield,2.7
2014-03-06,DGS10,US 10Y Yield,2.74
2014-03-07,DGS10,US 10Y Yield,2.8
2014-03-10,DGS10,US 10Y Yield,2.79
2014-03-11,DGS10,US 10Y Yield,2.77
2014-03-12,DGS10,US 10Y Yield,2.73
2014-03-13,DGS10,US 10Y Yield,2.66
2014-03-14,DGS10,US 10Y Yield,2.65
2014-03-17,DGS10,US 10Y Yield,2.7
2014-03-18,DGS10,US 10Y Yield,2.68
2014-03-19,DGS10,US 10Y Yield,2.78
2014-03-20,DGS10,US 10Y Yield,2.79
2014-03-21,DGS10,US 10Y Yield,2.75
2014-03-24,DGS10,US 10Y Yield,2.74
2014-03-25,DGS10,US 10Y Yield,2.75
2014-03-26,DGS10,US 10Y Yield,2.71
2014-03-27,DGS10,US 10Y Yield,2.69
2014-03-28,DGS10,US 10Y Yield,2.73
2014-03-31,DGS10,US 10Y Yield,2.73
2014-04-01,DGS10,US 10Y Yield,2.77
2014-04-02,DGS10,US 10Y Yield,2.82
2014-04-03,DGS10,US 10Y Yield,2.8
2014-04-04,DGS10,US 10Y Yield,2.74
2014-04-07,DGS10,US 10Y Yield,2.71
2014-04-08,DGS10,US 10Y Yield,2.69
2014-04-09,DGS10,US 10Y Yield,2.71
2014-04-10,DGS10,US 10Y Yield,2.65
2014-04-11,DGS10,US 10Y Yield,2.63
2014-04-14,DGS10,US 10Y Yield,2.65
2014-04-15,DGS10,US 10Y Yield,2.64
2014-04-16,DGS10,US 10Y Yield,2.65
2014-04-17,DGS10,US 10Y Yield,2.73
2014-04-21,DGS10,US 10Y Yield,2.73
2014-04-22,DGS10,US 10Y Yield,2.73
2014-04-23,DGS10,US 10Y Yield,2.7
2014-04-24,DGS10,US 10Y Yield,2.7
2014-04-25,DGS10,US 10Y Yield,2.68
2014-04-28,DGS10,US 10Y Yield,2.7
2014-04-29,DGS10,US 10Y Yield,2.71
2014-04-30,DGS10,US 10Y Yield,2.67
2014-05-01,DGS10,US 10Y Yield,2.63
2014-05-02,DGS10,US 10Y Yield,2.6
2014-05-05,DGS10,US 10Y Yield,2.63
2014-05-06,DGS10,US 10Y Yield,2.61
2014-05-07,DGS10,US 10Y Yield,2.62
2014-05-08,DGS10,US 10Y Yield,2.61
2014-05-09,DGS10,US 10Y Yield,2.62
2014-05-12,DGS10,US 10Y Yield,2.66
2014-05-13,DGS10,US 10Y Yield,2.61
2014-05-14,DGS10,US 10Y Yield,2.54
2014-05-15,DGS10,US 10Y Yield,2.5
2014-05-16,DGS10,US 10Y Yield,2.52
2014-05-19,DGS10,US 10Y Yield,2.54
2014-05-20,DGS10,US 10Y Yield,2.52
2014-05-21,DGS10,US 10Y Yield,2.54
2014-05-22,DGS10,US 10Y Yield,2.56
2014-05-23,DGS10,US 10Y Yield,2.54
2014-05-27,DGS10,US 10Y Yield,2.52
2014-05-28,DGS10,US 10Y Yield,2.44
2014-05-29,DGS10,US 10Y Yield,2.45
2014-05-30,DGS10,US 10Y Yield,2.48
2014-06-02,DGS10,US 10Y Yield,2.54
2014-06-03,DGS10,US 10Y Yield,2.6
2014-06-04,DGS10,US 10Y Yield,2.61
2014-06-05,DGS10,US 10Y Yield,2.59
2014-06-06,DGS10,US 10Y Yield,2.6
2014-06-09,DGS10,US 10Y Yield,2.62
2014-06-10,DGS10,US 10Y Yield,2.64
2014-06-11,DGS10,US 10Y Yield,2.65
2014-06-12,DGS10,US 10Y Yield,2.58
2014-06-13,DGS10,US 10Y Yield,2.6
2014-06-16,DGS10,US 10Y Yield,2.61
2014-06-17,DGS10,US 10Y Yield,2.66
2014-06-18,DGS10,US 10Y Yield,2.61
2014-06-19,DGS10,US 10Y Yield,2.64
2014-06-20,DGS10,US 10Y Yield,2.63
2014-06-23,DGS10,US 10Y Yield,2.63
2014-06-24,DGS10,US 10Y Yield,2.59
2014-06-25,DGS10,US 10Y Yield,2.57
2014-06-26,DGS10,US 10Y Yield,2.53
2014-06-27,DGS10,US 10Y Yield,2.54
2014-06-30,DGS10,US 10Y Yield,2.53
2014-07-01,DGS10,US 10Y Yield,2.58
2014-07-02,DGS10,US 10Y Yield,2.64
2014-07-03,DGS10,US 10Y Yield,2.65
2014-07-07,DGS10,US 10Y Yield,2.63
2014-07-08,DGS10,US 10Y Yield,2.58
2014-07-09,DGS10,US 10Y Yield,2.57
2014-07-10,DGS10,US 10Y Yield,2.55
2014-07-11,DGS10,US 10Y Yield,2.53
2014-07-14,DGS10,US 10Y Yield,2.55
2014-07-15,DGS10,US 10Y Yield,2.56
2014-07-16,DGS10,US 10Y Yield,2.55
2014-07-17,DGS10,US 10Y Yield,2.47
2014-07-18,DGS10,US 10Y Yield,2.5
2014-07-21,DGS10,US 10Y Yield,2.49
2014-07-22,DGS10,US 10Y Yield,2.48
2014-07-23,DGS10,US 10Y Yield,2.48
2014-07-24,DGS10,US 10Y Yield,2.52
2014-07-25,DGS10,US 10Y Yield,2.48
2014-07-28,DGS10,US 10Y Yield,2.5
2014-07-29,DGS10,US 10Y Yield,2.47
2014-07-30,DGS10,US 10Y Yield,2.57
2014-07-31,DGS10,US 10Y Yield,2.58
2014-08-01,DGS10,US 10Y Yield,2.52
2014-08-04,DGS10,US 10Y Yield,2.51
2014-08-05,DGS10,US 10Y Yield,2.49
2014-08-06,DGS10,US 10Y Yield,2.49
2014-08-07,DGS10,US 10Y Yield,2.43
2014-08-08,DGS10,US 10Y Yield,2.44
2014-08-11,DGS10,US 10Y Yield,2.44
2014-08-12,DGS10,US 10Y Yield,2.46
2014-08-13,DGS10,US 10Y Yield,2.43
2014-08-14,DGS10,US 10Y Yield,2.4
2014-08-15,DGS10,US 10Y Yield,2.34
2014-08-18,DGS10,US 10Y Yield,2.39
2014-08-19,DGS10,US 10Y Yield,2.4
2014-08-20,DGS10,US 10Y Yield,2.43
2014-08-21,DGS10,US 10Y Yield,2.41
2014-08-22,DGS10,US 10Y Yield,2.4
2014-08-25,DGS10,US 10Y Yield,2.39
2014-08-26,DGS10,US 10Y Yield,2.39
2014-08-27,DGS10,US 10Y Yield,2.37
2014-08-28,DGS10,US 10Y Yield,2.34
2014-08-29,DGS10,US 10Y Yield,2.35
2014-09-02,DGS10,US 10Y Yield,2.42
2014-09-03,DGS10,US 10Y Yield,2.41
2014-09-04,DGS10,US 10Y Yield,2.45
2014-09-05,DGS10,US 10Y Yield,2.46
2014-09-08,DGS10,US 10Y Yield,2.48
2014-09-09,DGS10,US 10Y Yield,2.5
2014-09-10,DGS10,US 10Y Yield,2.54
2014-09-11,DGS10,US 10Y Yield,2.54
2014-09-12,DGS10,US 10Y Yield,2.62
2014-09-15,DGS10,US 10Y Yield,2.6
2014-09-16,DGS10,US 10Y Yield,2.6
2014-09-17,DGS10,US 10Y Yield,2.62
2014-09-18,DGS10,US 10Y Yield,2.63
2014-09-19,DGS10,US 10Y Yield,2.59
2014-09-22,DGS10,US 10Y Yield,2.57
2014-09-23,DGS10,US 10Y Yield,2.54
2014-09-24,DGS10,US 10Y Yield,2.57
2014-09-25,DGS10,US 10Y Yield,2.52
2014-09-26,DGS10,US 10Y Yield,2.54
2014-09-29,DGS10,US 10Y Yield,2.5
2014-09-30,DGS10,US 10Y Yield,2.52
2014-10-01,DGS10,US 10Y Yield,2.42
2014-10-02,DGS10,US 10Y Yield,2.44
2014-10-03,DGS10,US 10Y Yield,2.45
2014-10-06,DGS10,US 10Y Yield,2.43
2014-10-07,DGS10,US 10Y Yield,2.36
2014-10-08,DGS10,US 10Y Yield,2.35
2014-10-09,DGS10,US 10Y Yield,2.34
2014-10-10,DGS10,US 10Y Yield,2.31
2014-10-14,DGS10,US 10Y Yield,2.21
2014-10-15,DGS10,US 10Y Yield,2.15
2014-10-16,DGS10,US 10Y Yield,2.17
2014-10-17,DGS10,US 10Y Yield,2.22
2014-10-20,DGS10,US 10Y Yield,2.2
2014-10-21,DGS10,US 10Y Yield,2.23
2014-10-22,DGS10,US 10Y Yield,2.25
2014-10-23,DGS10,US 10Y Yield,2.29
2014-10-24,DGS10,US 10Y Yield,2.29
2014-10-27,DGS10,US 10Y Yield,2.27
2014-10-28,DGS10,US 10Y Yield,2.3
2014-10-29,DGS10,US 10Y Yield,2.34
2014-10-30,DGS10,US 10Y Yield,2.32
2014-10-31,DGS10,US 10Y Yield,2.35
2014-11-03,DGS10,US 10Y Yield,2.36
2014-11-04,DGS10,US 10Y Yield,2.35
2014-11-05,DGS10,US 10Y Yield,2.36
2014-11-06,DGS10,US 10Y Yield,2.39
2014-11-07,DGS10,US 10Y Yield,2.32
2014-11-10,DGS10,US 10Y Yield,2.38
2014-11-12,DGS10,US 10Y Yield,2.37
2014-11-13,DGS10,US 10Y Yield,2.35
2014-11-14,DGS10,US 10Y Yield,2.32
2014-11-17,DGS10,US 10Y Yield,2.34
2014-11-18,DGS10,US 10Y Yield,2.32
2014-11-19,DGS10,US 10Y Yield,2.36
2014-11-20,DGS10,US 10Y Yield,2.34
2014-11-21,DGS10,US 10Y Yield,2.31
2014-11-24,DGS10,US 10Y Yield,2.3
2014-11-25,DGS10,US 10Y Yield,2.27
2014-11-26,DGS10,US 10Y Yield,2.24
2014-11-28,DGS10,US 10Y Yield,2.18
2014-12-01,DGS10,US 10Y Yield,2.22
2014-12-02,DGS10,US 10Y Yield,2.28
2014-12-03,DGS10,US 10Y Yield,2.29
2014-12-04,DGS10,US 10Y Yield,2.25
2014-12-05,DGS10,US 10Y Yield,2.31
2014-12-08,DGS10,US 10Y Yield,2.26
2014-12-09,DGS10,US 10Y Yield,2.22
2014-12-10,DGS10,US 10Y Yield,2.18
2014-12-11,DGS10,US 10Y Yield,2.19
2014-12-12,DGS10,US 10Y Yield,2.1
2014-12-15,DGS10,US 10Y Yield,2.12
2014-12-16,DGS10,US 10Y Yield,2.07
2014-12-17,DGS10,US 10Y Yield,2.14
2014-12-18,DGS10,US 10Y Yield,2.22
2014-12-19,DGS10,US 10Y Yield,2.17
2014-12-22,DGS10,US 10Y Yield,2.17
2014-12-23,DGS10,US 10Y Yield,2.26
2014-12-24,DGS10,US 10Y Yield,2.27
2014-12-26,DGS10,US 10Y Yield,2.25
2014-12-29,DGS10,US 10Y Yield,2.22
2014-12-30,DGS10,US 10Y Yield,2.2
2014-12-31,DGS10,US 10Y Yield,2.17
2015-01-02,DGS10,US 10Y Yield,2.12
2015-01-05,DGS10,US 10Y Yield,2.04
2015-01-06,DGS10,US 10Y Yield,1.97
2015-01-07,DGS10,US 10Y Yield,1.96
2015-01-08,DGS10,US 10Y Yield,2.03
2015-01-09,DGS10,US 10Y Yield,1.98
2015-01-12,DGS10,US 10Y Yield,1.92
2015-01-13,DGS10,US 10Y Yield,1.91
2015-01-14,DGS10,US 10Y Yield,1.86
2015-01-15,DGS10,US 10Y Yield,1.77
2015-01-16,DGS10,US 10Y Yield,1.83
2015-01-20,DGS10,US 10Y Yield,1.82
2015-01-21,DGS10,US 10Y Yield,1.87
2015-01-22,DGS10,US 10Y Yield,1.9
2015-01-23,DGS10,US 10Y Yield,1.81
2015-01-26,DGS10,US 10Y Yield,1.83
2015-01-27,DGS10,US 10Y Yield,1.83
2015-01-28,DGS10,US 10Y Yield,1.73
2015-01-29,DGS10,US 10Y Yield,1.77
2015-01-30,DGS10,US 10Y Yield,1.68
2015-02-02,DGS10,US 10Y Yield,1.68
2015-02-03,DGS10,US 10Y Yield,1.79
2015-02-04,DGS10,US 10Y Yield,1.81
2015-02-05,DGS10,US 10Y Yield,1.83
2015-02-06,DGS10,US 10Y Yield,1.95
2015-02-09,DGS10,US 10Y Yield,1.96
2015-02-10,DGS10,US 10Y Yield,2.01
2015-02-11,DGS10,US 10Y Yield,2.0
2015-02-12,DGS10,US 10Y Yield,1.99
2015-02-13,DGS10,US 10Y Yield,2.02
2015-02-17,DGS10,US 10Y Yield,2.14
2015-02-18,DGS10,US 10Y Yield,2.07
2015-02-19,DGS10,US 10Y Yield,2.11
2015-02-20,DGS10,US 10Y Yield,2.13
2015-02-23,DGS10,US 10Y Yield,2.06
2015-02-24,DGS10,US 10Y Yield,1.99
2015-02-25,DGS10,US 10Y Yield,1.96
2015-02-26,DGS10,US 10Y Yield,2.03
2015-02-27,DGS10,US 10Y Yield,2.0
2015-03-02,DGS10,US 10Y Yield,2.08
2015-03-03,DGS10,US 10Y Yield,2.12
2015-03-04,DGS10,US 10Y Yield,2.12
2015-03-05,DGS10,US 10Y Yield,2.11
2015-03-06,DGS10,US 10Y Yield,2.24
2015-03-09,DGS10,US 10Y Yield,2.2
2015-03-10,DGS10,US 10Y Yield,2.14
2015-03-11,DGS10,US 10Y Yield,2.11
2015-03-12,DGS10,US 10Y Yield,2.1
2015-03-13,DGS10,US 10Y Yield,2.13
2015-03-16,DGS10,US 10Y Yield,2.1
2015-03-17,DGS10,US 10Y Yield,2.06
2015-03-18,DGS10,US 10Y Yield,1.93
2015-03-19,DGS10,US 10Y Yield,1.98
2015-03-20,DGS10,US 10Y Yield,1.93
2015-03-23,DGS10,US 10Y Yield,1.92
2015-03-24,DGS10,US 10Y Yield,1.88
2015-03-25,DGS10,US 10Y Yield,1.93
2015-03-26,DGS10,US 10Y Yield,2.01
2015-03-27,DGS10,US 10Y Yield,1.95
2015-03-30,DGS10,US 10Y Yield,1.96
2015-03-31,DGS10,US 10Y Yield,1.94
2015-04-01,DGS10,US 10Y Yield,1.87
2015-04-02,DGS10,US 10Y Yield,1.92
2015-04-03,DGS10,US 10Y Yield,1.85
2015-04-06,DGS10,US 10Y Yield,1.92
2015-04-07,DGS10,US 10Y Yield,1.89
2015-04-08,DGS10,US 10Y Yield,1.92
2015-04-09,DGS10,US 10Y Yield,1.97
2015-04-10,DGS10,US 10Y Yield,1.96
2015-04-13,DGS10,US 10Y Yield,1.94
2015-04-14,DGS10,US 10Y Yield,1.9
2015-04-15,DGS10,US 10Y Yield,1.91
2015-04-16,DGS10,US 10Y Yield,1.9
2015-04-17,DGS10,US 10Y Yield,1.87
2015-04-20,DGS10,US 10Y Yield,1.9
2015-04-21,DGS10,US 10Y Yield,1.92
2015-04-22,DGS10,US 10Y Yield,1.99
2015-04-23,DGS10,US 10Y Yield,1.96
2015-04-24,DGS10,US 10Y Yield,1.93
2015-04-27,DGS10,US 10Y Yield,1.94
2015-04-28,DGS10,US 10Y Yield,2.0
2015-04-29,DGS10,US 10Y Yield,2.06
2015-04-30,DGS10,US 10Y Yield,2.05
2015-05-01,DGS10,US 10Y Yield,2.12
2015-05-04,DGS10,US 10Y Yield,2.16
2015-05-05,DGS10,US 10Y Yield,2.19
2015-05-06,DGS10,US 10Y Yield,2.25
2015-05-07,DGS10,US 10Y Yield,2.18
2015-05-08,DGS10,US 10Y Yield,2.16
2015-05-11,DGS10,US 10Y Yield,2.28
2015-05-12,DGS10,US 10Y Yield,2.28
2015-05-13,DGS10,US 10Y Yield,2.27
2015-05-14,DGS10,US 10Y Yield,2.23
2015-05-15,DGS10,US 10Y Yield,2.14
2015-05-18,DGS10,US 10Y Yield,2.23
2015-05-19,DGS10,US 10Y Yield,2.27
2015-05-20,DGS10,US 10Y Yield,2.26
2015-05-21,DGS10,US 10Y Yield,2.19
2015-05-22,DGS10,US 10Y Yield,2.21
2015-05-26,DGS10,US 10Y Yield,2.14
2015-05-27,DGS10,US 10Y Yield,2.14
2015-05-28,DGS10,US 10Y Yield,2.13
2015-05-29,DGS10,US 10Y Yield,2.12
2015-06-01,DGS10,US 10Y Yield,2.19
2015-06-02,DGS10,US 10Y Yield,2.27
2015-06-03,DGS10,US 10Y Yield,2.38
2015-06-04,DGS10,US 10Y Yield,2.31
2015-06-05,DGS10,US 10Y Yield,2.41
2015-06-08,DGS10,US 10Y Yield,2.39
2015-06-09,DGS10,US 10Y Yield,2.42
2015-06-10,DGS10,US 10Y Yield,2.5
2015-06-11,DGS10,US 10Y Yield,2.39
2015-06-12,DGS10,US 10Y Yield,2.39
2015-06-15,DGS10,US 10Y Yield,2.36
2015-06-16,DGS10,US 10Y Yield,2.32
2015-06-17,DGS10,US 10Y Yield,2.32
2015-06-18,DGS10,US 10Y Yield,2.35
2015-06-19,DGS10,US 10Y Yield,2.26
2015-06-22,DGS10,US 10Y Yield,2.37
2015-06-23,DGS10,US 10Y Yield,2.42
2015-06-24,DGS10,US 10Y Yield,2.38
2015-06-25,DGS10,US 10Y Yield,2.4
2015-06-26,DGS10,US 10Y Yield,2.49
2015-06-29,DGS10,US 10Y Yield,2.33
2015-06-30,DGS10,US 10Y Yield,2.35
2015-07-01,DGS10,US 10Y Yield,2.43
2015-07-02,DGS10,US 10Y Yield,2.4
2015-07-06,DGS10,US 10Y Yield,2.3
2015-07-07,DGS10,US 10Y Yield,2.27
2015-07-08,DGS10,US 10Y Yield,2.22
2015-07-09,DGS10,US 10Y Yield,2.32
2015-07-10,DGS10,US 10Y Yield,2.42
2015-07-13,DGS10,US 10Y Yield,2.44
2015-07-14,DGS10,US 10Y Yield,2.41
2015-07-15,DGS10,US 10Y Yield,2.36
2015-07-16,DGS10,US 10Y Yield,2.36
2015-07-17,DGS10,US 10Y Yield,2.34
2015-07-20,DGS10,US 10Y Yield,2.38
2015-07-21,DGS10,US 10Y Yield,2.35
2015-07-22,DGS10,US 10Y Yield,2.33
2015-07-23,DGS10,US 10Y Yield,2.28
2015-07-24,DGS10,US 10Y Yield,2.27
2015-07-27,DGS10,US 10Y Yield,2.23
2015-07-28,DGS10,US 10Y Yield,2.26
2015-07-29,DGS10,US 10Y Yield,2.29
2015-07-30,DGS10,US 10Y Yield,2.28
2015-07-31,DGS10,US 10Y Yield,2.2
2015-08-03,DGS10,US 10Y Yield,2.16
2015-08-04,DGS10,US 10Y Yield,2.23
2015-08-05,DGS10,US 10Y Yield,2.28
2015-08-06,DGS10,US 10Y Yield,2.23
2015-08-07,DGS10,US 10Y Yield,2.18
2015-08-10,DGS10,US 10Y Yield,2.24
2015-08-11,DGS10,US 10Y Yield,2.15
2015-08-12,DGS10,US 10Y Yield,2.14
2015-08-13,DGS10,US 10Y Yield,2.19
2015-08-14,DGS10,US 10Y Yield,2.2
2015-08-17,DGS10,US 10Y Yield,2.16
2015-08-18,DGS10,US 10Y Yield,2.2
2015-08-19,DGS10,US 10Y Yield,2.12
2015-08-20,DGS10,US 10Y Yield,2.09
2015-08-21,DGS10,US 10Y Yield,2.05
2015-08-24,DGS10,US 10Y Yield,2.01
2015-08-25,DGS10,US 10Y Yield,2.12
2015-08-26,DGS10,US 10Y Yield,2.18
2015-08-27,DGS10,US 10Y Yield,2.18
2015-08-28,DGS10,US 10Y Yield,2.19
2015-08-31,DGS10,US 10Y Yield,2.21
2015-09-01,DGS10,US 10Y Yield,2.17
2015-09-02,DGS10,US 10Y Yield,2.2
2015-09-03,DGS10,US 10Y Yield,2.18
2015-09-04,DGS10,US 10Y Yield,2.13
2015-09-08,DGS10,US 10Y Yield,2.2
2015-09-09,DGS10,US 10Y Yield,2.21
2015-09-10,DGS10,US 10Y Yield,2.23
2015-09-11,DGS10,US 10Y Yield,2.2
2015-09-14,DGS10,US 10Y Yield,2.18
2015-09-15,DGS10,US 10Y Yield,2.28
2015-09-16,DGS10,US 10Y Yield,2.3
2015-09-17,DGS10,US 10Y Yield,2.21
2015-09-18,DGS10,US 10Y Yield,2.13
2015-09-21,DGS10,US 10Y Yield,2.2
2015-09-22,DGS10,US 10Y Yield,2.14
2015-09-23,DGS10,US 10Y Yield,2.16
2015-09-24,DGS10,US 10Y Yield,2.13
2015-09-25,DGS10,US 10Y Yield,2.17
2015-09-28,DGS10,US 10Y Yield,2.1
2015-09-29,DGS10,US 10Y Yield,2.05
2015-09-30,DGS10,US 10Y Yield,2.06
2015-10-01,DGS10,US 10Y Yield,2.05
2015-10-02,DGS10,US 10Y Yield,1.99
2015-10-05,DGS10,US 10Y Yield,2.07
2015-10-06,DGS10,US 10Y Yield,2.05
2015-10-07,DGS10,US 10Y Yield,2.08
2015-10-08,DGS10,US 10Y Yield,2.12
2015-10-09,DGS10,US 10Y Yield,2.12
2015-10-13,DGS10,US 10Y Yield,2.06
2015-10-14,DGS10,US 10Y Yield,1.99
2015-10-15,DGS10,US 10Y Yield,2.04
2015-10-16,DGS10,US 10Y Yield,2.04
2015-10-19,DGS10,US 10Y Yield,2.04
2015-10-20,DGS10,US 10Y Yield,2.08
2015-10-21,DGS10,US 10Y Yield,2.04
2015-10-22,DGS10,US 10Y Yield,2.04
2015-10-23,DGS10,US 10Y Yield,2.09
2015-10-26,DGS10,US 10Y Yield,2.07
2015-10-27,DGS10,US 10Y Yield,2.05
2015-10-28,DGS10,US 10Y Yield,2.1
2015-10-29,DGS10,US 10Y Yield,2.19
2015-10-30,DGS10,US 10Y Yield,2.16
2015-11-02,DGS10,US 10Y Yield,2.2
2015-11-03,DGS10,US 10Y Yield,2.23
2015-11-04,DGS10,US 10Y Yield,2.25
2015-11-05,DGS10,US 10Y Yield,2.26
2015-11-06,DGS10,US 10Y Yield,2.34
2015-11-09,DGS10,US 10Y Yield,2.36
2015-11-10,DGS10,US 10Y Yield,2.32
2015-11-12,DGS10,US 10Y Yield,2.32
2015-11-13,DGS10,US 10Y Yield,2.28
2015-11-16,DGS10,US 10Y Yield,2.27
2015-11-17,DGS10,US 10Y Yield,2.25
2015-11-18,DGS10,US 10Y Yield,2.27
2015-11-19,DGS10,US 10Y Yield,2.24
2015-11-20,DGS10,US 10Y Yield,2.26
2015-11-23,DGS10,US 10Y Yield,2.25
2015-11-24,DGS10,US 10Y Yield,2.24
2015-11-25,DGS10,US 10Y Yield,2.23
2015-11-27,DGS10,US 10Y Yield,2.22
2015-11-30,DGS10,US 10Y Yield,2.21
2015-12-01,DGS10,US 10Y Yield,2.15
2015-12-02,DGS10,US 10Y Yield,2.18
2015-12-03,DGS10,US 10Y Yield,2.33
2015-12-04,DGS10,US 10Y Yield,2.28
2015-12-07,DGS10,US 10Y Yield,2.23
2015-12-08,DGS10,US 10Y Yield,2.24
2015-12-09,DGS10,US 10Y Yield,2.22
2015-12-10,DGS10,US 10Y Yield,2.24
2015-12-11,DGS10,US 10Y Yield,2.13
2015-12-14,DGS10,US 10Y Yield,2.23
2015-12-15,DGS10,US 10Y Yield,2.28
2015-12-16,DGS10,US 10Y Yield,2.3
2015-12-17,DGS10,US 10Y Yield,2.24
2015-12-18,DGS10,US 10Y Yield,2.19
2015-12-21,DGS10,US 10Y Yield,2.2
2015-12-22,DGS10,US 10Y Yield,2.24
2015-12-23,DGS10,US 10Y Yield,2.27
2015-12-24,DGS10,US 10Y Yield,2.25
2015-12-28,DGS10,US 10Y Yield,2.24
2015-12-29,DGS10,US 10Y Yield,2.32
2015-12-30,DGS10,US 10Y Yield,2.31
2015-12-31,DGS10,US 10Y Yield,2.27
2016-01-04,DGS10,US 10Y Yield,2.24
2016-01-05,DGS10,US 10Y Yield,2.25
2016-01-06,DGS10,US 10Y Yield,2.18
2016-01-07,DGS10,US 10Y Yield,2.16
2016-01-08,DGS10,US 10Y Yield,2.13
2016-01-11,DGS10,US 10Y Yield,2.17
2016-01-12,DGS10,US 10Y Yield,2.12
2016-01-13,DGS10,US 10Y Yield,2.08
2016-01-14,DGS10,US 10Y Yield,2.1
2016-01-15,DGS10,US 10Y Yield,2.03
2016-01-19,DGS10,US 10Y Yield,2.06
2016-01-20,DGS10,US 10Y Yield,2.01
2016-01-21,DGS10,US 10Y Yield,2.02
2016-01-22,DGS10,US 10Y Yield,2.07
2016-01-25,DGS10,US 10Y Yield,2.03
2016-01-26,DGS10,US 10Y Yield,2.01
2016-01-27,DGS10,US 10Y Yield,2.02
2016-01-28,DGS10,US 10Y Yield,2.0
2016-01-29,DGS10,US 10Y Yield,1.94
2016-02-01,DGS10,US 10Y Yield,1.97
2016-02-02,DGS10,US 10Y Yield,1.87
2016-02-03,DGS10,US 10Y Yield,1.88
2016-02-04,DGS10,US 10Y Yield,1.87
2016-02-05,DGS10,US 10Y Yield,1.86
2016-02-08,DGS10,US 10Y Yield,1.75
2016-02-09,DGS10,US 10Y Yield,1.74
2016-02-10,DGS10,US 10Y Yield,1.71
2016-02-11,DGS10,US 10Y Yield,1.63
2016-02-12,DGS10,US 10Y Yield,1.74
2016-02-16,DGS10,US 10Y Yield,1.78
2016-02-17,DGS10,US 10Y Yield,1.81
2016-02-18,DGS10,US 10Y Yield,1.75
2016-02-19,DGS10,US 10Y Yield,1.76
2016-02-22,DGS10,US 10Y Yield,1.77
2016-02-23,DGS10,US 10Y Yield,1.74
2016-02-24,DGS10,US 10Y Yield,1.75
2016-02-25,DGS10,US 10Y Yield,1.71
2016-02-26,DGS10,US 10Y Yield,1.76
2016-02-29,DGS10,US 10Y Yield,1.74
2016-03-01,DGS10,US 10Y Yield,1.83
2016-03-02,DGS10,US 10Y Yield,1.84
2016-03-03,DGS10,US 10Y Yield,1.83
2016-03-04,DGS10,US 10Y Yield,1.88
2016-03-07,DGS10,US 10Y Yield,1.91
2016-03-08,DGS10,US 10Y Yield,1.83
2016-03-09,DGS10,US 10Y Yield,1.9
2016-03-10,DGS10,US 10Y Yield,1.93
2016-03-11,DGS10,US 10Y Yield,1.98
2016-03-14,DGS10,US 10Y Yield,1.97
2016-03-15,DGS10,US 10Y Yield,1.97
2016-03-16,DGS10,US 10Y Yield,1.94
2016-03-17,DGS10,US 10Y Yield,1.91
2016-03-18,DGS10,US 10Y Yield,1.88
2016-03-21,DGS10,US 10Y Yield,1.92
2016-03-22,DGS10,US 10Y Yield,1.94
2016-03-23,DGS10,US 10Y Yield,1.88
2016-03-24,DGS10,US 10Y Yield,1.91
2016-03-28,DGS10,US 10Y Yield,1.89
2016-03-29,DGS10,US 10Y Yield,1.81
2016-03-30,DGS10,US 10Y Yield,1.83
2016-03-31,DGS10,US 10Y Yield,1.78
2016-04-01,DGS10,US 10Y Yield,1.79
2016-04-04,DGS10,US 10Y Yield,1.78
2016-04-05,DGS10,US 10Y Yield,1.73
2016-04-06,DGS10,US 10Y Yield,1.76
2016-04-07,DGS10,US 10Y Yield,1.7
2016-04-08,DGS10,US 10Y Yield,1.72
2016-04-11,DGS10,US 10Y Yield,1.73
2016-04-12,DGS10,US 10Y Yield,1.79
2016-04-13,DGS10,US 10Y Yield,1.77
2016-04-14,DGS10,US 10Y Yield,1.8
2016-04-15,DGS10,US 10Y Yield,1.76
2016-04-18,DGS10,US 10Y Yield,1.78
2016-04-19,DGS10,US 10Y Yield,1.79
2016-04-20,DGS10,US 10Y Yield,1.85
2016-04-21,DGS10,US 10Y Yield,1.88
2016-04-22,DGS10,US 10Y Yield,1.89
2016-04-25,DGS10,US 10Y Yield,1.91
2016-04-26,DGS10,US 10Y Yield,1.94
2016-04-27,DGS10,US 10Y Yield,1.87
2016-04-28,DGS10,US 10Y Yield,1.84
2016-04-29,DGS10,US 10Y Yield,1.83
2016-05-02,DGS10,US 10Y Yield,1.88
2016-05-03,DGS10,US 10Y Yield,1.81
2016-05-04,DGS10,US 10Y Yield,1.79
2016-05-05,DGS10,US 10Y Yield,1.76
2016-05-06,DGS10,US 10Y Yield,1.79
2016-05-09,DGS10,US 10Y Yield,1.77
2016-05-10,DGS10,US 10Y Yield,1.77
2016-05-11,DGS10,US 10Y Yield,1.73
2016-05-12,DGS10,US 10Y Yield,1.75
2016-05-13,DGS10,US 10Y Yield,1.71
2016-05-16,DGS10,US 10Y Yield,1.75
2016-05-17,DGS10,US 10Y Yield,1.76
2016-05-18,DGS10,US 10Y Yield,1.87
2016-05-19,DGS10,US 10Y Yield,1.85
2016-05-20,DGS10,US 10Y Yield,1.85
2016-05-23,DGS10,US 10Y Yield,1.84
2016-05-24,DGS10,US 10Y Yield,1.86
2016-05-25,DGS10,US 10Y Yield,1.87
2016-05-26,DGS10,US 10Y Yield,1.83
2016-05-27,DGS10,US 10Y Yield,1.85
2016-05-31,DGS10,US 10Y Yield,1.84
2016-06-01,DGS10,US 10Y Yield,1.85
2016-06-02,DGS10,US 10Y Yield,1.81
2016-06-03,DGS10,US 10Y Yield,1.71
2016-06-06,DGS10,US 10Y Yield,1.73
2016-06-07,DGS10,US 10Y Yield,1.72
2016-06-08,DGS10,US 10Y Yield,1.71
2016-06-09,DGS10,US 10Y Yield,1.68
2016-06-10,DGS10,US 10Y Yield,1.64
2016-06-13,DGS10,US 10Y Yield,1.62
2016-06-14,DGS10,US 10Y Yield,1.62
2016-06-15,DGS10,US 10Y Yield,1.6
2016-06-16,DGS10,US 10Y Yield,1.57
2016-06-17,DGS10,US 10Y Yield,1.62
2016-06-20,DGS10,US 10Y Yield,1.67
2016-06-21,DGS10,US 10Y Yield,1.71
2016-06-22,DGS10,US 10Y Yield,1.69
2016-06-23,DGS10,US 10Y Yield,1.74
2016-06-24,DGS10,US 10Y Yield,1.57
2016-06-27,DGS10,US 10Y Yield,1.46
2016-06-28,DGS10,US 10Y Yield,1.46
2016-06-29,DGS10,US 10Y Yield,1.5
2016-06-30,DGS10,US 10Y Yield,1.49
2016-07-01,DGS10,US 10Y Yield,1.46
2016-07-05,DGS10,US 10Y Yield,1.37
2016-07-06,DGS10,US 10Y Yield,1.38
2016-07-07,DGS10,US 10Y Yield,1.4
2016-07-08,DGS10,US 10Y Yield,1.37
2016-07-11,DGS10,US 10Y Yield,1.43
2016-07-12,DGS10,US 10Y Yield,1.53
2016-07-13,DGS10,US 10Y Yield,1.48
2016-07-14,DGS10,US 10Y Yield,1.53
2016-07-15,DGS10,US 10Y Yield,1.6
2016-07-18,DGS10,US 10Y Yield,1.59
2016-07-19,DGS10,US 10Y Yield,1.56
2016-07-20,DGS10,US 10Y Yield,1.59
2016-07-21,DGS10,US 10Y Yield,1.57
2016-07-22,DGS10,US 10Y Yield,1.57
2016-07-25,DGS10,US 10Y Yield,1.58
2016-07-26,DGS10,US 10Y Yield,1.57
2016-07-27,DGS10,US 10Y Yield,1.52
2016-07-28,DGS10,US 10Y Yield,1.52
2016-07-29,DGS10,US 10Y Yield,1.46
2016-08-01,DGS10,US 10Y Yield,1.51
2016-08-02,DGS10,US 10Y Yield,1.55
2016-08-03,DGS10,US 10Y Yield,1.55
2016-08-04,DGS10,US 10Y Yield,1.51
2016-08-05,DGS10,US 10Y Yield,1.59
2016-08-08,DGS10,US 10Y Yield,1.59
2016-08-09,DGS10,US 10Y Yield,1.55
2016-08-10,DGS10,US 10Y Yield,1.5
2016-08-11,DGS10,US 10Y Yield,1.57
2016-08-12,DGS10,US 10Y Yield,1.51
2016-08-15,DGS10,US 10Y Yield,1.55
2016-08-16,DGS10,US 10Y Yield,1.57
2016-08-17,DGS10,US 10Y Yield,1.56
2016-08-18,DGS10,US 10Y Yield,1.53
2016-08-19,DGS10,US 10Y Yield,1.58
2016-08-22,DGS10,US 10Y Yield,1.55
2016-08-23,DGS10,US 10Y Yield,1.55
2016-08-24,DGS10,US 10Y Yield,1.56
2016-08-25,DGS10,US 10Y Yield,1.58
2016-08-26,DGS10,US 10Y Yield,1.62
2016-08-29,DGS10,US 10Y Yield,1.57
2016-08-30,DGS10,US 10Y Yield,1.57
2016-08-31,DGS10,US 10Y Yield,1.58
2016-09-01,DGS10,US 10Y Yield,1.57
2016-09-02,DGS10,US 10Y Yield,1.6
2016-09-06,DGS10,US 10Y Yield,1.55
2016-09-07,DGS10,US 10Y Yield,1.54
2016-09-08,DGS10,US 10Y Yield,1.61
2016-09-09,DGS10,US 10Y Yield,1.67
2016-09-12,DGS10,US 10Y Yield,1.68
2016-09-13,DGS10,US 10Y Yield,1.73
2016-09-14,DGS10,US 10Y Yield,1.7
2016-09-15,DGS10,US 10Y Yield,1.71
2016-09-16,DGS10,US 10Y Yield,1.7
2016-09-19,DGS10,US 10Y Yield,1.7
2016-09-20,DGS10,US 10Y Yield,1.69
2016-09-21,DGS10,US 10Y Yield,1.66
2016-09-22,DGS10,US 10Y Yield,1.63
2016-09-23,DGS10,US 10Y Yield,1.62
2016-09-26,DGS10,US 10Y Yield,1.59
2016-09-27,DGS10,US 10Y Yield,1.56
2016-09-28,DGS10,US 10Y Yield,1.57
2016-09-29,DGS10,US 10Y Yield,1.56
2016-09-30,DGS10,US 10Y Yield,1.6
2016-10-03,DGS10,US 10Y Yield,1.63
2016-10-04,DGS10,US 10Y Yield,1.69
2016-10-05,DGS10,US 10Y Yield,1.72
2016-10-06,DGS10,US 10Y Yield,1.75
2016-10-07,DGS10,US 10Y Yield,1.73
2016-10-11,DGS10,US 10Y Yield,1.77
2016-10-12,DGS10,US 10Y Yield,1.79
2016-10-13,DGS10,US 10Y Yield,1.75
2016-10-14,DGS10,US 10Y Yield,1.8
2016-10-17,DGS10,US 10Y Yield,1.77
2016-10-18,DGS10,US 10Y Yield,1.75
2016-10-19,DGS10,US 10Y Yield,1.76
2016-10-20,DGS10,US 10Y Yield,1.76
2016-10-21,DGS10,US 10Y Yield,1.74
2016-10-24,DGS10,US 10Y Yield,1.77
2016-10-25,DGS10,US 10Y Yield,1.77
2016-10-26,DGS10,US 10Y Yield,1.79
2016-10-27,DGS10,US 10Y Yield,1.85
2016-10-28,DGS10,US 10Y Yield,1.86
2016-10-31,DGS10,US 10Y Yield,1.84
2016-11-01,DGS10,US 10Y Yield,1.83
2016-11-02,DGS10,US 10Y Yield,1.81
2016-11-03,DGS10,US 10Y Yield,1.82
2016-11-04,DGS10,US 10Y Yield,1.79
2016-11-07,DGS10,US 10Y Yield,1.83
2016-11-08,DGS10,US 10Y Yield,1.88
2016-11-09,DGS10,US 10Y Yield,2.07
2016-11-10,DGS10,US 10Y Yield,2.15
2016-11-14,DGS10,US 10Y Yield,2.23
2016-11-15,DGS10,US 10Y Yield,2.23
2016-11-16,DGS10,US 10Y Yield,2.22
2016-11-17,DGS10,US 10Y Yield,2.29
2016-11-18,DGS10,US 10Y Yield,2.34
2016-11-21,DGS10,US 10Y Yield,2.33
2016-11-22,DGS10,US 10Y Yield,2.31
2016-11-23,DGS10,US 10Y Yield,2.36
2016-11-25,DGS10,US 10Y Yield,2.36
2016-11-28,DGS10,US 10Y Yield,2.32
2016-11-29,DGS10,US 10Y Yield,2.3
2016-11-30,DGS10,US 10Y Yield,2.37
2016-12-01,DGS10,US 10Y Yield,2.45
2016-12-02,DGS10,US 10Y Yield,2.4
2016-12-05,DGS10,US 10Y Yield,2.39
2016-12-06,DGS10,US 10Y Yield,2.39
2016-12-07,DGS10,US 10Y Yield,2.34
2016-12-08,DGS10,US 10Y Yield,2.4
2016-12-09,DGS10,US 10Y Yield,2.47
2016-12-12,DGS10,US 10Y Yield,2.49
2016-12-13,DGS10,US 10Y Yield,2.48
2016-12-14,DGS10,US 10Y Yield,2.54
2016-12-15,DGS10,US 10Y Yield,2.6
2016-12-16,DGS10,US 10Y Yield,2.6
2016-12-19,DGS10,US 10Y Yield,2.54
2016-12-20,DGS10,US 10Y Yield,2.57
2016-12-21,DGS10,US 10Y Yield,2.55
2016-12-22,DGS10,US 10Y Yield,2.55
2016-12-23,DGS10,US 10Y Yield,2.55
2016-12-27,DGS10,US 10Y Yield,2.57
2016-12-28,DGS10,US 10Y Yield,2.51
2016-12-29,DGS10,US 10Y Yield,2.49
2016-12-30,DGS10,US 10Y Yield,2.45
2017-01-03,DGS10,US 10Y Yield,2.45
2017-01-04,DGS10,US 10Y Yield,2.46
2017-01-05,DGS10,US 10Y Yield,2.37
2017-01-06,DGS10,US 10Y Yield,2.42
2017-01-09,DGS10,US 10Y Yield,2.38
2017-01-10,DGS10,US 10Y Yield,2.38
2017-01-11,DGS10,US 10Y Yield,2.38
2017-01-12,DGS10,US 10Y Yield,2.36
2017-01-13,DGS10,US 10Y Yield,2.4
2017-01-17,DGS10,US 10Y Yield,2.33
2017-01-18,DGS10,US 10Y Yield,2.42
2017-01-19,DGS10,US 10Y Yield,2.47
2017-01-20,DGS10,US 10Y Yield,2.48
2017-01-23,DGS10,US 10Y Yield,2.41
2017-01-24,DGS10,US 10Y Yield,2.47
2017-01-25,DGS10,US 10Y Yield,2.53
2017-01-26,DGS10,US 10Y Yield,2.51
2017-01-27,DGS10,US 10Y Yield,2.49
2017-01-30,DGS10,US 10Y Yield,2.49
2017-01-31,DGS10,US 10Y Yield,2.45
2017-02-01,DGS10,US 10Y Yield,2.48
2017-02-02,DGS10,US 10Y Yield,2.48
2017-02-03,DGS10,US 10Y Yield,2.49
2017-02-06,DGS10,US 10Y Yield,2.42
2017-02-07,DGS10,US 10Y Yield,2.4
2017-02-08,DGS10,US 10Y Yield,2.34
2017-02-09,DGS10,US 10Y Yield,2.4
2017-02-10,DGS10,US 10Y Yield,2.41
2017-02-13,DGS10,US 10Y Yield,2.43
2017-02-14,DGS10,US 10Y Yield,2.47
2017-02-15,DGS10,US 10Y Yield,2.51
2017-02-16,DGS10,US 10Y Yield,2.45
2017-02-17,DGS10,US 10Y Yield,2.42
2017-02-21,DGS10,US 10Y Yield,2.43
2017-02-22,DGS10,US 10Y Yield,2.42
2017-02-23,DGS10,US 10Y Yield,2.38
2017-02-24,DGS10,US 10Y Yield,2.31
2017-02-27,DGS10,US 10Y Yield,2.36
2017-02-28,DGS10,US 10Y Yield,2.36
2017-03-01,DGS10,US 10Y Yield,2.46
2017-03-02,DGS10,US 10Y Yield,2.49
2017-03-03,DGS10,US 10Y Yield,2.49
2017-03-06,DGS10,US 10Y Yield,2.49
2017-03-07,DGS10,US 10Y Yield,2.52
2017-03-08,DGS10,US 10Y Yield,2.57
2017-03-09,DGS10,US 10Y Yield,2.6
2017-03-10,DGS10,US 10Y Yield,2.58
2017-03-13,DGS10,US 10Y Yield,2.62
2017-03-14,DGS10,US 10Y Yield,2.6
2017-03-15,DGS10,US 10Y Yield,2.51
2017-03-16,DGS10,US 10Y Yield,2.53
2017-03-17,DGS10,US 10Y Yield,2.5
2017-03-20,DGS10,US 10Y Yield,2.47
2017-03-21,DGS10,US 10Y Yield,2.43
2017-03-22,DGS10,US 10Y Yield,2.4
2017-03-23,DGS10,US 10Y Yield,2.41
2017-03-24,DGS10,US 10Y Yield,2.4
2017-03-27,DGS10,US 10Y Yield,2.38
2017-03-28,DGS10,US 10Y Yield,2.42
2017-03-29,DGS10,US 10Y Yield,2.39
2017-03-30,DGS10,US 10Y Yield,2.42
2017-03-31,DGS10,US 10Y Yield,2.4
2017-04-03,DGS10,US 10Y Yield,2.35
2017-04-04,DGS10,US 10Y Yield,2.36
2017-04-05,DGS10,US 10Y Yield,2.34
2017-04-06,DGS10,US 10Y Yield,2.34
2017-04-07,DGS10,US 10Y Yield,2.38
2017-04-10,DGS10,US 10Y Yield,2.37
2017-04-11,DGS10,US 10Y Yield,2.32
2017-04-12,DGS10,US 10Y Yield,2.28
2017-04-13,DGS10,US 10Y Yield,2.24
2017-04-17,DGS10,US 10Y Yield,2.26
2017-04-18,DGS10,US 10Y Yield,2.18
2017-04-19,DGS10,US 10Y Yield,2.21
2017-04-20,DGS10,US 10Y Yield,2.24
2017-04-21,DGS10,US 10Y Yield,2.24
2017-04-24,DGS10,US 10Y Yield,2.28
2017-04-25,DGS10,US 10Y Yield,2.35
2017-04-26,DGS10,US 10Y Yield,2.32
2017-04-27,DGS10,US 10Y Yield,2.3
2017-04-28,DGS10,US 10Y Yield,2.29
2017-05-01,DGS10,US 10Y Yield,2.33
2017-05-02,DGS10,US 10Y Yield,2.29
2017-05-03,DGS10,US 10Y Yield,2.33
2017-05-04,DGS10,US 10Y Yield,2.36
2017-05-05,DGS10,US 10Y Yield,2.36
2017-05-08,DGS10,US 10Y Yield,2.39
2017-05-09,DGS10,US 10Y Yield,2.42
2017-05-10,DGS10,US 10Y Yield,2.41
2017-05-11,DGS10,US 10Y Yield,2.39
2017-05-12,DGS10,US 10Y Yield,2.33
2017-05-15,DGS10,US 10Y Yield,2.34
2017-05-16,DGS10,US 10Y Yield,2.33
2017-05-17,DGS10,US 10Y Yield,2.22
2017-05-18,DGS10,US 10Y Yield,2.23
2017-05-19,DGS10,US 10Y Yield,2.23
2017-05-22,DGS10,US 10Y Yield,2.25
2017-05-23,DGS10,US 10Y Yield,2.29
2017-05-24,DGS10,US 10Y Yield,2.26
2017-05-25,DGS10,US 10Y Yield,2.25
2017-05-26,DGS10,US 10Y Yield,2.25
2017-05-30,DGS10,US 10Y Yield,2.21
2017-05-31,DGS10,US 10Y Yield,2.21
2017-06-01,DGS10,US 10Y Yield,2.21
2017-06-02,DGS10,US 10Y Yield,2.15
2017-06-05,DGS10,US 10Y Yield,2.18
2017-06-06,DGS10,US 10Y Yield,2.14
2017-06-07,DGS10,US 10Y Yield,2.18
2017-06-08,DGS10,US 10Y Yield,2.19
2017-06-09,DGS10,US 10Y Yield,2.21
2017-06-12,DGS10,US 10Y Yield,2.21
2017-06-13,DGS10,US 10Y Yield,2.21
2017-06-14,DGS10,US 10Y Yield,2.15
2017-06-15,DGS10,US 10Y Yield,2.16
2017-06-16,DGS10,US 10Y Yield,2.16
2017-06-19,DGS10,US 10Y Yield,2.19
2017-06-20,DGS10,US 10Y Yield,2.16
2017-06-21,DGS10,US 10Y Yield,2.16
2017-06-22,DGS10,US 10Y Yield,2.15
2017-06-23,DGS10,US 10Y Yield,2.15
2017-06-26,DGS10,US 10Y Yield,2.14
2017-06-27,DGS10,US 10Y Yield,2.21
2017-06-28,DGS10,US 10Y Yield,2.22
2017-06-29,DGS10,US 10Y Yield,2.27
2017-06-30,DGS10,US 10Y Yield,2.31
2017-07-03,DGS10,US 10Y Yield,2.35
2017-07-05,DGS10,US 10Y Yield,2.33
2017-07-06,DGS10,US 10Y Yield,2.37
2017-07-07,DGS10,US 10Y Yield,2.39
2017-07-10,DGS10,US 10Y Yield,2.38
2017-07-11,DGS10,US 10Y Yield,2.37
2017-07-12,DGS10,US 10Y Yield,2.33
2017-07-13,DGS10,US 10Y Yield,2.35
2017-07-14,DGS10,US 10Y Yield,2.33
2017-07-17,DGS10,US 10Y Yield,2.31
2017-07-18,DGS10,US 10Y Yield,2.27
2017-07-19,DGS10,US 10Y Yield,2.27
2017-07-20,DGS10,US 10Y Yield,2.27
2017-07-21,DGS10,US 10Y Yield,2.24
2017-07-24,DGS10,US 10Y Yield,2.26
2017-07-25,DGS10,US 10Y Yield,2.33
2017-07-26,DGS10,US 10Y Yield,2.29
2017-07-27,DGS10,US 10Y Yield,2.32
2017-07-28,DGS10,US 10Y Yield,2.3
2017-07-31,DGS10,US 10Y Yield,2.3
2017-08-01,DGS10,US 10Y Yield,2.26
2017-08-02,DGS10,US 10Y Yield,2.27
2017-08-03,DGS10,US 10Y Yield,2.24
2017-08-04,DGS10,US 10Y Yield,2.27
2017-08-07,DGS10,US 10Y Yield,2.26
2017-08-08,DGS10,US 10Y Yield,2.29
2017-08-09,DGS10,US 10Y Yield,2.24
2017-08-10,DGS10,US 10Y Yield,2.2
2017-08-11,DGS10,US 10Y Yield,2.19
2017-08-14,DGS10,US 10Y Yield,2.22
2017-08-15,DGS10,US 10Y Yield,2.27
2017-08-16,DGS10,US 10Y Yield,2.23
2017-08-17,DGS10,US 10Y Yield,2.19
2017-08-18,DGS10,US 10Y Yield,2.19
2017-08-21,DGS10,US 10Y Yield,2.18
2017-08-22,DGS10,US 10Y Yield,2.22
2017-08-23,DGS10,US 10Y Yield,2.17
2017-08-24,DGS10,US 10Y Yield,2.19
2017-08-25,DGS10,US 10Y Yield,2.17
2017-08-28,DGS10,US 10Y Yield,2.16
2017-08-29,DGS10,US 10Y Yield,2.13
2017-08-30,DGS10,US 10Y Yield,2.15
2017-08-31,DGS10,US 10Y Yield,2.12
2017-09-01,DGS10,US 10Y Yield,2.16
2017-09-05,DGS10,US 10Y Yield,2.07
2017-09-06,DGS10,US 10Y Yield,2.1
2017-09-07,DGS10,US 10Y Yield,2.05
2017-09-08,DGS10,US 10Y Yield,2.06
2017-09-11,DGS10,US 10Y Yield,2.14
2017-09-12,DGS10,US 10Y Yield,2.17
2017-09-13,DGS10,US 10Y Yield,2.2
2017-09-14,DGS10,US 10Y Yield,2.2
2017-09-15,DGS10,US 10Y Yield,2.2
2017-09-18,DGS10,US 10Y Yield,2.23
2017-09-19,DGS10,US 10Y Yield,2.24
2017-09-20,DGS10,US 10Y Yield,2.28
2017-09-21,DGS10,US 10Y Yield,2.27
2017-09-22,DGS10,US 10Y Yield,2.26
2017-09-25,DGS10,US 10Y Yield,2.22
2017-09-26,DGS10,US 10Y Yield,2.24
2017-09-27,DGS10,US 10Y Yield,2.31
2017-09-28,DGS10,US 10Y Yield,2.31
2017-09-29,DGS10,US 10Y Yield,2.33
2017-10-02,DGS10,US 10Y Yield,2.34
2017-10-03,DGS10,US 10Y Yield,2.33
2017-10-04,DGS10,US 10Y Yield,2.33
2017-10-05,DGS10,US 10Y Yield,2.35
2017-10-06,DGS10,US 10Y Yield,2.37
2017-10-10,DGS10,US 10Y Yield,2.35
2017-10-11,DGS10,US 10Y Yield,2.35
2017-10-12,DGS10,US 10Y Yield,2.33
2017-10-13,DGS10,US 10Y Yield,2.28
2017-10-16,DGS10,US 10Y Yield,2.3
2017-10-17,DGS10,US 10Y Yield,2.3
2017-10-18,DGS10,US 10Y Yield,2.34
2017-10-19,DGS10,US 10Y Yield,2.33
2017-10-20,DGS10,US 10Y Yield,2.39
2017-10-23,DGS10,US 10Y Yield,2.38
2017-10-24,DGS10,US 10Y Yield,2.42
2017-10-25,DGS10,US 10Y Yield,2.44
2017-10-26,DGS10,US 10Y Yield,2.46
2017-10-27,DGS10,US 10Y Yield,2.42
2017-10-30,DGS10,US 10Y Yield,2.37
2017-10-31,DGS10,US 10Y Yield,2.38
2017-11-01,DGS10,US 10Y Yield,2.37
2017-11-02,DGS10,US 10Y Yield,2.35
2017-11-03,DGS10,US 10Y Yield,2.34
2017-11-06,DGS10,US 10Y Yield,2.32
2017-11-07,DGS10,US 10Y Yield,2.32
2017-11-08,DGS10,US 10Y Yield,2.32
2017-11-09,DGS10,US 10Y Yield,2.33
2017-11-10,DGS10,US 10Y Yield,2.4
2017-11-13,DGS10,US 10Y Yield,2.4
2017-11-14,DGS10,US 10Y Yield,2.38
2017-11-15,DGS10,US 10Y Yield,2.33
2017-11-16,DGS10,US 10Y Yield,2.37
2017-11-17,DGS10,US 10Y Yield,2.35
2017-11-20,DGS10,US 10Y Yield,2.37
2017-11-21,DGS10,US 10Y Yield,2.36
2017-11-22,DGS10,US 10Y Yield,2.32
2017-11-24,DGS10,US 10Y Yield,2.34
2017-11-27,DGS10,US 10Y Yield,2.32
2017-11-28,DGS10,US 10Y Yield,2.34
2017-11-29,DGS10,US 10Y Yield,2.37
2017-11-30,DGS10,US 10Y Yield,2.42
2017-12-01,DGS10,US 10Y Yield,2.37
2017-12-04,DGS10,US 10Y Yield,2.37
2017-12-05,DGS10,US 10Y Yield,2.36
2017-12-06,DGS10,US 10Y Yield,2.33
2017-12-07,DGS10,US 10Y Yield,2.37
2017-12-08,DGS10,US 10Y Yield,2.38
2017-12-11,DGS10,US 10Y Yield,2.39
2017-12-12,DGS10,US 10Y Yield,2.4
2017-12-13,DGS10,US 10Y Yield,2.36
2017-12-14,DGS10,US 10Y Yield,2.35
2017-12-15,DGS10,US 10Y Yield,2.35
2017-12-18,DGS10,US 10Y Yield,2.39
2017-12-19,DGS10,US 10Y Yield,2.46
2017-12-20,DGS10,US 10Y Yield,2.49
2017-12-21,DGS10,US 10Y Yield,2.48
2017-12-22,DGS10,US 10Y Yield,2.48
2017-12-26,DGS10,US 10Y Yield,2.47
2017-12-27,DGS10,US 10Y Yield,2.42
2017-12-28,DGS10,US 10Y Yield,2.43
2017-12-29,DGS10,US 10Y Yield,2.4
2018-01-02,DGS10,US 10Y Yield,2.46
2018-01-03,DGS10,US 10Y Yield,2.44
2018-01-04,DGS10,US 10Y Yield,2.46
2018-01-05,DGS10,US 10Y Yield,2.47
2018-01-08,DGS10,US 10Y Yield,2.49
2018-01-09,DGS10,US 10Y Yield,2.55
2018-01-10,DGS10,US 10Y Yield,2.55
2018-01-11,DGS10,US 10Y Yield,2.54
2018-01-12,DGS10,US 10Y Yield,2.55
2018-01-16,DGS10,US 10Y Yield,2.54
2018-01-17,DGS10,US 10Y Yield,2.57
2018-01-18,DGS10,US 10Y Yield,2.62
2018-01-19,DGS10,US 10Y Yield,2.64
2018-01-22,DGS10,US 10Y Yield,2.66
2018-01-23,DGS10,US 10Y Yield,2.63
2018-01-24,DGS10,US 10Y Yield,2.65
2018-01-25,DGS10,US 10Y Yield,2.63
2018-01-26,DGS10,US 10Y Yield,2.66
2018-01-29,DGS10,US 10Y Yield,2.7
2018-01-30,DGS10,US 10Y Yield,2.73
2018-01-31,DGS10,US 10Y Yield,2.72
2018-02-01,DGS10,US 10Y Yield,2.78
2018-02-02,DGS10,US 10Y Yield,2.84
2018-02-05,DGS10,US 10Y Yield,2.77
2018-02-06,DGS10,US 10Y Yield,2.79
2018-02-07,DGS10,US 10Y Yield,2.84
2018-02-08,DGS10,US 10Y Yield,2.85
2018-02-09,DGS10,US 10Y Yield,2.83
2018-02-12,DGS10,US 10Y Yield,2.86
2018-02-13,DGS10,US 10Y Yield,2.83
2018-02-14,DGS10,US 10Y Yield,2.91
2018-02-15,DGS10,US 10Y Yield,2.9
2018-02-16,DGS10,US 10Y Yield,2.87
2018-02-20,DGS10,US 10Y Yield,2.88
2018-02-21,DGS10,US 10Y Yield,2.94
2018-02-22,DGS10,US 10Y Yield,2.92
2018-02-23,DGS10,US 10Y Yield,2.88
2018-02-26,DGS10,US 10Y Yield,2.86
2018-02-27,DGS10,US 10Y Yield,2.9
2018-02-28,DGS10,US 10Y Yield,2.87
2018-03-01,DGS10,US 10Y Yield,2.81
2018-03-02,DGS10,US 10Y Yield,2.86
2018-03-05,DGS10,US 10Y Yield,2.88
2018-03-06,DGS10,US 10Y Yield,2.88
2018-03-07,DGS10,US 10Y Yield,2.89
2018-03-08,DGS10,US 10Y Yield,2.86
2018-03-09,DGS10,US 10Y Yield,2.9
2018-03-12,DGS10,US 10Y Yield,2.87
2018-03-13,DGS10,US 10Y Yield,2.84
2018-03-14,DGS10,US 10Y Yield,2.81
2018-03-15,DGS10,US 10Y Yield,2.82
2018-03-16,DGS10,US 10Y Yield,2.85
2018-03-19,DGS10,US 10Y Yield,2.85
2018-03-20,DGS10,US 10Y Yield,2.89
2018-03-21,DGS10,US 10Y Yield,2.89
2018-03-22,DGS10,US 10Y Yield,2.83
2018-03-23,DGS10,US 10Y Yield,2.82
2018-03-26,DGS10,US 10Y Yield,2.85
2018-03-27,DGS10,US 10Y Yield,2.78
2018-03-28,DGS10,US 10Y Yield,2.77
2018-03-29,DGS10,US 10Y Yield,2.74
2018-04-02,DGS10,US 10Y Yield,2.73
2018-04-03,DGS10,US 10Y Yield,2.79
2018-04-04,DGS10,US 10Y Yield,2.79
2018-04-05,DGS10,US 10Y Yield,2.83
2018-04-06,DGS10,US 10Y Yield,2.77
2018-04-09,DGS10,US 10Y Yield,2.78
2018-04-10,DGS10,US 10Y Yield,2.8
2018-04-11,DGS10,US 10Y Yield,2.79
2018-04-12,DGS10,US 10Y Yield,2.83
2018-04-13,DGS10,US 10Y Yield,2.82
2018-04-16,DGS10,US 10Y Yield,2.83
2018-04-17,DGS10,US 10Y Yield,2.82
2018-04-18,DGS10,US 10Y Yield,2.87
2018-04-19,DGS10,US 10Y Yield,2.92
2018-04-20,DGS10,US 10Y Yield,2.96
2018-04-23,DGS10,US 10Y Yield,2.98
2018-04-24,DGS10,US 10Y Yield,3.0
2018-04-25,DGS10,US 10Y Yield,3.03
2018-04-26,DGS10,US 10Y Yield,3.0
2018-04-27,DGS10,US 10Y Yield,2.96
2018-04-30,DGS10,US 10Y Yield,2.95
2018-05-01,DGS10,US 10Y Yield,2.97
2018-05-02,DGS10,US 10Y Yield,2.97
2018-05-03,DGS10,US 10Y Yield,2.94
2018-05-04,DGS10,US 10Y Yield,2.95
2018-05-07,DGS10,US 10Y Yield,2.95
2018-05-08,DGS10,US 10Y Yield,2.97
2018-05-09,DGS10,US 10Y Yield,3.0
2018-05-10,DGS10,US 10Y Yield,2.97
2018-05-11,DGS10,US 10Y Yield,2.97
2018-05-14,DGS10,US 10Y Yield,3.0
2018-05-15,DGS10,US 10Y Yield,3.08
2018-05-16,DGS10,US 10Y Yield,3.09
2018-05-17,DGS10,US 10Y Yield,3.11
2018-05-18,DGS10,US 10Y Yield,3.06
2018-05-21,DGS10,US 10Y Yield,3.06
2018-05-22,DGS10,US 10Y Yield,3.06
2018-05-23,DGS10,US 10Y Yield,3.01
2018-05-24,DGS10,US 10Y Yield,2.98
2018-05-25,DGS10,US 10Y Yield,2.93
2018-05-29,DGS10,US 10Y Yield,2.77
2018-05-30,DGS10,US 10Y Yield,2.84
2018-05-31,DGS10,US 10Y Yield,2.83
2018-06-01,DGS10,US 10Y Yield,2.89
2018-06-04,DGS10,US 10Y Yield,2.94
2018-06-05,DGS10,US 10Y Yield,2.92
2018-06-06,DGS10,US 10Y Yield,2.97
2018-06-07,DGS10,US 10Y Yield,2.93
2018-06-08,DGS10,US 10Y Yield,2.93
2018-06-11,DGS10,US 10Y Yield,2.96
2018-06-12,DGS10,US 10Y Yield,2.96
2018-06-13,DGS10,US 10Y Yield,2.98
2018-06-14,DGS10,US 10Y Yield,2.94
2018-06-15,DGS10,US 10Y Yield,2.93
2018-06-18,DGS10,US 10Y Yield,2.92
2018-06-19,DGS10,US 10Y Yield,2.89
2018-06-20,DGS10,US 10Y Yield,2.93
2018-06-21,DGS10,US 10Y Yield,2.9
2018-06-22,DGS10,US 10Y Yield,2.9
2018-06-25,DGS10,US 10Y Yield,2.87
2018-06-26,DGS10,US 10Y Yield,2.88
2018-06-27,DGS10,US 10Y Yield,2.83
2018-06-28,DGS10,US 10Y Yield,2.84
2018-06-29,DGS10,US 10Y Yield,2.85
2018-07-02,DGS10,US 10Y Yield,2.87
2018-07-03,DGS10,US 10Y Yield,2.83
2018-07-05,DGS10,US 10Y Yield,2.84
2018-07-06,DGS10,US 10Y Yield,2.82
2018-07-09,DGS10,US 10Y Yield,2.86
2018-07-10,DGS10,US 10Y Yield,2.87
2018-07-11,DGS10,US 10Y Yield,2.85
2018-07-12,DGS10,US 10Y Yield,2.85
2018-07-13,DGS10,US 10Y Yield,2.83
2018-07-16,DGS10,US 10Y Yield,2.85
2018-07-17,DGS10,US 10Y Yield,2.86
2018-07-18,DGS10,US 10Y Yield,2.88
2018-07-19,DGS10,US 10Y Yield,2.84
2018-07-20,DGS10,US 10Y Yield,2.89
2018-07-23,DGS10,US 10Y Yield,2.96
2018-07-24,DGS10,US 10Y Yield,2.95
2018-07-25,DGS10,US 10Y Yield,2.94
2018-07-26,DGS10,US 10Y Yield,2.98
2018-07-27,DGS10,US 10Y Yield,2.96
2018-07-30,DGS10,US 10Y Yield,2.98
2018-07-31,DGS10,US 10Y Yield,2.96
2018-08-01,DGS10,US 10Y Yield,3.0
2018-08-02,DGS10,US 10Y Yield,2.98
2018-08-03,DGS10,US 10Y Yield,2.95
2018-08-06,DGS10,US 10Y Yield,2.94
2018-08-07,DGS10,US 10Y Yield,2.98
2018-08-08,DGS10,US 10Y Yield,2.96
2018-08-09,DGS10,US 10Y Yield,2.93
2018-08-10,DGS10,US 10Y Yield,2.87
2018-08-13,DGS10,US 10Y Yield,2.88
2018-08-14,DGS10,US 10Y Yield,2.89
2018-08-15,DGS10,US 10Y Yield,2.86
2018-08-16,DGS10,US 10Y Yield,2.87
2018-08-17,DGS10,US 10Y Yield,2.87
2018-08-20,DGS10,US 10Y Yield,2.82
2018-08-21,DGS10,US 10Y Yield,2.85
2018-08-22,DGS10,US 10Y Yield,2.82
2018-08-23,DGS10,US 10Y Yield,2.82
2018-08-24,DGS10,US 10Y Yield,2.82
2018-08-27,DGS10,US 10Y Yield,2.85
2018-08-28,DGS10,US 10Y Yield,2.88
2018-08-29,DGS10,US 10Y Yield,2.89
2018-08-30,DGS10,US 10Y Yield,2.86
2018-08-31,DGS10,US 10Y Yield,2.86
2018-09-04,DGS10,US 10Y Yield,2.9
2018-09-05,DGS10,US 10Y Yield,2.9
2018-09-06,DGS10,US 10Y Yield,2.88
2018-09-07,DGS10,US 10Y Yield,2.94
2018-09-10,DGS10,US 10Y Yield,2.94
2018-09-11,DGS10,US 10Y Yield,2.98
2018-09-12,DGS10,US 10Y Yield,2.97
2018-09-13,DGS10,US 10Y Yield,2.97
2018-09-14,DGS10,US 10Y Yield,2.99
2018-09-17,DGS10,US 10Y Yield,2.99
2018-09-18,DGS10,US 10Y Yield,3.05
2018-09-19,DGS10,US 10Y Yield,3.08
2018-09-20,DGS10,US 10Y Yield,3.07
2018-09-21,DGS10,US 10Y Yield,3.07
2018-09-24,DGS10,US 10Y Yield,3.08
2018-09-25,DGS10,US 10Y Yield,3.1
2018-09-26,DGS10,US 10Y Yield,3.06
2018-09-27,DGS10,US 10Y Yield,3.06
2018-09-28,DGS10,US 10Y Yield,3.05
2018-10-01,DGS10,US 10Y Yield,3.09
2018-10-02,DGS10,US 10Y Yield,3.05
2018-10-03,DGS10,US 10Y Yield,3.15
2018-10-04,DGS10,US 10Y Yield,3.19
2018-10-05,DGS10,US 10Y Yield,3.23
2018-10-09,DGS10,US 10Y Yield,3.21
2018-10-10,DGS10,US 10Y Yield,3.22
2018-10-11,DGS10,US 10Y Yield,3.14
2018-10-12,DGS10,US 10Y Yield,3.15
2018-10-15,DGS10,US 10Y Yield,3.16
2018-10-16,DGS10,US 10Y Yield,3.16
2018-10-17,DGS10,US 10Y Yield,3.19
2018-10-18,DGS10,US 10Y Yield,3.17
2018-10-19,DGS10,US 10Y Yield,3.2
2018-10-22,DGS10,US 10Y Yield,3.2
2018-10-23,DGS10,US 10Y Yield,3.17
2018-10-24,DGS10,US 10Y Yield,3.1
2018-10-25,DGS10,US 10Y Yield,3.14
2018-10-26,DGS10,US 10Y Yield,3.08
2018-10-29,DGS10,US 10Y Yield,3.08
2018-10-30,DGS10,US 10Y Yield,3.12
2018-10-31,DGS10,US 10Y Yield,3.15
2018-11-01,DGS10,US 10Y Yield,3.14
2018-11-02,DGS10,US 10Y Yield,3.22
2018-11-05,DGS10,US 10Y Yield,3.2
2018-11-06,DGS10,US 10Y Yield,3.22
2018-11-07,DGS10,US 10Y Yield,3.22
2018-11-08,DGS10,US 10Y Yield,3.24
2018-11-09,DGS10,US 10Y Yield,3.19
2018-11-13,DGS10,US 10Y Yield,3.14
2018-11-14,DGS10,US 10Y Yield,3.12
2018-11-15,DGS10,US 10Y Yield,3.11
2018-11-16,DGS10,US 10Y Yield,3.08
2018-11-19,DGS10,US 10Y Yield,3.06
2018-11-20,DGS10,US 10Y Yield,3.06
2018-11-21,DGS10,US 10Y Yield,3.06
2018-11-23,DGS10,US 10Y Yield,3.05
2018-11-26,DGS10,US 10Y Yield,3.07
2018-11-27,DGS10,US 10Y Yield,3.06
2018-11-28,DGS10,US 10Y Yield,3.06
2018-11-29,DGS10,US 10Y Yield,3.03
2018-11-30,DGS10,US 10Y Yield,3.01
2018-12-03,DGS10,US 10Y Yield,2.98
2018-12-04,DGS10,US 10Y Yield,2.91
2018-12-06,DGS10,US 10Y Yield,2.87
2018-12-07,DGS10,US 10Y Yield,2.85
2018-12-10,DGS10,US 10Y Yield,2.85
2018-12-11,DGS10,US 10Y Yield,2.89
2018-12-12,DGS10,US 10Y Yield,2.91
2018-12-13,DGS10,US 10Y Yield,2.91
2018-12-14,DGS10,US 10Y Yield,2.89
2018-12-17,DGS10,US 10Y Yield,2.86
2018-12-18,DGS10,US 10Y Yield,2.82
2018-12-19,DGS10,US 10Y Yield,2.77
2018-12-20,DGS10,US 10Y Yield,2.79
2018-12-21,DGS10,US 10Y Yield,2.79
2018-12-24,DGS10,US 10Y Yield,2.74
2018-12-26,DGS10,US 10Y Yield,2.81
2018-12-27,DGS10,US 10Y Yield,2.77
2018-12-28,DGS10,US 10Y Yield,2.72
2018-12-31,DGS10,US 10Y Yield,2.69
2019-01-02,DGS10,US 10Y Yield,2.66
2019-01-03,DGS10,US 10Y Yield,2.56
2019-01-04,DGS10,US 10Y Yield,2.67
2019-01-07,DGS10,US 10Y Yield,2.7
2019-01-08,DGS10,US 10Y Yield,2.73
2019-01-09,DGS10,US 10Y Yield,2.74
2019-01-10,DGS10,US 10Y Yield,2.74
2019-01-11,DGS10,US 10Y Yield,2.71
2019-01-14,DGS10,US 10Y Yield,2.71
2019-01-15,DGS10,US 10Y Yield,2.72
2019-01-16,DGS10,US 10Y Yield,2.73
2019-01-17,DGS10,US 10Y Yield,2.75
2019-01-18,DGS10,US 10Y Yield,2.79
2019-01-22,DGS10,US 10Y Yield,2.74
2019-01-23,DGS10,US 10Y Yield,2.76
2019-01-24,DGS10,US 10Y Yield,2.72
2019-01-25,DGS10,US 10Y Yield,2.76
2019-01-28,DGS10,US 10Y Yield,2.75
2019-01-29,DGS10,US 10Y Yield,2.72
2019-01-30,DGS10,US 10Y Yield,2.7
2019-01-31,DGS10,US 10Y Yield,2.63
2019-02-01,DGS10,US 10Y Yield,2.7
2019-02-04,DGS10,US 10Y Yield,2.73
2019-02-05,DGS10,US 10Y Yield,2.71
2019-02-06,DGS10,US 10Y Yield,2.7
2019-02-07,DGS10,US 10Y Yield,2.65
2019-02-08,DGS10,US 10Y Yield,2.63
2019-02-11,DGS10,US 10Y Yield,2.65
2019-02-12,DGS10,US 10Y Yield,2.68
2019-02-13,DGS10,US 10Y Yield,2.71
2019-02-14,DGS10,US 10Y Yield,2.66
2019-02-15,DGS10,US 10Y Yield,2.66
2019-02-19,DGS10,US 10Y Yield,2.65
2019-02-20,DGS10,US 10Y Yield,2.65
2019-02-21,DGS10,US 10Y Yield,2.69
2019-02-22,DGS10,US 10Y Yield,2.65
2019-02-25,DGS10,US 10Y Yield,2.67
2019-02-26,DGS10,US 10Y Yield,2.64
2019-02-27,DGS10,US 10Y Yield,2.69
2019-02-28,DGS10,US 10Y Yield,2.73
2019-03-01,DGS10,US 10Y Yield,2.76
2019-03-04,DGS10,US 10Y Yield,2.72
2019-03-05,DGS10,US 10Y Yield,2.72
2019-03-06,DGS10,US 10Y Yield,2.69
2019-03-07,DGS10,US 10Y Yield,2.64
2019-03-08,DGS10,US 10Y Yield,2.62
2019-03-11,DGS10,US 10Y Yield,2.64
2019-03-12,DGS10,US 10Y Yield,2.61
2019-03-13,DGS10,US 10Y Yield,2.61
2019-03-14,DGS10,US 10Y Yield,2.63
2019-03-15,DGS10,US 10Y Yield,2.59
2019-03-18,DGS10,US 10Y Yield,2.6
2019-03-19,DGS10,US 10Y Yield,2.61
2019-03-20,DGS10,US 10Y Yield,2.54
2019-03-21,DGS10,US 10Y Yield,2.54
2019-03-22,DGS10,US 10Y Yield,2.44
2019-03-25,DGS10,US 10Y Yield,2.43
2019-03-26,DGS10,US 10Y Yield,2.41
2019-03-27,DGS10,US 10Y Yield,2.39
2019-03-28,DGS10,US 10Y Yield,2.39
2019-03-29,DGS10,US 10Y Yield,2.41
2019-04-01,DGS10,US 10Y Yield,2.49
2019-04-02,DGS10,US 10Y Yield,2.48
2019-04-03,DGS10,US 10Y Yield,2.52
2019-04-04,DGS10,US 10Y Yield,2.51
2019-04-05,DGS10,US 10Y Yield,2.5
2019-04-08,DGS10,US 10Y Yield,2.52
2019-04-09,DGS10,US 10Y Yield,2.51
2019-04-10,DGS10,US 10Y Yield,2.48
2019-04-11,DGS10,US 10Y Yield,2.51
2019-04-12,DGS10,US 10Y Yield,2.56
2019-04-15,DGS10,US 10Y Yield,2.55
2019-04-16,DGS10,US 10Y Yield,2.6
2019-04-17,DGS10,US 10Y Yield,2.59
2019-04-18,DGS10,US 10Y Yield,2.57
2019-04-22,DGS10,US 10Y Yield,2.59
2019-04-23,DGS10,US 10Y Yield,2.57
2019-04-24,DGS10,US 10Y Yield,2.53
2019-04-25,DGS10,US 10Y Yield,2.54
2019-04-26,DGS10,US 10Y Yield,2.51
2019-04-29,DGS10,US 10Y Yield,2.54
2019-04-30,DGS10,US 10Y Yield,2.51
2019-05-01,DGS10,US 10Y Yield,2.52
2019-05-02,DGS10,US 10Y Yield,2.55
2019-05-03,DGS10,US 10Y Yield,2.54
2019-05-06,DGS10,US 10Y Yield,2.51
2019-05-07,DGS10,US 10Y Yield,2.45
2019-05-08,DGS10,US 10Y Yield,2.49
2019-05-09,DGS10,US 10Y Yield,2.45
2019-05-10,DGS10,US 10Y Yield,2.47
2019-05-13,DGS10,US 10Y Yield,2.4
2019-05-14,DGS10,US 10Y Yield,2.42
2019-05-15,DGS10,US 10Y Yield,2.37
2019-05-16,DGS10,US 10Y Yield,2.4
2019-05-17,DGS10,US 10Y Yield,2.39
2019-05-20,DGS10,US 10Y Yield,2.41
2019-05-21,DGS10,US 10Y Yield,2.43
2019-05-22,DGS10,US 10Y Yield,2.39
2019-05-23,DGS10,US 10Y Yield,2.31
2019-05-24,DGS10,US 10Y Yield,2.32
2019-05-28,DGS10,US 10Y Yield,2.26
2019-05-29,DGS10,US 10Y Yield,2.25
2019-05-30,DGS10,US 10Y Yield,2.22
2019-05-31,DGS10,US 10Y Yield,2.14
2019-06-03,DGS10,US 10Y Yield,2.07
2019-06-04,DGS10,US 10Y Yield,2.12
2019-06-05,DGS10,US 10Y Yield,2.12
2019-06-06,DGS10,US 10Y Yield,2.12
2019-06-07,DGS10,US 10Y Yield,2.09
2019-06-10,DGS10,US 10Y Yield,2.15
2019-06-11,DGS10,US 10Y Yield,2.15
2019-06-12,DGS10,US 10Y Yield,2.13
2019-06-13,DGS10,US 10Y Yield,2.1
2019-06-14,DGS10,US 10Y Yield,2.09
2019-06-17,DGS10,US 10Y Yield,2.09
2019-06-18,DGS10,US 10Y Yield,2.06
2019-06-19,DGS10,US 10Y Yield,2.03
2019-06-20,DGS10,US 10Y Yield,2.01
2019-06-21,DGS10,US 10Y Yield,2.07
2019-06-24,DGS10,US 10Y Yield,2.02
2019-06-25,DGS10,US 10Y Yield,2.0
2019-06-26,DGS10,US 10Y Yield,2.05
2019-06-27,DGS10,US 10Y Yield,2.01
2019-06-28,DGS10,US 10Y Yield,2.0
2019-07-01,DGS10,US 10Y Yield,2.03
2019-07-02,DGS10,US 10Y Yield,1.98
2019-07-03,DGS10,US 10Y Yield,1.96
2019-07-05,DGS10,US 10Y Yield,2.04
2019-07-08,DGS10,US 10Y Yield,2.05
2019-07-09,DGS10,US 10Y Yield,2.07
2019-07-10,DGS10,US 10Y Yield,2.07
2019-07-11,DGS10,US 10Y Yield,2.13
2019-07-12,DGS10,US 10Y Yield,2.12
2019-07-15,DGS10,US 10Y Yield,2.09
2019-07-16,DGS10,US 10Y Yield,2.13
2019-07-17,DGS10,US 10Y Yield,2.06
2019-07-18,DGS10,US 10Y Yield,2.04
2019-07-19,DGS10,US 10Y Yield,2.05
2019-07-22,DGS10,US 10Y Yield,2.05
2019-07-23,DGS10,US 10Y Yield,2.08
2019-07-24,DGS10,US 10Y Yield,2.05
2019-07-25,DGS10,US 10Y Yield,2.08
2019-07-26,DGS10,US 10Y Yield,2.08
2019-07-29,DGS10,US 10Y Yield,2.06
2019-07-30,DGS10,US 10Y Yield,2.06
2019-07-31,DGS10,US 10Y Yield,2.02
2019-08-01,DGS10,US 10Y Yield,1.9
2019-08-02,DGS10,US 10Y Yield,1.86
2019-08-05,DGS10,US 10Y Yield,1.75
2019-08-06,DGS10,US 10Y Yield,1.73
2019-08-07,DGS10,US 10Y Yield,1.71
2019-08-08,DGS10,US 10Y Yield,1.72
2019-08-09,DGS10,US 10Y Yield,1.74
2019-08-12,DGS10,US 10Y Yield,1.65
2019-08-13,DGS10,US 10Y Yield,1.68
2019-08-14,DGS10,US 10Y Yield,1.59
2019-08-15,DGS10,US 10Y Yield,1.52
2019-08-16,DGS10,US 10Y Yield,1.55
2019-08-19,DGS10,US 10Y Yield,1.6
2019-08-20,DGS10,US 10Y Yield,1.55
2019-08-21,DGS10,US 10Y Yield,1.59
2019-08-22,DGS10,US 10Y Yield,1.62
2019-08-23,DGS10,US 10Y Yield,1.52
2019-08-26,DGS10,US 10Y Yield,1.54
2019-08-27,DGS10,US 10Y Yield,1.49
2019-08-28,DGS10,US 10Y Yield,1.47
2019-08-29,DGS10,US 10Y Yield,1.5
2019-08-30,DGS10,US 10Y Yield,1.5
2019-09-03,DGS10,US 10Y Yield,1.47
2019-09-04,DGS10,US 10Y Yield,1.47
2019-09-05,DGS10,US 10Y Yield,1.57
2019-09-06,DGS10,US 10Y Yield,1.55
2019-09-09,DGS10,US 10Y Yield,1.63
2019-09-10,DGS10,US 10Y Yield,1.72
2019-09-11,DGS10,US 10Y Yield,1.75
2019-09-12,DGS10,US 10Y Yield,1.79
2019-09-13,DGS10,US 10Y Yield,1.9
2019-09-16,DGS10,US 10Y Yield,1.84
2019-09-17,DGS10,US 10Y Yield,1.81
2019-09-18,DGS10,US 10Y Yield,1.8
2019-09-19,DGS10,US 10Y Yield,1.79
2019-09-20,DGS10,US 10Y Yield,1.74
2019-09-23,DGS10,US 10Y Yield,1.72
2019-09-24,DGS10,US 10Y Yield,1.64
2019-09-25,DGS10,US 10Y Yield,1.73
2019-09-26,DGS10,US 10Y Yield,1.7
2019-09-27,DGS10,US 10Y Yield,1.69
2019-09-30,DGS10,US 10Y Yield,1.68
2019-10-01,DGS10,US 10Y Yield,1.65
2019-10-02,DGS10,US 10Y Yield,1.6
2019-10-03,DGS10,US 10Y Yield,1.54
2019-10-04,DGS10,US 10Y Yield,1.52
2019-10-07,DGS10,US 10Y Yield,1.56
2019-10-08,DGS10,US 10Y Yield,1.54
2019-10-09,DGS10,US 10Y Yield,1.59
2019-10-10,DGS10,US 10Y Yield,1.67
2019-10-11,DGS10,US 10Y Yield,1.76
2019-10-15,DGS10,US 10Y Yield,1.77
2019-10-16,DGS10,US 10Y Yield,1.75
2019-10-17,DGS10,US 10Y Yield,1.76
2019-10-18,DGS10,US 10Y Yield,1.76
2019-10-21,DGS10,US 10Y Yield,1.8
2019-10-22,DGS10,US 10Y Yield,1.78
2019-10-23,DGS10,US 10Y Yield,1.77
2019-10-24,DGS10,US 10Y Yield,1.77
2019-10-25,DGS10,US 10Y Yield,1.8
2019-10-28,DGS10,US 10Y Yield,1.85
2019-10-29,DGS10,US 10Y Yield,1.84
2019-10-30,DGS10,US 10Y Yield,1.78
2019-10-31,DGS10,US 10Y Yield,1.69
2019-11-01,DGS10,US 10Y Yield,1.73
2019-11-04,DGS10,US 10Y Yield,1.79
2019-11-05,DGS10,US 10Y Yield,1.86
2019-11-06,DGS10,US 10Y Yield,1.81
2019-11-07,DGS10,US 10Y Yield,1.92
2019-11-08,DGS10,US 10Y Yield,1.94
2019-11-12,DGS10,US 10Y Yield,1.92
2019-11-13,DGS10,US 10Y Yield,1.88
2019-11-14,DGS10,US 10Y Yield,1.82
2019-11-15,DGS10,US 10Y Yield,1.84
2019-11-18,DGS10,US 10Y Yield,1.81
2019-11-19,DGS10,US 10Y Yield,1.79
2019-11-20,DGS10,US 10Y Yield,1.73
2019-11-21,DGS10,US 10Y Yield,1.77
2019-11-22,DGS10,US 10Y Yield,1.77
2019-11-25,DGS10,US 10Y Yield,1.76
2019-11-26,DGS10,US 10Y Yield,1.74
2019-11-27,DGS10,US 10Y Yield,1.77
2019-11-29,DGS10,US 10Y Yield,1.78
2019-12-02,DGS10,US 10Y Yield,1.83
2019-12-03,DGS10,US 10Y Yield,1.72
2019-12-04,DGS10,US 10Y Yield,1.77
2019-12-05,DGS10,US 10Y Yield,1.8
2019-12-06,DGS10,US 10Y Yield,1.84
2019-12-09,DGS10,US 10Y Yield,1.83
2019-12-10,DGS10,US 10Y Yield,1.85
2019-12-11,DGS10,US 10Y Yield,1.79
2019-12-12,DGS10,US 10Y Yield,1.9
2019-12-13,DGS10,US 10Y Yield,1.82
2019-12-16,DGS10,US 10Y Yield,1.89
2019-12-17,DGS10,US 10Y Yield,1.89
2019-12-18,DGS10,US 10Y Yield,1.92
2019-12-19,DGS10,US 10Y Yield,1.92
2019-12-20,DGS10,US 10Y Yield,1.92
2019-12-23,DGS10,US 10Y Yield,1.93
2019-12-24,DGS10,US 10Y Yield,1.9
2019-12-26,DGS10,US 10Y Yield,1.9
2019-12-27,DGS10,US 10Y Yield,1.88
2019-12-30,DGS10,US 10Y Yield,1.9
2019-12-31,DGS10,US 10Y Yield,1.92
2020-01-02,DGS10,US 10Y Yield,1.88
2020-01-03,DGS10,US 10Y Yield,1.8
2020-01-06,DGS10,US 10Y Yield,1.81
2020-01-07,DGS10,US 10Y Yield,1.83
2020-01-08,DGS10,US 10Y Yield,1.87
2020-01-09,DGS10,US 10Y Yield,1.85
2020-01-10,DGS10,US 10Y Yield,1.83
2020-01-13,DGS10,US 10Y Yield,1.85
2020-01-14,DGS10,US 10Y Yield,1.82
2020-01-15,DGS10,US 10Y Yield,1.79
2020-01-16,DGS10,US 10Y Yield,1.81
2020-01-17,DGS10,US 10Y Yield,1.84
2020-01-21,DGS10,US 10Y Yield,1.78
2020-01-22,DGS10,US 10Y Yield,1.77
2020-01-23,DGS10,US 10Y Yield,1.74
2020-01-24,DGS10,US 10Y Yield,1.7
2020-01-27,DGS10,US 10Y Yield,1.61
2020-01-28,DGS10,US 10Y Yield,1.65
2020-01-29,DGS10,US 10Y Yield,1.6
2020-01-30,DGS10,US 10Y Yield,1.57
2020-01-31,DGS10,US 10Y Yield,1.51
2020-02-03,DGS10,US 10Y Yield,1.54
2020-02-04,DGS10,US 10Y Yield,1.61
2020-02-05,DGS10,US 10Y Yield,1.66
2020-02-06,DGS10,US 10Y Yield,1.65
2020-02-07,DGS10,US 10Y Yield,1.59
2020-02-10,DGS10,US 10Y Yield,1.56
2020-02-11,DGS10,US 10Y Yield,1.59
2020-02-12,DGS10,US 10Y Yield,1.62
2020-02-13,DGS10,US 10Y Yield,1.61
2020-02-14,DGS10,US 10Y Yield,1.59
2020-02-18,DGS10,US 10Y Yield,1.55
2020-02-19,DGS10,US 10Y Yield,1.56
2020-02-20,DGS10,US 10Y Yield,1.52
2020-02-21,DGS10,US 10Y Yield,1.46
2020-02-24,DGS10,US 10Y Yield,1.38
2020-02-25,DGS10,US 10Y Yield,1.33
2020-02-26,DGS10,US 10Y Yield,1.33
2020-02-27,DGS10,US 10Y Yield,1.3
2020-02-28,DGS10,US 10Y Yield,1.13
2020-03-02,DGS10,US 10Y Yield,1.1
2020-03-03,DGS10,US 10Y Yield,1.02
2020-03-04,DGS10,US 10Y Yield,1.02
2020-03-05,DGS10,US 10Y Yield,0.92
2020-03-06,DGS10,US 10Y Yield,0.74
2020-03-09,DGS10,US 10Y Yield,0.54
2020-03-10,DGS10,US 10Y Yield,0.76
2020-03-11,DGS10,US 10Y Yield,0.82
2020-03-12,DGS10,US 10Y Yield,0.88
2020-03-13,DGS10,US 10Y Yield,0.94
2020-03-16,DGS10,US 10Y Yield,0.73
2020-03-17,DGS10,US 10Y Yield,1.02
2020-03-18,DGS10,US 10Y Yield,1.18
2020-03-19,DGS10,US 10Y Yield,1.12
2020-03-20,DGS10,US 10Y Yield,0.92
2020-03-23,DGS10,US 10Y Yield,0.76
2020-03-24,DGS10,US 10Y Yield,0.84
2020-03-25,DGS10,US 10Y Yield,0.88
2020-03-26,DGS10,US 10Y Yield,0.83
2020-03-27,DGS10,US 10Y Yield,0.72
2020-03-30,DGS10,US 10Y Yield,0.7
2020-03-31,DGS10,US 10Y Yield,0.7
2020-04-01,DGS10,US 10Y Yield,0.62
2020-04-02,DGS10,US 10Y Yield,0.63
2020-04-03,DGS10,US 10Y Yield,0.62
2020-04-06,DGS10,US 10Y Yield,0.67
2020-04-07,DGS10,US 10Y Yield,0.75
2020-04-08,DGS10,US 10Y Yield,0.77
2020-04-09,DGS10,US 10Y Yield,0.73
2020-04-13,DGS10,US 10Y Yield,0.76
2020-04-14,DGS10,US 10Y Yield,0.76
2020-04-15,DGS10,US 10Y Yield,0.63
2020-04-16,DGS10,US 10Y Yield,0.61
2020-04-17,DGS10,US 10Y Yield,0.65
2020-04-20,DGS10,US 10Y Yield,0.63
2020-04-21,DGS10,US 10Y Yield,0.58
2020-04-22,DGS10,US 10Y Yield,0.63
2020-04-23,DGS10,US 10Y Yield,0.61
2020-04-24,DGS10,US 10Y Yield,0.6
2020-04-27,DGS10,US 10Y Yield,0.67
2020-04-28,DGS10,US 10Y Yield,0.62
2020-04-29,DGS10,US 10Y Yield,0.63
2020-04-30,DGS10,US 10Y Yield,0.64
2020-05-01,DGS10,US 10Y Yield,0.64
2020-05-04,DGS10,US 10Y Yield,0.64
2020-05-05,DGS10,US 10Y Yield,0.66
2020-05-06,DGS10,US 10Y Yield,0.72
2020-05-07,DGS10,US 10Y Yield,0.63
2020-05-08,DGS10,US 10Y Yield,0.69
2020-05-11,DGS10,US 10Y Yield,0.73
2020-05-12,DGS10,US 10Y Yield,0.69
2020-05-13,DGS10,US 10Y Yield,0.64
2020-05-14,DGS10,US 10Y Yield,0.63
2020-05-15,DGS10,US 10Y Yield,0.64
2020-05-18,DGS10,US 10Y Yield,0.73
2020-05-19,DGS10,US 10Y Yield,0.7
2020-05-20,DGS10,US 10Y Yield,0.68
2020-05-21,DGS10,US 10Y Yield,0.68
2020-05-22,DGS10,US 10Y Yield,0.66
2020-05-26,DGS10,US 10Y Yield,0.69
2020-05-27,DGS10,US 10Y Yield,0.68
2020-05-28,DGS10,US 10Y Yield,0.7
2020-05-29,DGS10,US 10Y Yield,0.65
2020-06-01,DGS10,US 10Y Yield,0.66
2020-06-02,DGS10,US 10Y Yield,0.68
2020-06-03,DGS10,US 10Y Yield,0.77
2020-06-04,DGS10,US 10Y Yield,0.82
2020-06-05,DGS10,US 10Y Yield,0.91
2020-06-08,DGS10,US 10Y Yield,0.88
2020-06-09,DGS10,US 10Y Yield,0.84
2020-06-10,DGS10,US 10Y Yield,0.75
2020-06-11,DGS10,US 10Y Yield,0.66
2020-06-12,DGS10,US 10Y Yield,0.71
2020-06-15,DGS10,US 10Y Yield,0.71
2020-06-16,DGS10,US 10Y Yield,0.75
2020-06-17,DGS10,US 10Y Yield,0.74
2020-06-18,DGS10,US 10Y Yield,0.71
2020-06-19,DGS10,US 10Y Yield,0.7
2020-06-22,DGS10,US 10Y Yield,0.71
2020-06-23,DGS10,US 10Y Yield,0.72
2020-06-24,DGS10,US 10Y Yield,0.69
2020-06-25,DGS10,US 10Y Yield,0.68
2020-06-26,DGS10,US 10Y Yield,0.64
2020-06-29,DGS10,US 10Y Yield,0.64
2020-06-30,DGS10,US 10Y Yield,0.66
2020-07-01,DGS10,US 10Y Yield,0.69
2020-07-02,DGS10,US 10Y Yield,0.68
2020-07-06,DGS10,US 10Y Yield,0.69
2020-07-07,DGS10,US 10Y Yield,0.65
2020-07-08,DGS10,US 10Y Yield,0.67
2020-07-09,DGS10,US 10Y Yield,0.62
2020-07-10,DGS10,US 10Y Yield,0.65
2020-07-13,DGS10,US 10Y Yield,0.64
2020-07-14,DGS10,US 10Y Yield,0.63
2020-07-15,DGS10,US 10Y Yield,0.64
2020-07-16,DGS10,US 10Y Yield,0.62
2020-07-17,DGS10,US 10Y Yield,0.64
2020-07-20,DGS10,US 10Y Yield,0.62
2020-07-21,DGS10,US 10Y Yield,0.61
2020-07-22,DGS10,US 10Y Yield,0.6
2020-07-23,DGS10,US 10Y Yield,0.59
2020-07-24,DGS10,US 10Y Yield,0.59
2020-07-27,DGS10,US 10Y Yield,0.62
2020-07-28,DGS10,US 10Y Yield,0.59
2020-07-29,DGS10,US 10Y Yield,0.58
2020-07-30,DGS10,US 10Y Yield,0.55
2020-07-31,DGS10,US 10Y Yield,0.55
2020-08-03,DGS10,US 10Y Yield,0.56
2020-08-04,DGS10,US 10Y Yield,0.52
2020-08-05,DGS10,US 10Y Yield,0.55
2020-08-06,DGS10,US 10Y Yield,0.55
2020-08-07,DGS10,US 10Y Yield,0.57
2020-08-10,DGS10,US 10Y Yield,0.59
2020-08-11,DGS10,US 10Y Yield,0.64
2020-08-12,DGS10,US 10Y Yield,0.69
2020-08-13,DGS10,US 10Y Yield,0.71
2020-08-14,DGS10,US 10Y Yield,0.71
2020-08-17,DGS10,US 10Y Yield,0.69
2020-08-18,DGS10,US 10Y Yield,0.67
2020-08-19,DGS10,US 10Y Yield,0.68
2020-08-20,DGS10,US 10Y Yield,0.65
2020-08-21,DGS10,US 10Y Yield,0.64
2020-08-24,DGS10,US 10Y Yield,0.65
2020-08-25,DGS10,US 10Y Yield,0.69
2020-08-26,DGS10,US 10Y Yield,0.69
2020-08-27,DGS10,US 10Y Yield,0.74
2020-08-28,DGS10,US 10Y Yield,0.74
2020-08-31,DGS10,US 10Y Yield,0.72
2020-09-01,DGS10,US 10Y Yield,0.68
2020-09-02,DGS10,US 10Y Yield,0.66
2020-09-03,DGS10,US 10Y Yield,0.63
2020-09-04,DGS10,US 10Y Yield,0.72
2020-09-08,DGS10,US 10Y Yield,0.69
2020-09-09,DGS10,US 10Y Yield,0.71
2020-09-10,DGS10,US 10Y Yield,0.68
2020-09-11,DGS10,US 10Y Yield,0.67
2020-09-14,DGS10,US 10Y Yield,0.68
2020-09-15,DGS10,US 10Y Yield,0.68
2020-09-16,DGS10,US 10Y Yield,0.69
2020-09-17,DGS10,US 10Y Yield,0.69
2020-09-18,DGS10,US 10Y Yield,0.7
2020-09-21,DGS10,US 10Y Yield,0.68
2020-09-22,DGS10,US 10Y Yield,0.68
2020-09-23,DGS10,US 10Y Yield,0.68
2020-09-24,DGS10,US 10Y Yield,0.67
2020-09-25,DGS10,US 10Y Yield,0.66
2020-09-28,DGS10,US 10Y Yield,0.67
2020-09-29,DGS10,US 10Y Yield,0.66
2020-09-30,DGS10,US 10Y Yield,0.69
2020-10-01,DGS10,US 10Y Yield,0.68
2020-10-02,DGS10,US 10Y Yield,0.7
2020-10-05,DGS10,US 10Y Yield,0.78
2020-10-06,DGS10,US 10Y Yield,0.76
2020-10-07,DGS10,US 10Y Yield,0.81
2020-10-08,DGS10,US 10Y Yield,0.78
2020-10-09,DGS10,US 10Y Yield,0.79
2020-10-13,DGS10,US 10Y Yield,0.74
2020-10-14,DGS10,US 10Y Yield,0.73
2020-10-15,DGS10,US 10Y Yield,0.74
2020-10-16,DGS10,US 10Y Yield,0.76
2020-10-19,DGS10,US 10Y Yield,0.78
2020-10-20,DGS10,US 10Y Yield,0.81
2020-10-21,DGS10,US 10Y Yield,0.83
2020-10-22,DGS10,US 10Y Yield,0.87
2020-10-23,DGS10,US 10Y Yield,0.85
2020-10-26,DGS10,US 10Y Yield,0.81
2020-10-27,DGS10,US 10Y Yield,0.79
2020-10-28,DGS10,US 10Y Yield,0.79
2020-10-29,DGS10,US 10Y Yield,0.85
2020-10-30,DGS10,US 10Y Yield,0.88
2020-11-02,DGS10,US 10Y Yield,0.87
2020-11-03,DGS10,US 10Y Yield,0.9
2020-11-04,DGS10,US 10Y Yield,0.78
2020-11-05,DGS10,US 10Y Yield,0.79
2020-11-06,DGS10,US 10Y Yield,0.83
2020-11-09,DGS10,US 10Y Yield,0.96
2020-11-10,DGS10,US 10Y Yield,0.98
2020-11-12,DGS10,US 10Y Yield,0.88
2020-11-13,DGS10,US 10Y Yield,0.89
2020-11-16,DGS10,US 10Y Yield,0.91
2020-11-17,DGS10,US 10Y Yield,0.87
2020-11-18,DGS10,US 10Y Yield,0.88
2020-11-19,DGS10,US 10Y Yield,0.86
2020-11-20,DGS10,US 10Y Yield,0.83
2020-11-23,DGS10,US 10Y Yield,0.86
2020-11-24,DGS10,US 10Y Yield,0.88
2020-11-25,DGS10,US 10Y Yield,0.88
2020-11-27,DGS10,US 10Y Yield,0.84
2020-11-30,DGS10,US 10Y Yield,0.84
2020-12-01,DGS10,US 10Y Yield,0.92
2020-12-02,DGS10,US 10Y Yield,0.95
2020-12-03,DGS10,US 10Y Yield,0.92
2020-12-04,DGS10,US 10Y Yield,0.97
2020-12-07,DGS10,US 10Y Yield,0.94
2020-12-08,DGS10,US 10Y Yield,0.92
2020-12-09,DGS10,US 10Y Yield,0.95
2020-12-10,DGS10,US 10Y Yield,0.92
2020-12-11,DGS10,US 10Y Yield,0.9
2020-12-14,DGS10,US 10Y Yield,0.9
2020-12-15,DGS10,US 10Y Yield,0.92
2020-12-16,DGS10,US 10Y Yield,0.92
2020-12-17,DGS10,US 10Y Yield,0.94
2020-12-18,DGS10,US 10Y Yield,0.95
2020-12-21,DGS10,US 10Y Yield,0.95
2020-12-22,DGS10,US 10Y Yield,0.93
2020-12-23,DGS10,US 10Y Yield,0.96
2020-12-24,DGS10,US 10Y Yield,0.94
2020-12-28,DGS10,US 10Y Yield,0.94
2020-12-29,DGS10,US 10Y Yield,0.94
2020-12-30,DGS10,US 10Y Yield,0.93
2020-12-31,DGS10,US 10Y Yield,0.93
2021-01-04,DGS10,US 10Y Yield,0.93
2021-01-05,DGS10,US 10Y Yield,0.96
2021-01-06,DGS10,US 10Y Yield,1.04
2021-01-07,DGS10,US 10Y Yield,1.08
2021-01-08,DGS10,US 10Y Yield,1.13
2021-01-11,DGS10,US 10Y Yield,1.15
2021-01-12,DGS10,US 10Y Yield,1.15
2021-01-13,DGS10,US 10Y Yield,1.1
2021-01-14,DGS10,US 10Y Yield,1.15
2021-01-15,DGS10,US 10Y Yield,1.11
2021-01-19,DGS10,US 10Y Yield,1.1
2021-01-20,DGS10,US 10Y Yield,1.1
2021-01-21,DGS10,US 10Y Yield,1.12
2021-01-22,DGS10,US 10Y Yield,1.1
2021-01-25,DGS10,US 10Y Yield,1.05
2021-01-26,DGS10,US 10Y Yield,1.05
2021-01-27,DGS10,US 10Y Yield,1.04
2021-01-28,DGS10,US 10Y Yield,1.07
2021-01-29,DGS10,US 10Y Yield,1.11
2021-02-01,DGS10,US 10Y Yield,1.09
2021-02-02,DGS10,US 10Y Yield,1.12
2021-02-03,DGS10,US 10Y Yield,1.15
2021-02-04,DGS10,US 10Y Yield,1.15
2021-02-05,DGS10,US 10Y Yield,1.19
2021-02-08,DGS10,US 10Y Yield,1.19
2021-02-09,DGS10,US 10Y Yield,1.18
2021-02-10,DGS10,US 10Y Yield,1.15
2021-02-11,DGS10,US 10Y Yield,1.16
2021-02-12,DGS10,US 10Y Yield,1.2
2021-02-16,DGS10,US 10Y Yield,1.3
2021-02-17,DGS10,US 10Y Yield,1.29
2021-02-18,DGS10,US 10Y Yield,1.29
2021-02-19,DGS10,US 10Y Yield,1.34
2021-02-22,DGS10,US 10Y Yield,1.37
2021-02-23,DGS10,US 10Y Yield,1.37
2021-02-24,DGS10,US 10Y Yield,1.38
2021-02-25,DGS10,US 10Y Yield,1.54
2021-02-26,DGS10,US 10Y Yield,1.44
2021-03-01,DGS10,US 10Y Yield,1.45
2021-03-02,DGS10,US 10Y Yield,1.42
2021-03-03,DGS10,US 10Y Yield,1.47
2021-03-04,DGS10,US 10Y Yield,1.54
2021-03-05,DGS10,US 10Y Yield,1.56
2021-03-08,DGS10,US 10Y Yield,1.59
2021-03-09,DGS10,US 10Y Yield,1.55
2021-03-10,DGS10,US 10Y Yield,1.53
2021-03-11,DGS10,US 10Y Yield,1.54
2021-03-12,DGS10,US 10Y Yield,1.64
2021-03-15,DGS10,US 10Y Yield,1.62
2021-03-16,DGS10,US 10Y Yield,1.62
2021-03-17,DGS10,US 10Y Yield,1.63
2021-03-18,DGS10,US 10Y Yield,1.71
2021-03-19,DGS10,US 10Y Yield,1.74
2021-03-22,DGS10,US 10Y Yield,1.69
2021-03-23,DGS10,US 10Y Yield,1.63
2021-03-24,DGS10,US 10Y Yield,1.62
2021-03-25,DGS10,US 10Y Yield,1.63
2021-03-26,DGS10,US 10Y Yield,1.67
2021-03-29,DGS10,US 10Y Yield,1.73
2021-03-30,DGS10,US 10Y Yield,1.73
2021-03-31,DGS10,US 10Y Yield,1.74
2021-04-01,DGS10,US 10Y Yield,1.69
2021-04-02,DGS10,US 10Y Yield,1.72
2021-04-05,DGS10,US 10Y Yield,1.73
2021-04-06,DGS10,US 10Y Yield,1.67
2021-04-07,DGS10,US 10Y Yield,1.68
2021-04-08,DGS10,US 10Y Yield,1.64
2021-04-09,DGS10,US 10Y Yield,1.67
2021-04-12,DGS10,US 10Y Yield,1.69
2021-04-13,DGS10,US 10Y Yield,1.64
2021-04-14,DGS10,US 10Y Yield,1.64
2021-04-15,DGS10,US 10Y Yield,1.56
2021-04-16,DGS10,US 10Y Yield,1.59
2021-04-19,DGS10,US 10Y Yield,1.61
2021-04-20,DGS10,US 10Y Yield,1.58
2021-04-21,DGS10,US 10Y Yield,1.57
2021-04-22,DGS10,US 10Y Yield,1.57
2021-04-23,DGS10,US 10Y Yield,1.58
2021-04-26,DGS10,US 10Y Yield,1.58
2021-04-27,DGS10,US 10Y Yield,1.63
2021-04-28,DGS10,US 10Y Yield,1.63
2021-04-29,DGS10,US 10Y Yield,1.65
2021-04-30,DGS10,US 10Y Yield,1.65
2021-05-03,DGS10,US 10Y Yield,1.63
2021-05-04,DGS10,US 10Y Yield,1.61
2021-05-05,DGS10,US 10Y Yield,1.59
2021-05-06,DGS10,US 10Y Yield,1.58
2021-05-07,DGS10,US 10Y Yield,1.6
2021-05-10,DGS10,US 10Y Yield,1.63
2021-05-11,DGS10,US 10Y Yield,1.64
2021-05-12,DGS10,US 10Y Yield,1.69
2021-05-13,DGS10,US 10Y Yield,1.66
2021-05-14,DGS10,US 10Y Yield,1.63
2021-05-17,DGS10,US 10Y Yield,1.64
2021-05-18,DGS10,US 10Y Yield,1.64
2021-05-19,DGS10,US 10Y Yield,1.68
2021-05-20,DGS10,US 10Y Yield,1.63
2021-05-21,DGS10,US 10Y Yield,1.63
2021-05-24,DGS10,US 10Y Yield,1.61
2021-05-25,DGS10,US 10Y Yield,1.56
2021-05-26,DGS10,US 10Y Yield,1.58
2021-05-27,DGS10,US 10Y Yield,1.61
2021-05-28,DGS10,US 10Y Yield,1.58
2021-06-01,DGS10,US 10Y Yield,1.62
2021-06-02,DGS10,US 10Y Yield,1.59
2021-06-03,DGS10,US 10Y Yield,1.63
2021-06-04,DGS10,US 10Y Yield,1.56
2021-06-07,DGS10,US 10Y Yield,1.57
2021-06-08,DGS10,US 10Y Yield,1.53
2021-06-09,DGS10,US 10Y Yield,1.5
2021-06-10,DGS10,US 10Y Yield,1.45
2021-06-11,DGS10,US 10Y Yield,1.47
2021-06-14,DGS10,US 10Y Yield,1.51
2021-06-15,DGS10,US 10Y Yield,1.51
2021-06-16,DGS10,US 10Y Yield,1.57
2021-06-17,DGS10,US 10Y Yield,1.52
2021-06-18,DGS10,US 10Y Yield,1.45
2021-06-21,DGS10,US 10Y Yield,1.5
2021-06-22,DGS10,US 10Y Yield,1.48
2021-06-23,DGS10,US 10Y Yield,1.5
2021-06-24,DGS10,US 10Y Yield,1.49
2021-06-25,DGS10,US 10Y Yield,1.54
2021-06-28,DGS10,US 10Y Yield,1.49
2021-06-29,DGS10,US 10Y Yield,1.49
2021-06-30,DGS10,US 10Y Yield,1.45
2021-07-01,DGS10,US 10Y Yield,1.48
2021-07-02,DGS10,US 10Y Yield,1.44
2021-07-06,DGS10,US 10Y Yield,1.37
2021-07-07,DGS10,US 10Y Yield,1.33
2021-07-08,DGS10,US 10Y Yield,1.3
2021-07-09,DGS10,US 10Y Yield,1.37
2021-07-12,DGS10,US 10Y Yield,1.38
2021-07-13,DGS10,US 10Y Yield,1.42
2021-07-14,DGS10,US 10Y Yield,1.37
2021-07-15,DGS10,US 10Y Yield,1.31
2021-07-16,DGS10,US 10Y Yield,1.31
2021-07-19,DGS10,US 10Y Yield,1.19
2021-07-20,DGS10,US 10Y Yield,1.23
2021-07-21,DGS10,US 10Y Yield,1.3
2021-07-22,DGS10,US 10Y Yield,1.27
2021-07-23,DGS10,US 10Y Yield,1.3
2021-07-26,DGS10,US 10Y Yield,1.29
2021-07-27,DGS10,US 10Y Yield,1.25
2021-07-28,DGS10,US 10Y Yield,1.26
2021-07-29,DGS10,US 10Y Yield,1.28
2021-07-30,DGS10,US 10Y Yield,1.24
2021-08-02,DGS10,US 10Y Yield,1.2
2021-08-03,DGS10,US 10Y Yield,1.19
2021-08-04,DGS10,US 10Y Yield,1.19
2021-08-05,DGS10,US 10Y Yield,1.23
2021-08-06,DGS10,US 10Y Yield,1.31
2021-08-09,DGS10,US 10Y Yield,1.33
2021-08-10,DGS10,US 10Y Yield,1.36
2021-08-11,DGS10,US 10Y Yield,1.35
2021-08-12,DGS10,US 10Y Yield,1.36
2021-08-13,DGS10,US 10Y Yield,1.29
2021-08-16,DGS10,US 10Y Yield,1.26
2021-08-17,DGS10,US 10Y Yield,1.26
2021-08-18,DGS10,US 10Y Yield,1.27
2021-08-19,DGS10,US 10Y Yield,1.24
2021-08-20,DGS10,US 10Y Yield,1.26
2021-08-23,DGS10,US 10Y Yield,1.25
2021-08-24,DGS10,US 10Y Yield,1.29
2021-08-25,DGS10,US 10Y Yield,1.35
2021-08-26,DGS10,US 10Y Yield,1.34
2021-08-27,DGS10,US 10Y Yield,1.31
2021-08-30,DGS10,US 10Y Yield,1.29
2021-08-31,DGS10,US 10Y Yield,1.3
2021-09-01,DGS10,US 10Y Yield,1.31
2021-09-02,DGS10,US 10Y Yield,1.29
2021-09-03,DGS10,US 10Y Yield,1.33
2021-09-07,DGS10,US 10Y Yield,1.38
2021-09-08,DGS10,US 10Y Yield,1.35
2021-09-09,DGS10,US 10Y Yield,1.3
2021-09-10,DGS10,US 10Y Yield,1.35
2021-09-13,DGS10,US 10Y Yield,1.33
2021-09-14,DGS10,US 10Y Yield,1.28
2021-09-15,DGS10,US 10Y Yield,1.31
2021-09-16,DGS10,US 10Y Yield,1.34
2021-09-17,DGS10,US 10Y Yield,1.37
2021-09-20,DGS10,US 10Y Yield,1.31
2021-09-21,DGS10,US 10Y Yield,1.33
2021-09-22,DGS10,US 10Y Yield,1.32
2021-09-23,DGS10,US 10Y Yield,1.41
2021-09-24,DGS10,US 10Y Yield,1.47
2021-09-27,DGS10,US 10Y Yield,1.48
2021-09-28,DGS10,US 10Y Yield,1.54
2021-09-29,DGS10,US 10Y Yield,1.55
2021-09-30,DGS10,US 10Y Yield,1.52
2021-10-01,DGS10,US 10Y Yield,1.48
2021-10-04,DGS10,US 10Y Yield,1.49
2021-10-05,DGS10,US 10Y Yield,1.54
2021-10-06,DGS10,US 10Y Yield,1.53
2021-10-07,DGS10,US 10Y Yield,1.58
2021-10-08,DGS10,US 10Y Yield,1.61
2021-10-12,DGS10,US 10Y Yield,1.59
2021-10-13,DGS10,US 10Y Yield,1.56
2021-10-14,DGS10,US 10Y Yield,1.52
2021-10-15,DGS10,US 10Y Yield,1.59
2021-10-18,DGS10,US 10Y Yield,1.59
2021-10-19,DGS10,US 10Y Yield,1.65
2021-10-20,DGS10,US 10Y Yield,1.65
2021-10-21,DGS10,US 10Y Yield,1.68
2021-10-22,DGS10,US 10Y Yield,1.66
2021-10-25,DGS10,US 10Y Yield,1.64
2021-10-26,DGS10,US 10Y Yield,1.63
2021-10-27,DGS10,US 10Y Yield,1.54
2021-10-28,DGS10,US 10Y Yield,1.57
2021-10-29,DGS10,US 10Y Yield,1.55
2021-11-01,DGS10,US 10Y Yield,1.58
2021-11-02,DGS10,US 10Y Yield,1.56
2021-11-03,DGS10,US 10Y Yield,1.6
2021-11-04,DGS10,US 10Y Yield,1.53
2021-11-05,DGS10,US 10Y Yield,1.45
2021-11-08,DGS10,US 10Y Yield,1.51
2021-11-09,DGS10,US 10Y Yield,1.46
2021-11-10,DGS10,US 10Y Yield,1.56
2021-11-12,DGS10,US 10Y Yield,1.58
2021-11-15,DGS10,US 10Y Yield,1.63
2021-11-16,DGS10,US 10Y Yield,1.63
2021-11-17,DGS10,US 10Y Yield,1.6
2021-11-18,DGS10,US 10Y Yield,1.59
2021-11-19,DGS10,US 10Y Yield,1.54
2021-11-22,DGS10,US 10Y Yield,1.63
2021-11-23,DGS10,US 10Y Yield,1.67
2021-11-24,DGS10,US 10Y Yield,1.64
2021-11-26,DGS10,US 10Y Yield,1.48
2021-11-29,DGS10,US 10Y Yield,1.52
2021-11-30,DGS10,US 10Y Yield,1.43
2021-12-01,DGS10,US 10Y Yield,1.43
2021-12-02,DGS10,US 10Y Yield,1.44
2021-12-03,DGS10,US 10Y Yield,1.35
2021-12-06,DGS10,US 10Y Yield,1.43
2021-12-07,DGS10,US 10Y Yield,1.48
2021-12-08,DGS10,US 10Y Yield,1.52
2021-12-09,DGS10,US 10Y Yield,1.49
2021-12-10,DGS10,US 10Y Yield,1.48
2021-12-13,DGS10,US 10Y Yield,1.42
2021-12-14,DGS10,US 10Y Yield,1.44
2021-12-15,DGS10,US 10Y Yield,1.47
2021-12-16,DGS10,US 10Y Yield,1.44
2021-12-17,DGS10,US 10Y Yield,1.41
2021-12-20,DGS10,US 10Y Yield,1.43
2021-12-21,DGS10,US 10Y Yield,1.48
2021-12-22,DGS10,US 10Y Yield,1.46
2021-12-23,DGS10,US 10Y Yield,1.5
2021-12-27,DGS10,US 10Y Yield,1.48
2021-12-28,DGS10,US 10Y Yield,1.49
2021-12-29,DGS10,US 10Y Yield,1.55
2021-12-30,DGS10,US 10Y Yield,1.52
2021-12-31,DGS10,US 10Y Yield,1.52
2022-01-03,DGS10,US 10Y Yield,1.63
2022-01-04,DGS10,US 10Y Yield,1.66
2022-01-05,DGS10,US 10Y Yield,1.71
2022-01-06,DGS10,US 10Y Yield,1.73
2022-01-07,DGS10,US 10Y Yield,1.76
2022-01-10,DGS10,US 10Y Yield,1.78
2022-01-11,DGS10,US 10Y Yield,1.75
2022-01-12,DGS10,US 10Y Yield,1.74
2022-01-13,DGS10,US 10Y Yield,1.7
2022-01-14,DGS10,US 10Y Yield,1.78
2022-01-18,DGS10,US 10Y Yield,1.87
2022-01-19,DGS10,US 10Y Yield,1.83
2022-01-20,DGS10,US 10Y Yield,1.83
2022-01-21,DGS10,US 10Y Yield,1.75
2022-01-24,DGS10,US 10Y Yield,1.75
2022-01-25,DGS10,US 10Y Yield,1.78
2022-01-26,DGS10,US 10Y Yield,1.85
2022-01-27,DGS10,US 10Y Yield,1.81
2022-01-28,DGS10,US 10Y Yield,1.78
2022-01-31,DGS10,US 10Y Yield,1.79
2022-02-01,DGS10,US 10Y Yield,1.81
2022-02-02,DGS10,US 10Y Yield,1.78
2022-02-03,DGS10,US 10Y Yield,1.82
2022-02-04,DGS10,US 10Y Yield,1.93
2022-02-07,DGS10,US 10Y Yield,1.92
2022-02-08,DGS10,US 10Y Yield,1.96
2022-02-09,DGS10,US 10Y Yield,1.94
2022-02-10,DGS10,US 10Y Yield,2.03
2022-02-11,DGS10,US 10Y Yield,1.92
2022-02-14,DGS10,US 10Y Yield,1.98
2022-02-15,DGS10,US 10Y Yield,2.05
2022-02-16,DGS10,US 10Y Yield,2.03
2022-02-17,DGS10,US 10Y Yield,1.97
2022-02-18,DGS10,US 10Y Yield,1.92
2022-02-22,DGS10,US 10Y Yield,1.94
2022-02-23,DGS10,US 10Y Yield,1.99
2022-02-24,DGS10,US 10Y Yield,1.96
2022-02-25,DGS10,US 10Y Yield,1.97
2022-02-28,DGS10,US 10Y Yield,1.83
2022-03-01,DGS10,US 10Y Yield,1.72
2022-03-02,DGS10,US 10Y Yield,1.86
2022-03-03,DGS10,US 10Y Yield,1.86
2022-03-04,DGS10,US 10Y Yield,1.74
2022-03-07,DGS10,US 10Y Yield,1.78
2022-03-08,DGS10,US 10Y Yield,1.86
2022-03-09,DGS10,US 10Y Yield,1.94
2022-03-10,DGS10,US 10Y Yield,1.98
2022-03-11,DGS10,US 10Y Yield,2.0
2022-03-14,DGS10,US 10Y Yield,2.14
2022-03-15,DGS10,US 10Y Yield,2.15
2022-03-16,DGS10,US 10Y Yield,2.19
2022-03-17,DGS10,US 10Y Yield,2.2
2022-03-18,DGS10,US 10Y Yield,2.14
2022-03-21,DGS10,US 10Y Yield,2.32
2022-03-22,DGS10,US 10Y Yield,2.38
2022-03-23,DGS10,US 10Y Yield,2.32
2022-03-24,DGS10,US 10Y Yield,2.34
2022-03-25,DGS10,US 10Y Yield,2.48
2022-03-28,DGS10,US 10Y Yield,2.46
2022-03-29,DGS10,US 10Y Yield,2.41
2022-03-30,DGS10,US 10Y Yield,2.35
2022-03-31,DGS10,US 10Y Yield,2.32
2022-04-01,DGS10,US 10Y Yield,2.39
2022-04-04,DGS10,US 10Y Yield,2.42
2022-04-05,DGS10,US 10Y Yield,2.54
2022-04-06,DGS10,US 10Y Yield,2.61
2022-04-07,DGS10,US 10Y Yield,2.66
2022-04-08,DGS10,US 10Y Yield,2.72
2022-04-11,DGS10,US 10Y Yield,2.79
2022-04-12,DGS10,US 10Y Yield,2.72
2022-04-13,DGS10,US 10Y Yield,2.7
2022-04-14,DGS10,US 10Y Yield,2.83
2022-04-18,DGS10,US 10Y Yield,2.85
2022-04-19,DGS10,US 10Y Yield,2.93
2022-04-20,DGS10,US 10Y Yield,2.85
2022-04-21,DGS10,US 10Y Yield,2.9
2022-04-22,DGS10,US 10Y Yield,2.9
2022-04-25,DGS10,US 10Y Yield,2.81
2022-04-26,DGS10,US 10Y Yield,2.77
2022-04-27,DGS10,US 10Y Yield,2.82
2022-04-28,DGS10,US 10Y Yield,2.85
2022-04-29,DGS10,US 10Y Yield,2.89
2022-05-02,DGS10,US 10Y Yield,2.99
2022-05-03,DGS10,US 10Y Yield,2.97
2022-05-04,DGS10,US 10Y Yield,2.93
2022-05-05,DGS10,US 10Y Yield,3.05
2022-05-06,DGS10,US 10Y Yield,3.12
2022-05-09,DGS10,US 10Y Yield,3.05
2022-05-10,DGS10,US 10Y Yield,2.99
2022-05-11,DGS10,US 10Y Yield,2.91
2022-05-12,DGS10,US 10Y Yield,2.84
2022-05-13,DGS10,US 10Y Yield,2.93
2022-05-16,DGS10,US 10Y Yield,2.88
2022-05-17,DGS10,US 10Y Yield,2.98
2022-05-18,DGS10,US 10Y Yield,2.89
2022-05-19,DGS10,US 10Y Yield,2.84
2022-05-20,DGS10,US 10Y Yield,2.78
2022-05-23,DGS10,US 10Y Yield,2.86
2022-05-24,DGS10,US 10Y Yield,2.76
2022-05-25,DGS10,US 10Y Yield,2.75
2022-05-26,DGS10,US 10Y Yield,2.75
2022-05-27,DGS10,US 10Y Yield,2.74
2022-05-31,DGS10,US 10Y Yield,2.85
2022-06-01,DGS10,US 10Y Yield,2.94
2022-06-02,DGS10,US 10Y Yield,2.92
2022-06-03,DGS10,US 10Y Yield,2.96
2022-06-06,DGS10,US 10Y Yield,3.04
2022-06-07,DGS10,US 10Y Yield,2.98
2022-06-08,DGS10,US 10Y Yield,3.03
2022-06-09,DGS10,US 10Y Yield,3.04
2022-06-10,DGS10,US 10Y Yield,3.15
2022-06-13,DGS10,US 10Y Yield,3.43
2022-06-14,DGS10,US 10Y Yield,3.49
2022-06-15,DGS10,US 10Y Yield,3.33
2022-06-16,DGS10,US 10Y Yield,3.28
2022-06-17,DGS10,US 10Y Yield,3.25
2022-06-21,DGS10,US 10Y Yield,3.31
2022-06-22,DGS10,US 10Y Yield,3.16
2022-06-23,DGS10,US 10Y Yield,3.09
2022-06-24,DGS10,US 10Y Yield,3.13
2022-06-27,DGS10,US 10Y Yield,3.2
2022-06-28,DGS10,US 10Y Yield,3.2
2022-06-29,DGS10,US 10Y Yield,3.1
2022-06-30,DGS10,US 10Y Yield,2.98
2022-07-01,DGS10,US 10Y Yield,2.88
2022-07-05,DGS10,US 10Y Yield,2.82
2022-07-06,DGS10,US 10Y Yield,2.93
2022-07-07,DGS10,US 10Y Yield,3.01
2022-07-08,DGS10,US 10Y Yield,3.09
2022-07-11,DGS10,US 10Y Yield,2.99
2022-07-12,DGS10,US 10Y Yield,2.96
2022-07-13,DGS10,US 10Y Yield,2.91
2022-07-14,DGS10,US 10Y Yield,2.96
2022-07-15,DGS10,US 10Y Yield,2.93
2022-07-18,DGS10,US 10Y Yield,2.96
2022-07-19,DGS10,US 10Y Yield,3.01
2022-07-20,DGS10,US 10Y Yield,3.04
2022-07-21,DGS10,US 10Y Yield,2.91
2022-07-22,DGS10,US 10Y Yield,2.77
2022-07-25,DGS10,US 10Y Yield,2.81
2022-07-26,DGS10,US 10Y Yield,2.81
2022-07-27,DGS10,US 10Y Yield,2.78
2022-07-28,DGS10,US 10Y Yield,2.68
2022-07-29,DGS10,US 10Y Yield,2.67
2022-08-01,DGS10,US 10Y Yield,2.6
2022-08-02,DGS10,US 10Y Yield,2.75
2022-08-03,DGS10,US 10Y Yield,2.73
2022-08-04,DGS10,US 10Y Yield,2.68
2022-08-05,DGS10,US 10Y Yield,2.83
2022-08-08,DGS10,US 10Y Yield,2.77
2022-08-09,DGS10,US 10Y Yield,2.8
2022-08-10,DGS10,US 10Y Yield,2.78
2022-08-11,DGS10,US 10Y Yield,2.87
2022-08-12,DGS10,US 10Y Yield,2.84
2022-08-15,DGS10,US 10Y Yield,2.79
2022-08-16,DGS10,US 10Y Yield,2.82
2022-08-17,DGS10,US 10Y Yield,2.89
2022-08-18,DGS10,US 10Y Yield,2.88
2022-08-19,DGS10,US 10Y Yield,2.98
2022-08-22,DGS10,US 10Y Yield,3.03
2022-08-23,DGS10,US 10Y Yield,3.05
2022-08-24,DGS10,US 10Y Yield,3.11
2022-08-25,DGS10,US 10Y Yield,3.03
2022-08-26,DGS10,US 10Y Yield,3.04
2022-08-29,DGS10,US 10Y Yield,3.12
2022-08-30,DGS10,US 10Y Yield,3.11
2022-08-31,DGS10,US 10Y Yield,3.15
2022-09-01,DGS10,US 10Y Yield,3.26
2022-09-02,DGS10,US 10Y Yield,3.2
2022-09-06,DGS10,US 10Y Yield,3.33
2022-09-07,DGS10,US 10Y Yield,3.27
2022-09-08,DGS10,US 10Y Yield,3.29
2022-09-09,DGS10,US 10Y Yield,3.33
2022-09-12,DGS10,US 10Y Yield,3.37
2022-09-13,DGS10,US 10Y Yield,3.42
2022-09-14,DGS10,US 10Y Yield,3.41
2022-09-15,DGS10,US 10Y Yield,3.45
2022-09-16,DGS10,US 10Y Yield,3.45
2022-09-19,DGS10,US 10Y Yield,3.49
2022-09-20,DGS10,US 10Y Yield,3.57
2022-09-21,DGS10,US 10Y Yield,3.51
2022-09-22,DGS10,US 10Y Yield,3.7
2022-09-23,DGS10,US 10Y Yield,3.69
2022-09-26,DGS10,US 10Y Yield,3.88
2022-09-27,DGS10,US 10Y Yield,3.97
2022-09-28,DGS10,US 10Y Yield,3.72
2022-09-29,DGS10,US 10Y Yield,3.76
2022-09-30,DGS10,US 10Y Yield,3.83
2022-10-03,DGS10,US 10Y Yield,3.67
2022-10-04,DGS10,US 10Y Yield,3.62
2022-10-05,DGS10,US 10Y Yield,3.76
2022-10-06,DGS10,US 10Y Yield,3.83
2022-10-07,DGS10,US 10Y Yield,3.89
2022-10-11,DGS10,US 10Y Yield,3.93
2022-10-12,DGS10,US 10Y Yield,3.91
2022-10-13,DGS10,US 10Y Yield,3.97
2022-10-14,DGS10,US 10Y Yield,4.0
2022-10-17,DGS10,US 10Y Yield,4.02
2022-10-18,DGS10,US 10Y Yield,4.01
2022-10-19,DGS10,US 10Y Yield,4.14
2022-10-20,DGS10,US 10Y Yield,4.24
2022-10-21,DGS10,US 10Y Yield,4.21
2022-10-24,DGS10,US 10Y Yield,4.25
2022-10-25,DGS10,US 10Y Yield,4.1
2022-10-26,DGS10,US 10Y Yield,4.04
2022-10-27,DGS10,US 10Y Yield,3.96
2022-10-28,DGS10,US 10Y Yield,4.02
2022-10-31,DGS10,US 10Y Yield,4.1
2022-11-01,DGS10,US 10Y Yield,4.07
2022-11-02,DGS10,US 10Y Yield,4.1
2022-11-03,DGS10,US 10Y Yield,4.14
2022-11-04,DGS10,US 10Y Yield,4.17
2022-11-07,DGS10,US 10Y Yield,4.22
2022-11-08,DGS10,US 10Y Yield,4.14
2022-11-09,DGS10,US 10Y Yield,4.12
2022-11-10,DGS10,US 10Y Yield,3.82
2022-11-14,DGS10,US 10Y Yield,3.88
2022-11-15,DGS10,US 10Y Yield,3.8
2022-11-16,DGS10,US 10Y Yield,3.67
2022-11-17,DGS10,US 10Y Yield,3.77
2022-11-18,DGS10,US 10Y Yield,3.82
2022-11-21,DGS10,US 10Y Yield,3.83
2022-11-22,DGS10,US 10Y Yield,3.76
2022-11-23,DGS10,US 10Y Yield,3.71
2022-11-25,DGS10,US 10Y Yield,3.68
2022-11-28,DGS10,US 10Y Yield,3.69
2022-11-29,DGS10,US 10Y Yield,3.75
2022-11-30,DGS10,US 10Y Yield,3.68
2022-12-01,DGS10,US 10Y Yield,3.53
2022-12-02,DGS10,US 10Y Yield,3.51
2022-12-05,DGS10,US 10Y Yield,3.6
2022-12-06,DGS10,US 10Y Yield,3.51
2022-12-07,DGS10,US 10Y Yield,3.42
2022-12-08,DGS10,US 10Y Yield,3.48
2022-12-09,DGS10,US 10Y Yield,3.57
2022-12-12,DGS10,US 10Y Yield,3.61
2022-12-13,DGS10,US 10Y Yield,3.51
2022-12-14,DGS10,US 10Y Yield,3.49
2022-12-15,DGS10,US 10Y Yield,3.44
2022-12-16,DGS10,US 10Y Yield,3.48
2022-12-19,DGS10,US 10Y Yield,3.57
2022-12-20,DGS10,US 10Y Yield,3.69
2022-12-21,DGS10,US 10Y Yield,3.68
2022-12-22,DGS10,US 10Y Yield,3.67
2022-12-23,DGS10,US 10Y Yield,3.75
2022-12-27,DGS10,US 10Y Yield,3.84
2022-12-28,DGS10,US 10Y Yield,3.88
2022-12-29,DGS10,US 10Y Yield,3.83
2022-12-30,DGS10,US 10Y Yield,3.88
2023-01-03,DGS10,US 10Y Yield,3.79
2023-01-04,DGS10,US 10Y Yield,3.69
2023-01-05,DGS10,US 10Y Yield,3.71
2023-01-06,DGS10,US 10Y Yield,3.55
2023-01-09,DGS10,US 10Y Yield,3.53
2023-01-10,DGS10,US 10Y Yield,3.61
2023-01-11,DGS10,US 10Y Yield,3.54
2023-01-12,DGS10,US 10Y Yield,3.43
2023-01-13,DGS10,US 10Y Yield,3.49
2023-01-17,DGS10,US 10Y Yield,3.53
2023-01-18,DGS10,US 10Y Yield,3.37
2023-01-19,DGS10,US 10Y Yield,3.39
2023-01-20,DGS10,US 10Y Yield,3.48
2023-01-23,DGS10,US 10Y Yield,3.52
2023-01-24,DGS10,US 10Y Yield,3.46
2023-01-25,DGS10,US 10Y Yield,3.46
2023-01-26,DGS10,US 10Y Yield,3.49
2023-01-27,DGS10,US 10Y Yield,3.52
2023-01-30,DGS10,US 10Y Yield,3.55
2023-01-31,DGS10,US 10Y Yield,3.52
2023-02-01,DGS10,US 10Y Yield,3.39
2023-02-02,DGS10,US 10Y Yield,3.4
2023-02-03,DGS10,US 10Y Yield,3.53
2023-02-06,DGS10,US 10Y Yield,3.63
2023-02-07,DGS10,US 10Y Yield,3.67
2023-02-08,DGS10,US 10Y Yield,3.63
2023-02-09,DGS10,US 10Y Yield,3.67
2023-02-10,DGS10,US 10Y Yield,3.74
2023-02-13,DGS10,US 10Y Yield,3.72
2023-02-14,DGS10,US 10Y Yield,3.77
2023-02-15,DGS10,US 10Y Yield,3.81
2023-02-16,DGS10,US 10Y Yield,3.86
2023-02-17,DGS10,US 10Y Yield,3.82
2023-02-21,DGS10,US 10Y Yield,3.95
2023-02-22,DGS10,US 10Y Yield,3.93
2023-02-23,DGS10,US 10Y Yield,3.88
2023-02-24,DGS10,US 10Y Yield,3.95
2023-02-27,DGS10,US 10Y Yield,3.92
2023-02-28,DGS10,US 10Y Yield,3.92
2023-03-01,DGS10,US 10Y Yield,4.01
2023-03-02,DGS10,US 10Y Yield,4.08
2023-03-03,DGS10,US 10Y Yield,3.97
2023-03-06,DGS10,US 10Y Yield,3.98
2023-03-07,DGS10,US 10Y Yield,3.97
2023-03-08,DGS10,US 10Y Yield,3.98
2023-03-09,DGS10,US 10Y Yield,3.93
2023-03-10,DGS10,US 10Y Yield,3.7
2023-03-13,DGS10,US 10Y Yield,3.55
2023-03-14,DGS10,US 10Y Yield,3.64
2023-03-15,DGS10,US 10Y Yield,3.51
2023-03-16,DGS10,US 10Y Yield,3.56
2023-03-17,DGS10,US 10Y Yield,3.39
2023-03-20,DGS10,US 10Y Yield,3.47
2023-03-21,DGS10,US 10Y Yield,3.59
2023-03-22,DGS10,US 10Y Yield,3.48
2023-03-23,DGS10,US 10Y Yield,3.38
2023-03-24,DGS10,US 10Y Yield,3.38
2023-03-27,DGS10,US 10Y Yield,3.53
2023-03-28,DGS10,US 10Y Yield,3.55
2023-03-29,DGS10,US 10Y Yield,3.57
2023-03-30,DGS10,US 10Y Yield,3.55
2023-03-31,DGS10,US 10Y Yield,3.48
2023-04-03,DGS10,US 10Y Yield,3.43
2023-04-04,DGS10,US 10Y Yield,3.35
2023-04-05,DGS10,US 10Y Yield,3.3
2023-04-06,DGS10,US 10Y Yield,3.3
2023-04-07,DGS10,US 10Y Yield,3.39
2023-04-10,DGS10,US 10Y Yield,3.41
2023-04-11,DGS10,US 10Y Yield,3.43
2023-04-12,DGS10,US 10Y Yield,3.41
2023-04-13,DGS10,US 10Y Yield,3.45
2023-04-14,DGS10,US 10Y Yield,3.52
2023-04-17,DGS10,US 10Y Yield,3.6
2023-04-18,DGS10,US 10Y Yield,3.58
2023-04-19,DGS10,US 10Y Yield,3.6
2023-04-20,DGS10,US 10Y Yield,3.54
2023-04-21,DGS10,US 10Y Yield,3.57
2023-04-24,DGS10,US 10Y Yield,3.52
2023-04-25,DGS10,US 10Y Yield,3.4
2023-04-26,DGS10,US 10Y Yield,3.43
2023-04-27,DGS10,US 10Y Yield,3.53
2023-04-28,DGS10,US 10Y Yield,3.44
2023-05-01,DGS10,US 10Y Yield,3.59
2023-05-02,DGS10,US 10Y Yield,3.44
2023-05-03,DGS10,US 10Y Yield,3.38
2023-05-04,DGS10,US 10Y Yield,3.37
2023-05-05,DGS10,US 10Y Yield,3.44
2023-05-08,DGS10,US 10Y Yield,3.52
2023-05-09,DGS10,US 10Y Yield,3.53
2023-05-10,DGS10,US 10Y Yield,3.43
2023-05-11,DGS10,US 10Y Yield,3.39
2023-05-12,DGS10,US 10Y Yield,3.46
2023-05-15,DGS10,US 10Y Yield,3.5
2023-05-16,DGS10,US 10Y Yield,3.54
2023-05-17,DGS10,US 10Y Yield,3.57
2023-05-18,DGS10,US 10Y Yield,3.65
2023-05-19,DGS10,US 10Y Yield,3.7
2023-05-22,DGS10,US 10Y Yield,3.72
2023-05-23,DGS10,US 10Y Yield,3.7
2023-05-24,DGS10,US 10Y Yield,3.73
2023-05-25,DGS10,US 10Y Yield,3.83
2023-05-26,DGS10,US 10Y Yield,3.8
2023-05-30,DGS10,US 10Y Yield,3.69
2023-05-31,DGS10,US 10Y Yield,3.64
2023-06-01,DGS10,US 10Y Yield,3.61
2023-06-02,DGS10,US 10Y Yield,3.69
2023-06-05,DGS10,US 10Y Yield,3.69
2023-06-06,DGS10,US 10Y Yield,3.7
2023-06-07,DGS10,US 10Y Yield,3.79
2023-06-08,DGS10,US 10Y Yield,3.73
2023-06-09,DGS10,US 10Y Yield,3.75
2023-06-12,DGS10,US 10Y Yield,3.73
2023-06-13,DGS10,US 10Y Yield,3.84
2023-06-14,DGS10,US 10Y Yield,3.83
2023-06-15,DGS10,US 10Y Yield,3.72
2023-06-16,DGS10,US 10Y Yield,3.77
2023-06-20,DGS10,US 10Y Yield,3.74
2023-06-21,DGS10,US 10Y Yield,3.72
2023-06-22,DGS10,US 10Y Yield,3.8
2023-06-23,DGS10,US 10Y Yield,3.74
2023-06-26,DGS10,US 10Y Yield,3.72
2023-06-27,DGS10,US 10Y Yield,3.77
2023-06-28,DGS10,US 10Y Yield,3.71
2023-06-29,DGS10,US 10Y Yield,3.85
2023-06-30,DGS10,US 10Y Yield,3.81
2023-07-03,DGS10,US 10Y Yield,3.86
2023-07-05,DGS10,US 10Y Yield,3.95
2023-07-06,DGS10,US 10Y Yield,4.05
2023-07-07,DGS10,US 10Y Yield,4.06
2023-07-10,DGS10,US 10Y Yield,4.01
2023-07-11,DGS10,US 10Y Yield,3.99
2023-07-12,DGS10,US 10Y Yield,3.86
2023-07-13,DGS10,US 10Y Yield,3.76
2023-07-14,DGS10,US 10Y Yield,3.83
2023-07-17,DGS10,US 10Y Yield,3.81
2023-07-18,DGS10,US 10Y Yield,3.8
2023-07-19,DGS10,US 10Y Yield,3.75
2023-07-20,DGS10,US 10Y Yield,3.85
2023-07-21,DGS10,US 10Y Yield,3.84
2023-07-24,DGS10,US 10Y Yield,3.86
2023-07-25,DGS10,US 10Y Yield,3.91
2023-07-26,DGS10,US 10Y Yield,3.86
2023-07-27,DGS10,US 10Y Yield,4.01
2023-07-28,DGS10,US 10Y Yield,3.96
2023-07-31,DGS10,US 10Y Yield,3.97
2023-08-01,DGS10,US 10Y Yield,4.05
2023-08-02,DGS10,US 10Y Yield,4.08
2023-08-03,DGS10,US 10Y Yield,4.2
2023-08-04,DGS10,US 10Y Yield,4.05
2023-08-07,DGS10,US 10Y Yield,4.09
2023-08-08,DGS10,US 10Y Yield,4.02
2023-08-09,DGS10,US 10Y Yield,4.0
2023-08-10,DGS10,US 10Y Yield,4.09
2023-08-11,DGS10,US 10Y Yield,4.16
2023-08-14,DGS10,US 10Y Yield,4.19
2023-08-15,DGS10,US 10Y Yield,4.21
2023-08-16,DGS10,US 10Y Yield,4.28
2023-08-17,DGS10,US 10Y Yield,4.3
2023-08-18,DGS10,US 10Y Yield,4.26
2023-08-21,DGS10,US 10Y Yield,4.34
2023-08-22,DGS10,US 10Y Yield,4.34
2023-08-23,DGS10,US 10Y Yield,4.19
2023-08-24,DGS10,US 10Y Yield,4.23
2023-08-25,DGS10,US 10Y Yield,4.25
2023-08-28,DGS10,US 10Y Yield,4.2
2023-08-29,DGS10,US 10Y Yield,4.12
2023-08-30,DGS10,US 10Y Yield,4.12
2023-08-31,DGS10,US 10Y Yield,4.09
2023-09-01,DGS10,US 10Y Yield,4.18
2023-09-05,DGS10,US 10Y Yield,4.27
2023-09-06,DGS10,US 10Y Yield,4.3
2023-09-07,DGS10,US 10Y Yield,4.27
2023-09-08,DGS10,US 10Y Yield,4.26
2023-09-11,DGS10,US 10Y Yield,4.29
2023-09-12,DGS10,US 10Y Yield,4.27
2023-09-13,DGS10,US 10Y Yield,4.25
2023-09-14,DGS10,US 10Y Yield,4.29
2023-09-15,DGS10,US 10Y Yield,4.33
2023-09-18,DGS10,US 10Y Yield,4.32
2023-09-19,DGS10,US 10Y Yield,4.37
2023-09-20,DGS10,US 10Y Yield,4.35
2023-09-21,DGS10,US 10Y Yield,4.49
2023-09-22,DGS10,US 10Y Yield,4.44
2023-09-25,DGS10,US 10Y Yield,4.55
2023-09-26,DGS10,US 10Y Yield,4.56
2023-09-27,DGS10,US 10Y Yield,4.61
2023-09-28,DGS10,US 10Y Yield,4.59
2023-09-29,DGS10,US 10Y Yield,4.59
2023-10-02,DGS10,US 10Y Yield,4.69
2023-10-03,DGS10,US 10Y Yield,4.81
2023-10-04,DGS10,US 10Y Yield,4.73
2023-10-05,DGS10,US 10Y Yield,4.72
2023-10-06,DGS10,US 10Y Yield,4.78
2023-10-10,DGS10,US 10Y Yield,4.66
2023-10-11,DGS10,US 10Y Yield,4.58
2023-10-12,DGS10,US 10Y Yield,4.7
2023-10-13,DGS10,US 10Y Yield,4.63
2023-10-16,DGS10,US 10Y Yield,4.71
2023-10-17,DGS10,US 10Y Yield,4.83
2023-10-18,DGS10,US 10Y Yield,4.91
2023-10-19,DGS10,US 10Y Yield,4.98
2023-10-20,DGS10,US 10Y Yield,4.93
2023-10-23,DGS10,US 10Y Yield,4.86
2023-10-24,DGS10,US 10Y Yield,4.83
2023-10-25,DGS10,US 10Y Yield,4.95
2023-10-26,DGS10,US 10Y Yield,4.86
2023-10-27,DGS10,US 10Y Yield,4.84
2023-10-30,DGS10,US 10Y Yield,4.88
2023-10-31,DGS10,US 10Y Yield,4.88
2023-11-01,DGS10,US 10Y Yield,4.77
2023-11-02,DGS10,US 10Y Yield,4.67
2023-11-03,DGS10,US 10Y Yield,4.57
2023-11-06,DGS10,US 10Y Yield,4.67
2023-11-07,DGS10,US 10Y Yield,4.58
2023-11-08,DGS10,US 10Y Yield,4.49
2023-11-09,DGS10,US 10Y Yield,4.62
2023-11-10,DGS10,US 10Y Yield,4.61
2023-11-13,DGS10,US 10Y Yield,4.63
2023-11-14,DGS10,US 10Y Yield,4.44
2023-11-15,DGS10,US 10Y Yield,4.53
2023-11-16,DGS10,US 10Y Yield,4.45
2023-11-17,DGS10,US 10Y Yield,4.44
2023-11-20,DGS10,US 10Y Yield,4.42
2023-11-21,DGS10,US 10Y Yield,4.41
2023-11-22,DGS10,US 10Y Yield,4.42
2023-11-24,DGS10,US 10Y Yield,4.47
2023-11-27,DGS10,US 10Y Yield,4.39
2023-11-28,DGS10,US 10Y Yield,4.34
2023-11-29,DGS10,US 10Y Yield,4.27
2023-11-30,DGS10,US 10Y Yield,4.37
2023-12-01,DGS10,US 10Y Yield,4.22
2023-12-04,DGS10,US 10Y Yield,4.28
2023-12-05,DGS10,US 10Y Yield,4.18
2023-12-06,DGS10,US 10Y Yield,4.12
2023-12-07,DGS10,US 10Y Yield,4.14
2023-12-08,DGS10,US 10Y Yield,4.23
2023-12-11,DGS10,US 10Y Yield,4.23
2023-12-12,DGS10,US 10Y Yield,4.2
2023-12-13,DGS10,US 10Y Yield,4.04
2023-12-14,DGS10,US 10Y Yield,3.92
2023-12-15,DGS10,US 10Y Yield,3.91
2023-12-18,DGS10,US 10Y Yield,3.95
2023-12-19,DGS10,US 10Y Yield,3.93
2023-12-20,DGS10,US 10Y Yield,3.86
2023-12-21,DGS10,US 10Y Yield,3.89
2023-12-22,DGS10,US 10Y Yield,3.9
2023-12-26,DGS10,US 10Y Yield,3.89
2023-12-27,DGS10,US 10Y Yield,3.79
2023-12-28,DGS10,US 10Y Yield,3.84
2023-12-29,DGS10,US 10Y Yield,3.88
2024-01-02,DGS10,US 10Y Yield,3.95
2024-01-03,DGS10,US 10Y Yield,3.91
2024-01-04,DGS10,US 10Y Yield,3.99
2024-01-05,DGS10,US 10Y Yield,4.05
2024-01-08,DGS10,US 10Y Yield,4.01
2024-01-09,DGS10,US 10Y Yield,4.02
2024-01-10,DGS10,US 10Y Yield,4.04
2024-01-11,DGS10,US 10Y Yield,3.98
2024-01-12,DGS10,US 10Y Yield,3.96
2024-01-16,DGS10,US 10Y Yield,4.07
2024-01-17,DGS10,US 10Y Yield,4.1
2024-01-18,DGS10,US 10Y Yield,4.14
2024-01-19,DGS10,US 10Y Yield,4.15
2024-01-22,DGS10,US 10Y Yield,4.11
2024-01-23,DGS10,US 10Y Yield,4.14
2024-01-24,DGS10,US 10Y Yield,4.18
2024-01-25,DGS10,US 10Y Yield,4.14
2024-01-26,DGS10,US 10Y Yield,4.15
2024-01-29,DGS10,US 10Y Yield,4.08
2024-01-30,DGS10,US 10Y Yield,4.06
2024-01-31,DGS10,US 10Y Yield,3.99
2024-02-01,DGS10,US 10Y Yield,3.87
2024-02-02,DGS10,US 10Y Yield,4.03
2024-02-05,DGS10,US 10Y Yield,4.17
2024-02-06,DGS10,US 10Y Yield,4.09
2024-02-07,DGS10,US 10Y Yield,4.09
2024-02-08,DGS10,US 10Y Yield,4.15
2024-02-09,DGS10,US 10Y Yield,4.17
2024-02-12,DGS10,US 10Y Yield,4.17
2024-02-13,DGS10,US 10Y Yield,4.31
2024-02-14,DGS10,US 10Y Yield,4.27
2024-02-15,DGS10,US 10Y Yield,4.24
2024-02-16,DGS10,US 10Y Yield,4.3
2024-02-20,DGS10,US 10Y Yield,4.27
2024-02-21,DGS10,US 10Y Yield,4.32
2024-02-22,DGS10,US 10Y Yield,4.33
2024-02-23,DGS10,US 10Y Yield,4.26
2024-02-26,DGS10,US 10Y Yield,4.28
2024-02-27,DGS10,US 10Y Yield,4.31
2024-02-28,DGS10,US 10Y Yield,4.27
2024-02-29,DGS10,US 10Y Yield,4.25
2024-03-01,DGS10,US 10Y Yield,4.19
2024-03-04,DGS10,US 10Y Yield,4.22
2024-03-05,DGS10,US 10Y Yield,4.13
2024-03-06,DGS10,US 10Y Yield,4.11
2024-03-07,DGS10,US 10Y Yield,4.09
2024-03-08,DGS10,US 10Y Yield,4.09
2024-03-11,DGS10,US 10Y Yield,4.1
2024-03-12,DGS10,US 10Y Yield,4.16
2024-03-13,DGS10,US 10Y Yield,4.19
2024-03-14,DGS10,US 10Y Yield,4.29
2024-03-15,DGS10,US 10Y Yield,4.31
2024-03-18,DGS10,US 10Y Yield,4.34
2024-03-19,DGS10,US 10Y Yield,4.3
2024-03-20,DGS10,US 10Y Yield,4.27
2024-03-21,DGS10,US 10Y Yield,4.27
2024-03-22,DGS10,US 10Y Yield,4.22
2024-03-25,DGS10,US 10Y Yield,4.25
2024-03-26,DGS10,US 10Y Yield,4.24
2024-03-27,DGS10,US 10Y Yield,4.2
2024-03-28,DGS10,US 10Y Yield,4.2
2024-04-01,DGS10,US 10Y Yield,4.33
2024-04-02,DGS10,US 10Y Yield,4.36
2024-04-03,DGS10,US 10Y Yield,4.36
2024-04-04,DGS10,US 10Y Yield,4.31
2024-04-05,DGS10,US 10Y Yield,4.39
2024-04-08,DGS10,US 10Y Yield,4.42
2024-04-09,DGS10,US 10Y Yield,4.36
2024-04-10,DGS10,US 10Y Yield,4.55
2024-04-11,DGS10,US 10Y Yield,4.56
2024-04-12,DGS10,US 10Y Yield,4.5
2024-04-15,DGS10,US 10Y Yield,4.63
2024-04-16,DGS10,US 10Y Yield,4.67
2024-04-17,DGS10,US 10Y Yield,4.59
2024-04-18,DGS10,US 10Y Yield,4.64
2024-04-19,DGS10,US 10Y Yield,4.62
2024-04-22,DGS10,US 10Y Yield,4.62
2024-04-23,DGS10,US 10Y Yield,4.61
2024-04-24,DGS10,US 10Y Yield,4.65
2024-04-25,DGS10,US 10Y Yield,4.7
2024-04-26,DGS10,US 10Y Yield,4.67
2024-04-29,DGS10,US 10Y Yield,4.63
2024-04-30,DGS10,US 10Y Yield,4.69
2024-05-01,DGS10,US 10Y Yield,4.63
2024-05-02,DGS10,US 10Y Yield,4.58
2024-05-03,DGS10,US 10Y Yield,4.5
2024-05-06,DGS10,US 10Y Yield,4.49
2024-05-07,DGS10,US 10Y Yield,4.47
2024-05-08,DGS10,US 10Y Yield,4.48
2024-05-09,DGS10,US 10Y Yield,4.45
2024-05-10,DGS10,US 10Y Yield,4.5
2024-05-13,DGS10,US 10Y Yield,4.48
2024-05-14,DGS10,US 10Y Yield,4.45
2024-05-15,DGS10,US 10Y Yield,4.36
2024-05-16,DGS10,US 10Y Yield,4.38
2024-05-17,DGS10,US 10Y Yield,4.42
2024-05-20,DGS10,US 10Y Yield,4.44
2024-05-21,DGS10,US 10Y Yield,4.41
2024-05-22,DGS10,US 10Y Yield,4.43
2024-05-23,DGS10,US 10Y Yield,4.47
2024-05-24,DGS10,US 10Y Yield,4.46
2024-05-28,DGS10,US 10Y Yield,4.54
2024-05-29,DGS10,US 10Y Yield,4.61
2024-05-30,DGS10,US 10Y Yield,4.55
2024-05-31,DGS10,US 10Y Yield,4.51
2024-06-03,DGS10,US 10Y Yield,4.41
2024-06-04,DGS10,US 10Y Yield,4.33
2024-06-05,DGS10,US 10Y Yield,4.29
2024-06-06,DGS10,US 10Y Yield,4.28
2024-06-07,DGS10,US 10Y Yield,4.43
2024-06-10,DGS10,US 10Y Yield,4.47
2024-06-11,DGS10,US 10Y Yield,4.39
2024-06-12,DGS10,US 10Y Yield,4.31
2024-06-13,DGS10,US 10Y Yield,4.24
2024-06-14,DGS10,US 10Y Yield,4.2
2024-06-17,DGS10,US 10Y Yield,4.28
2024-06-18,DGS10,US 10Y Yield,4.22
2024-06-20,DGS10,US 10Y Yield,4.25
2024-06-21,DGS10,US 10Y Yield,4.25
2024-06-24,DGS10,US 10Y Yield,4.25
2024-06-25,DGS10,US 10Y Yield,4.23
2024-06-26,DGS10,US 10Y Yield,4.32
2024-06-27,DGS10,US 10Y Yield,4.29
2024-06-28,DGS10,US 10Y Yield,4.36
2024-07-01,DGS10,US 10Y Yield,4.48
2024-07-02,DGS10,US 10Y Yield,4.43
2024-07-03,DGS10,US 10Y Yield,4.36
2024-07-05,DGS10,US 10Y Yield,4.28
2024-07-08,DGS10,US 10Y Yield,4.28
2024-07-09,DGS10,US 10Y Yield,4.3
2024-07-10,DGS10,US 10Y Yield,4.28
2024-07-11,DGS10,US 10Y Yield,4.2
2024-07-12,DGS10,US 10Y Yield,4.18
2024-07-15,DGS10,US 10Y Yield,4.23
2024-07-16,DGS10,US 10Y Yield,4.17
2024-07-17,DGS10,US 10Y Yield,4.16
2024-07-18,DGS10,US 10Y Yield,4.2
2024-07-19,DGS10,US 10Y Yield,4.25
2024-07-22,DGS10,US 10Y Yield,4.26
2024-07-23,DGS10,US 10Y Yield,4.25
2024-07-24,DGS10,US 10Y Yield,4.28
2024-07-25,DGS10,US 10Y Yield,4.27
2024-07-26,DGS10,US 10Y Yield,4.2
2024-07-29,DGS10,US 10Y Yield,4.17
2024-07-30,DGS10,US 10Y Yield,4.15
2024-07-31,DGS10,US 10Y Yield,4.09
2024-08-01,DGS10,US 10Y Yield,3.99
2024-08-02,DGS10,US 10Y Yield,3.8
2024-08-05,DGS10,US 10Y Yield,3.78
2024-08-06,DGS10,US 10Y Yield,3.9
2024-08-07,DGS10,US 10Y Yield,3.96
2024-08-08,DGS10,US 10Y Yield,3.99
2024-08-09,DGS10,US 10Y Yield,3.94
2024-08-12,DGS10,US 10Y Yield,3.9
2024-08-13,DGS10,US 10Y Yield,3.85
2024-08-14,DGS10,US 10Y Yield,3.83
2024-08-15,DGS10,US 10Y Yield,3.92
2024-08-16,DGS10,US 10Y Yield,3.89
2024-08-19,DGS10,US 10Y Yield,3.86
2024-08-20,DGS10,US 10Y Yield,3.82
2024-08-21,DGS10,US 10Y Yield,3.79
2024-08-22,DGS10,US 10Y Yield,3.86
2024-08-23,DGS10,US 10Y Yield,3.81
2024-08-26,DGS10,US 10Y Yield,3.82
2024-08-27,DGS10,US 10Y Yield,3.83
2024-08-28,DGS10,US 10Y Yield,3.84
2024-08-29,DGS10,US 10Y Yield,3.87
2024-08-30,DGS10,US 10Y Yield,3.91
2024-09-03,DGS10,US 10Y Yield,3.84
2024-09-04,DGS10,US 10Y Yield,3.77
2024-09-05,DGS10,US 10Y Yield,3.73
2024-09-06,DGS10,US 10Y Yield,3.72
2024-09-09,DGS10,US 10Y Yield,3.7
2024-09-10,DGS10,US 10Y Yield,3.65
2024-09-11,DGS10,US 10Y Yield,3.65
2024-09-12,DGS10,US 10Y Yield,3.68
2024-09-13,DGS10,US 10Y Yield,3.66
2024-09-16,DGS10,US 10Y Yield,3.63
2024-09-17,DGS10,US 10Y Yield,3.65
2024-09-18,DGS10,US 10Y Yield,3.7
2024-09-19,DGS10,US 10Y Yield,3.73
2024-09-20,DGS10,US 10Y Yield,3.73
2024-09-23,DGS10,US 10Y Yield,3.75
2024-09-24,DGS10,US 10Y Yield,3.74
2024-09-25,DGS10,US 10Y Yield,3.79
2024-09-26,DGS10,US 10Y Yield,3.79
2024-09-27,DGS10,US 10Y Yield,3.75
2024-09-30,DGS10,US 10Y Yield,3.81
2024-10-01,DGS10,US 10Y Yield,3.74
2024-10-02,DGS10,US 10Y Yield,3.79
2024-10-03,DGS10,US 10Y Yield,3.85
2024-10-04,DGS10,US 10Y Yield,3.98
2024-10-07,DGS10,US 10Y Yield,4.03
2024-10-08,DGS10,US 10Y Yield,4.04
2024-10-09,DGS10,US 10Y Yield,4.06
2024-10-10,DGS10,US 10Y Yield,4.09
2024-10-11,DGS10,US 10Y Yield,4.08
2024-10-15,DGS10,US 10Y Yield,4.03
2024-10-16,DGS10,US 10Y Yield,4.02
2024-10-17,DGS10,US 10Y Yield,4.09
2024-10-18,DGS10,US 10Y Yield,4.08
2024-10-21,DGS10,US 10Y Yield,4.19
2024-10-22,DGS10,US 10Y Yield,4.2
2024-10-23,DGS10,US 10Y Yield,4.24
2024-10-24,DGS10,US 10Y Yield,4.21
2024-10-25,DGS10,US 10Y Yield,4.25
2024-10-28,DGS10,US 10Y Yield,4.28
2024-10-29,DGS10,US 10Y Yield,4.28
2024-10-30,DGS10,US 10Y Yield,4.29
2024-10-31,DGS10,US 10Y Yield,4.28
2024-11-01,DGS10,US 10Y Yield,4.37
2024-11-04,DGS10,US 10Y Yield,4.31
2024-11-05,DGS10,US 10Y Yield,4.26
2024-11-06,DGS10,US 10Y Yield,4.42
2024-11-07,DGS10,US 10Y Yield,4.31
2024-11-08,DGS10,US 10Y Yield,4.3
2024-11-12,DGS10,US 10Y Yield,4.43
2024-11-13,DGS10,US 10Y Yield,4.44
2024-11-14,DGS10,US 10Y Yield,4.43
2024-11-15,DGS10,US 10Y Yield,4.43
2024-11-18,DGS10,US 10Y Yield,4.42
2024-11-19,DGS10,US 10Y Yield,4.39
2024-11-20,DGS10,US 10Y Yield,4.41
2024-11-21,DGS10,US 10Y Yield,4.43
2024-11-22,DGS10,US 10Y Yield,4.41
2024-11-25,DGS10,US 10Y Yield,4.27
2024-11-26,DGS10,US 10Y Yield,4.3
2024-11-27,DGS10,US 10Y Yield,4.25
2024-11-29,DGS10,US 10Y Yield,4.18
2024-12-02,DGS10,US 10Y Yield,4.19
2024-12-03,DGS10,US 10Y Yield,4.23
2024-12-04,DGS10,US 10Y Yield,4.19
2024-12-05,DGS10,US 10Y Yield,4.17
2024-12-06,DGS10,US 10Y Yield,4.15
2024-12-09,DGS10,US 10Y Yield,4.2
2024-12-10,DGS10,US 10Y Yield,4.22
2024-12-11,DGS10,US 10Y Yield,4.26
2024-12-12,DGS10,US 10Y Yield,4.32
2024-12-13,DGS10,US 10Y Yield,4.4
2024-12-16,DGS10,US 10Y Yield,4.39
2024-12-17,DGS10,US 10Y Yield,4.4
2024-12-18,DGS10,US 10Y Yield,4.5
2024-12-19,DGS10,US 10Y Yield,4.57
2024-12-20,DGS10,US 10Y Yield,4.52
2024-12-23,DGS10,US 10Y Yield,4.59
2024-12-24,DGS10,US 10Y Yield,4.59
2024-12-26,DGS10,US 10Y Yield,4.58
2024-12-27,DGS10,US 10Y Yield,4.62
2024-12-30,DGS10,US 10Y Yield,4.55
2024-12-31,DGS10,US 10Y Yield,4.58
2025-01-02,DGS10,US 10Y Yield,4.57
2025-01-03,DGS10,US 10Y Yield,4.6
2025-01-06,DGS10,US 10Y Yield,4.62
2025-01-07,DGS10,US 10Y Yield,4.67
2025-01-08,DGS10,US 10Y Yield,4.67
2025-01-09,DGS10,US 10Y Yield,4.68
2025-01-10,DGS10,US 10Y Yield,4.77
2025-01-13,DGS10,US 10Y Yield,4.79
2025-01-14,DGS10,US 10Y Yield,4.78
2025-01-15,DGS10,US 10Y Yield,4.66
2025-01-16,DGS10,US 10Y Yield,4.61
2025-01-17,DGS10,US 10Y Yield,4.61
2025-01-21,DGS10,US 10Y Yield,4.57
2025-01-22,DGS10,US 10Y Yield,4.6
2025-01-23,DGS10,US 10Y Yield,4.65
2025-01-24,DGS10,US 10Y Yield,4.63
2025-01-27,DGS10,US 10Y Yield,4.53
2025-01-28,DGS10,US 10Y Yield,4.55
2025-01-29,DGS10,US 10Y Yield,4.55
2025-01-30,DGS10,US 10Y Yield,4.52
2025-01-31,DGS10,US 10Y Yield,4.58
2025-02-03,DGS10,US 10Y Yield,4.54
2025-02-04,DGS10,US 10Y Yield,4.52
2025-02-05,DGS10,US 10Y Yield,4.43
2025-02-06,DGS10,US 10Y Yield,4.45
2025-02-07,DGS10,US 10Y Yield,4.49
2025-02-10,DGS10,US 10Y Yield,4.51
2025-02-11,DGS10,US 10Y Yield,4.54
2025-02-12,DGS10,US 10Y Yield,4.62
2025-02-13,DGS10,US 10Y Yield,4.52
2025-02-14,DGS10,US 10Y Yield,4.47
2025-02-18,DGS10,US 10Y Yield,4.55
2025-02-19,DGS10,US 10Y Yield,4.53
2025-02-20,DGS10,US 10Y Yield,4.5
2025-02-21,DGS10,US 10Y Yield,4.42
2025-02-24,DGS10,US 10Y Yield,4.4
2025-02-25,DGS10,US 10Y Yield,4.3
2025-02-26,DGS10,US 10Y Yield,4.25
2025-02-27,DGS10,US 10Y Yield,4.29
2025-02-28,DGS10,US 10Y Yield,4.24
2025-03-03,DGS10,US 10Y Yield,4.16
2025-03-04,DGS10,US 10Y Yield,4.22
2025-03-05,DGS10,US 10Y Yield,4.28
2025-03-06,DGS10,US 10Y Yield,4.29
2025-03-07,DGS10,US 10Y Yield,4.32
2025-03-10,DGS10,US 10Y Yield,4.22
2025-03-11,DGS10,US 10Y Yield,4.28
2025-03-12,DGS10,US 10Y Yield,4.32
2025-03-13,DGS10,US 10Y Yield,4.27
2025-03-14,DGS10,US 10Y Yield,4.31
2025-03-17,DGS10,US 10Y Yield,4.31
2025-03-18,DGS10,US 10Y Yield,4.29
2025-03-19,DGS10,US 10Y Yield,4.25
2025-03-20,DGS10,US 10Y Yield,4.24
2025-03-21,DGS10,US 10Y Yield,4.25
2025-03-24,DGS10,US 10Y Yield,4.34
2025-03-25,DGS10,US 10Y Yield,4.31
2025-03-26,DGS10,US 10Y Yield,4.35
2025-03-27,DGS10,US 10Y Yield,4.38
2025-03-28,DGS10,US 10Y Yield,4.27
2025-03-31,DGS10,US 10Y Yield,4.23
2025-04-01,DGS10,US 10Y Yield,4.17
2025-04-02,DGS10,US 10Y Yield,4.2
2025-04-03,DGS10,US 10Y Yield,4.06
2025-04-04,DGS10,US 10Y Yield,4.01
2025-04-07,DGS10,US 10Y Yield,4.15
2025-04-08,DGS10,US 10Y Yield,4.26
2025-04-09,DGS10,US 10Y Yield,4.34
2025-04-10,DGS10,US 10Y Yield,4.4
2025-04-11,DGS10,US 10Y Yield,4.48
2025-04-14,DGS10,US 10Y Yield,4.38
2025-04-15,DGS10,US 10Y Yield,4.35
2025-04-16,DGS10,US 10Y Yield,4.29
2025-04-17,DGS10,US 10Y Yield,4.34
2025-04-21,DGS10,US 10Y Yield,4.42
2025-04-22,DGS10,US 10Y Yield,4.41
2025-04-23,DGS10,US 10Y Yield,4.4
2025-04-24,DGS10,US 10Y Yield,4.32
2025-04-25,DGS10,US 10Y Yield,4.29
2025-04-28,DGS10,US 10Y Yield,4.23
2025-04-29,DGS10,US 10Y Yield,4.19
2025-04-30,DGS10,US 10Y Yield,4.17
2025-05-01,DGS10,US 10Y Yield,4.25
2025-05-02,DGS10,US 10Y Yield,4.33
2025-05-05,DGS10,US 10Y Yield,4.36
2025-05-06,DGS10,US 10Y Yield,4.3
2025-05-07,DGS10,US 10Y Yield,4.26
2025-05-08,DGS10,US 10Y Yield,4.37
2025-05-09,DGS10,US 10Y Yield,4.37
2025-05-12,DGS10,US 10Y Yield,4.45
2025-05-13,DGS10,US 10Y Yield,4.49
2025-05-14,DGS10,US 10Y Yield,4.53
2025-05-15,DGS10,US 10Y Yield,4.45
2025-05-16,DGS10,US 10Y Yield,4.43
2025-05-19,DGS10,US 10Y Yield,4.46
2025-05-20,DGS10,US 10Y Yield,4.48
2025-05-21,DGS10,US 10Y Yield,4.58
2025-05-22,DGS10,US 10Y Yield,4.54
2025-05-23,DGS10,US 10Y Yield,4.51
2025-05-27,DGS10,US 10Y Yield,4.43
2025-05-28,DGS10,US 10Y Yield,4.47
2025-05-29,DGS10,US 10Y Yield,4.43
2025-05-30,DGS10,US 10Y Yield,4.41
2025-06-02,DGS10,US 10Y Yield,4.46
2025-06-03,DGS10,US 10Y Yield,4.46
2025-06-04,DGS10,US 10Y Yield,4.37
2025-06-05,DGS10,US 10Y Yield,4.4
2025-06-06,DGS10,US 10Y Yield,4.51
2025-06-09,DGS10,US 10Y Yield,4.49
2025-06-10,DGS10,US 10Y Yield,4.47
2025-06-11,DGS10,US 10Y Yield,4.41
2025-06-12,DGS10,US 10Y Yield,4.36
2025-06-13,DGS10,US 10Y Yield,4.41
2025-06-16,DGS10,US 10Y Yield,4.46
2025-06-17,DGS10,US 10Y Yield,4.39
2025-06-18,DGS10,US 10Y Yield,4.38
2025-06-20,DGS10,US 10Y Yield,4.38
2025-06-23,DGS10,US 10Y Yield,4.34
2025-06-24,DGS10,US 10Y Yield,4.3
2025-06-25,DGS10,US 10Y Yield,4.29
2025-06-26,DGS10,US 10Y Yield,4.26
2025-06-27,DGS10,US 10Y Yield,4.29
2025-06-30,DGS10,US 10Y Yield,4.24
2025-07-01,DGS10,US 10Y Yield,4.26
2025-07-02,DGS10,US 10Y Yield,4.3
2025-07-03,DGS10,US 10Y Yield,4.35
2025-07-07,DGS10,US 10Y Yield,4.4
2025-07-08,DGS10,US 10Y Yield,4.42
2025-07-09,DGS10,US 10Y Yield,4.34
2025-07-10,DGS10,US 10Y Yield,4.35
2025-07-11,DGS10,US 10Y Yield,4.43
2025-07-14,DGS10,US 10Y Yield,4.43
2025-07-15,DGS10,US 10Y Yield,4.5
2025-07-16,DGS10,US 10Y Yield,4.46
2025-07-17,DGS10,US 10Y Yield,4.47
2025-07-18,DGS10,US 10Y Yield,4.44
2025-07-21,DGS10,US 10Y Yield,4.38
2025-07-22,DGS10,US 10Y Yield,4.35
2025-07-23,DGS10,US 10Y Yield,4.4
2025-07-24,DGS10,US 10Y Yield,4.43
2025-07-25,DGS10,US 10Y Yield,4.4
2025-07-28,DGS10,US 10Y Yield,4.42
2025-07-29,DGS10,US 10Y Yield,4.34
2025-07-30,DGS10,US 10Y Yield,4.38
2025-07-31,DGS10,US 10Y Yield,4.37
2025-08-01,DGS10,US 10Y Yield,4.23
2025-08-04,DGS10,US 10Y Yield,4.22
2025-08-05,DGS10,US 10Y Yield,4.22
2025-08-06,DGS10,US 10Y Yield,4.22
2025-08-07,DGS10,US 10Y Yield,4.23
2025-08-08,DGS10,US 10Y Yield,4.27
2025-08-11,DGS10,US 10Y Yield,4.27
2025-08-12,DGS10,US 10Y Yield,4.29
2025-08-13,DGS10,US 10Y Yield,4.24
2025-08-14,DGS10,US 10Y Yield,4.29
2025-08-15,DGS10,US 10Y Yield,4.33
2025-08-18,DGS10,US 10Y Yield,4.34
2025-08-19,DGS10,US 10Y Yield,4.3
2025-08-20,DGS10,US 10Y Yield,4.29
2025-08-21,DGS10,US 10Y Yield,4.33
2025-08-22,DGS10,US 10Y Yield,4.26
2025-08-25,DGS10,US 10Y Yield,4.28
2025-08-26,DGS10,US 10Y Yield,4.26
2025-08-27,DGS10,US 10Y Yield,4.24
2025-08-28,DGS10,US 10Y Yield,4.22
2025-08-29,DGS10,US 10Y Yield,4.23
2025-09-02,DGS10,US 10Y Yield,4.28
2025-09-03,DGS10,US 10Y Yield,4.22
2025-09-04,DGS10,US 10Y Yield,4.17
2025-09-05,DGS10,US 10Y Yield,4.1
2025-09-08,DGS10,US 10Y Yield,4.05
2025-09-09,DGS10,US 10Y Yield,4.08
2025-09-10,DGS10,US 10Y Yield,4.04
2025-09-11,DGS10,US 10Y Yield,4.01
2025-09-12,DGS10,US 10Y Yield,4.06
2025-09-15,DGS10,US 10Y Yield,4.05
2025-09-16,DGS10,US 10Y Yield,4.04
2025-09-17,DGS10,US 10Y Yield,4.06
2025-09-18,DGS10,US 10Y Yield,4.11
2025-09-19,DGS10,US 10Y Yield,4.14
2025-09-22,DGS10,US 10Y Yield,4.15
2025-09-23,DGS10,US 10Y Yield,4.12
2025-09-24,DGS10,US 10Y Yield,4.16
2025-09-25,DGS10,US 10Y Yield,4.18
2025-09-26,DGS10,US 10Y Yield,4.2
2025-09-29,DGS10,US 10Y Yield,4.15
2025-09-30,DGS10,US 10Y Yield,4.16
2025-10-01,DGS10,US 10Y Yield,4.12
2025-10-02,DGS10,US 10Y Yield,4.1
2025-10-03,DGS10,US 10Y Yield,4.13
2025-10-06,DGS10,US 10Y Yield,4.18
2025-10-07,DGS10,US 10Y Yield,4.14
2025-10-08,DGS10,US 10Y Yield,4.13
2025-10-09,DGS10,US 10Y Yield,4.14
2025-10-10,DGS10,US 10Y Yield,4.05
2025-10-14,DGS10,US 10Y Yield,4.03
2025-10-15,DGS10,US 10Y Yield,4.05
2025-10-16,DGS10,US 10Y Yield,3.99
2025-10-17,DGS10,US 10Y Yield,4.02
2025-10-20,DGS10,US 10Y Yield,4.0
2025-10-21,DGS10,US 10Y Yield,3.98
2025-10-22,DGS10,US 10Y Yield,3.97
2025-10-23,DGS10,US 10Y Yield,4.01
2025-10-24,DGS10,US 10Y Yield,4.02
2025-10-27,DGS10,US 10Y Yield,4.01
2025-10-28,DGS10,US 10Y Yield,3.99
2025-10-29,DGS10,US 10Y Yield,4.08
2025-10-30,DGS10,US 10Y Yield,4.11
2025-10-31,DGS10,US 10Y Yield,4.11
2025-11-03,DGS10,US 10Y Yield,4.13
2025-11-04,DGS10,US 10Y Yield,4.1
2025-11-05,DGS10,US 10Y Yield,4.17
2025-11-06,DGS10,US 10Y Yield,4.11
2025-11-07,DGS10,US 10Y Yield,4.11
2025-11-10,DGS10,US 10Y Yield,4.13
2025-11-12,DGS10,US 10Y Yield,4.08
2025-11-13,DGS10,US 10Y Yield,4.11
2025-11-14,DGS10,US 10Y Yield,4.14
2025-11-17,DGS10,US 10Y Yield,4.13
2025-11-18,DGS10,US 10Y Yield,4.12
2025-11-19,DGS10,US 10Y Yield,4.13
2025-11-20,DGS10,US 10Y Yield,4.1
2025-11-21,DGS10,US 10Y Yield,4.06
2025-11-24,DGS10,US 10Y Yield,4.04
2025-11-25,DGS10,US 10Y Yield,4.01
2025-11-26,DGS10,US 10Y Yield,4.0
2025-11-28,DGS10,US 10Y Yield,4.02
2025-12-01,DGS10,US 10Y Yield,4.09
2025-12-02,DGS10,US 10Y Yield,4.09
2025-12-03,DGS10,US 10Y Yield,4.06
2025-12-04,DGS10,US 10Y Yield,4.11
2025-12-05,DGS10,US 10Y Yield,4.14
2025-12-08,DGS10,US 10Y Yield,4.17
2025-12-09,DGS10,US 10Y Yield,4.18
2025-12-10,DGS10,US 10Y Yield,4.13
2025-12-11,DGS10,US 10Y Yield,4.14
2025-12-12,DGS10,US 10Y Yield,4.19
2025-12-15,DGS10,US 10Y Yield,4.18
2025-12-16,DGS10,US 10Y Yield,4.15
2025-12-17,DGS10,US 10Y Yield,4.16
2025-12-18,DGS10,US 10Y Yield,4.12
2025-12-19,DGS10,US 10Y Yield,4.16
2025-12-22,DGS10,US 10Y Yield,4.17
2025-12-23,DGS10,US 10Y Yield,4.18
2025-12-24,DGS10,US 10Y Yield,4.15
2025-12-26,DGS10,US 10Y Yield,4.14
2025-12-29,DGS10,US 10Y Yield,4.12
2025-12-30,DGS10,US 10Y Yield,4.14
2025-12-31,DGS10,US 10Y Yield,4.18
2026-01-02,DGS10,US 10Y Yield,4.19
2026-01-05,DGS10,US 10Y Yield,4.17
2026-01-06,DGS10,US 10Y Yield,4.18
2026-01-07,DGS10,US 10Y Yield,4.15
2026-01-08,DGS10,US 10Y Yield,4.19
2026-01-09,DGS10,US 10Y Yield,4.18
2026-01-12,DGS10,US 10Y Yield,4.19
2026-01-13,DGS10,US 10Y Yield,4.18
2026-01-14,DGS10,US 10Y Yield,4.15
2026-01-15,DGS10,US 10Y Yield,4.17
2026-01-16,DGS10,US 10Y Yield,4.24
2026-01-20,DGS10,US 10Y Yield,4.3
2026-01-21,DGS10,US 10Y Yield,4.26
2026-01-22,DGS10,US 10Y Yield,4.26
2026-01-23,DGS10,US 10Y Yield,4.24
2026-01-26,DGS10,US 10Y Yield,4.22
2026-01-27,DGS10,US 10Y Yield,4.24
2026-01-28,DGS10,US 10Y Yield,4.26
2026-01-29,DGS10,US 10Y Yield,4.24
2026-01-30,DGS10,US 10Y Yield,4.26
2026-02-02,DGS10,US 10Y Yield,4.29
2026-02-03,DGS10,US 10Y Yield,4.28
2026-02-04,DGS10,US 10Y Yield,4.29
2026-02-05,DGS10,US 10Y Yield,4.21
2026-02-06,DGS10,US 10Y Yield,4.22
2026-02-09,DGS10,US 10Y Yield,4.22
2026-02-10,DGS10,US 10Y Yield,4.16
2026-02-11,DGS10,US 10Y Yield,4.18
2026-02-12,DGS10,US 10Y Yield,4.09
2026-02-13,DGS10,US 10Y Yield,4.04
2026-02-17,DGS10,US 10Y Yield,4.05
2026-02-18,DGS10,US 10Y Yield,4.09
2026-02-19,DGS10,US 10Y Yield,4.08
2026-02-20,DGS10,US 10Y Yield,4.08
2026-02-23,DGS10,US 10Y Yield,4.03
2026-02-24,DGS10,US 10Y Yield,4.04
2026-02-25,DGS10,US 10Y Yield,4.05
2026-02-26,DGS10,US 10Y Yield,4.02
2026-02-27,DGS10,US 10Y Yield,3.97
2026-03-02,DGS10,US 10Y Yield,4.05
2026-03-03,DGS10,US 10Y Yield,4.06
2026-03-04,DGS10,US 10Y Yield,4.09
2026-03-05,DGS10,US 10Y Yield,4.13
2026-03-06,DGS10,US 10Y Yield,4.15
2026-03-09,DGS10,US 10Y Yield,4.12
2026-03-10,DGS10,US 10Y Yield,4.15
2026-03-11,DGS10,US 10Y Yield,4.21
2026-03-12,DGS10,US 10Y Yield,4.27
2026-03-13,DGS10,US 10Y Yield,4.28
2026-03-16,DGS10,US 10Y Yield,4.23
2026-03-17,DGS10,US 10Y Yield,4.2
2026-03-18,DGS10,US 10Y Yield,4.26
2026-03-19,DGS10,US 10Y Yield,4.25
2026-03-20,DGS10,US 10Y Yield,4.39
2026-03-23,DGS10,US 10Y Yield,4.34
2026-03-24,DGS10,US 10Y Yield,4.39
2026-03-25,DGS10,US 10Y Yield,4.33
2026-03-26,DGS10,US 10Y Yield,4.42
2026-03-27,DGS10,US 10Y Yield,4.44
2026-03-30,DGS10,US 10Y Yield,4.35
2026-03-31,DGS10,US 10Y Yield,4.3
2026-04-01,DGS10,US 10Y Yield,4.33
2026-04-02,DGS10,US 10Y Yield,4.31
2026-04-03,DGS10,US 10Y Yield,4.35
2026-04-06,DGS10,US 10Y Yield,4.34
2026-04-07,DGS10,US 10Y Yield,4.33
2026-04-08,DGS10,US 10Y Yield,4.29
2026-04-09,DGS10,US 10Y Yield,4.29
2026-04-10,DGS10,US 10Y Yield,4.31
2026-04-13,DGS10,US 10Y Yield,4.3
2026-04-14,DGS10,US 10Y Yield,4.26
2026-04-15,DGS10,US 10Y Yield,4.29
2026-04-16,DGS10,US 10Y Yield,4.32
2026-04-17,DGS10,US 10Y Yield,4.26
2026-04-20,DGS10,US 10Y Yield,4.26
2026-04-21,DGS10,US 10Y Yield,4.3
2026-04-22,DGS10,US 10Y Yield,4.3
2026-04-23,DGS10,US 10Y Yield,4.34
2026-04-24,DGS10,US 10Y Yield,4.31
2026-04-27,DGS10,US 10Y Yield,4.35
2026-04-28,DGS10,US 10Y Yield,4.36
2026-04-29,DGS10,US 10Y Yield,4.42
2026-04-30,DGS10,US 10Y Yield,4.4
2026-05-01,DGS10,US 10Y Yield,4.39
2026-05-04,DGS10,US 10Y Yield,4.45
2026-05-05,DGS10,US 10Y Yield,4.43
2026-05-06,DGS10,US 10Y Yield,4.36
2026-05-07,DGS10,US 10Y Yield,4.41
2026-05-08,DGS10,US 10Y Yield,4.38
2026-05-11,DGS10,US 10Y Yield,4.42
2026-05-12,DGS10,US 10Y Yield,4.46
2026-05-13,DGS10,US 10Y Yield,4.46
2026-05-14,DGS10,US 10Y Yield,4.47
2026-05-15,DGS10,US 10Y Yield,4.59
2026-05-18,DGS10,US 10Y Yield,4.61
2026-05-19,DGS10,US 10Y Yield,4.67
2026-05-20,DGS10,US 10Y Yield,4.57
2026-05-21,DGS10,US 10Y Yield,4.57
2006-05-26,DGS2,US 2Y Yield,4.96
2006-05-30,DGS2,US 2Y Yield,4.99
2006-05-31,DGS2,US 2Y Yield,5.04
2006-06-01,DGS2,US 2Y Yield,5.04
2006-06-02,DGS2,US 2Y Yield,4.92
2006-06-05,DGS2,US 2Y Yield,4.99
2006-06-06,DGS2,US 2Y Yield,4.99
2006-06-07,DGS2,US 2Y Yield,5.02
2006-06-08,DGS2,US 2Y Yield,5.01
2006-06-09,DGS2,US 2Y Yield,5.01
2006-06-12,DGS2,US 2Y Yield,5.02
2006-06-13,DGS2,US 2Y Yield,5.02
2006-06-14,DGS2,US 2Y Yield,5.11
2006-06-15,DGS2,US 2Y Yield,5.14
2006-06-16,DGS2,US 2Y Yield,5.16
2006-06-19,DGS2,US 2Y Yield,5.19
2006-06-20,DGS2,US 2Y Yield,5.19
2006-06-21,DGS2,US 2Y Yield,5.2
2006-06-22,DGS2,US 2Y Yield,5.23
2006-06-23,DGS2,US 2Y Yield,5.27
2006-06-26,DGS2,US 2Y Yield,5.27
2006-06-27,DGS2,US 2Y Yield,5.24
2006-06-28,DGS2,US 2Y Yield,5.29
2006-06-29,DGS2,US 2Y Yield,5.21
2006-06-30,DGS2,US 2Y Yield,5.16
2006-07-03,DGS2,US 2Y Yield,5.17
2006-07-05,DGS2,US 2Y Yield,5.24
2006-07-06,DGS2,US 2Y Yield,5.22
2006-07-07,DGS2,US 2Y Yield,5.17
2006-07-10,DGS2,US 2Y Yield,5.17
2006-07-11,DGS2,US 2Y Yield,5.17
2006-07-12,DGS2,US 2Y Yield,5.17
2006-07-13,DGS2,US 2Y Yield,5.12
2006-07-14,DGS2,US 2Y Yield,5.08
2006-07-17,DGS2,US 2Y Yield,5.12
2006-07-18,DGS2,US 2Y Yield,5.19
2006-07-19,DGS2,US 2Y Yield,5.12
2006-07-20,DGS2,US 2Y Yield,5.06
2006-07-21,DGS2,US 2Y Yield,5.08
2006-07-24,DGS2,US 2Y Yield,5.1
2006-07-25,DGS2,US 2Y Yield,5.11
2006-07-26,DGS2,US 2Y Yield,5.06
2006-07-27,DGS2,US 2Y Yield,5.07
2006-07-28,DGS2,US 2Y Yield,4.98
2006-07-31,DGS2,US 2Y Yield,4.97
2006-08-01,DGS2,US 2Y Yield,4.97
2006-08-02,DGS2,US 2Y Yield,4.97
2006-08-03,DGS2,US 2Y Yield,4.98
2006-08-04,DGS2,US 2Y Yield,4.91
2006-08-07,DGS2,US 2Y Yield,4.96
2006-08-08,DGS2,US 2Y Yield,4.91
2006-08-09,DGS2,US 2Y Yield,4.91
2006-08-10,DGS2,US 2Y Yield,4.93
2006-08-11,DGS2,US 2Y Yield,4.96
2006-08-14,DGS2,US 2Y Yield,5.01
2006-08-15,DGS2,US 2Y Yield,4.94
2006-08-16,DGS2,US 2Y Yield,4.87
2006-08-17,DGS2,US 2Y Yield,4.89
2006-08-18,DGS2,US 2Y Yield,4.87
2006-08-21,DGS2,US 2Y Yield,4.85
2006-08-22,DGS2,US 2Y Yield,4.87
2006-08-23,DGS2,US 2Y Yield,4.87
2006-08-24,DGS2,US 2Y Yield,4.88
2006-08-25,DGS2,US 2Y Yield,4.86
2006-08-28,DGS2,US 2Y Yield,4.88
2006-08-29,DGS2,US 2Y Yield,4.87
2006-08-30,DGS2,US 2Y Yield,4.83
2006-08-31,DGS2,US 2Y Yield,4.79
2006-09-01,DGS2,US 2Y Yield,4.77
2006-09-05,DGS2,US 2Y Yield,4.8
2006-09-06,DGS2,US 2Y Yield,4.82
2006-09-07,DGS2,US 2Y Yield,4.82
2006-09-08,DGS2,US 2Y Yield,4.8
2006-09-11,DGS2,US 2Y Yield,4.83
2006-09-12,DGS2,US 2Y Yield,4.82
2006-09-13,DGS2,US 2Y Yield,4.8
2006-09-14,DGS2,US 2Y Yield,4.83
2006-09-15,DGS2,US 2Y Yield,4.87
2006-09-18,DGS2,US 2Y Yield,4.88
2006-09-19,DGS2,US 2Y Yield,4.79
2006-09-20,DGS2,US 2Y Yield,4.81
2006-09-21,DGS2,US 2Y Yield,4.71
2006-09-22,DGS2,US 2Y Yield,4.67
2006-09-25,DGS2,US 2Y Yield,4.63
2006-09-26,DGS2,US 2Y Yield,4.68
2006-09-27,DGS2,US 2Y Yield,4.66
2006-09-28,DGS2,US 2Y Yield,4.68
2006-09-29,DGS2,US 2Y Yield,4.71
2006-10-02,DGS2,US 2Y Yield,4.66
2006-10-03,DGS2,US 2Y Yield,4.67
2006-10-04,DGS2,US 2Y Yield,4.6
2006-10-05,DGS2,US 2Y Yield,4.65
2006-10-06,DGS2,US 2Y Yield,4.74
2006-10-10,DGS2,US 2Y Yield,4.82
2006-10-11,DGS2,US 2Y Yield,4.85
2006-10-12,DGS2,US 2Y Yield,4.85
2006-10-13,DGS2,US 2Y Yield,4.87
2006-10-16,DGS2,US 2Y Yield,4.85
2006-10-17,DGS2,US 2Y Yield,4.83
2006-10-18,DGS2,US 2Y Yield,4.85
2006-10-19,DGS2,US 2Y Yield,4.85
2006-10-20,DGS2,US 2Y Yield,4.87
2006-10-23,DGS2,US 2Y Yield,4.9
2006-10-24,DGS2,US 2Y Yield,4.91
2006-10-25,DGS2,US 2Y Yield,4.88
2006-10-26,DGS2,US 2Y Yield,4.81
2006-10-27,DGS2,US 2Y Yield,4.76
2006-10-30,DGS2,US 2Y Yield,4.78
2006-10-31,DGS2,US 2Y Yield,4.71
2006-11-01,DGS2,US 2Y Yield,4.66
2006-11-02,DGS2,US 2Y Yield,4.67
2006-11-03,DGS2,US 2Y Yield,4.82
2006-11-06,DGS2,US 2Y Yield,4.82
2006-11-07,DGS2,US 2Y Yield,4.77
2006-11-08,DGS2,US 2Y Yield,4.75
2006-11-09,DGS2,US 2Y Yield,4.75
2006-11-10,DGS2,US 2Y Yield,4.73
2006-11-13,DGS2,US 2Y Yield,4.76
2006-11-14,DGS2,US 2Y Yield,4.74
2006-11-15,DGS2,US 2Y Yield,4.8
2006-11-16,DGS2,US 2Y Yield,4.85
2006-11-17,DGS2,US 2Y Yield,4.76
2006-11-20,DGS2,US 2Y Yield,4.76
2006-11-21,DGS2,US 2Y Yield,4.75
2006-11-22,DGS2,US 2Y Yield,4.74
2006-11-24,DGS2,US 2Y Yield,4.73
2006-11-27,DGS2,US 2Y Yield,4.71
2006-11-28,DGS2,US 2Y Yield,4.67
2006-11-29,DGS2,US 2Y Yield,4.69
2006-11-30,DGS2,US 2Y Yield,4.62
2006-12-01,DGS2,US 2Y Yield,4.52
2006-12-04,DGS2,US 2Y Yield,4.52
2006-12-05,DGS2,US 2Y Yield,4.52
2006-12-06,DGS2,US 2Y Yield,4.59
2006-12-07,DGS2,US 2Y Yield,4.58
2006-12-08,DGS2,US 2Y Yield,4.68
2006-12-11,DGS2,US 2Y Yield,4.67
2006-12-12,DGS2,US 2Y Yield,4.61
2006-12-13,DGS2,US 2Y Yield,4.7
2006-12-14,DGS2,US 2Y Yield,4.73
2006-12-15,DGS2,US 2Y Yield,4.73
2006-12-18,DGS2,US 2Y Yield,4.71
2006-12-19,DGS2,US 2Y Yield,4.71
2006-12-20,DGS2,US 2Y Yield,4.71
2006-12-21,DGS2,US 2Y Yield,4.66
2006-12-22,DGS2,US 2Y Yield,4.71
2006-12-26,DGS2,US 2Y Yield,4.71
2006-12-27,DGS2,US 2Y Yield,4.77
2006-12-28,DGS2,US 2Y Yield,4.82
2006-12-29,DGS2,US 2Y Yield,4.82
2007-01-02,DGS2,US 2Y Yield,4.8
2007-01-03,DGS2,US 2Y Yield,4.76
2007-01-04,DGS2,US 2Y Yield,4.71
2007-01-05,DGS2,US 2Y Yield,4.76
2007-01-08,DGS2,US 2Y Yield,4.78
2007-01-09,DGS2,US 2Y Yield,4.79
2007-01-10,DGS2,US 2Y Yield,4.81
2007-01-11,DGS2,US 2Y Yield,4.86
2007-01-12,DGS2,US 2Y Yield,4.88
2007-01-16,DGS2,US 2Y Yield,4.86
2007-01-17,DGS2,US 2Y Yield,4.91
2007-01-18,DGS2,US 2Y Yield,4.89
2007-01-19,DGS2,US 2Y Yield,4.93
2007-01-22,DGS2,US 2Y Yield,4.91
2007-01-23,DGS2,US 2Y Yield,4.94
2007-01-24,DGS2,US 2Y Yield,4.93
2007-01-25,DGS2,US 2Y Yield,4.98
2007-01-26,DGS2,US 2Y Yield,4.99
2007-01-29,DGS2,US 2Y Yield,4.99
2007-01-30,DGS2,US 2Y Yield,4.98
2007-01-31,DGS2,US 2Y Yield,4.94
2007-02-01,DGS2,US 2Y Yield,4.96
2007-02-02,DGS2,US 2Y Yield,4.94
2007-02-05,DGS2,US 2Y Yield,4.92
2007-02-06,DGS2,US 2Y Yield,4.9
2007-02-07,DGS2,US 2Y Yield,4.87
2007-02-08,DGS2,US 2Y Yield,4.87
2007-02-09,DGS2,US 2Y Yield,4.92
2007-02-12,DGS2,US 2Y Yield,4.94
2007-02-13,DGS2,US 2Y Yield,4.95
2007-02-14,DGS2,US 2Y Yield,4.87
2007-02-15,DGS2,US 2Y Yield,4.83
2007-02-16,DGS2,US 2Y Yield,4.83
2007-02-20,DGS2,US 2Y Yield,4.81
2007-02-21,DGS2,US 2Y Yield,4.82
2007-02-22,DGS2,US 2Y Yield,4.87
2007-02-23,DGS2,US 2Y Yield,4.82
2007-02-26,DGS2,US 2Y Yield,4.77
2007-02-27,DGS2,US 2Y Yield,4.59
2007-02-28,DGS2,US 2Y Yield,4.65
2007-03-01,DGS2,US 2Y Yield,4.63
2007-03-02,DGS2,US 2Y Yield,4.56
2007-03-05,DGS2,US 2Y Yield,4.53
2007-03-06,DGS2,US 2Y Yield,4.58
2007-03-07,DGS2,US 2Y Yield,4.54
2007-03-08,DGS2,US 2Y Yield,4.56
2007-03-09,DGS2,US 2Y Yield,4.66
2007-03-12,DGS2,US 2Y Yield,4.62
2007-03-13,DGS2,US 2Y Yield,4.52
2007-03-14,DGS2,US 2Y Yield,4.54
2007-03-15,DGS2,US 2Y Yield,4.57
2007-03-16,DGS2,US 2Y Yield,4.58
2007-03-19,DGS2,US 2Y Yield,4.61
2007-03-20,DGS2,US 2Y Yield,4.6
2007-03-21,DGS2,US 2Y Yield,4.51
2007-03-22,DGS2,US 2Y Yield,4.58
2007-03-23,DGS2,US 2Y Yield,4.6
2007-03-26,DGS2,US 2Y Yield,4.56
2007-03-27,DGS2,US 2Y Yield,4.58
2007-03-28,DGS2,US 2Y Yield,4.53
2007-03-29,DGS2,US 2Y Yield,4.58
2007-03-30,DGS2,US 2Y Yield,4.58
2007-04-02,DGS2,US 2Y Yield,4.6
2007-04-03,DGS2,US 2Y Yield,4.63
2007-04-04,DGS2,US 2Y Yield,4.61
2007-04-05,DGS2,US 2Y Yield,4.63
2007-04-06,DGS2,US 2Y Yield,4.75
2007-04-09,DGS2,US 2Y Yield,4.73
2007-04-10,DGS2,US 2Y Yield,4.71
2007-04-11,DGS2,US 2Y Yield,4.73
2007-04-12,DGS2,US 2Y Yield,4.73
2007-04-13,DGS2,US 2Y Yield,4.76
2007-04-16,DGS2,US 2Y Yield,4.74
2007-04-17,DGS2,US 2Y Yield,4.68
2007-04-18,DGS2,US 2Y Yield,4.64
2007-04-19,DGS2,US 2Y Yield,4.64
2007-04-20,DGS2,US 2Y Yield,4.64
2007-04-23,DGS2,US 2Y Yield,4.62
2007-04-24,DGS2,US 2Y Yield,4.58
2007-04-25,DGS2,US 2Y Yield,4.63
2007-04-26,DGS2,US 2Y Yield,4.67
2007-04-27,DGS2,US 2Y Yield,4.67
2007-04-30,DGS2,US 2Y Yield,4.6
2007-05-01,DGS2,US 2Y Yield,4.63
2007-05-02,DGS2,US 2Y Yield,4.65
2007-05-03,DGS2,US 2Y Yield,4.71
2007-05-04,DGS2,US 2Y Yield,4.68
2007-05-07,DGS2,US 2Y Yield,4.68
2007-05-08,DGS2,US 2Y Yield,4.68
2007-05-09,DGS2,US 2Y Yield,4.73
2007-05-10,DGS2,US 2Y Yield,4.7
2007-05-11,DGS2,US 2Y Yield,4.71
2007-05-14,DGS2,US 2Y Yield,4.73
2007-05-15,DGS2,US 2Y Yield,4.75
2007-05-16,DGS2,US 2Y Yield,4.73
2007-05-17,DGS2,US 2Y Yield,4.78
2007-05-18,DGS2,US 2Y Yield,4.82
2007-05-21,DGS2,US 2Y Yield,4.81
2007-05-22,DGS2,US 2Y Yield,4.83
2007-05-23,DGS2,US 2Y Yield,4.85
2007-05-24,DGS2,US 2Y Yield,4.85
2007-05-25,DGS2,US 2Y Yield,4.85
2007-05-29,DGS2,US 2Y Yield,4.88
2007-05-30,DGS2,US 2Y Yield,4.89
2007-05-31,DGS2,US 2Y Yield,4.92
2007-06-01,DGS2,US 2Y Yield,4.97
2007-06-04,DGS2,US 2Y Yield,4.97
2007-06-05,DGS2,US 2Y Yield,4.99
2007-06-06,DGS2,US 2Y Yield,4.97
2007-06-07,DGS2,US 2Y Yield,5.03
2007-06-08,DGS2,US 2Y Yield,5.01
2007-06-11,DGS2,US 2Y Yield,5.01
2007-06-12,DGS2,US 2Y Yield,5.08
2007-06-13,DGS2,US 2Y Yield,5.08
2007-06-14,DGS2,US 2Y Yield,5.1
2007-06-15,DGS2,US 2Y Yield,5.05
2007-06-18,DGS2,US 2Y Yield,5.01
2007-06-19,DGS2,US 2Y Yield,4.94
2007-06-20,DGS2,US 2Y Yield,4.97
2007-06-21,DGS2,US 2Y Yield,4.98
2007-06-22,DGS2,US 2Y Yield,4.92
2007-06-25,DGS2,US 2Y Yield,4.87
2007-06-26,DGS2,US 2Y Yield,4.9
2007-06-27,DGS2,US 2Y Yield,4.91
2007-06-28,DGS2,US 2Y Yield,4.96
2007-06-29,DGS2,US 2Y Yield,4.87
2007-07-02,DGS2,US 2Y Yield,4.86
2007-07-03,DGS2,US 2Y Yield,4.89
2007-07-05,DGS2,US 2Y Yield,4.99
2007-07-06,DGS2,US 2Y Yield,4.99
2007-07-09,DGS2,US 2Y Yield,4.97
2007-07-10,DGS2,US 2Y Yield,4.85
2007-07-11,DGS2,US 2Y Yield,4.89
2007-07-12,DGS2,US 2Y Yield,4.94
2007-07-13,DGS2,US 2Y Yield,4.94
2007-07-16,DGS2,US 2Y Yield,4.89
2007-07-17,DGS2,US 2Y Yield,4.91
2007-07-18,DGS2,US 2Y Yield,4.84
2007-07-19,DGS2,US 2Y Yield,4.87
2007-07-20,DGS2,US 2Y Yield,4.79
2007-07-23,DGS2,US 2Y Yield,4.8
2007-07-24,DGS2,US 2Y Yield,4.77
2007-07-25,DGS2,US 2Y Yield,4.74
2007-07-26,DGS2,US 2Y Yield,4.56
2007-07-27,DGS2,US 2Y Yield,4.56
2007-07-30,DGS2,US 2Y Yield,4.59
2007-07-31,DGS2,US 2Y Yield,4.56
2007-08-01,DGS2,US 2Y Yield,4.56
2007-08-02,DGS2,US 2Y Yield,4.59
2007-08-03,DGS2,US 2Y Yield,4.46
2007-08-06,DGS2,US 2Y Yield,4.46
2007-08-07,DGS2,US 2Y Yield,4.56
2007-08-08,DGS2,US 2Y Yield,4.64
2007-08-09,DGS2,US 2Y Yield,4.49
2007-08-10,DGS2,US 2Y Yield,4.47
2007-08-13,DGS2,US 2Y Yield,4.46
2007-08-14,DGS2,US 2Y Yield,4.39
2007-08-15,DGS2,US 2Y Yield,4.27
2007-08-16,DGS2,US 2Y Yield,4.08
2007-08-17,DGS2,US 2Y Yield,4.18
2007-08-20,DGS2,US 2Y Yield,4.11
2007-08-21,DGS2,US 2Y Yield,4.05
2007-08-22,DGS2,US 2Y Yield,4.15
2007-08-23,DGS2,US 2Y Yield,4.2
2007-08-24,DGS2,US 2Y Yield,4.3
2007-08-27,DGS2,US 2Y Yield,4.28
2007-08-28,DGS2,US 2Y Yield,4.13
2007-08-29,DGS2,US 2Y Yield,4.14
2007-08-30,DGS2,US 2Y Yield,4.08
2007-08-31,DGS2,US 2Y Yield,4.15
2007-09-04,DGS2,US 2Y Yield,4.13
2007-09-05,DGS2,US 2Y Yield,4.03
2007-09-06,DGS2,US 2Y Yield,4.08
2007-09-07,DGS2,US 2Y Yield,3.9
2007-09-10,DGS2,US 2Y Yield,3.87
2007-09-11,DGS2,US 2Y Yield,3.95
2007-09-12,DGS2,US 2Y Yield,3.95
2007-09-13,DGS2,US 2Y Yield,4.08
2007-09-14,DGS2,US 2Y Yield,4.05
2007-09-17,DGS2,US 2Y Yield,4.08
2007-09-18,DGS2,US 2Y Yield,4.0
2007-09-19,DGS2,US 2Y Yield,4.0
2007-09-20,DGS2,US 2Y Yield,4.1
2007-09-21,DGS2,US 2Y Yield,4.06
2007-09-24,DGS2,US 2Y Yield,4.05
2007-09-25,DGS2,US 2Y Yield,4.0
2007-09-26,DGS2,US 2Y Yield,3.97
2007-09-27,DGS2,US 2Y Yield,3.95
2007-09-28,DGS2,US 2Y Yield,3.97
2007-10-01,DGS2,US 2Y Yield,4.02
2007-10-02,DGS2,US 2Y Yield,3.98
2007-10-03,DGS2,US 2Y Yield,4.02
2007-10-04,DGS2,US 2Y Yield,4.0
2007-10-05,DGS2,US 2Y Yield,4.08
2007-10-09,DGS2,US 2Y Yield,4.15
2007-10-10,DGS2,US 2Y Yield,4.15
2007-10-11,DGS2,US 2Y Yield,4.13
2007-10-12,DGS2,US 2Y Yield,4.23
2007-10-15,DGS2,US 2Y Yield,4.22
2007-10-16,DGS2,US 2Y Yield,4.12
2007-10-17,DGS2,US 2Y Yield,4.0
2007-10-18,DGS2,US 2Y Yield,3.93
2007-10-19,DGS2,US 2Y Yield,3.8
2007-10-22,DGS2,US 2Y Yield,3.85
2007-10-23,DGS2,US 2Y Yield,3.81
2007-10-24,DGS2,US 2Y Yield,3.74
2007-10-25,DGS2,US 2Y Yield,3.74
2007-10-26,DGS2,US 2Y Yield,3.77
2007-10-29,DGS2,US 2Y Yield,3.79
2007-10-30,DGS2,US 2Y Yield,3.82
2007-10-31,DGS2,US 2Y Yield,3.94
2007-11-01,DGS2,US 2Y Yield,3.77
2007-11-02,DGS2,US 2Y Yield,3.66
2007-11-05,DGS2,US 2Y Yield,3.69
2007-11-06,DGS2,US 2Y Yield,3.7
2007-11-07,DGS2,US 2Y Yield,3.61
2007-11-08,DGS2,US 2Y Yield,3.47
2007-11-09,DGS2,US 2Y Yield,3.42
2007-11-13,DGS2,US 2Y Yield,3.54
2007-11-14,DGS2,US 2Y Yield,3.57
2007-11-15,DGS2,US 2Y Yield,3.35
2007-11-16,DGS2,US 2Y Yield,3.33
2007-11-19,DGS2,US 2Y Yield,3.18
2007-11-20,DGS2,US 2Y Yield,3.14
2007-11-21,DGS2,US 2Y Yield,2.99
2007-11-23,DGS2,US 2Y Yield,3.07
2007-11-26,DGS2,US 2Y Yield,2.92
2007-11-27,DGS2,US 2Y Yield,3.05
2007-11-28,DGS2,US 2Y Yield,3.17
2007-11-29,DGS2,US 2Y Yield,3.06
2007-11-30,DGS2,US 2Y Yield,3.04
2007-12-03,DGS2,US 2Y Yield,2.9
2007-12-04,DGS2,US 2Y Yield,2.9
2007-12-05,DGS2,US 2Y Yield,2.9
2007-12-06,DGS2,US 2Y Yield,3.03
2007-12-07,DGS2,US 2Y Yield,3.12
2007-12-10,DGS2,US 2Y Yield,3.17
2007-12-11,DGS2,US 2Y Yield,2.94
2007-12-12,DGS2,US 2Y Yield,3.07
2007-12-13,DGS2,US 2Y Yield,3.21
2007-12-14,DGS2,US 2Y Yield,3.31
2007-12-17,DGS2,US 2Y Yield,3.24
2007-12-18,DGS2,US 2Y Yield,3.19
2007-12-19,DGS2,US 2Y Yield,3.12
2007-12-20,DGS2,US 2Y Yield,3.09
2007-12-21,DGS2,US 2Y Yield,3.19
2007-12-24,DGS2,US 2Y Yield,3.24
2007-12-26,DGS2,US 2Y Yield,3.31
2007-12-27,DGS2,US 2Y Yield,3.24
2007-12-28,DGS2,US 2Y Yield,3.12
2007-12-31,DGS2,US 2Y Yield,3.05
2008-01-02,DGS2,US 2Y Yield,2.88
2008-01-03,DGS2,US 2Y Yield,2.83
2008-01-04,DGS2,US 2Y Yield,2.74
2008-01-07,DGS2,US 2Y Yield,2.76
2008-01-08,DGS2,US 2Y Yield,2.76
2008-01-09,DGS2,US 2Y Yield,2.69
2008-01-10,DGS2,US 2Y Yield,2.71
2008-01-11,DGS2,US 2Y Yield,2.59
2008-01-14,DGS2,US 2Y Yield,2.58
2008-01-15,DGS2,US 2Y Yield,2.53
2008-01-16,DGS2,US 2Y Yield,2.51
2008-01-17,DGS2,US 2Y Yield,2.44
2008-01-18,DGS2,US 2Y Yield,2.36
2008-01-22,DGS2,US 2Y Yield,2.08
2008-01-23,DGS2,US 2Y Yield,2.09
2008-01-24,DGS2,US 2Y Yield,2.25
2008-01-25,DGS2,US 2Y Yield,2.23
2008-01-28,DGS2,US 2Y Yield,2.2
2008-01-29,DGS2,US 2Y Yield,2.29
2008-01-30,DGS2,US 2Y Yield,2.3
2008-01-31,DGS2,US 2Y Yield,2.17
2008-02-01,DGS2,US 2Y Yield,2.09
2008-02-04,DGS2,US 2Y Yield,2.08
2008-02-05,DGS2,US 2Y Yield,1.93
2008-02-06,DGS2,US 2Y Yield,1.96
2008-02-07,DGS2,US 2Y Yield,1.99
2008-02-08,DGS2,US 2Y Yield,1.93
2008-02-11,DGS2,US 2Y Yield,1.93
2008-02-12,DGS2,US 2Y Yield,1.94
2008-02-13,DGS2,US 2Y Yield,1.91
2008-02-14,DGS2,US 2Y Yield,1.93
2008-02-15,DGS2,US 2Y Yield,1.91
2008-02-19,DGS2,US 2Y Yield,2.06
2008-02-20,DGS2,US 2Y Yield,2.14
2008-02-21,DGS2,US 2Y Yield,1.98
2008-02-22,DGS2,US 2Y Yield,1.98
2008-02-25,DGS2,US 2Y Yield,2.13
2008-02-26,DGS2,US 2Y Yield,2.04
2008-02-27,DGS2,US 2Y Yield,2.01
2008-02-28,DGS2,US 2Y Yield,1.87
2008-02-29,DGS2,US 2Y Yield,1.65
2008-03-03,DGS2,US 2Y Yield,1.61
2008-03-04,DGS2,US 2Y Yield,1.65
2008-03-05,DGS2,US 2Y Yield,1.66
2008-03-06,DGS2,US 2Y Yield,1.53
2008-03-07,DGS2,US 2Y Yield,1.53
2008-03-10,DGS2,US 2Y Yield,1.47
2008-03-11,DGS2,US 2Y Yield,1.74
2008-03-12,DGS2,US 2Y Yield,1.63
2008-03-13,DGS2,US 2Y Yield,1.63
2008-03-14,DGS2,US 2Y Yield,1.47
2008-03-17,DGS2,US 2Y Yield,1.35
2008-03-18,DGS2,US 2Y Yield,1.58
2008-03-19,DGS2,US 2Y Yield,1.54
2008-03-20,DGS2,US 2Y Yield,1.59
2008-03-24,DGS2,US 2Y Yield,1.84
2008-03-25,DGS2,US 2Y Yield,1.79
2008-03-26,DGS2,US 2Y Yield,1.71
2008-03-27,DGS2,US 2Y Yield,1.73
2008-03-28,DGS2,US 2Y Yield,1.67
2008-03-31,DGS2,US 2Y Yield,1.62
2008-04-01,DGS2,US 2Y Yield,1.8
2008-04-02,DGS2,US 2Y Yield,1.88
2008-04-03,DGS2,US 2Y Yield,1.91
2008-04-04,DGS2,US 2Y Yield,1.83
2008-04-07,DGS2,US 2Y Yield,1.95
2008-04-08,DGS2,US 2Y Yield,1.87
2008-04-09,DGS2,US 2Y Yield,1.77
2008-04-10,DGS2,US 2Y Yield,1.84
2008-04-11,DGS2,US 2Y Yield,1.76
2008-04-14,DGS2,US 2Y Yield,1.78
2008-04-15,DGS2,US 2Y Yield,1.84
2008-04-16,DGS2,US 2Y Yield,1.98
2008-04-17,DGS2,US 2Y Yield,2.13
2008-04-18,DGS2,US 2Y Yield,2.19
2008-04-21,DGS2,US 2Y Yield,2.2
2008-04-22,DGS2,US 2Y Yield,2.24
2008-04-23,DGS2,US 2Y Yield,2.22
2008-04-24,DGS2,US 2Y Yield,2.41
2008-04-25,DGS2,US 2Y Yield,2.44
2008-04-28,DGS2,US 2Y Yield,2.36
2008-04-29,DGS2,US 2Y Yield,2.35
2008-04-30,DGS2,US 2Y Yield,2.29
2008-05-01,DGS2,US 2Y Yield,2.37
2008-05-02,DGS2,US 2Y Yield,2.47
2008-05-05,DGS2,US 2Y Yield,2.42
2008-05-06,DGS2,US 2Y Yield,2.38
2008-05-07,DGS2,US 2Y Yield,2.31
2008-05-08,DGS2,US 2Y Yield,2.25
2008-05-09,DGS2,US 2Y Yield,2.25
2008-05-12,DGS2,US 2Y Yield,2.3
2008-05-13,DGS2,US 2Y Yield,2.47
2008-05-14,DGS2,US 2Y Yield,2.53
2008-05-15,DGS2,US 2Y Yield,2.45
2008-05-16,DGS2,US 2Y Yield,2.47
2008-05-19,DGS2,US 2Y Yield,2.42
2008-05-20,DGS2,US 2Y Yield,2.34
2008-05-21,DGS2,US 2Y Yield,2.41
2008-05-22,DGS2,US 2Y Yield,2.56
2008-05-23,DGS2,US 2Y Yield,2.46
2008-05-27,DGS2,US 2Y Yield,2.55
2008-05-28,DGS2,US 2Y Yield,2.62
2008-05-29,DGS2,US 2Y Yield,2.67
2008-05-30,DGS2,US 2Y Yield,2.66
2008-06-02,DGS2,US 2Y Yield,2.51
2008-06-03,DGS2,US 2Y Yield,2.45
2008-06-04,DGS2,US 2Y Yield,2.47
2008-06-05,DGS2,US 2Y Yield,2.52
2008-06-06,DGS2,US 2Y Yield,2.4
2008-06-09,DGS2,US 2Y Yield,2.73
2008-06-10,DGS2,US 2Y Yield,2.91
2008-06-11,DGS2,US 2Y Yield,2.83
2008-06-12,DGS2,US 2Y Yield,3.03
2008-06-13,DGS2,US 2Y Yield,3.05
2008-06-16,DGS2,US 2Y Yield,3.02
2008-06-17,DGS2,US 2Y Yield,2.94
2008-06-18,DGS2,US 2Y Yield,2.89
2008-06-19,DGS2,US 2Y Yield,2.99
2008-06-20,DGS2,US 2Y Yield,2.88
2008-06-23,DGS2,US 2Y Yield,2.98
2008-06-24,DGS2,US 2Y Yield,2.87
2008-06-25,DGS2,US 2Y Yield,2.82
2008-06-26,DGS2,US 2Y Yield,2.68
2008-06-27,DGS2,US 2Y Yield,2.65
2008-06-30,DGS2,US 2Y Yield,2.63
2008-07-01,DGS2,US 2Y Yield,2.63
2008-07-02,DGS2,US 2Y Yield,2.6
2008-07-03,DGS2,US 2Y Yield,2.54
2008-07-07,DGS2,US 2Y Yield,2.47
2008-07-08,DGS2,US 2Y Yield,2.47
2008-07-09,DGS2,US 2Y Yield,2.41
2008-07-10,DGS2,US 2Y Yield,2.44
2008-07-11,DGS2,US 2Y Yield,2.59
2008-07-14,DGS2,US 2Y Yield,2.47
2008-07-15,DGS2,US 2Y Yield,2.39
2008-07-16,DGS2,US 2Y Yield,2.44
2008-07-17,DGS2,US 2Y Yield,2.58
2008-07-18,DGS2,US 2Y Yield,2.66
2008-07-21,DGS2,US 2Y Yield,2.66
2008-07-22,DGS2,US 2Y Yield,2.74
2008-07-23,DGS2,US 2Y Yield,2.81
2008-07-24,DGS2,US 2Y Yield,2.61
2008-07-25,DGS2,US 2Y Yield,2.7
2008-07-28,DGS2,US 2Y Yield,2.59
2008-07-29,DGS2,US 2Y Yield,2.65
2008-07-30,DGS2,US 2Y Yield,2.64
2008-07-31,DGS2,US 2Y Yield,2.52
2008-08-01,DGS2,US 2Y Yield,2.51
2008-08-04,DGS2,US 2Y Yield,2.53
2008-08-05,DGS2,US 2Y Yield,2.54
2008-08-06,DGS2,US 2Y Yield,2.56
2008-08-07,DGS2,US 2Y Yield,2.43
2008-08-08,DGS2,US 2Y Yield,2.51
2008-08-11,DGS2,US 2Y Yield,2.56
2008-08-12,DGS2,US 2Y Yield,2.45
2008-08-13,DGS2,US 2Y Yield,2.5
2008-08-14,DGS2,US 2Y Yield,2.45
2008-08-15,DGS2,US 2Y Yield,2.4
2008-08-18,DGS2,US 2Y Yield,2.35
2008-08-19,DGS2,US 2Y Yield,2.32
2008-08-20,DGS2,US 2Y Yield,2.25
2008-08-21,DGS2,US 2Y Yield,2.33
2008-08-22,DGS2,US 2Y Yield,2.42
2008-08-25,DGS2,US 2Y Yield,2.33
2008-08-26,DGS2,US 2Y Yield,2.35
2008-08-27,DGS2,US 2Y Yield,2.31
2008-08-28,DGS2,US 2Y Yield,2.37
2008-08-29,DGS2,US 2Y Yield,2.36
2008-09-02,DGS2,US 2Y Yield,2.26
2008-09-03,DGS2,US 2Y Yield,2.26
2008-09-04,DGS2,US 2Y Yield,2.2
2008-09-05,DGS2,US 2Y Yield,2.23
2008-09-08,DGS2,US 2Y Yield,2.3
2008-09-09,DGS2,US 2Y Yield,2.23
2008-09-10,DGS2,US 2Y Yield,2.22
2008-09-11,DGS2,US 2Y Yield,2.18
2008-09-12,DGS2,US 2Y Yield,2.23
2008-09-15,DGS2,US 2Y Yield,1.78
2008-09-16,DGS2,US 2Y Yield,1.89
2008-09-17,DGS2,US 2Y Yield,1.64
2008-09-18,DGS2,US 2Y Yield,1.78
2008-09-19,DGS2,US 2Y Yield,2.16
2008-09-22,DGS2,US 2Y Yield,2.13
2008-09-23,DGS2,US 2Y Yield,2.11
2008-09-24,DGS2,US 2Y Yield,2.03
2008-09-25,DGS2,US 2Y Yield,2.16
2008-09-26,DGS2,US 2Y Yield,2.11
2008-09-29,DGS2,US 2Y Yield,1.7
2008-09-30,DGS2,US 2Y Yield,2.0
2008-10-01,DGS2,US 2Y Yield,1.82
2008-10-02,DGS2,US 2Y Yield,1.62
2008-10-03,DGS2,US 2Y Yield,1.6
2008-10-06,DGS2,US 2Y Yield,1.43
2008-10-07,DGS2,US 2Y Yield,1.47
2008-10-08,DGS2,US 2Y Yield,1.65
2008-10-09,DGS2,US 2Y Yield,1.65
2008-10-10,DGS2,US 2Y Yield,1.62
2008-10-14,DGS2,US 2Y Yield,1.82
2008-10-15,DGS2,US 2Y Yield,1.64
2008-10-16,DGS2,US 2Y Yield,1.61
2008-10-17,DGS2,US 2Y Yield,1.64
2008-10-20,DGS2,US 2Y Yield,1.71
2008-10-21,DGS2,US 2Y Yield,1.58
2008-10-22,DGS2,US 2Y Yield,1.53
2008-10-23,DGS2,US 2Y Yield,1.54
2008-10-24,DGS2,US 2Y Yield,1.57
2008-10-27,DGS2,US 2Y Yield,1.59
2008-10-28,DGS2,US 2Y Yield,1.65
2008-10-29,DGS2,US 2Y Yield,1.58
2008-10-30,DGS2,US 2Y Yield,1.59
2008-10-31,DGS2,US 2Y Yield,1.56
2008-11-03,DGS2,US 2Y Yield,1.45
2008-11-04,DGS2,US 2Y Yield,1.39
2008-11-05,DGS2,US 2Y Yield,1.36
2008-11-06,DGS2,US 2Y Yield,1.28
2008-11-07,DGS2,US 2Y Yield,1.33
2008-11-10,DGS2,US 2Y Yield,1.27
2008-11-12,DGS2,US 2Y Yield,1.19
2008-11-13,DGS2,US 2Y Yield,1.24
2008-11-14,DGS2,US 2Y Yield,1.22
2008-11-17,DGS2,US 2Y Yield,1.22
2008-11-18,DGS2,US 2Y Yield,1.15
2008-11-19,DGS2,US 2Y Yield,1.09
2008-11-20,DGS2,US 2Y Yield,1.0
2008-11-21,DGS2,US 2Y Yield,1.09
2008-11-24,DGS2,US 2Y Yield,1.31
2008-11-25,DGS2,US 2Y Yield,1.15
2008-11-26,DGS2,US 2Y Yield,1.09
2008-11-28,DGS2,US 2Y Yield,1.0
2008-12-01,DGS2,US 2Y Yield,0.9
2008-12-02,DGS2,US 2Y Yield,0.9
2008-12-03,DGS2,US 2Y Yield,0.87
2008-12-04,DGS2,US 2Y Yield,0.82
2008-12-05,DGS2,US 2Y Yield,0.93
2008-12-08,DGS2,US 2Y Yield,0.97
2008-12-09,DGS2,US 2Y Yield,0.84
2008-12-10,DGS2,US 2Y Yield,0.86
2008-12-11,DGS2,US 2Y Yield,0.79
2008-12-12,DGS2,US 2Y Yield,0.78
2008-12-15,DGS2,US 2Y Yield,0.75
2008-12-16,DGS2,US 2Y Yield,0.65
2008-12-17,DGS2,US 2Y Yield,0.73
2008-12-18,DGS2,US 2Y Yield,0.68
2008-12-19,DGS2,US 2Y Yield,0.74
2008-12-22,DGS2,US 2Y Yield,0.87
2008-12-23,DGS2,US 2Y Yield,0.9
2008-12-24,DGS2,US 2Y Yield,0.9
2008-12-26,DGS2,US 2Y Yield,0.89
2008-12-29,DGS2,US 2Y Yield,0.78
2008-12-30,DGS2,US 2Y Yield,0.75
2008-12-31,DGS2,US 2Y Yield,0.76
2009-01-02,DGS2,US 2Y Yield,0.88
2009-01-05,DGS2,US 2Y Yield,0.78
2009-01-06,DGS2,US 2Y Yield,0.8
2009-01-07,DGS2,US 2Y Yield,0.82
2009-01-08,DGS2,US 2Y Yield,0.83
2009-01-09,DGS2,US 2Y Yield,0.75
2009-01-12,DGS2,US 2Y Yield,0.74
2009-01-13,DGS2,US 2Y Yield,0.76
2009-01-14,DGS2,US 2Y Yield,0.73
2009-01-15,DGS2,US 2Y Yield,0.73
2009-01-16,DGS2,US 2Y Yield,0.73
2009-01-20,DGS2,US 2Y Yield,0.73
2009-01-21,DGS2,US 2Y Yield,0.78
2009-01-22,DGS2,US 2Y Yield,0.75
2009-01-23,DGS2,US 2Y Yield,0.83
2009-01-26,DGS2,US 2Y Yield,0.85
2009-01-27,DGS2,US 2Y Yield,0.87
2009-01-28,DGS2,US 2Y Yield,0.89
2009-01-29,DGS2,US 2Y Yield,0.95
2009-01-30,DGS2,US 2Y Yield,0.94
2009-02-02,DGS2,US 2Y Yield,0.89
2009-02-03,DGS2,US 2Y Yield,0.96
2009-02-04,DGS2,US 2Y Yield,0.98
2009-02-05,DGS2,US 2Y Yield,0.98
2009-02-06,DGS2,US 2Y Yield,0.99
2009-02-09,DGS2,US 2Y Yield,1.05
2009-02-10,DGS2,US 2Y Yield,0.92
2009-02-11,DGS2,US 2Y Yield,0.93
2009-02-12,DGS2,US 2Y Yield,0.89
2009-02-13,DGS2,US 2Y Yield,0.97
2009-02-17,DGS2,US 2Y Yield,0.87
2009-02-18,DGS2,US 2Y Yield,0.97
2009-02-19,DGS2,US 2Y Yield,1.01
2009-02-20,DGS2,US 2Y Yield,0.96
2009-02-23,DGS2,US 2Y Yield,0.96
2009-02-24,DGS2,US 2Y Yield,1.03
2009-02-25,DGS2,US 2Y Yield,1.09
2009-02-26,DGS2,US 2Y Yield,1.08
2009-02-27,DGS2,US 2Y Yield,1.0
2009-03-02,DGS2,US 2Y Yield,0.89
2009-03-03,DGS2,US 2Y Yield,0.91
2009-03-04,DGS2,US 2Y Yield,0.97
2009-03-05,DGS2,US 2Y Yield,0.9
2009-03-06,DGS2,US 2Y Yield,0.91
2009-03-09,DGS2,US 2Y Yield,0.96
2009-03-10,DGS2,US 2Y Yield,1.01
2009-03-11,DGS2,US 2Y Yield,1.03
2009-03-12,DGS2,US 2Y Yield,1.03
2009-03-13,DGS2,US 2Y Yield,0.98
2009-03-16,DGS2,US 2Y Yield,1.0
2009-03-17,DGS2,US 2Y Yield,1.05
2009-03-18,DGS2,US 2Y Yield,0.82
2009-03-19,DGS2,US 2Y Yield,0.87
2009-03-20,DGS2,US 2Y Yield,0.89
2009-03-23,DGS2,US 2Y Yield,0.93
2009-03-24,DGS2,US 2Y Yield,0.93
2009-03-25,DGS2,US 2Y Yield,0.96
2009-03-26,DGS2,US 2Y Yield,0.9
2009-03-27,DGS2,US 2Y Yield,0.9
2009-03-30,DGS2,US 2Y Yield,0.84
2009-03-31,DGS2,US 2Y Yield,0.81
2009-04-01,DGS2,US 2Y Yield,0.83
2009-04-02,DGS2,US 2Y Yield,0.88
2009-04-03,DGS2,US 2Y Yield,0.96
2009-04-06,DGS2,US 2Y Yield,0.94
2009-04-07,DGS2,US 2Y Yield,0.91
2009-04-08,DGS2,US 2Y Yield,0.93
2009-04-09,DGS2,US 2Y Yield,0.96
2009-04-13,DGS2,US 2Y Yield,0.89
2009-04-14,DGS2,US 2Y Yield,0.86
2009-04-15,DGS2,US 2Y Yield,0.86
2009-04-16,DGS2,US 2Y Yield,0.91
2009-04-17,DGS2,US 2Y Yield,0.99
2009-04-20,DGS2,US 2Y Yield,0.93
2009-04-21,DGS2,US 2Y Yield,0.96
2009-04-22,DGS2,US 2Y Yield,1.0
2009-04-23,DGS2,US 2Y Yield,0.97
2009-04-24,DGS2,US 2Y Yield,0.99
2009-04-27,DGS2,US 2Y Yield,0.9
2009-04-28,DGS2,US 2Y Yield,0.95
2009-04-29,DGS2,US 2Y Yield,0.94
2009-04-30,DGS2,US 2Y Yield,0.91
2009-05-01,DGS2,US 2Y Yield,0.92
2009-05-04,DGS2,US 2Y Yield,0.94
2009-05-05,DGS2,US 2Y Yield,0.98
2009-05-06,DGS2,US 2Y Yield,0.96
2009-05-07,DGS2,US 2Y Yield,1.0
2009-05-08,DGS2,US 2Y Yield,1.0
2009-05-11,DGS2,US 2Y Yield,0.92
2009-05-12,DGS2,US 2Y Yield,0.9
2009-05-13,DGS2,US 2Y Yield,0.89
2009-05-14,DGS2,US 2Y Yield,0.87
2009-05-15,DGS2,US 2Y Yield,0.88
2009-05-18,DGS2,US 2Y Yield,0.93
2009-05-19,DGS2,US 2Y Yield,0.91
2009-05-20,DGS2,US 2Y Yield,0.87
2009-05-21,DGS2,US 2Y Yield,0.89
2009-05-22,DGS2,US 2Y Yield,0.92
2009-05-26,DGS2,US 2Y Yield,0.96
2009-05-27,DGS2,US 2Y Yield,0.96
2009-05-28,DGS2,US 2Y Yield,0.97
2009-05-29,DGS2,US 2Y Yield,0.92
2009-06-01,DGS2,US 2Y Yield,0.97
2009-06-02,DGS2,US 2Y Yield,0.96
2009-06-03,DGS2,US 2Y Yield,0.91
2009-06-04,DGS2,US 2Y Yield,0.96
2009-06-05,DGS2,US 2Y Yield,1.32
2009-06-08,DGS2,US 2Y Yield,1.42
2009-06-09,DGS2,US 2Y Yield,1.33
2009-06-10,DGS2,US 2Y Yield,1.38
2009-06-11,DGS2,US 2Y Yield,1.35
2009-06-12,DGS2,US 2Y Yield,1.3
2009-06-15,DGS2,US 2Y Yield,1.26
2009-06-16,DGS2,US 2Y Yield,1.23
2009-06-17,DGS2,US 2Y Yield,1.19
2009-06-18,DGS2,US 2Y Yield,1.28
2009-06-19,DGS2,US 2Y Yield,1.25
2009-06-22,DGS2,US 2Y Yield,1.17
2009-06-23,DGS2,US 2Y Yield,1.14
2009-06-24,DGS2,US 2Y Yield,1.19
2009-06-25,DGS2,US 2Y Yield,1.12
2009-06-26,DGS2,US 2Y Yield,1.1
2009-06-29,DGS2,US 2Y Yield,1.11
2009-06-30,DGS2,US 2Y Yield,1.11
2009-07-01,DGS2,US 2Y Yield,1.05
2009-07-02,DGS2,US 2Y Yield,0.98
2009-07-06,DGS2,US 2Y Yield,0.96
2009-07-07,DGS2,US 2Y Yield,0.98
2009-07-08,DGS2,US 2Y Yield,0.91
2009-07-09,DGS2,US 2Y Yield,0.94
2009-07-10,DGS2,US 2Y Yield,0.91
2009-07-13,DGS2,US 2Y Yield,0.92
2009-07-14,DGS2,US 2Y Yield,0.97
2009-07-15,DGS2,US 2Y Yield,1.03
2009-07-16,DGS2,US 2Y Yield,1.0
2009-07-17,DGS2,US 2Y Yield,1.02
2009-07-20,DGS2,US 2Y Yield,0.99
2009-07-21,DGS2,US 2Y Yield,0.96
2009-07-22,DGS2,US 2Y Yield,0.98
2009-07-23,DGS2,US 2Y Yield,1.08
2009-07-24,DGS2,US 2Y Yield,1.05
2009-07-27,DGS2,US 2Y Yield,1.08
2009-07-28,DGS2,US 2Y Yield,1.12
2009-07-29,DGS2,US 2Y Yield,1.17
2009-07-30,DGS2,US 2Y Yield,1.19
2009-07-31,DGS2,US 2Y Yield,1.13
2009-08-03,DGS2,US 2Y Yield,1.18
2009-08-04,DGS2,US 2Y Yield,1.2
2009-08-05,DGS2,US 2Y Yield,1.23
2009-08-06,DGS2,US 2Y Yield,1.22
2009-08-07,DGS2,US 2Y Yield,1.32
2009-08-10,DGS2,US 2Y Yield,1.24
2009-08-11,DGS2,US 2Y Yield,1.21
2009-08-12,DGS2,US 2Y Yield,1.18
2009-08-13,DGS2,US 2Y Yield,1.12
2009-08-14,DGS2,US 2Y Yield,1.07
2009-08-17,DGS2,US 2Y Yield,1.04
2009-08-18,DGS2,US 2Y Yield,1.06
2009-08-19,DGS2,US 2Y Yield,1.01
2009-08-20,DGS2,US 2Y Yield,1.03
2009-08-21,DGS2,US 2Y Yield,1.13
2009-08-24,DGS2,US 2Y Yield,1.05
2009-08-25,DGS2,US 2Y Yield,1.05
2009-08-26,DGS2,US 2Y Yield,1.06
2009-08-27,DGS2,US 2Y Yield,1.04
2009-08-28,DGS2,US 2Y Yield,1.01
2009-08-31,DGS2,US 2Y Yield,0.97
2009-09-01,DGS2,US 2Y Yield,0.92
2009-09-02,DGS2,US 2Y Yield,0.89
2009-09-03,DGS2,US 2Y Yield,0.91
2009-09-04,DGS2,US 2Y Yield,0.94
2009-09-08,DGS2,US 2Y Yield,0.93
2009-09-09,DGS2,US 2Y Yield,0.93
2009-09-10,DGS2,US 2Y Yield,0.9
2009-09-11,DGS2,US 2Y Yield,0.9
2009-09-14,DGS2,US 2Y Yield,0.94
2009-09-15,DGS2,US 2Y Yield,0.96
2009-09-16,DGS2,US 2Y Yield,1.01
2009-09-17,DGS2,US 2Y Yield,0.98
2009-09-18,DGS2,US 2Y Yield,1.03
2009-09-21,DGS2,US 2Y Yield,1.02
2009-09-22,DGS2,US 2Y Yield,1.02
2009-09-23,DGS2,US 2Y Yield,0.96
2009-09-24,DGS2,US 2Y Yield,0.93
2009-09-25,DGS2,US 2Y Yield,0.98
2009-09-28,DGS2,US 2Y Yield,0.98
2009-09-29,DGS2,US 2Y Yield,1.0
2009-09-30,DGS2,US 2Y Yield,0.95
2009-10-01,DGS2,US 2Y Yield,0.87
2009-10-02,DGS2,US 2Y Yield,0.88
2009-10-05,DGS2,US 2Y Yield,0.88
2009-10-06,DGS2,US 2Y Yield,0.91
2009-10-07,DGS2,US 2Y Yield,0.87
2009-10-08,DGS2,US 2Y Yield,0.9
2009-10-09,DGS2,US 2Y Yield,0.98
2009-10-13,DGS2,US 2Y Yield,0.91
2009-10-14,DGS2,US 2Y Yield,0.96
2009-10-15,DGS2,US 2Y Yield,0.97
2009-10-16,DGS2,US 2Y Yield,0.97
2009-10-19,DGS2,US 2Y Yield,0.99
2009-10-20,DGS2,US 2Y Yield,0.95
2009-10-21,DGS2,US 2Y Yield,1.0
2009-10-22,DGS2,US 2Y Yield,0.97
2009-10-23,DGS2,US 2Y Yield,1.04
2009-10-26,DGS2,US 2Y Yield,1.06
2009-10-27,DGS2,US 2Y Yield,0.99
2009-10-28,DGS2,US 2Y Yield,0.95
2009-10-29,DGS2,US 2Y Yield,0.98
2009-10-30,DGS2,US 2Y Yield,0.9
2009-11-02,DGS2,US 2Y Yield,0.92
2009-11-03,DGS2,US 2Y Yield,0.92
2009-11-04,DGS2,US 2Y Yield,0.91
2009-11-05,DGS2,US 2Y Yield,0.9
2009-11-06,DGS2,US 2Y Yield,0.86
2009-11-09,DGS2,US 2Y Yield,0.87
2009-11-10,DGS2,US 2Y Yield,0.85
2009-11-12,DGS2,US 2Y Yield,0.82
2009-11-13,DGS2,US 2Y Yield,0.82
2009-11-16,DGS2,US 2Y Yield,0.78
2009-11-17,DGS2,US 2Y Yield,0.78
2009-11-18,DGS2,US 2Y Yield,0.77
2009-11-19,DGS2,US 2Y Yield,0.73
2009-11-20,DGS2,US 2Y Yield,0.75
2009-11-23,DGS2,US 2Y Yield,0.77
2009-11-24,DGS2,US 2Y Yield,0.73
2009-11-25,DGS2,US 2Y Yield,0.73
2009-11-27,DGS2,US 2Y Yield,0.68
2009-11-30,DGS2,US 2Y Yield,0.67
2009-12-01,DGS2,US 2Y Yield,0.67
2009-12-02,DGS2,US 2Y Yield,0.72
2009-12-03,DGS2,US 2Y Yield,0.74
2009-12-04,DGS2,US 2Y Yield,0.84
2009-12-07,DGS2,US 2Y Yield,0.78
2009-12-08,DGS2,US 2Y Yield,0.73
2009-12-09,DGS2,US 2Y Yield,0.76
2009-12-10,DGS2,US 2Y Yield,0.78
2009-12-11,DGS2,US 2Y Yield,0.83
2009-12-14,DGS2,US 2Y Yield,0.87
2009-12-15,DGS2,US 2Y Yield,0.88
2009-12-16,DGS2,US 2Y Yield,0.85
2009-12-17,DGS2,US 2Y Yield,0.77
2009-12-18,DGS2,US 2Y Yield,0.82
2009-12-21,DGS2,US 2Y Yield,0.89
2009-12-22,DGS2,US 2Y Yield,0.95
2009-12-23,DGS2,US 2Y Yield,0.96
2009-12-24,DGS2,US 2Y Yield,1.0
2009-12-28,DGS2,US 2Y Yield,1.09
2009-12-29,DGS2,US 2Y Yield,1.09
2009-12-30,DGS2,US 2Y Yield,1.08
2009-12-31,DGS2,US 2Y Yield,1.14
2010-01-04,DGS2,US 2Y Yield,1.09
2010-01-05,DGS2,US 2Y Yield,1.01
2010-01-06,DGS2,US 2Y Yield,1.01
2010-01-07,DGS2,US 2Y Yield,1.03
2010-01-08,DGS2,US 2Y Yield,0.96
2010-01-11,DGS2,US 2Y Yield,0.95
2010-01-12,DGS2,US 2Y Yield,0.92
2010-01-13,DGS2,US 2Y Yield,0.97
2010-01-14,DGS2,US 2Y Yield,0.94
2010-01-15,DGS2,US 2Y Yield,0.89
2010-01-19,DGS2,US 2Y Yield,0.93
2010-01-20,DGS2,US 2Y Yield,0.92
2010-01-21,DGS2,US 2Y Yield,0.87
2010-01-22,DGS2,US 2Y Yield,0.84
2010-01-25,DGS2,US 2Y Yield,0.86
2010-01-26,DGS2,US 2Y Yield,0.87
2010-01-27,DGS2,US 2Y Yield,0.9
2010-01-28,DGS2,US 2Y Yield,0.87
2010-01-29,DGS2,US 2Y Yield,0.82
2010-02-01,DGS2,US 2Y Yield,0.86
2010-02-02,DGS2,US 2Y Yield,0.86
2010-02-03,DGS2,US 2Y Yield,0.88
2010-02-04,DGS2,US 2Y Yield,0.8
2010-02-05,DGS2,US 2Y Yield,0.77
2010-02-08,DGS2,US 2Y Yield,0.79
2010-02-09,DGS2,US 2Y Yield,0.84
2010-02-10,DGS2,US 2Y Yield,0.91
2010-02-11,DGS2,US 2Y Yield,0.91
2010-02-12,DGS2,US 2Y Yield,0.84
2010-02-16,DGS2,US 2Y Yield,0.82
2010-02-17,DGS2,US 2Y Yield,0.87
2010-02-18,DGS2,US 2Y Yield,0.9
2010-02-19,DGS2,US 2Y Yield,0.95
2010-02-22,DGS2,US 2Y Yield,0.91
2010-02-23,DGS2,US 2Y Yield,0.87
2010-02-24,DGS2,US 2Y Yield,0.87
2010-02-25,DGS2,US 2Y Yield,0.82
2010-02-26,DGS2,US 2Y Yield,0.81
2010-03-01,DGS2,US 2Y Yield,0.8
2010-03-02,DGS2,US 2Y Yield,0.8
2010-03-03,DGS2,US 2Y Yield,0.82
2010-03-04,DGS2,US 2Y Yield,0.86
2010-03-05,DGS2,US 2Y Yield,0.91
2010-03-08,DGS2,US 2Y Yield,0.9
2010-03-09,DGS2,US 2Y Yield,0.89
2010-03-10,DGS2,US 2Y Yield,0.92
2010-03-11,DGS2,US 2Y Yield,0.97
2010-03-12,DGS2,US 2Y Yield,0.97
2010-03-15,DGS2,US 2Y Yield,0.96
2010-03-16,DGS2,US 2Y Yield,0.93
2010-03-17,DGS2,US 2Y Yield,0.95
2010-03-18,DGS2,US 2Y Yield,0.98
2010-03-19,DGS2,US 2Y Yield,1.02
2010-03-22,DGS2,US 2Y Yield,1.01
2010-03-23,DGS2,US 2Y Yield,1.02
2010-03-24,DGS2,US 2Y Yield,1.08
2010-03-25,DGS2,US 2Y Yield,1.1
2010-03-26,DGS2,US 2Y Yield,1.04
2010-03-29,DGS2,US 2Y Yield,1.04
2010-03-30,DGS2,US 2Y Yield,1.06
2010-03-31,DGS2,US 2Y Yield,1.02
2010-04-01,DGS2,US 2Y Yield,1.05
2010-04-02,DGS2,US 2Y Yield,1.11
2010-04-05,DGS2,US 2Y Yield,1.18
2010-04-06,DGS2,US 2Y Yield,1.14
2010-04-07,DGS2,US 2Y Yield,1.06
2010-04-08,DGS2,US 2Y Yield,1.09
2010-04-09,DGS2,US 2Y Yield,1.08
2010-04-12,DGS2,US 2Y Yield,1.07
2010-04-13,DGS2,US 2Y Yield,1.07
2010-04-14,DGS2,US 2Y Yield,1.07
2010-04-15,DGS2,US 2Y Yield,1.04
2010-04-16,DGS2,US 2Y Yield,0.98
2010-04-19,DGS2,US 2Y Yield,1.01
2010-04-20,DGS2,US 2Y Yield,1.05
2010-04-21,DGS2,US 2Y Yield,1.03
2010-04-22,DGS2,US 2Y Yield,1.07
2010-04-23,DGS2,US 2Y Yield,1.1
2010-04-26,DGS2,US 2Y Yield,1.09
2010-04-27,DGS2,US 2Y Yield,1.03
2010-04-28,DGS2,US 2Y Yield,1.03
2010-04-29,DGS2,US 2Y Yield,1.01
2010-04-30,DGS2,US 2Y Yield,0.97
2010-05-03,DGS2,US 2Y Yield,1.0
2010-05-04,DGS2,US 2Y Yield,0.96
2010-05-05,DGS2,US 2Y Yield,0.88
2010-05-06,DGS2,US 2Y Yield,0.75
2010-05-07,DGS2,US 2Y Yield,0.83
2010-05-10,DGS2,US 2Y Yield,0.87
2010-05-11,DGS2,US 2Y Yield,0.85
2010-05-12,DGS2,US 2Y Yield,0.89
2010-05-13,DGS2,US 2Y Yield,0.87
2010-05-14,DGS2,US 2Y Yield,0.79
2010-05-17,DGS2,US 2Y Yield,0.81
2010-05-18,DGS2,US 2Y Yield,0.76
2010-05-19,DGS2,US 2Y Yield,0.8
2010-05-20,DGS2,US 2Y Yield,0.76
2010-05-21,DGS2,US 2Y Yield,0.76
2010-05-24,DGS2,US 2Y Yield,0.77
2010-05-25,DGS2,US 2Y Yield,0.81
2010-05-26,DGS2,US 2Y Yield,0.82
2010-05-27,DGS2,US 2Y Yield,0.87
2010-05-28,DGS2,US 2Y Yield,0.76
2010-06-01,DGS2,US 2Y Yield,0.78
2010-06-02,DGS2,US 2Y Yield,0.82
2010-06-03,DGS2,US 2Y Yield,0.82
2010-06-04,DGS2,US 2Y Yield,0.72
2010-06-07,DGS2,US 2Y Yield,0.74
2010-06-08,DGS2,US 2Y Yield,0.74
2010-06-09,DGS2,US 2Y Yield,0.74
2010-06-10,DGS2,US 2Y Yield,0.79
2010-06-11,DGS2,US 2Y Yield,0.75
2010-06-14,DGS2,US 2Y Yield,0.77
2010-06-15,DGS2,US 2Y Yield,0.79
2010-06-16,DGS2,US 2Y Yield,0.75
2010-06-17,DGS2,US 2Y Yield,0.72
2010-06-18,DGS2,US 2Y Yield,0.74
2010-06-21,DGS2,US 2Y Yield,0.74
2010-06-22,DGS2,US 2Y Yield,0.71
2010-06-23,DGS2,US 2Y Yield,0.66
2010-06-24,DGS2,US 2Y Yield,0.67
2010-06-25,DGS2,US 2Y Yield,0.65
2010-06-28,DGS2,US 2Y Yield,0.62
2010-06-29,DGS2,US 2Y Yield,0.61
2010-06-30,DGS2,US 2Y Yield,0.61
2010-07-01,DGS2,US 2Y Yield,0.63
2010-07-02,DGS2,US 2Y Yield,0.63
2010-07-06,DGS2,US 2Y Yield,0.62
2010-07-07,DGS2,US 2Y Yield,0.63
2010-07-08,DGS2,US 2Y Yield,0.63
2010-07-09,DGS2,US 2Y Yield,0.63
2010-07-12,DGS2,US 2Y Yield,0.65
2010-07-13,DGS2,US 2Y Yield,0.67
2010-07-14,DGS2,US 2Y Yield,0.62
2010-07-15,DGS2,US 2Y Yield,0.61
2010-07-16,DGS2,US 2Y Yield,0.61
2010-07-19,DGS2,US 2Y Yield,0.61
2010-07-20,DGS2,US 2Y Yield,0.61
2010-07-21,DGS2,US 2Y Yield,0.58
2010-07-22,DGS2,US 2Y Yield,0.6
2010-07-23,DGS2,US 2Y Yield,0.6
2010-07-26,DGS2,US 2Y Yield,0.62
2010-07-27,DGS2,US 2Y Yield,0.65
2010-07-28,DGS2,US 2Y Yield,0.61
2010-07-29,DGS2,US 2Y Yield,0.59
2010-07-30,DGS2,US 2Y Yield,0.55
2010-08-02,DGS2,US 2Y Yield,0.56
2010-08-03,DGS2,US 2Y Yield,0.53
2010-08-04,DGS2,US 2Y Yield,0.56
2010-08-05,DGS2,US 2Y Yield,0.53
2010-08-06,DGS2,US 2Y Yield,0.5
2010-08-09,DGS2,US 2Y Yield,0.54
2010-08-10,DGS2,US 2Y Yield,0.52
2010-08-11,DGS2,US 2Y Yield,0.54
2010-08-12,DGS2,US 2Y Yield,0.55
2010-08-13,DGS2,US 2Y Yield,0.54
2010-08-16,DGS2,US 2Y Yield,0.51
2010-08-17,DGS2,US 2Y Yield,0.52
2010-08-18,DGS2,US 2Y Yield,0.51
2010-08-19,DGS2,US 2Y Yield,0.49
2010-08-20,DGS2,US 2Y Yield,0.49
2010-08-23,DGS2,US 2Y Yield,0.49
2010-08-24,DGS2,US 2Y Yield,0.5
2010-08-25,DGS2,US 2Y Yield,0.53
2010-08-26,DGS2,US 2Y Yield,0.51
2010-08-27,DGS2,US 2Y Yield,0.56
2010-08-30,DGS2,US 2Y Yield,0.5
2010-08-31,DGS2,US 2Y Yield,0.47
2010-09-01,DGS2,US 2Y Yield,0.5
2010-09-02,DGS2,US 2Y Yield,0.5
2010-09-03,DGS2,US 2Y Yield,0.52
2010-09-07,DGS2,US 2Y Yield,0.49
2010-09-08,DGS2,US 2Y Yield,0.52
2010-09-09,DGS2,US 2Y Yield,0.57
2010-09-10,DGS2,US 2Y Yield,0.58
2010-09-13,DGS2,US 2Y Yield,0.53
2010-09-14,DGS2,US 2Y Yield,0.5
2010-09-15,DGS2,US 2Y Yield,0.5
2010-09-16,DGS2,US 2Y Yield,0.48
2010-09-17,DGS2,US 2Y Yield,0.48
2010-09-20,DGS2,US 2Y Yield,0.47
2010-09-21,DGS2,US 2Y Yield,0.43
2010-09-22,DGS2,US 2Y Yield,0.44
2010-09-23,DGS2,US 2Y Yield,0.45
2010-09-24,DGS2,US 2Y Yield,0.45
2010-09-27,DGS2,US 2Y Yield,0.44
2010-09-28,DGS2,US 2Y Yield,0.37
2010-09-29,DGS2,US 2Y Yield,0.44
2010-09-30,DGS2,US 2Y Yield,0.42
2010-10-01,DGS2,US 2Y Yield,0.42
2010-10-04,DGS2,US 2Y Yield,0.41
2010-10-05,DGS2,US 2Y Yield,0.41
2010-10-06,DGS2,US 2Y Yield,0.38
2010-10-07,DGS2,US 2Y Yield,0.36
2010-10-08,DGS2,US 2Y Yield,0.35
2010-10-12,DGS2,US 2Y Yield,0.37
2010-10-13,DGS2,US 2Y Yield,0.37
2010-10-14,DGS2,US 2Y Yield,0.38
2010-10-15,DGS2,US 2Y Yield,0.37
2010-10-18,DGS2,US 2Y Yield,0.38
2010-10-19,DGS2,US 2Y Yield,0.37
2010-10-20,DGS2,US 2Y Yield,0.35
2010-10-21,DGS2,US 2Y Yield,0.37
2010-10-22,DGS2,US 2Y Yield,0.35
2010-10-25,DGS2,US 2Y Yield,0.37
2010-10-26,DGS2,US 2Y Yield,0.4
2010-10-27,DGS2,US 2Y Yield,0.4
2010-10-28,DGS2,US 2Y Yield,0.37
2010-10-29,DGS2,US 2Y Yield,0.34
2010-11-01,DGS2,US 2Y Yield,0.34
2010-11-02,DGS2,US 2Y Yield,0.34
2010-11-03,DGS2,US 2Y Yield,0.34
2010-11-04,DGS2,US 2Y Yield,0.33
2010-11-05,DGS2,US 2Y Yield,0.38
2010-11-08,DGS2,US 2Y Yield,0.41
2010-11-09,DGS2,US 2Y Yield,0.46
2010-11-10,DGS2,US 2Y Yield,0.44
2010-11-12,DGS2,US 2Y Yield,0.51
2010-11-15,DGS2,US 2Y Yield,0.53
2010-11-16,DGS2,US 2Y Yield,0.51
2010-11-17,DGS2,US 2Y Yield,0.5
2010-11-18,DGS2,US 2Y Yield,0.52
2010-11-19,DGS2,US 2Y Yield,0.52
2010-11-22,DGS2,US 2Y Yield,0.49
2010-11-23,DGS2,US 2Y Yield,0.45
2010-11-24,DGS2,US 2Y Yield,0.53
2010-11-26,DGS2,US 2Y Yield,0.51
2010-11-29,DGS2,US 2Y Yield,0.52
2010-11-30,DGS2,US 2Y Yield,0.45
2010-12-01,DGS2,US 2Y Yield,0.53
2010-12-02,DGS2,US 2Y Yield,0.55
2010-12-03,DGS2,US 2Y Yield,0.49
2010-12-06,DGS2,US 2Y Yield,0.42
2010-12-07,DGS2,US 2Y Yield,0.54
2010-12-08,DGS2,US 2Y Yield,0.63
2010-12-09,DGS2,US 2Y Yield,0.64
2010-12-10,DGS2,US 2Y Yield,0.64
2010-12-13,DGS2,US 2Y Yield,0.61
2010-12-14,DGS2,US 2Y Yield,0.66
2010-12-15,DGS2,US 2Y Yield,0.68
2010-12-16,DGS2,US 2Y Yield,0.66
2010-12-17,DGS2,US 2Y Yield,0.61
2010-12-20,DGS2,US 2Y Yield,0.62
2010-12-21,DGS2,US 2Y Yield,0.63
2010-12-22,DGS2,US 2Y Yield,0.65
2010-12-23,DGS2,US 2Y Yield,0.67
2010-12-27,DGS2,US 2Y Yield,0.71
2010-12-28,DGS2,US 2Y Yield,0.75
2010-12-29,DGS2,US 2Y Yield,0.64
2010-12-30,DGS2,US 2Y Yield,0.66
2010-12-31,DGS2,US 2Y Yield,0.61
2011-01-03,DGS2,US 2Y Yield,0.61
2011-01-04,DGS2,US 2Y Yield,0.63
2011-01-05,DGS2,US 2Y Yield,0.71
2011-01-06,DGS2,US 2Y Yield,0.68
2011-01-07,DGS2,US 2Y Yield,0.6
2011-01-10,DGS2,US 2Y Yield,0.59
2011-01-11,DGS2,US 2Y Yield,0.6
2011-01-12,DGS2,US 2Y Yield,0.61
2011-01-13,DGS2,US 2Y Yield,0.59
2011-01-14,DGS2,US 2Y Yield,0.59
2011-01-18,DGS2,US 2Y Yield,0.6
2011-01-19,DGS2,US 2Y Yield,0.6
2011-01-20,DGS2,US 2Y Yield,0.65
2011-01-21,DGS2,US 2Y Yield,0.63
2011-01-24,DGS2,US 2Y Yield,0.65
2011-01-25,DGS2,US 2Y Yield,0.62
2011-01-26,DGS2,US 2Y Yield,0.62
2011-01-27,DGS2,US 2Y Yield,0.59
2011-01-28,DGS2,US 2Y Yield,0.54
2011-01-31,DGS2,US 2Y Yield,0.58
2011-02-01,DGS2,US 2Y Yield,0.61
2011-02-02,DGS2,US 2Y Yield,0.67
2011-02-03,DGS2,US 2Y Yield,0.71
2011-02-04,DGS2,US 2Y Yield,0.77
2011-02-07,DGS2,US 2Y Yield,0.78
2011-02-08,DGS2,US 2Y Yield,0.86
2011-02-09,DGS2,US 2Y Yield,0.81
2011-02-10,DGS2,US 2Y Yield,0.85
2011-02-11,DGS2,US 2Y Yield,0.85
2011-02-14,DGS2,US 2Y Yield,0.87
2011-02-15,DGS2,US 2Y Yield,0.84
2011-02-16,DGS2,US 2Y Yield,0.86
2011-02-17,DGS2,US 2Y Yield,0.8
2011-02-18,DGS2,US 2Y Yield,0.78
2011-02-22,DGS2,US 2Y Yield,0.74
2011-02-23,DGS2,US 2Y Yield,0.74
2011-02-24,DGS2,US 2Y Yield,0.73
2011-02-25,DGS2,US 2Y Yield,0.72
2011-02-28,DGS2,US 2Y Yield,0.69
2011-03-01,DGS2,US 2Y Yield,0.66
2011-03-02,DGS2,US 2Y Yield,0.69
2011-03-03,DGS2,US 2Y Yield,0.79
2011-03-04,DGS2,US 2Y Yield,0.68
2011-03-07,DGS2,US 2Y Yield,0.7
2011-03-08,DGS2,US 2Y Yield,0.73
2011-03-09,DGS2,US 2Y Yield,0.7
2011-03-10,DGS2,US 2Y Yield,0.65
2011-03-11,DGS2,US 2Y Yield,0.64
2011-03-14,DGS2,US 2Y Yield,0.61
2011-03-15,DGS2,US 2Y Yield,0.63
2011-03-16,DGS2,US 2Y Yield,0.58
2011-03-17,DGS2,US 2Y Yield,0.6
2011-03-18,DGS2,US 2Y Yield,0.61
2011-03-21,DGS2,US 2Y Yield,0.67
2011-03-22,DGS2,US 2Y Yield,0.68
2011-03-23,DGS2,US 2Y Yield,0.69
2011-03-24,DGS2,US 2Y Yield,0.72
2011-03-25,DGS2,US 2Y Yield,0.79
2011-03-28,DGS2,US 2Y Yield,0.81
2011-03-29,DGS2,US 2Y Yield,0.81
2011-03-30,DGS2,US 2Y Yield,0.8
2011-03-31,DGS2,US 2Y Yield,0.8
2011-04-01,DGS2,US 2Y Yield,0.8
2011-04-04,DGS2,US 2Y Yield,0.77
2011-04-05,DGS2,US 2Y Yield,0.84
2011-04-06,DGS2,US 2Y Yield,0.85
2011-04-07,DGS2,US 2Y Yield,0.81
2011-04-08,DGS2,US 2Y Yield,0.83
2011-04-11,DGS2,US 2Y Yield,0.85
2011-04-12,DGS2,US 2Y Yield,0.77
2011-04-13,DGS2,US 2Y Yield,0.75
2011-04-14,DGS2,US 2Y Yield,0.77
2011-04-15,DGS2,US 2Y Yield,0.71
2011-04-18,DGS2,US 2Y Yield,0.69
2011-04-19,DGS2,US 2Y Yield,0.68
2011-04-20,DGS2,US 2Y Yield,0.69
2011-04-21,DGS2,US 2Y Yield,0.68
2011-04-25,DGS2,US 2Y Yield,0.67
2011-04-26,DGS2,US 2Y Yield,0.65
2011-04-27,DGS2,US 2Y Yield,0.65
2011-04-28,DGS2,US 2Y Yield,0.62
2011-04-29,DGS2,US 2Y Yield,0.61
2011-05-02,DGS2,US 2Y Yield,0.61
2011-05-03,DGS2,US 2Y Yield,0.61
2011-05-04,DGS2,US 2Y Yield,0.6
2011-05-05,DGS2,US 2Y Yield,0.58
2011-05-06,DGS2,US 2Y Yield,0.57
2011-05-09,DGS2,US 2Y Yield,0.57
2011-05-10,DGS2,US 2Y Yield,0.59
2011-05-11,DGS2,US 2Y Yield,0.56
2011-05-12,DGS2,US 2Y Yield,0.57
2011-05-13,DGS2,US 2Y Yield,0.57
2011-05-16,DGS2,US 2Y Yield,0.54
2011-05-17,DGS2,US 2Y Yield,0.55
2011-05-18,DGS2,US 2Y Yield,0.58
2011-05-19,DGS2,US 2Y Yield,0.55
2011-05-20,DGS2,US 2Y Yield,0.55
2011-05-23,DGS2,US 2Y Yield,0.55
2011-05-24,DGS2,US 2Y Yield,0.56
2011-05-25,DGS2,US 2Y Yield,0.54
2011-05-26,DGS2,US 2Y Yield,0.48
2011-05-27,DGS2,US 2Y Yield,0.48
2011-05-31,DGS2,US 2Y Yield,0.45
2011-06-01,DGS2,US 2Y Yield,0.44
2011-06-02,DGS2,US 2Y Yield,0.45
2011-06-03,DGS2,US 2Y Yield,0.42
2011-06-06,DGS2,US 2Y Yield,0.43
2011-06-07,DGS2,US 2Y Yield,0.39
2011-06-08,DGS2,US 2Y Yield,0.39
2011-06-09,DGS2,US 2Y Yield,0.43
2011-06-10,DGS2,US 2Y Yield,0.41
2011-06-13,DGS2,US 2Y Yield,0.4
2011-06-14,DGS2,US 2Y Yield,0.45
2011-06-15,DGS2,US 2Y Yield,0.38
2011-06-16,DGS2,US 2Y Yield,0.38
2011-06-17,DGS2,US 2Y Yield,0.38
2011-06-20,DGS2,US 2Y Yield,0.38
2011-06-21,DGS2,US 2Y Yield,0.4
2011-06-22,DGS2,US 2Y Yield,0.39
2011-06-23,DGS2,US 2Y Yield,0.35
2011-06-24,DGS2,US 2Y Yield,0.35
2011-06-27,DGS2,US 2Y Yield,0.41
2011-06-28,DGS2,US 2Y Yield,0.48
2011-06-29,DGS2,US 2Y Yield,0.47
2011-06-30,DGS2,US 2Y Yield,0.45
2011-07-01,DGS2,US 2Y Yield,0.5
2011-07-05,DGS2,US 2Y Yield,0.44
2011-07-06,DGS2,US 2Y Yield,0.43
2011-07-07,DGS2,US 2Y Yield,0.49
2011-07-08,DGS2,US 2Y Yield,0.4
2011-07-11,DGS2,US 2Y Yield,0.37
2011-07-12,DGS2,US 2Y Yield,0.37
2011-07-13,DGS2,US 2Y Yield,0.37
2011-07-14,DGS2,US 2Y Yield,0.38
2011-07-15,DGS2,US 2Y Yield,0.37
2011-07-18,DGS2,US 2Y Yield,0.37
2011-07-19,DGS2,US 2Y Yield,0.39
2011-07-20,DGS2,US 2Y Yield,0.4
2011-07-21,DGS2,US 2Y Yield,0.4
2011-07-22,DGS2,US 2Y Yield,0.4
2011-07-25,DGS2,US 2Y Yield,0.42
2011-07-26,DGS2,US 2Y Yield,0.41
2011-07-27,DGS2,US 2Y Yield,0.44
2011-07-28,DGS2,US 2Y Yield,0.42
2011-07-29,DGS2,US 2Y Yield,0.36
2011-08-01,DGS2,US 2Y Yield,0.38
2011-08-02,DGS2,US 2Y Yield,0.33
2011-08-03,DGS2,US 2Y Yield,0.33
2011-08-04,DGS2,US 2Y Yield,0.27
2011-08-05,DGS2,US 2Y Yield,0.28
2011-08-08,DGS2,US 2Y Yield,0.27
2011-08-09,DGS2,US 2Y Yield,0.19
2011-08-10,DGS2,US 2Y Yield,0.19
2011-08-11,DGS2,US 2Y Yield,0.19
2011-08-12,DGS2,US 2Y Yield,0.2
2011-08-15,DGS2,US 2Y Yield,0.19
2011-08-16,DGS2,US 2Y Yield,0.2
2011-08-17,DGS2,US 2Y Yield,0.19
2011-08-18,DGS2,US 2Y Yield,0.2
2011-08-19,DGS2,US 2Y Yield,0.2
2011-08-22,DGS2,US 2Y Yield,0.22
2011-08-23,DGS2,US 2Y Yield,0.22
2011-08-24,DGS2,US 2Y Yield,0.23
2011-08-25,DGS2,US 2Y Yield,0.22
2011-08-26,DGS2,US 2Y Yield,0.2
2011-08-29,DGS2,US 2Y Yield,0.2
2011-08-30,DGS2,US 2Y Yield,0.2
2011-08-31,DGS2,US 2Y Yield,0.2
2011-09-01,DGS2,US 2Y Yield,0.19
2011-09-02,DGS2,US 2Y Yield,0.2
2011-09-06,DGS2,US 2Y Yield,0.21
2011-09-07,DGS2,US 2Y Yield,0.21
2011-09-08,DGS2,US 2Y Yield,0.19
2011-09-09,DGS2,US 2Y Yield,0.17
2011-09-12,DGS2,US 2Y Yield,0.21
2011-09-13,DGS2,US 2Y Yield,0.21
2011-09-14,DGS2,US 2Y Yield,0.19
2011-09-15,DGS2,US 2Y Yield,0.21
2011-09-16,DGS2,US 2Y Yield,0.18
2011-09-19,DGS2,US 2Y Yield,0.16
2011-09-20,DGS2,US 2Y Yield,0.18
2011-09-21,DGS2,US 2Y Yield,0.21
2011-09-22,DGS2,US 2Y Yield,0.2
2011-09-23,DGS2,US 2Y Yield,0.23
2011-09-26,DGS2,US 2Y Yield,0.25
2011-09-27,DGS2,US 2Y Yield,0.25
2011-09-28,DGS2,US 2Y Yield,0.27
2011-09-29,DGS2,US 2Y Yield,0.27
2011-09-30,DGS2,US 2Y Yield,0.25
2011-10-03,DGS2,US 2Y Yield,0.24
2011-10-04,DGS2,US 2Y Yield,0.25
2011-10-05,DGS2,US 2Y Yield,0.25
2011-10-06,DGS2,US 2Y Yield,0.29
2011-10-07,DGS2,US 2Y Yield,0.3
2011-10-11,DGS2,US 2Y Yield,0.32
2011-10-12,DGS2,US 2Y Yield,0.29
2011-10-13,DGS2,US 2Y Yield,0.29
2011-10-14,DGS2,US 2Y Yield,0.28
2011-10-17,DGS2,US 2Y Yield,0.28
2011-10-18,DGS2,US 2Y Yield,0.28
2011-10-19,DGS2,US 2Y Yield,0.28
2011-10-20,DGS2,US 2Y Yield,0.28
2011-10-21,DGS2,US 2Y Yield,0.3
2011-10-24,DGS2,US 2Y Yield,0.3
2011-10-25,DGS2,US 2Y Yield,0.26
2011-10-26,DGS2,US 2Y Yield,0.28
2011-10-27,DGS2,US 2Y Yield,0.31
2011-10-28,DGS2,US 2Y Yield,0.28
2011-10-31,DGS2,US 2Y Yield,0.25
2011-11-01,DGS2,US 2Y Yield,0.23
2011-11-02,DGS2,US 2Y Yield,0.23
2011-11-03,DGS2,US 2Y Yield,0.24
2011-11-04,DGS2,US 2Y Yield,0.22
2011-11-07,DGS2,US 2Y Yield,0.25
2011-11-08,DGS2,US 2Y Yield,0.25
2011-11-09,DGS2,US 2Y Yield,0.24
2011-11-10,DGS2,US 2Y Yield,0.24
2011-11-14,DGS2,US 2Y Yield,0.24
2011-11-15,DGS2,US 2Y Yield,0.26
2011-11-16,DGS2,US 2Y Yield,0.26
2011-11-17,DGS2,US 2Y Yield,0.27
2011-11-18,DGS2,US 2Y Yield,0.29
2011-11-21,DGS2,US 2Y Yield,0.27
2011-11-22,DGS2,US 2Y Yield,0.26
2011-11-23,DGS2,US 2Y Yield,0.26
2011-11-25,DGS2,US 2Y Yield,0.28
2011-11-28,DGS2,US 2Y Yield,0.26
2011-11-29,DGS2,US 2Y Yield,0.27
2011-11-30,DGS2,US 2Y Yield,0.25
2011-12-01,DGS2,US 2Y Yield,0.27
2011-12-02,DGS2,US 2Y Yield,0.25
2011-12-05,DGS2,US 2Y Yield,0.27
2011-12-06,DGS2,US 2Y Yield,0.25
2011-12-07,DGS2,US 2Y Yield,0.24
2011-12-08,DGS2,US 2Y Yield,0.22
2011-12-09,DGS2,US 2Y Yield,0.22
2011-12-12,DGS2,US 2Y Yield,0.24
2011-12-13,DGS2,US 2Y Yield,0.24
2011-12-14,DGS2,US 2Y Yield,0.25
2011-12-15,DGS2,US 2Y Yield,0.26
2011-12-16,DGS2,US 2Y Yield,0.24
2011-12-19,DGS2,US 2Y Yield,0.24
2011-12-20,DGS2,US 2Y Yield,0.26
2011-12-21,DGS2,US 2Y Yield,0.28
2011-12-22,DGS2,US 2Y Yield,0.28
2011-12-23,DGS2,US 2Y Yield,0.28
2011-12-27,DGS2,US 2Y Yield,0.3
2011-12-28,DGS2,US 2Y Yield,0.28
2011-12-29,DGS2,US 2Y Yield,0.28
2011-12-30,DGS2,US 2Y Yield,0.25
2012-01-03,DGS2,US 2Y Yield,0.27
2012-01-04,DGS2,US 2Y Yield,0.25
2012-01-05,DGS2,US 2Y Yield,0.27
2012-01-06,DGS2,US 2Y Yield,0.25
2012-01-09,DGS2,US 2Y Yield,0.26
2012-01-10,DGS2,US 2Y Yield,0.24
2012-01-11,DGS2,US 2Y Yield,0.24
2012-01-12,DGS2,US 2Y Yield,0.22
2012-01-13,DGS2,US 2Y Yield,0.24
2012-01-17,DGS2,US 2Y Yield,0.21
2012-01-18,DGS2,US 2Y Yield,0.24
2012-01-19,DGS2,US 2Y Yield,0.26
2012-01-20,DGS2,US 2Y Yield,0.26
2012-01-23,DGS2,US 2Y Yield,0.26
2012-01-24,DGS2,US 2Y Yield,0.24
2012-01-25,DGS2,US 2Y Yield,0.22
2012-01-26,DGS2,US 2Y Yield,0.22
2012-01-27,DGS2,US 2Y Yield,0.22
2012-01-30,DGS2,US 2Y Yield,0.22
2012-01-31,DGS2,US 2Y Yield,0.22
2012-02-01,DGS2,US 2Y Yield,0.23
2012-02-02,DGS2,US 2Y Yield,0.23
2012-02-03,DGS2,US 2Y Yield,0.23
2012-02-06,DGS2,US 2Y Yield,0.24
2012-02-07,DGS2,US 2Y Yield,0.25
2012-02-08,DGS2,US 2Y Yield,0.27
2012-02-09,DGS2,US 2Y Yield,0.27
2012-02-10,DGS2,US 2Y Yield,0.27
2012-02-13,DGS2,US 2Y Yield,0.29
2012-02-14,DGS2,US 2Y Yield,0.29
2012-02-15,DGS2,US 2Y Yield,0.29
2012-02-16,DGS2,US 2Y Yield,0.29
2012-02-17,DGS2,US 2Y Yield,0.29
2012-02-21,DGS2,US 2Y Yield,0.31
2012-02-22,DGS2,US 2Y Yield,0.29
2012-02-23,DGS2,US 2Y Yield,0.31
2012-02-24,DGS2,US 2Y Yield,0.31
2012-02-27,DGS2,US 2Y Yield,0.3
2012-02-28,DGS2,US 2Y Yield,0.3
2012-02-29,DGS2,US 2Y Yield,0.3
2012-03-01,DGS2,US 2Y Yield,0.3
2012-03-02,DGS2,US 2Y Yield,0.28
2012-03-05,DGS2,US 2Y Yield,0.31
2012-03-06,DGS2,US 2Y Yield,0.3
2012-03-07,DGS2,US 2Y Yield,0.3
2012-03-08,DGS2,US 2Y Yield,0.32
2012-03-09,DGS2,US 2Y Yield,0.33
2012-03-12,DGS2,US 2Y Yield,0.33
2012-03-13,DGS2,US 2Y Yield,0.35
2012-03-14,DGS2,US 2Y Yield,0.4
2012-03-15,DGS2,US 2Y Yield,0.37
2012-03-16,DGS2,US 2Y Yield,0.37
2012-03-19,DGS2,US 2Y Yield,0.39
2012-03-20,DGS2,US 2Y Yield,0.41
2012-03-21,DGS2,US 2Y Yield,0.39
2012-03-22,DGS2,US 2Y Yield,0.37
2012-03-23,DGS2,US 2Y Yield,0.37
2012-03-26,DGS2,US 2Y Yield,0.36
2012-03-27,DGS2,US 2Y Yield,0.33
2012-03-28,DGS2,US 2Y Yield,0.34
2012-03-29,DGS2,US 2Y Yield,0.33
2012-03-30,DGS2,US 2Y Yield,0.33
2012-04-02,DGS2,US 2Y Yield,0.33
2012-04-03,DGS2,US 2Y Yield,0.36
2012-04-04,DGS2,US 2Y Yield,0.35
2012-04-05,DGS2,US 2Y Yield,0.35
2012-04-06,DGS2,US 2Y Yield,0.32
2012-04-09,DGS2,US 2Y Yield,0.32
2012-04-10,DGS2,US 2Y Yield,0.28
2012-04-11,DGS2,US 2Y Yield,0.3
2012-04-12,DGS2,US 2Y Yield,0.29
2012-04-13,DGS2,US 2Y Yield,0.27
2012-04-16,DGS2,US 2Y Yield,0.27
2012-04-17,DGS2,US 2Y Yield,0.27
2012-04-18,DGS2,US 2Y Yield,0.27
2012-04-19,DGS2,US 2Y Yield,0.27
2012-04-20,DGS2,US 2Y Yield,0.29
2012-04-23,DGS2,US 2Y Yield,0.27
2012-04-24,DGS2,US 2Y Yield,0.27
2012-04-25,DGS2,US 2Y Yield,0.26
2012-04-26,DGS2,US 2Y Yield,0.26
2012-04-27,DGS2,US 2Y Yield,0.26
2012-04-30,DGS2,US 2Y Yield,0.27
2012-05-01,DGS2,US 2Y Yield,0.27
2012-05-02,DGS2,US 2Y Yield,0.27
2012-05-03,DGS2,US 2Y Yield,0.28
2012-05-04,DGS2,US 2Y Yield,0.27
2012-05-07,DGS2,US 2Y Yield,0.27
2012-05-08,DGS2,US 2Y Yield,0.27
2012-05-09,DGS2,US 2Y Yield,0.27
2012-05-10,DGS2,US 2Y Yield,0.27
2012-05-11,DGS2,US 2Y Yield,0.27
2012-05-14,DGS2,US 2Y Yield,0.29
2012-05-15,DGS2,US 2Y Yield,0.29
2012-05-16,DGS2,US 2Y Yield,0.3
2012-05-17,DGS2,US 2Y Yield,0.32
2012-05-18,DGS2,US 2Y Yield,0.32
2012-05-21,DGS2,US 2Y Yield,0.3
2012-05-22,DGS2,US 2Y Yield,0.3
2012-05-23,DGS2,US 2Y Yield,0.28
2012-05-24,DGS2,US 2Y Yield,0.29
2012-05-25,DGS2,US 2Y Yield,0.3
2012-05-29,DGS2,US 2Y Yield,0.3
2012-05-30,DGS2,US 2Y Yield,0.27
2012-05-31,DGS2,US 2Y Yield,0.27
2012-06-01,DGS2,US 2Y Yield,0.25
2012-06-04,DGS2,US 2Y Yield,0.25
2012-06-05,DGS2,US 2Y Yield,0.25
2012-06-06,DGS2,US 2Y Yield,0.26
2012-06-07,DGS2,US 2Y Yield,0.27
2012-06-08,DGS2,US 2Y Yield,0.28
2012-06-11,DGS2,US 2Y Yield,0.27
2012-06-12,DGS2,US 2Y Yield,0.3
2012-06-13,DGS2,US 2Y Yield,0.3
2012-06-14,DGS2,US 2Y Yield,0.3
2012-06-15,DGS2,US 2Y Yield,0.29
2012-06-18,DGS2,US 2Y Yield,0.29
2012-06-19,DGS2,US 2Y Yield,0.3
2012-06-20,DGS2,US 2Y Yield,0.32
2012-06-21,DGS2,US 2Y Yield,0.32
2012-06-22,DGS2,US 2Y Yield,0.31
2012-06-25,DGS2,US 2Y Yield,0.31
2012-06-26,DGS2,US 2Y Yield,0.31
2012-06-27,DGS2,US 2Y Yield,0.31
2012-06-28,DGS2,US 2Y Yield,0.31
2012-06-29,DGS2,US 2Y Yield,0.33
2012-07-02,DGS2,US 2Y Yield,0.3
2012-07-03,DGS2,US 2Y Yield,0.3
2012-07-05,DGS2,US 2Y Yield,0.28
2012-07-06,DGS2,US 2Y Yield,0.27
2012-07-09,DGS2,US 2Y Yield,0.27
2012-07-10,DGS2,US 2Y Yield,0.27
2012-07-11,DGS2,US 2Y Yield,0.27
2012-07-12,DGS2,US 2Y Yield,0.25
2012-07-13,DGS2,US 2Y Yield,0.25
2012-07-16,DGS2,US 2Y Yield,0.24
2012-07-17,DGS2,US 2Y Yield,0.25
2012-07-18,DGS2,US 2Y Yield,0.22
2012-07-19,DGS2,US 2Y Yield,0.22
2012-07-20,DGS2,US 2Y Yield,0.22
2012-07-23,DGS2,US 2Y Yield,0.22
2012-07-24,DGS2,US 2Y Yield,0.22
2012-07-25,DGS2,US 2Y Yield,0.22
2012-07-26,DGS2,US 2Y Yield,0.23
2012-07-27,DGS2,US 2Y Yield,0.25
2012-07-30,DGS2,US 2Y Yield,0.23
2012-07-31,DGS2,US 2Y Yield,0.23
2012-08-01,DGS2,US 2Y Yield,0.24
2012-08-02,DGS2,US 2Y Yield,0.24
2012-08-03,DGS2,US 2Y Yield,0.24
2012-08-06,DGS2,US 2Y Yield,0.24
2012-08-07,DGS2,US 2Y Yield,0.27
2012-08-08,DGS2,US 2Y Yield,0.29
2012-08-09,DGS2,US 2Y Yield,0.29
2012-08-10,DGS2,US 2Y Yield,0.27
2012-08-13,DGS2,US 2Y Yield,0.27
2012-08-14,DGS2,US 2Y Yield,0.27
2012-08-15,DGS2,US 2Y Yield,0.27
2012-08-16,DGS2,US 2Y Yield,0.29
2012-08-17,DGS2,US 2Y Yield,0.29
2012-08-20,DGS2,US 2Y Yield,0.29
2012-08-21,DGS2,US 2Y Yield,0.31
2012-08-22,DGS2,US 2Y Yield,0.26
2012-08-23,DGS2,US 2Y Yield,0.26
2012-08-24,DGS2,US 2Y Yield,0.28
2012-08-27,DGS2,US 2Y Yield,0.28
2012-08-28,DGS2,US 2Y Yield,0.27
2012-08-29,DGS2,US 2Y Yield,0.27
2012-08-30,DGS2,US 2Y Yield,0.27
2012-08-31,DGS2,US 2Y Yield,0.22
2012-09-04,DGS2,US 2Y Yield,0.23
2012-09-05,DGS2,US 2Y Yield,0.25
2012-09-06,DGS2,US 2Y Yield,0.27
2012-09-07,DGS2,US 2Y Yield,0.25
2012-09-10,DGS2,US 2Y Yield,0.25
2012-09-11,DGS2,US 2Y Yield,0.25
2012-09-12,DGS2,US 2Y Yield,0.25
2012-09-13,DGS2,US 2Y Yield,0.24
2012-09-14,DGS2,US 2Y Yield,0.27
2012-09-17,DGS2,US 2Y Yield,0.25
2012-09-18,DGS2,US 2Y Yield,0.25
2012-09-19,DGS2,US 2Y Yield,0.27
2012-09-20,DGS2,US 2Y Yield,0.27
2012-09-21,DGS2,US 2Y Yield,0.27
2012-09-24,DGS2,US 2Y Yield,0.27
2012-09-25,DGS2,US 2Y Yield,0.27
2012-09-26,DGS2,US 2Y Yield,0.26
2012-09-27,DGS2,US 2Y Yield,0.25
2012-09-28,DGS2,US 2Y Yield,0.23
2012-10-01,DGS2,US 2Y Yield,0.25
2012-10-02,DGS2,US 2Y Yield,0.23
2012-10-03,DGS2,US 2Y Yield,0.23
2012-10-04,DGS2,US 2Y Yield,0.23
2012-10-05,DGS2,US 2Y Yield,0.27
2012-10-09,DGS2,US 2Y Yield,0.25
2012-10-10,DGS2,US 2Y Yield,0.27
2012-10-11,DGS2,US 2Y Yield,0.28
2012-10-12,DGS2,US 2Y Yield,0.27
2012-10-15,DGS2,US 2Y Yield,0.27
2012-10-16,DGS2,US 2Y Yield,0.27
2012-10-17,DGS2,US 2Y Yield,0.3
2012-10-18,DGS2,US 2Y Yield,0.29
2012-10-19,DGS2,US 2Y Yield,0.3
2012-10-22,DGS2,US 2Y Yield,0.32
2012-10-23,DGS2,US 2Y Yield,0.29
2012-10-24,DGS2,US 2Y Yield,0.29
2012-10-25,DGS2,US 2Y Yield,0.31
2012-10-26,DGS2,US 2Y Yield,0.3
2012-10-29,DGS2,US 2Y Yield,0.3
2012-10-31,DGS2,US 2Y Yield,0.3
2012-11-01,DGS2,US 2Y Yield,0.3
2012-11-02,DGS2,US 2Y Yield,0.28
2012-11-05,DGS2,US 2Y Yield,0.28
2012-11-06,DGS2,US 2Y Yield,0.3
2012-11-07,DGS2,US 2Y Yield,0.27
2012-11-08,DGS2,US 2Y Yield,0.27
2012-11-09,DGS2,US 2Y Yield,0.27
2012-11-13,DGS2,US 2Y Yield,0.27
2012-11-14,DGS2,US 2Y Yield,0.25
2012-11-15,DGS2,US 2Y Yield,0.24
2012-11-16,DGS2,US 2Y Yield,0.24
2012-11-19,DGS2,US 2Y Yield,0.25
2012-11-20,DGS2,US 2Y Yield,0.27
2012-11-21,DGS2,US 2Y Yield,0.27
2012-11-23,DGS2,US 2Y Yield,0.29
2012-11-26,DGS2,US 2Y Yield,0.27
2012-11-27,DGS2,US 2Y Yield,0.27
2012-11-28,DGS2,US 2Y Yield,0.27
2012-11-29,DGS2,US 2Y Yield,0.25
2012-11-30,DGS2,US 2Y Yield,0.25
2012-12-03,DGS2,US 2Y Yield,0.25
2012-12-04,DGS2,US 2Y Yield,0.25
2012-12-05,DGS2,US 2Y Yield,0.25
2012-12-06,DGS2,US 2Y Yield,0.25
2012-12-07,DGS2,US 2Y Yield,0.25
2012-12-10,DGS2,US 2Y Yield,0.24
2012-12-11,DGS2,US 2Y Yield,0.24
2012-12-12,DGS2,US 2Y Yield,0.25
2012-12-13,DGS2,US 2Y Yield,0.27
2012-12-14,DGS2,US 2Y Yield,0.24
2012-12-17,DGS2,US 2Y Yield,0.25
2012-12-18,DGS2,US 2Y Yield,0.28
2012-12-19,DGS2,US 2Y Yield,0.28
2012-12-20,DGS2,US 2Y Yield,0.28
2012-12-21,DGS2,US 2Y Yield,0.26
2012-12-24,DGS2,US 2Y Yield,0.26
2012-12-26,DGS2,US 2Y Yield,0.26
2012-12-27,DGS2,US 2Y Yield,0.26
2012-12-28,DGS2,US 2Y Yield,0.27
2012-12-31,DGS2,US 2Y Yield,0.25
2013-01-02,DGS2,US 2Y Yield,0.27
2013-01-03,DGS2,US 2Y Yield,0.27
2013-01-04,DGS2,US 2Y Yield,0.27
2013-01-07,DGS2,US 2Y Yield,0.27
2013-01-08,DGS2,US 2Y Yield,0.25
2013-01-09,DGS2,US 2Y Yield,0.24
2013-01-10,DGS2,US 2Y Yield,0.26
2013-01-11,DGS2,US 2Y Yield,0.26
2013-01-14,DGS2,US 2Y Yield,0.26
2013-01-15,DGS2,US 2Y Yield,0.26
2013-01-16,DGS2,US 2Y Yield,0.26
2013-01-17,DGS2,US 2Y Yield,0.28
2013-01-18,DGS2,US 2Y Yield,0.26
2013-01-22,DGS2,US 2Y Yield,0.26
2013-01-23,DGS2,US 2Y Yield,0.26
2013-01-24,DGS2,US 2Y Yield,0.23
2013-01-25,DGS2,US 2Y Yield,0.28
2013-01-28,DGS2,US 2Y Yield,0.29
2013-01-29,DGS2,US 2Y Yield,0.3
2013-01-30,DGS2,US 2Y Yield,0.27
2013-01-31,DGS2,US 2Y Yield,0.27
2013-02-01,DGS2,US 2Y Yield,0.27
2013-02-04,DGS2,US 2Y Yield,0.25
2013-02-05,DGS2,US 2Y Yield,0.27
2013-02-06,DGS2,US 2Y Yield,0.27
2013-02-07,DGS2,US 2Y Yield,0.25
2013-02-08,DGS2,US 2Y Yield,0.25
2013-02-11,DGS2,US 2Y Yield,0.27
2013-02-12,DGS2,US 2Y Yield,0.29
2013-02-13,DGS2,US 2Y Yield,0.29
2013-02-14,DGS2,US 2Y Yield,0.27
2013-02-15,DGS2,US 2Y Yield,0.29
2013-02-19,DGS2,US 2Y Yield,0.29
2013-02-20,DGS2,US 2Y Yield,0.27
2013-02-21,DGS2,US 2Y Yield,0.26
2013-02-22,DGS2,US 2Y Yield,0.27
2013-02-25,DGS2,US 2Y Yield,0.25
2013-02-26,DGS2,US 2Y Yield,0.25
2013-02-27,DGS2,US 2Y Yield,0.27
2013-02-28,DGS2,US 2Y Yield,0.25
2013-03-01,DGS2,US 2Y Yield,0.25
2013-03-04,DGS2,US 2Y Yield,0.24
2013-03-05,DGS2,US 2Y Yield,0.25
2013-03-06,DGS2,US 2Y Yield,0.25
2013-03-07,DGS2,US 2Y Yield,0.25
2013-03-08,DGS2,US 2Y Yield,0.27
2013-03-11,DGS2,US 2Y Yield,0.27
2013-03-12,DGS2,US 2Y Yield,0.27
2013-03-13,DGS2,US 2Y Yield,0.27
2013-03-14,DGS2,US 2Y Yield,0.27
2013-03-15,DGS2,US 2Y Yield,0.25
2013-03-18,DGS2,US 2Y Yield,0.26
2013-03-19,DGS2,US 2Y Yield,0.24
2013-03-20,DGS2,US 2Y Yield,0.26
2013-03-21,DGS2,US 2Y Yield,0.27
2013-03-22,DGS2,US 2Y Yield,0.26
2013-03-25,DGS2,US 2Y Yield,0.24
2013-03-26,DGS2,US 2Y Yield,0.25
2013-03-27,DGS2,US 2Y Yield,0.25
2013-03-28,DGS2,US 2Y Yield,0.25
2013-04-01,DGS2,US 2Y Yield,0.23
2013-04-02,DGS2,US 2Y Yield,0.25
2013-04-03,DGS2,US 2Y Yield,0.24
2013-04-04,DGS2,US 2Y Yield,0.22
2013-04-05,DGS2,US 2Y Yield,0.24
2013-04-08,DGS2,US 2Y Yield,0.24
2013-04-09,DGS2,US 2Y Yield,0.24
2013-04-10,DGS2,US 2Y Yield,0.24
2013-04-11,DGS2,US 2Y Yield,0.24
2013-04-12,DGS2,US 2Y Yield,0.22
2013-04-15,DGS2,US 2Y Yield,0.22
2013-04-16,DGS2,US 2Y Yield,0.24
2013-04-17,DGS2,US 2Y Yield,0.24
2013-04-18,DGS2,US 2Y Yield,0.24
2013-04-19,DGS2,US 2Y Yield,0.24
2013-04-22,DGS2,US 2Y Yield,0.24
2013-04-23,DGS2,US 2Y Yield,0.23
2013-04-24,DGS2,US 2Y Yield,0.23
2013-04-25,DGS2,US 2Y Yield,0.23
2013-04-26,DGS2,US 2Y Yield,0.22
2013-04-29,DGS2,US 2Y Yield,0.2
2013-04-30,DGS2,US 2Y Yield,0.22
2013-05-01,DGS2,US 2Y Yield,0.2
2013-05-02,DGS2,US 2Y Yield,0.2
2013-05-03,DGS2,US 2Y Yield,0.22
2013-05-06,DGS2,US 2Y Yield,0.22
2013-05-07,DGS2,US 2Y Yield,0.22
2013-05-08,DGS2,US 2Y Yield,0.22
2013-05-09,DGS2,US 2Y Yield,0.22
2013-05-10,DGS2,US 2Y Yield,0.26
2013-05-13,DGS2,US 2Y Yield,0.24
2013-05-14,DGS2,US 2Y Yield,0.26
2013-05-15,DGS2,US 2Y Yield,0.26
2013-05-16,DGS2,US 2Y Yield,0.23
2013-05-17,DGS2,US 2Y Yield,0.26
2013-05-20,DGS2,US 2Y Yield,0.26
2013-05-21,DGS2,US 2Y Yield,0.26
2013-05-22,DGS2,US 2Y Yield,0.26
2013-05-23,DGS2,US 2Y Yield,0.26
2013-05-24,DGS2,US 2Y Yield,0.26
2013-05-28,DGS2,US 2Y Yield,0.29
2013-05-29,DGS2,US 2Y Yield,0.3
2013-05-30,DGS2,US 2Y Yield,0.31
2013-05-31,DGS2,US 2Y Yield,0.3
2013-06-03,DGS2,US 2Y Yield,0.3
2013-06-04,DGS2,US 2Y Yield,0.32
2013-06-05,DGS2,US 2Y Yield,0.3
2013-06-06,DGS2,US 2Y Yield,0.3
2013-06-07,DGS2,US 2Y Yield,0.32
2013-06-10,DGS2,US 2Y Yield,0.32
2013-06-11,DGS2,US 2Y Yield,0.34
2013-06-12,DGS2,US 2Y Yield,0.34
2013-06-13,DGS2,US 2Y Yield,0.32
2013-06-14,DGS2,US 2Y Yield,0.29
2013-06-17,DGS2,US 2Y Yield,0.27
2013-06-18,DGS2,US 2Y Yield,0.27
2013-06-19,DGS2,US 2Y Yield,0.31
2013-06-20,DGS2,US 2Y Yield,0.33
2013-06-21,DGS2,US 2Y Yield,0.38
2013-06-24,DGS2,US 2Y Yield,0.42
2013-06-25,DGS2,US 2Y Yield,0.43
2013-06-26,DGS2,US 2Y Yield,0.39
2013-06-27,DGS2,US 2Y Yield,0.36
2013-06-28,DGS2,US 2Y Yield,0.36
2013-07-01,DGS2,US 2Y Yield,0.34
2013-07-02,DGS2,US 2Y Yield,0.34
2013-07-03,DGS2,US 2Y Yield,0.36
2013-07-05,DGS2,US 2Y Yield,0.4
2013-07-08,DGS2,US 2Y Yield,0.37
2013-07-09,DGS2,US 2Y Yield,0.37
2013-07-10,DGS2,US 2Y Yield,0.38
2013-07-11,DGS2,US 2Y Yield,0.34
2013-07-12,DGS2,US 2Y Yield,0.37
2013-07-15,DGS2,US 2Y Yield,0.34
2013-07-16,DGS2,US 2Y Yield,0.34
2013-07-17,DGS2,US 2Y Yield,0.32
2013-07-18,DGS2,US 2Y Yield,0.32
2013-07-19,DGS2,US 2Y Yield,0.32
2013-07-22,DGS2,US 2Y Yield,0.32
2013-07-23,DGS2,US 2Y Yield,0.33
2013-07-24,DGS2,US 2Y Yield,0.34
2013-07-25,DGS2,US 2Y Yield,0.32
2013-07-26,DGS2,US 2Y Yield,0.31
2013-07-29,DGS2,US 2Y Yield,0.33
2013-07-30,DGS2,US 2Y Yield,0.33
2013-07-31,DGS2,US 2Y Yield,0.31
2013-08-01,DGS2,US 2Y Yield,0.35
2013-08-02,DGS2,US 2Y Yield,0.3
2013-08-05,DGS2,US 2Y Yield,0.32
2013-08-06,DGS2,US 2Y Yield,0.32
2013-08-07,DGS2,US 2Y Yield,0.32
2013-08-08,DGS2,US 2Y Yield,0.3
2013-08-09,DGS2,US 2Y Yield,0.32
2013-08-12,DGS2,US 2Y Yield,0.32
2013-08-13,DGS2,US 2Y Yield,0.34
2013-08-14,DGS2,US 2Y Yield,0.34
2013-08-15,DGS2,US 2Y Yield,0.36
2013-08-16,DGS2,US 2Y Yield,0.36
2013-08-19,DGS2,US 2Y Yield,0.36
2013-08-20,DGS2,US 2Y Yield,0.36
2013-08-21,DGS2,US 2Y Yield,0.38
2013-08-22,DGS2,US 2Y Yield,0.42
2013-08-23,DGS2,US 2Y Yield,0.4
2013-08-26,DGS2,US 2Y Yield,0.41
2013-08-27,DGS2,US 2Y Yield,0.38
2013-08-28,DGS2,US 2Y Yield,0.4
2013-08-29,DGS2,US 2Y Yield,0.39
2013-08-30,DGS2,US 2Y Yield,0.39
2013-09-03,DGS2,US 2Y Yield,0.43
2013-09-04,DGS2,US 2Y Yield,0.46
2013-09-05,DGS2,US 2Y Yield,0.52
2013-09-06,DGS2,US 2Y Yield,0.46
2013-09-09,DGS2,US 2Y Yield,0.45
2013-09-10,DGS2,US 2Y Yield,0.5
2013-09-11,DGS2,US 2Y Yield,0.47
2013-09-12,DGS2,US 2Y Yield,0.45
2013-09-13,DGS2,US 2Y Yield,0.45
2013-09-16,DGS2,US 2Y Yield,0.41
2013-09-17,DGS2,US 2Y Yield,0.39
2013-09-18,DGS2,US 2Y Yield,0.34
2013-09-19,DGS2,US 2Y Yield,0.34
2013-09-20,DGS2,US 2Y Yield,0.34
2013-09-23,DGS2,US 2Y Yield,0.35
2013-09-24,DGS2,US 2Y Yield,0.35
2013-09-25,DGS2,US 2Y Yield,0.36
2013-09-26,DGS2,US 2Y Yield,0.34
2013-09-27,DGS2,US 2Y Yield,0.34
2013-09-30,DGS2,US 2Y Yield,0.33
2013-10-01,DGS2,US 2Y Yield,0.33
2013-10-02,DGS2,US 2Y Yield,0.31
2013-10-03,DGS2,US 2Y Yield,0.33
2013-10-04,DGS2,US 2Y Yield,0.33
2013-10-07,DGS2,US 2Y Yield,0.37
2013-10-08,DGS2,US 2Y Yield,0.4
2013-10-09,DGS2,US 2Y Yield,0.37
2013-10-10,DGS2,US 2Y Yield,0.35
2013-10-11,DGS2,US 2Y Yield,0.35
2013-10-15,DGS2,US 2Y Yield,0.37
2013-10-16,DGS2,US 2Y Yield,0.34
2013-10-17,DGS2,US 2Y Yield,0.33
2013-10-18,DGS2,US 2Y Yield,0.33
2013-10-21,DGS2,US 2Y Yield,0.33
2013-10-22,DGS2,US 2Y Yield,0.31
2013-10-23,DGS2,US 2Y Yield,0.31
2013-10-24,DGS2,US 2Y Yield,0.33
2013-10-25,DGS2,US 2Y Yield,0.32
2013-10-28,DGS2,US 2Y Yield,0.32
2013-10-29,DGS2,US 2Y Yield,0.31
2013-10-30,DGS2,US 2Y Yield,0.33
2013-10-31,DGS2,US 2Y Yield,0.31
2013-11-01,DGS2,US 2Y Yield,0.33
2013-11-04,DGS2,US 2Y Yield,0.32
2013-11-05,DGS2,US 2Y Yield,0.32
2013-11-06,DGS2,US 2Y Yield,0.3
2013-11-07,DGS2,US 2Y Yield,0.29
2013-11-08,DGS2,US 2Y Yield,0.32
2013-11-12,DGS2,US 2Y Yield,0.34
2013-11-13,DGS2,US 2Y Yield,0.32
2013-11-14,DGS2,US 2Y Yield,0.29
2013-11-15,DGS2,US 2Y Yield,0.31
2013-11-18,DGS2,US 2Y Yield,0.31
2013-11-19,DGS2,US 2Y Yield,0.29
2013-11-20,DGS2,US 2Y Yield,0.28
2013-11-21,DGS2,US 2Y Yield,0.29
2013-11-22,DGS2,US 2Y Yield,0.31
2013-11-25,DGS2,US 2Y Yield,0.3
2013-11-26,DGS2,US 2Y Yield,0.29
2013-11-27,DGS2,US 2Y Yield,0.28
2013-11-29,DGS2,US 2Y Yield,0.28
2013-12-02,DGS2,US 2Y Yield,0.3
2013-12-03,DGS2,US 2Y Yield,0.28
2013-12-04,DGS2,US 2Y Yield,0.3
2013-12-05,DGS2,US 2Y Yield,0.3
2013-12-06,DGS2,US 2Y Yield,0.3
2013-12-09,DGS2,US 2Y Yield,0.3
2013-12-10,DGS2,US 2Y Yield,0.3
2013-12-11,DGS2,US 2Y Yield,0.31
2013-12-12,DGS2,US 2Y Yield,0.34
2013-12-13,DGS2,US 2Y Yield,0.34
2013-12-16,DGS2,US 2Y Yield,0.34
2013-12-17,DGS2,US 2Y Yield,0.34
2013-12-18,DGS2,US 2Y Yield,0.32
2013-12-19,DGS2,US 2Y Yield,0.35
2013-12-20,DGS2,US 2Y Yield,0.37
2013-12-23,DGS2,US 2Y Yield,0.38
2013-12-24,DGS2,US 2Y Yield,0.38
2013-12-26,DGS2,US 2Y Yield,0.42
2013-12-27,DGS2,US 2Y Yield,0.4
2013-12-30,DGS2,US 2Y Yield,0.39
2013-12-31,DGS2,US 2Y Yield,0.38
2014-01-02,DGS2,US 2Y Yield,0.39
2014-01-03,DGS2,US 2Y Yield,0.41
2014-01-06,DGS2,US 2Y Yield,0.4
2014-01-07,DGS2,US 2Y Yield,0.4
2014-01-08,DGS2,US 2Y Yield,0.43
2014-01-09,DGS2,US 2Y Yield,0.44
2014-01-10,DGS2,US 2Y Yield,0.39
2014-01-13,DGS2,US 2Y Yield,0.39
2014-01-14,DGS2,US 2Y Yield,0.39
2014-01-15,DGS2,US 2Y Yield,0.41
2014-01-16,DGS2,US 2Y Yield,0.41
2014-01-17,DGS2,US 2Y Yield,0.4
2014-01-21,DGS2,US 2Y Yield,0.4
2014-01-22,DGS2,US 2Y Yield,0.44
2014-01-23,DGS2,US 2Y Yield,0.39
2014-01-24,DGS2,US 2Y Yield,0.37
2014-01-27,DGS2,US 2Y Yield,0.37
2014-01-28,DGS2,US 2Y Yield,0.38
2014-01-29,DGS2,US 2Y Yield,0.36
2014-01-30,DGS2,US 2Y Yield,0.36
2014-01-31,DGS2,US 2Y Yield,0.34
2014-02-03,DGS2,US 2Y Yield,0.3
2014-02-04,DGS2,US 2Y Yield,0.31
2014-02-05,DGS2,US 2Y Yield,0.32
2014-02-06,DGS2,US 2Y Yield,0.33
2014-02-07,DGS2,US 2Y Yield,0.3
2014-02-10,DGS2,US 2Y Yield,0.32
2014-02-11,DGS2,US 2Y Yield,0.35
2014-02-12,DGS2,US 2Y Yield,0.35
2014-02-13,DGS2,US 2Y Yield,0.32
2014-02-14,DGS2,US 2Y Yield,0.32
2014-02-18,DGS2,US 2Y Yield,0.31
2014-02-19,DGS2,US 2Y Yield,0.33
2014-02-20,DGS2,US 2Y Yield,0.34
2014-02-21,DGS2,US 2Y Yield,0.33
2014-02-24,DGS2,US 2Y Yield,0.35
2014-02-25,DGS2,US 2Y Yield,0.34
2014-02-26,DGS2,US 2Y Yield,0.33
2014-02-27,DGS2,US 2Y Yield,0.33
2014-02-28,DGS2,US 2Y Yield,0.33
2014-03-03,DGS2,US 2Y Yield,0.32
2014-03-04,DGS2,US 2Y Yield,0.33
2014-03-05,DGS2,US 2Y Yield,0.33
2014-03-06,DGS2,US 2Y Yield,0.37
2014-03-07,DGS2,US 2Y Yield,0.38
2014-03-10,DGS2,US 2Y Yield,0.37
2014-03-11,DGS2,US 2Y Yield,0.37
2014-03-12,DGS2,US 2Y Yield,0.37
2014-03-13,DGS2,US 2Y Yield,0.34
2014-03-14,DGS2,US 2Y Yield,0.36
2014-03-17,DGS2,US 2Y Yield,0.38
2014-03-18,DGS2,US 2Y Yield,0.36
2014-03-19,DGS2,US 2Y Yield,0.47
2014-03-20,DGS2,US 2Y Yield,0.45
2014-03-21,DGS2,US 2Y Yield,0.45
2014-03-24,DGS2,US 2Y Yield,0.47
2014-03-25,DGS2,US 2Y Yield,0.47
2014-03-26,DGS2,US 2Y Yield,0.45
2014-03-27,DGS2,US 2Y Yield,0.45
2014-03-28,DGS2,US 2Y Yield,0.45
2014-03-31,DGS2,US 2Y Yield,0.44
2014-04-01,DGS2,US 2Y Yield,0.44
2014-04-02,DGS2,US 2Y Yield,0.47
2014-04-03,DGS2,US 2Y Yield,0.46
2014-04-04,DGS2,US 2Y Yield,0.43
2014-04-07,DGS2,US 2Y Yield,0.41
2014-04-08,DGS2,US 2Y Yield,0.4
2014-04-09,DGS2,US 2Y Yield,0.37
2014-04-10,DGS2,US 2Y Yield,0.37
2014-04-11,DGS2,US 2Y Yield,0.37
2014-04-14,DGS2,US 2Y Yield,0.37
2014-04-15,DGS2,US 2Y Yield,0.39
2014-04-16,DGS2,US 2Y Yield,0.39
2014-04-17,DGS2,US 2Y Yield,0.43
2014-04-21,DGS2,US 2Y Yield,0.42
2014-04-22,DGS2,US 2Y Yield,0.45
2014-04-23,DGS2,US 2Y Yield,0.43
2014-04-24,DGS2,US 2Y Yield,0.43
2014-04-25,DGS2,US 2Y Yield,0.43
2014-04-28,DGS2,US 2Y Yield,0.44
2014-04-29,DGS2,US 2Y Yield,0.44
2014-04-30,DGS2,US 2Y Yield,0.42
2014-05-01,DGS2,US 2Y Yield,0.41
2014-05-02,DGS2,US 2Y Yield,0.42
2014-05-05,DGS2,US 2Y Yield,0.43
2014-05-06,DGS2,US 2Y Yield,0.43
2014-05-07,DGS2,US 2Y Yield,0.41
2014-05-08,DGS2,US 2Y Yield,0.4
2014-05-09,DGS2,US 2Y Yield,0.4
2014-05-12,DGS2,US 2Y Yield,0.41
2014-05-13,DGS2,US 2Y Yield,0.39
2014-05-14,DGS2,US 2Y Yield,0.39
2014-05-15,DGS2,US 2Y Yield,0.38
2014-05-16,DGS2,US 2Y Yield,0.38
2014-05-19,DGS2,US 2Y Yield,0.36
2014-05-20,DGS2,US 2Y Yield,0.35
2014-05-21,DGS2,US 2Y Yield,0.37
2014-05-22,DGS2,US 2Y Yield,0.37
2014-05-23,DGS2,US 2Y Yield,0.37
2014-05-27,DGS2,US 2Y Yield,0.39
2014-05-28,DGS2,US 2Y Yield,0.37
2014-05-29,DGS2,US 2Y Yield,0.37
2014-05-30,DGS2,US 2Y Yield,0.37
2014-06-02,DGS2,US 2Y Yield,0.39
2014-06-03,DGS2,US 2Y Yield,0.41
2014-06-04,DGS2,US 2Y Yield,0.41
2014-06-05,DGS2,US 2Y Yield,0.4
2014-06-06,DGS2,US 2Y Yield,0.41
2014-06-09,DGS2,US 2Y Yield,0.43
2014-06-10,DGS2,US 2Y Yield,0.45
2014-06-11,DGS2,US 2Y Yield,0.44
2014-06-12,DGS2,US 2Y Yield,0.42
2014-06-13,DGS2,US 2Y Yield,0.45
2014-06-16,DGS2,US 2Y Yield,0.49
2014-06-17,DGS2,US 2Y Yield,0.51
2014-06-18,DGS2,US 2Y Yield,0.48
2014-06-19,DGS2,US 2Y Yield,0.48
2014-06-20,DGS2,US 2Y Yield,0.5
2014-06-23,DGS2,US 2Y Yield,0.48
2014-06-24,DGS2,US 2Y Yield,0.49
2014-06-25,DGS2,US 2Y Yield,0.48
2014-06-26,DGS2,US 2Y Yield,0.46
2014-06-27,DGS2,US 2Y Yield,0.45
2014-06-30,DGS2,US 2Y Yield,0.47
2014-07-01,DGS2,US 2Y Yield,0.47
2014-07-02,DGS2,US 2Y Yield,0.49
2014-07-03,DGS2,US 2Y Yield,0.52
2014-07-07,DGS2,US 2Y Yield,0.52
2014-07-08,DGS2,US 2Y Yield,0.51
2014-07-09,DGS2,US 2Y Yield,0.51
2014-07-10,DGS2,US 2Y Yield,0.46
2014-07-11,DGS2,US 2Y Yield,0.48
2014-07-14,DGS2,US 2Y Yield,0.48
2014-07-15,DGS2,US 2Y Yield,0.49
2014-07-16,DGS2,US 2Y Yield,0.5
2014-07-17,DGS2,US 2Y Yield,0.47
2014-07-18,DGS2,US 2Y Yield,0.51
2014-07-21,DGS2,US 2Y Yield,0.51
2014-07-22,DGS2,US 2Y Yield,0.49
2014-07-23,DGS2,US 2Y Yield,0.5
2014-07-24,DGS2,US 2Y Yield,0.53
2014-07-25,DGS2,US 2Y Yield,0.53
2014-07-28,DGS2,US 2Y Yield,0.54
2014-07-29,DGS2,US 2Y Yield,0.54
2014-07-30,DGS2,US 2Y Yield,0.56
2014-07-31,DGS2,US 2Y Yield,0.53
2014-08-01,DGS2,US 2Y Yield,0.47
2014-08-04,DGS2,US 2Y Yield,0.47
2014-08-05,DGS2,US 2Y Yield,0.47
2014-08-06,DGS2,US 2Y Yield,0.48
2014-08-07,DGS2,US 2Y Yield,0.44
2014-08-08,DGS2,US 2Y Yield,0.45
2014-08-11,DGS2,US 2Y Yield,0.47
2014-08-12,DGS2,US 2Y Yield,0.45
2014-08-13,DGS2,US 2Y Yield,0.43
2014-08-14,DGS2,US 2Y Yield,0.42
2014-08-15,DGS2,US 2Y Yield,0.42
2014-08-18,DGS2,US 2Y Yield,0.44
2014-08-19,DGS2,US 2Y Yield,0.46
2014-08-20,DGS2,US 2Y Yield,0.49
2014-08-21,DGS2,US 2Y Yield,0.49
2014-08-22,DGS2,US 2Y Yield,0.53
2014-08-25,DGS2,US 2Y Yield,0.53
2014-08-26,DGS2,US 2Y Yield,0.52
2014-08-27,DGS2,US 2Y Yield,0.51
2014-08-28,DGS2,US 2Y Yield,0.5
2014-08-29,DGS2,US 2Y Yield,0.48
2014-09-02,DGS2,US 2Y Yield,0.53
2014-09-03,DGS2,US 2Y Yield,0.52
2014-09-04,DGS2,US 2Y Yield,0.54
2014-09-05,DGS2,US 2Y Yield,0.52
2014-09-08,DGS2,US 2Y Yield,0.54
2014-09-09,DGS2,US 2Y Yield,0.56
2014-09-10,DGS2,US 2Y Yield,0.58
2014-09-11,DGS2,US 2Y Yield,0.58
2014-09-12,DGS2,US 2Y Yield,0.58
2014-09-15,DGS2,US 2Y Yield,0.58
2014-09-16,DGS2,US 2Y Yield,0.55
2014-09-17,DGS2,US 2Y Yield,0.59
2014-09-18,DGS2,US 2Y Yield,0.59
2014-09-19,DGS2,US 2Y Yield,0.59
2014-09-22,DGS2,US 2Y Yield,0.58
2014-09-23,DGS2,US 2Y Yield,0.57
2014-09-24,DGS2,US 2Y Yield,0.59
2014-09-25,DGS2,US 2Y Yield,0.56
2014-09-26,DGS2,US 2Y Yield,0.59
2014-09-29,DGS2,US 2Y Yield,0.58
2014-09-30,DGS2,US 2Y Yield,0.58
2014-10-01,DGS2,US 2Y Yield,0.53
2014-10-02,DGS2,US 2Y Yield,0.53
2014-10-03,DGS2,US 2Y Yield,0.57
2014-10-06,DGS2,US 2Y Yield,0.54
2014-10-07,DGS2,US 2Y Yield,0.52
2014-10-08,DGS2,US 2Y Yield,0.46
2014-10-09,DGS2,US 2Y Yield,0.46
2014-10-10,DGS2,US 2Y Yield,0.45
2014-10-14,DGS2,US 2Y Yield,0.39
2014-10-15,DGS2,US 2Y Yield,0.34
2014-10-16,DGS2,US 2Y Yield,0.35
2014-10-17,DGS2,US 2Y Yield,0.39
2014-10-20,DGS2,US 2Y Yield,0.37
2014-10-21,DGS2,US 2Y Yield,0.38
2014-10-22,DGS2,US 2Y Yield,0.41
2014-10-23,DGS2,US 2Y Yield,0.41
2014-10-24,DGS2,US 2Y Yield,0.41
2014-10-27,DGS2,US 2Y Yield,0.41
2014-10-28,DGS2,US 2Y Yield,0.42
2014-10-29,DGS2,US 2Y Yield,0.48
2014-10-30,DGS2,US 2Y Yield,0.48
2014-10-31,DGS2,US 2Y Yield,0.5
2014-11-03,DGS2,US 2Y Yield,0.52
2014-11-04,DGS2,US 2Y Yield,0.52
2014-11-05,DGS2,US 2Y Yield,0.52
2014-11-06,DGS2,US 2Y Yield,0.54
2014-11-07,DGS2,US 2Y Yield,0.51
2014-11-10,DGS2,US 2Y Yield,0.55
2014-11-12,DGS2,US 2Y Yield,0.55
2014-11-13,DGS2,US 2Y Yield,0.53
2014-11-14,DGS2,US 2Y Yield,0.54
2014-11-17,DGS2,US 2Y Yield,0.54
2014-11-18,DGS2,US 2Y Yield,0.53
2014-11-19,DGS2,US 2Y Yield,0.54
2014-11-20,DGS2,US 2Y Yield,0.53
2014-11-21,DGS2,US 2Y Yield,0.53
2014-11-24,DGS2,US 2Y Yield,0.53
2014-11-25,DGS2,US 2Y Yield,0.51
2014-11-26,DGS2,US 2Y Yield,0.53
2014-11-28,DGS2,US 2Y Yield,0.47
2014-12-01,DGS2,US 2Y Yield,0.49
2014-12-02,DGS2,US 2Y Yield,0.55
2014-12-03,DGS2,US 2Y Yield,0.57
2014-12-04,DGS2,US 2Y Yield,0.55
2014-12-05,DGS2,US 2Y Yield,0.65
2014-12-08,DGS2,US 2Y Yield,0.64
2014-12-09,DGS2,US 2Y Yield,0.64
2014-12-10,DGS2,US 2Y Yield,0.59
2014-12-11,DGS2,US 2Y Yield,0.62
2014-12-12,DGS2,US 2Y Yield,0.56
2014-12-15,DGS2,US 2Y Yield,0.6
2014-12-16,DGS2,US 2Y Yield,0.58
2014-12-17,DGS2,US 2Y Yield,0.62
2014-12-18,DGS2,US 2Y Yield,0.67
2014-12-19,DGS2,US 2Y Yield,0.67
2014-12-22,DGS2,US 2Y Yield,0.71
2014-12-23,DGS2,US 2Y Yield,0.73
2014-12-24,DGS2,US 2Y Yield,0.73
2014-12-26,DGS2,US 2Y Yield,0.73
2014-12-29,DGS2,US 2Y Yield,0.72
2014-12-30,DGS2,US 2Y Yield,0.69
2014-12-31,DGS2,US 2Y Yield,0.67
2015-01-02,DGS2,US 2Y Yield,0.66
2015-01-05,DGS2,US 2Y Yield,0.68
2015-01-06,DGS2,US 2Y Yield,0.65
2015-01-07,DGS2,US 2Y Yield,0.62
2015-01-08,DGS2,US 2Y Yield,0.62
2015-01-09,DGS2,US 2Y Yield,0.59
2015-01-12,DGS2,US 2Y Yield,0.56
2015-01-13,DGS2,US 2Y Yield,0.54
2015-01-14,DGS2,US 2Y Yield,0.51
2015-01-15,DGS2,US 2Y Yield,0.44
2015-01-16,DGS2,US 2Y Yield,0.49
2015-01-20,DGS2,US 2Y Yield,0.53
2015-01-21,DGS2,US 2Y Yield,0.53
2015-01-22,DGS2,US 2Y Yield,0.53
2015-01-23,DGS2,US 2Y Yield,0.52
2015-01-26,DGS2,US 2Y Yield,0.54
2015-01-27,DGS2,US 2Y Yield,0.54
2015-01-28,DGS2,US 2Y Yield,0.5
2015-01-29,DGS2,US 2Y Yield,0.51
2015-01-30,DGS2,US 2Y Yield,0.47
2015-02-02,DGS2,US 2Y Yield,0.49
2015-02-03,DGS2,US 2Y Yield,0.52
2015-02-04,DGS2,US 2Y Yield,0.52
2015-02-05,DGS2,US 2Y Yield,0.52
2015-02-06,DGS2,US 2Y Yield,0.65
2015-02-09,DGS2,US 2Y Yield,0.65
2015-02-10,DGS2,US 2Y Yield,0.67
2015-02-11,DGS2,US 2Y Yield,0.67
2015-02-12,DGS2,US 2Y Yield,0.61
2015-02-13,DGS2,US 2Y Yield,0.66
2015-02-17,DGS2,US 2Y Yield,0.7
2015-02-18,DGS2,US 2Y Yield,0.62
2015-02-19,DGS2,US 2Y Yield,0.67
2015-02-20,DGS2,US 2Y Yield,0.67
2015-02-23,DGS2,US 2Y Yield,0.64
2015-02-24,DGS2,US 2Y Yield,0.6
2015-02-25,DGS2,US 2Y Yield,0.61
2015-02-26,DGS2,US 2Y Yield,0.66
2015-02-27,DGS2,US 2Y Yield,0.63
2015-03-02,DGS2,US 2Y Yield,0.66
2015-03-03,DGS2,US 2Y Yield,0.68
2015-03-04,DGS2,US 2Y Yield,0.66
2015-03-05,DGS2,US 2Y Yield,0.65
2015-03-06,DGS2,US 2Y Yield,0.73
2015-03-09,DGS2,US 2Y Yield,0.7
2015-03-10,DGS2,US 2Y Yield,0.7
2015-03-11,DGS2,US 2Y Yield,0.7
2015-03-12,DGS2,US 2Y Yield,0.67
2015-03-13,DGS2,US 2Y Yield,0.68
2015-03-16,DGS2,US 2Y Yield,0.66
2015-03-17,DGS2,US 2Y Yield,0.7
2015-03-18,DGS2,US 2Y Yield,0.57
2015-03-19,DGS2,US 2Y Yield,0.63
2015-03-20,DGS2,US 2Y Yield,0.6
2015-03-23,DGS2,US 2Y Yield,0.6
2015-03-24,DGS2,US 2Y Yield,0.58
2015-03-25,DGS2,US 2Y Yield,0.59
2015-03-26,DGS2,US 2Y Yield,0.61
2015-03-27,DGS2,US 2Y Yield,0.58
2015-03-30,DGS2,US 2Y Yield,0.58
2015-03-31,DGS2,US 2Y Yield,0.56
2015-04-01,DGS2,US 2Y Yield,0.55
2015-04-02,DGS2,US 2Y Yield,0.55
2015-04-03,DGS2,US 2Y Yield,0.49
2015-04-06,DGS2,US 2Y Yield,0.51
2015-04-07,DGS2,US 2Y Yield,0.52
2015-04-08,DGS2,US 2Y Yield,0.54
2015-04-09,DGS2,US 2Y Yield,0.56
2015-04-10,DGS2,US 2Y Yield,0.57
2015-04-13,DGS2,US 2Y Yield,0.54
2015-04-14,DGS2,US 2Y Yield,0.53
2015-04-15,DGS2,US 2Y Yield,0.51
2015-04-16,DGS2,US 2Y Yield,0.5
2015-04-17,DGS2,US 2Y Yield,0.51
2015-04-20,DGS2,US 2Y Yield,0.55
2015-04-21,DGS2,US 2Y Yield,0.55
2015-04-22,DGS2,US 2Y Yield,0.57
2015-04-23,DGS2,US 2Y Yield,0.55
2015-04-24,DGS2,US 2Y Yield,0.54
2015-04-27,DGS2,US 2Y Yield,0.54
2015-04-28,DGS2,US 2Y Yield,0.56
2015-04-29,DGS2,US 2Y Yield,0.56
2015-04-30,DGS2,US 2Y Yield,0.58
2015-05-01,DGS2,US 2Y Yield,0.6
2015-05-04,DGS2,US 2Y Yield,0.6
2015-05-05,DGS2,US 2Y Yield,0.62
2015-05-06,DGS2,US 2Y Yield,0.65
2015-05-07,DGS2,US 2Y Yield,0.63
2015-05-08,DGS2,US 2Y Yield,0.59
2015-05-11,DGS2,US 2Y Yield,0.62
2015-05-12,DGS2,US 2Y Yield,0.61
2015-05-13,DGS2,US 2Y Yield,0.59
2015-05-14,DGS2,US 2Y Yield,0.56
2015-05-15,DGS2,US 2Y Yield,0.55
2015-05-18,DGS2,US 2Y Yield,0.58
2015-05-19,DGS2,US 2Y Yield,0.63
2015-05-20,DGS2,US 2Y Yield,0.6
2015-05-21,DGS2,US 2Y Yield,0.6
2015-05-22,DGS2,US 2Y Yield,0.64
2015-05-26,DGS2,US 2Y Yield,0.64
2015-05-27,DGS2,US 2Y Yield,0.64
2015-05-28,DGS2,US 2Y Yield,0.62
2015-05-29,DGS2,US 2Y Yield,0.61
2015-06-01,DGS2,US 2Y Yield,0.64
2015-06-02,DGS2,US 2Y Yield,0.64
2015-06-03,DGS2,US 2Y Yield,0.69
2015-06-04,DGS2,US 2Y Yield,0.66
2015-06-05,DGS2,US 2Y Yield,0.73
2015-06-08,DGS2,US 2Y Yield,0.7
2015-06-09,DGS2,US 2Y Yield,0.72
2015-06-10,DGS2,US 2Y Yield,0.75
2015-06-11,DGS2,US 2Y Yield,0.73
2015-06-12,DGS2,US 2Y Yield,0.74
2015-06-15,DGS2,US 2Y Yield,0.72
2015-06-16,DGS2,US 2Y Yield,0.71
2015-06-17,DGS2,US 2Y Yield,0.67
2015-06-18,DGS2,US 2Y Yield,0.66
2015-06-19,DGS2,US 2Y Yield,0.65
2015-06-22,DGS2,US 2Y Yield,0.68
2015-06-23,DGS2,US 2Y Yield,0.7
2015-06-24,DGS2,US 2Y Yield,0.68
2015-06-25,DGS2,US 2Y Yield,0.68
2015-06-26,DGS2,US 2Y Yield,0.72
2015-06-29,DGS2,US 2Y Yield,0.64
2015-06-30,DGS2,US 2Y Yield,0.64
2015-07-01,DGS2,US 2Y Yield,0.69
2015-07-02,DGS2,US 2Y Yield,0.64
2015-07-06,DGS2,US 2Y Yield,0.6
2015-07-07,DGS2,US 2Y Yield,0.58
2015-07-08,DGS2,US 2Y Yield,0.55
2015-07-09,DGS2,US 2Y Yield,0.6
2015-07-10,DGS2,US 2Y Yield,0.65
2015-07-13,DGS2,US 2Y Yield,0.69
2015-07-14,DGS2,US 2Y Yield,0.66
2015-07-15,DGS2,US 2Y Yield,0.64
2015-07-16,DGS2,US 2Y Yield,0.67
2015-07-17,DGS2,US 2Y Yield,0.68
2015-07-20,DGS2,US 2Y Yield,0.71
2015-07-21,DGS2,US 2Y Yield,0.71
2015-07-22,DGS2,US 2Y Yield,0.75
2015-07-23,DGS2,US 2Y Yield,0.71
2015-07-24,DGS2,US 2Y Yield,0.7
2015-07-27,DGS2,US 2Y Yield,0.68
2015-07-28,DGS2,US 2Y Yield,0.69
2015-07-29,DGS2,US 2Y Yield,0.7
2015-07-30,DGS2,US 2Y Yield,0.72
2015-07-31,DGS2,US 2Y Yield,0.67
2015-08-03,DGS2,US 2Y Yield,0.68
2015-08-04,DGS2,US 2Y Yield,0.74
2015-08-05,DGS2,US 2Y Yield,0.73
2015-08-06,DGS2,US 2Y Yield,0.71
2015-08-07,DGS2,US 2Y Yield,0.73
2015-08-10,DGS2,US 2Y Yield,0.73
2015-08-11,DGS2,US 2Y Yield,0.68
2015-08-12,DGS2,US 2Y Yield,0.67
2015-08-13,DGS2,US 2Y Yield,0.72
2015-08-14,DGS2,US 2Y Yield,0.73
2015-08-17,DGS2,US 2Y Yield,0.72
2015-08-18,DGS2,US 2Y Yield,0.74
2015-08-19,DGS2,US 2Y Yield,0.67
2015-08-20,DGS2,US 2Y Yield,0.69
2015-08-21,DGS2,US 2Y Yield,0.64
2015-08-24,DGS2,US 2Y Yield,0.59
2015-08-25,DGS2,US 2Y Yield,0.67
2015-08-26,DGS2,US 2Y Yield,0.67
2015-08-27,DGS2,US 2Y Yield,0.68
2015-08-28,DGS2,US 2Y Yield,0.72
2015-08-31,DGS2,US 2Y Yield,0.74
2015-09-01,DGS2,US 2Y Yield,0.7
2015-09-02,DGS2,US 2Y Yield,0.72
2015-09-03,DGS2,US 2Y Yield,0.71
2015-09-04,DGS2,US 2Y Yield,0.71
2015-09-08,DGS2,US 2Y Yield,0.74
2015-09-09,DGS2,US 2Y Yield,0.75
2015-09-10,DGS2,US 2Y Yield,0.75
2015-09-11,DGS2,US 2Y Yield,0.71
2015-09-14,DGS2,US 2Y Yield,0.73
2015-09-15,DGS2,US 2Y Yield,0.82
2015-09-16,DGS2,US 2Y Yield,0.82
2015-09-17,DGS2,US 2Y Yield,0.7
2015-09-18,DGS2,US 2Y Yield,0.69
2015-09-21,DGS2,US 2Y Yield,0.72
2015-09-22,DGS2,US 2Y Yield,0.69
2015-09-23,DGS2,US 2Y Yield,0.7
2015-09-24,DGS2,US 2Y Yield,0.67
2015-09-25,DGS2,US 2Y Yield,0.7
2015-09-28,DGS2,US 2Y Yield,0.67
2015-09-29,DGS2,US 2Y Yield,0.64
2015-09-30,DGS2,US 2Y Yield,0.64
2015-10-01,DGS2,US 2Y Yield,0.64
2015-10-02,DGS2,US 2Y Yield,0.58
2015-10-05,DGS2,US 2Y Yield,0.61
2015-10-06,DGS2,US 2Y Yield,0.61
2015-10-07,DGS2,US 2Y Yield,0.65
2015-10-08,DGS2,US 2Y Yield,0.65
2015-10-09,DGS2,US 2Y Yield,0.65
2015-10-13,DGS2,US 2Y Yield,0.64
2015-10-14,DGS2,US 2Y Yield,0.57
2015-10-15,DGS2,US 2Y Yield,0.61
2015-10-16,DGS2,US 2Y Yield,0.61
2015-10-19,DGS2,US 2Y Yield,0.61
2015-10-20,DGS2,US 2Y Yield,0.66
2015-10-21,DGS2,US 2Y Yield,0.64
2015-10-22,DGS2,US 2Y Yield,0.61
2015-10-23,DGS2,US 2Y Yield,0.66
2015-10-26,DGS2,US 2Y Yield,0.66
2015-10-27,DGS2,US 2Y Yield,0.65
2015-10-28,DGS2,US 2Y Yield,0.73
2015-10-29,DGS2,US 2Y Yield,0.75
2015-10-30,DGS2,US 2Y Yield,0.75
2015-11-02,DGS2,US 2Y Yield,0.77
2015-11-03,DGS2,US 2Y Yield,0.8
2015-11-04,DGS2,US 2Y Yield,0.84
2015-11-05,DGS2,US 2Y Yield,0.85
2015-11-06,DGS2,US 2Y Yield,0.9
2015-11-09,DGS2,US 2Y Yield,0.89
2015-11-10,DGS2,US 2Y Yield,0.87
2015-11-12,DGS2,US 2Y Yield,0.89
2015-11-13,DGS2,US 2Y Yield,0.86
2015-11-16,DGS2,US 2Y Yield,0.88
2015-11-17,DGS2,US 2Y Yield,0.86
2015-11-18,DGS2,US 2Y Yield,0.9
2015-11-19,DGS2,US 2Y Yield,0.91
2015-11-20,DGS2,US 2Y Yield,0.93
2015-11-23,DGS2,US 2Y Yield,0.94
2015-11-24,DGS2,US 2Y Yield,0.93
2015-11-25,DGS2,US 2Y Yield,0.93
2015-11-27,DGS2,US 2Y Yield,0.92
2015-11-30,DGS2,US 2Y Yield,0.94
2015-12-01,DGS2,US 2Y Yield,0.91
2015-12-02,DGS2,US 2Y Yield,0.94
2015-12-03,DGS2,US 2Y Yield,0.96
2015-12-04,DGS2,US 2Y Yield,0.96
2015-12-07,DGS2,US 2Y Yield,0.94
2015-12-08,DGS2,US 2Y Yield,0.94
2015-12-09,DGS2,US 2Y Yield,0.93
2015-12-10,DGS2,US 2Y Yield,0.95
2015-12-11,DGS2,US 2Y Yield,0.88
2015-12-14,DGS2,US 2Y Yield,0.97
2015-12-15,DGS2,US 2Y Yield,0.98
2015-12-16,DGS2,US 2Y Yield,1.02
2015-12-17,DGS2,US 2Y Yield,1.0
2015-12-18,DGS2,US 2Y Yield,0.97
2015-12-21,DGS2,US 2Y Yield,0.96
2015-12-22,DGS2,US 2Y Yield,0.99
2015-12-23,DGS2,US 2Y Yield,1.01
2015-12-24,DGS2,US 2Y Yield,1.03
2015-12-28,DGS2,US 2Y Yield,1.05
2015-12-29,DGS2,US 2Y Yield,1.09
2015-12-30,DGS2,US 2Y Yield,1.08
2015-12-31,DGS2,US 2Y Yield,1.06
2016-01-04,DGS2,US 2Y Yield,1.02
2016-01-05,DGS2,US 2Y Yield,1.04
2016-01-06,DGS2,US 2Y Yield,0.99
2016-01-07,DGS2,US 2Y Yield,0.96
2016-01-08,DGS2,US 2Y Yield,0.94
2016-01-11,DGS2,US 2Y Yield,0.94
2016-01-12,DGS2,US 2Y Yield,0.93
2016-01-13,DGS2,US 2Y Yield,0.91
2016-01-14,DGS2,US 2Y Yield,0.9
2016-01-15,DGS2,US 2Y Yield,0.85
2016-01-19,DGS2,US 2Y Yield,0.88
2016-01-20,DGS2,US 2Y Yield,0.85
2016-01-21,DGS2,US 2Y Yield,0.84
2016-01-22,DGS2,US 2Y Yield,0.88
2016-01-25,DGS2,US 2Y Yield,0.88
2016-01-26,DGS2,US 2Y Yield,0.85
2016-01-27,DGS2,US 2Y Yield,0.84
2016-01-28,DGS2,US 2Y Yield,0.83
2016-01-29,DGS2,US 2Y Yield,0.76
2016-02-01,DGS2,US 2Y Yield,0.81
2016-02-02,DGS2,US 2Y Yield,0.75
2016-02-03,DGS2,US 2Y Yield,0.72
2016-02-04,DGS2,US 2Y Yield,0.7
2016-02-05,DGS2,US 2Y Yield,0.74
2016-02-08,DGS2,US 2Y Yield,0.66
2016-02-09,DGS2,US 2Y Yield,0.69
2016-02-10,DGS2,US 2Y Yield,0.71
2016-02-11,DGS2,US 2Y Yield,0.64
2016-02-12,DGS2,US 2Y Yield,0.71
2016-02-16,DGS2,US 2Y Yield,0.74
2016-02-17,DGS2,US 2Y Yield,0.74
2016-02-18,DGS2,US 2Y Yield,0.71
2016-02-19,DGS2,US 2Y Yield,0.76
2016-02-22,DGS2,US 2Y Yield,0.78
2016-02-23,DGS2,US 2Y Yield,0.76
2016-02-24,DGS2,US 2Y Yield,0.75
2016-02-25,DGS2,US 2Y Yield,0.72
2016-02-26,DGS2,US 2Y Yield,0.8
2016-02-29,DGS2,US 2Y Yield,0.78
2016-03-01,DGS2,US 2Y Yield,0.85
2016-03-02,DGS2,US 2Y Yield,0.85
2016-03-03,DGS2,US 2Y Yield,0.85
2016-03-04,DGS2,US 2Y Yield,0.88
2016-03-07,DGS2,US 2Y Yield,0.91
2016-03-08,DGS2,US 2Y Yield,0.88
2016-03-09,DGS2,US 2Y Yield,0.9
2016-03-10,DGS2,US 2Y Yield,0.93
2016-03-11,DGS2,US 2Y Yield,0.97
2016-03-14,DGS2,US 2Y Yield,0.97
2016-03-15,DGS2,US 2Y Yield,0.98
2016-03-16,DGS2,US 2Y Yield,0.87
2016-03-17,DGS2,US 2Y Yield,0.87
2016-03-18,DGS2,US 2Y Yield,0.84
2016-03-21,DGS2,US 2Y Yield,0.87
2016-03-22,DGS2,US 2Y Yield,0.91
2016-03-23,DGS2,US 2Y Yield,0.87
2016-03-24,DGS2,US 2Y Yield,0.89
2016-03-28,DGS2,US 2Y Yield,0.89
2016-03-29,DGS2,US 2Y Yield,0.78
2016-03-30,DGS2,US 2Y Yield,0.76
2016-03-31,DGS2,US 2Y Yield,0.73
2016-04-01,DGS2,US 2Y Yield,0.76
2016-04-04,DGS2,US 2Y Yield,0.75
2016-04-05,DGS2,US 2Y Yield,0.72
2016-04-06,DGS2,US 2Y Yield,0.73
2016-04-07,DGS2,US 2Y Yield,0.7
2016-04-08,DGS2,US 2Y Yield,0.7
2016-04-11,DGS2,US 2Y Yield,0.7
2016-04-12,DGS2,US 2Y Yield,0.74
2016-04-13,DGS2,US 2Y Yield,0.75
2016-04-14,DGS2,US 2Y Yield,0.77
2016-04-15,DGS2,US 2Y Yield,0.74
2016-04-18,DGS2,US 2Y Yield,0.75
2016-04-19,DGS2,US 2Y Yield,0.77
2016-04-20,DGS2,US 2Y Yield,0.8
2016-04-21,DGS2,US 2Y Yield,0.82
2016-04-22,DGS2,US 2Y Yield,0.84
2016-04-25,DGS2,US 2Y Yield,0.85
2016-04-26,DGS2,US 2Y Yield,0.86
2016-04-27,DGS2,US 2Y Yield,0.83
2016-04-28,DGS2,US 2Y Yield,0.78
2016-04-29,DGS2,US 2Y Yield,0.77
2016-05-02,DGS2,US 2Y Yield,0.8
2016-05-03,DGS2,US 2Y Yield,0.75
2016-05-04,DGS2,US 2Y Yield,0.75
2016-05-05,DGS2,US 2Y Yield,0.72
2016-05-06,DGS2,US 2Y Yield,0.74
2016-05-09,DGS2,US 2Y Yield,0.72
2016-05-10,DGS2,US 2Y Yield,0.72
2016-05-11,DGS2,US 2Y Yield,0.74
2016-05-12,DGS2,US 2Y Yield,0.76
2016-05-13,DGS2,US 2Y Yield,0.76
2016-05-16,DGS2,US 2Y Yield,0.79
2016-05-17,DGS2,US 2Y Yield,0.82
2016-05-18,DGS2,US 2Y Yield,0.9
2016-05-19,DGS2,US 2Y Yield,0.89
2016-05-20,DGS2,US 2Y Yield,0.89
2016-05-23,DGS2,US 2Y Yield,0.91
2016-05-24,DGS2,US 2Y Yield,0.92
2016-05-25,DGS2,US 2Y Yield,0.92
2016-05-26,DGS2,US 2Y Yield,0.87
2016-05-27,DGS2,US 2Y Yield,0.9
2016-05-31,DGS2,US 2Y Yield,0.87
2016-06-01,DGS2,US 2Y Yield,0.91
2016-06-02,DGS2,US 2Y Yield,0.89
2016-06-03,DGS2,US 2Y Yield,0.78
2016-06-06,DGS2,US 2Y Yield,0.8
2016-06-07,DGS2,US 2Y Yield,0.78
2016-06-08,DGS2,US 2Y Yield,0.78
2016-06-09,DGS2,US 2Y Yield,0.77
2016-06-10,DGS2,US 2Y Yield,0.73
2016-06-13,DGS2,US 2Y Yield,0.73
2016-06-14,DGS2,US 2Y Yield,0.74
2016-06-15,DGS2,US 2Y Yield,0.69
2016-06-16,DGS2,US 2Y Yield,0.7
2016-06-17,DGS2,US 2Y Yield,0.7
2016-06-20,DGS2,US 2Y Yield,0.74
2016-06-21,DGS2,US 2Y Yield,0.76
2016-06-22,DGS2,US 2Y Yield,0.75
2016-06-23,DGS2,US 2Y Yield,0.78
2016-06-24,DGS2,US 2Y Yield,0.64
2016-06-27,DGS2,US 2Y Yield,0.61
2016-06-28,DGS2,US 2Y Yield,0.61
2016-06-29,DGS2,US 2Y Yield,0.62
2016-06-30,DGS2,US 2Y Yield,0.58
2016-07-01,DGS2,US 2Y Yield,0.59
2016-07-05,DGS2,US 2Y Yield,0.56
2016-07-06,DGS2,US 2Y Yield,0.58
2016-07-07,DGS2,US 2Y Yield,0.58
2016-07-08,DGS2,US 2Y Yield,0.61
2016-07-11,DGS2,US 2Y Yield,0.66
2016-07-12,DGS2,US 2Y Yield,0.69
2016-07-13,DGS2,US 2Y Yield,0.68
2016-07-14,DGS2,US 2Y Yield,0.68
2016-07-15,DGS2,US 2Y Yield,0.71
2016-07-18,DGS2,US 2Y Yield,0.68
2016-07-19,DGS2,US 2Y Yield,0.7
2016-07-20,DGS2,US 2Y Yield,0.73
2016-07-21,DGS2,US 2Y Yield,0.7
2016-07-22,DGS2,US 2Y Yield,0.71
2016-07-25,DGS2,US 2Y Yield,0.72
2016-07-26,DGS2,US 2Y Yield,0.75
2016-07-27,DGS2,US 2Y Yield,0.73
2016-07-28,DGS2,US 2Y Yield,0.72
2016-07-29,DGS2,US 2Y Yield,0.67
2016-08-01,DGS2,US 2Y Yield,0.67
2016-08-02,DGS2,US 2Y Yield,0.67
2016-08-03,DGS2,US 2Y Yield,0.67
2016-08-04,DGS2,US 2Y Yield,0.64
2016-08-05,DGS2,US 2Y Yield,0.72
2016-08-08,DGS2,US 2Y Yield,0.74
2016-08-09,DGS2,US 2Y Yield,0.71
2016-08-10,DGS2,US 2Y Yield,0.69
2016-08-11,DGS2,US 2Y Yield,0.76
2016-08-12,DGS2,US 2Y Yield,0.71
2016-08-15,DGS2,US 2Y Yield,0.72
2016-08-16,DGS2,US 2Y Yield,0.76
2016-08-17,DGS2,US 2Y Yield,0.74
2016-08-18,DGS2,US 2Y Yield,0.71
2016-08-19,DGS2,US 2Y Yield,0.76
2016-08-22,DGS2,US 2Y Yield,0.76
2016-08-23,DGS2,US 2Y Yield,0.74
2016-08-24,DGS2,US 2Y Yield,0.76
2016-08-25,DGS2,US 2Y Yield,0.78
2016-08-26,DGS2,US 2Y Yield,0.84
2016-08-29,DGS2,US 2Y Yield,0.81
2016-08-30,DGS2,US 2Y Yield,0.8
2016-08-31,DGS2,US 2Y Yield,0.8
2016-09-01,DGS2,US 2Y Yield,0.78
2016-09-02,DGS2,US 2Y Yield,0.8
2016-09-06,DGS2,US 2Y Yield,0.74
2016-09-07,DGS2,US 2Y Yield,0.74
2016-09-08,DGS2,US 2Y Yield,0.78
2016-09-09,DGS2,US 2Y Yield,0.79
2016-09-12,DGS2,US 2Y Yield,0.79
2016-09-13,DGS2,US 2Y Yield,0.8
2016-09-14,DGS2,US 2Y Yield,0.77
2016-09-15,DGS2,US 2Y Yield,0.74
2016-09-16,DGS2,US 2Y Yield,0.77
2016-09-19,DGS2,US 2Y Yield,0.79
2016-09-20,DGS2,US 2Y Yield,0.79
2016-09-21,DGS2,US 2Y Yield,0.79
2016-09-22,DGS2,US 2Y Yield,0.79
2016-09-23,DGS2,US 2Y Yield,0.77
2016-09-26,DGS2,US 2Y Yield,0.76
2016-09-27,DGS2,US 2Y Yield,0.75
2016-09-28,DGS2,US 2Y Yield,0.75
2016-09-29,DGS2,US 2Y Yield,0.73
2016-09-30,DGS2,US 2Y Yield,0.77
2016-10-03,DGS2,US 2Y Yield,0.8
2016-10-04,DGS2,US 2Y Yield,0.82
2016-10-05,DGS2,US 2Y Yield,0.85
2016-10-06,DGS2,US 2Y Yield,0.86
2016-10-07,DGS2,US 2Y Yield,0.83
2016-10-11,DGS2,US 2Y Yield,0.87
2016-10-12,DGS2,US 2Y Yield,0.87
2016-10-13,DGS2,US 2Y Yield,0.85
2016-10-14,DGS2,US 2Y Yield,0.84
2016-10-17,DGS2,US 2Y Yield,0.81
2016-10-18,DGS2,US 2Y Yield,0.82
2016-10-19,DGS2,US 2Y Yield,0.81
2016-10-20,DGS2,US 2Y Yield,0.84
2016-10-21,DGS2,US 2Y Yield,0.84
2016-10-24,DGS2,US 2Y Yield,0.84
2016-10-25,DGS2,US 2Y Yield,0.86
2016-10-26,DGS2,US 2Y Yield,0.86
2016-10-27,DGS2,US 2Y Yield,0.87
2016-10-28,DGS2,US 2Y Yield,0.86
2016-10-31,DGS2,US 2Y Yield,0.86
2016-11-01,DGS2,US 2Y Yield,0.83
2016-11-02,DGS2,US 2Y Yield,0.81
2016-11-03,DGS2,US 2Y Yield,0.81
2016-11-04,DGS2,US 2Y Yield,0.8
2016-11-07,DGS2,US 2Y Yield,0.82
2016-11-08,DGS2,US 2Y Yield,0.87
2016-11-09,DGS2,US 2Y Yield,0.9
2016-11-10,DGS2,US 2Y Yield,0.92
2016-11-14,DGS2,US 2Y Yield,1.0
2016-11-15,DGS2,US 2Y Yield,1.02
2016-11-16,DGS2,US 2Y Yield,1.0
2016-11-17,DGS2,US 2Y Yield,1.04
2016-11-18,DGS2,US 2Y Yield,1.07
2016-11-21,DGS2,US 2Y Yield,1.08
2016-11-22,DGS2,US 2Y Yield,1.07
2016-11-23,DGS2,US 2Y Yield,1.12
2016-11-25,DGS2,US 2Y Yield,1.12
2016-11-28,DGS2,US 2Y Yield,1.11
2016-11-29,DGS2,US 2Y Yield,1.09
2016-11-30,DGS2,US 2Y Yield,1.11
2016-12-01,DGS2,US 2Y Yield,1.14
2016-12-02,DGS2,US 2Y Yield,1.11
2016-12-05,DGS2,US 2Y Yield,1.13
2016-12-06,DGS2,US 2Y Yield,1.12
2016-12-07,DGS2,US 2Y Yield,1.1
2016-12-08,DGS2,US 2Y Yield,1.12
2016-12-09,DGS2,US 2Y Yield,1.15
2016-12-12,DGS2,US 2Y Yield,1.15
2016-12-13,DGS2,US 2Y Yield,1.17
2016-12-14,DGS2,US 2Y Yield,1.27
2016-12-15,DGS2,US 2Y Yield,1.29
2016-12-16,DGS2,US 2Y Yield,1.28
2016-12-19,DGS2,US 2Y Yield,1.24
2016-12-20,DGS2,US 2Y Yield,1.25
2016-12-21,DGS2,US 2Y Yield,1.21
2016-12-22,DGS2,US 2Y Yield,1.22
2016-12-23,DGS2,US 2Y Yield,1.22
2016-12-27,DGS2,US 2Y Yield,1.28
2016-12-28,DGS2,US 2Y Yield,1.26
2016-12-29,DGS2,US 2Y Yield,1.22
2016-12-30,DGS2,US 2Y Yield,1.2
2017-01-03,DGS2,US 2Y Yield,1.22
2017-01-04,DGS2,US 2Y Yield,1.24
2017-01-05,DGS2,US 2Y Yield,1.17
2017-01-06,DGS2,US 2Y Yield,1.22
2017-01-09,DGS2,US 2Y Yield,1.21
2017-01-10,DGS2,US 2Y Yield,1.19
2017-01-11,DGS2,US 2Y Yield,1.2
2017-01-12,DGS2,US 2Y Yield,1.18
2017-01-13,DGS2,US 2Y Yield,1.21
2017-01-17,DGS2,US 2Y Yield,1.17
2017-01-18,DGS2,US 2Y Yield,1.23
2017-01-19,DGS2,US 2Y Yield,1.25
2017-01-20,DGS2,US 2Y Yield,1.2
2017-01-23,DGS2,US 2Y Yield,1.16
2017-01-24,DGS2,US 2Y Yield,1.21
2017-01-25,DGS2,US 2Y Yield,1.23
2017-01-26,DGS2,US 2Y Yield,1.21
2017-01-27,DGS2,US 2Y Yield,1.22
2017-01-30,DGS2,US 2Y Yield,1.22
2017-01-31,DGS2,US 2Y Yield,1.19
2017-02-01,DGS2,US 2Y Yield,1.22
2017-02-02,DGS2,US 2Y Yield,1.21
2017-02-03,DGS2,US 2Y Yield,1.21
2017-02-06,DGS2,US 2Y Yield,1.16
2017-02-07,DGS2,US 2Y Yield,1.16
2017-02-08,DGS2,US 2Y Yield,1.15
2017-02-09,DGS2,US 2Y Yield,1.2
2017-02-10,DGS2,US 2Y Yield,1.2
2017-02-13,DGS2,US 2Y Yield,1.2
2017-02-14,DGS2,US 2Y Yield,1.25
2017-02-15,DGS2,US 2Y Yield,1.27
2017-02-16,DGS2,US 2Y Yield,1.22
2017-02-17,DGS2,US 2Y Yield,1.21
2017-02-21,DGS2,US 2Y Yield,1.22
2017-02-22,DGS2,US 2Y Yield,1.22
2017-02-23,DGS2,US 2Y Yield,1.18
2017-02-24,DGS2,US 2Y Yield,1.12
2017-02-27,DGS2,US 2Y Yield,1.2
2017-02-28,DGS2,US 2Y Yield,1.22
2017-03-01,DGS2,US 2Y Yield,1.29
2017-03-02,DGS2,US 2Y Yield,1.32
2017-03-03,DGS2,US 2Y Yield,1.32
2017-03-06,DGS2,US 2Y Yield,1.31
2017-03-07,DGS2,US 2Y Yield,1.32
2017-03-08,DGS2,US 2Y Yield,1.36
2017-03-09,DGS2,US 2Y Yield,1.37
2017-03-10,DGS2,US 2Y Yield,1.36
2017-03-13,DGS2,US 2Y Yield,1.4
2017-03-14,DGS2,US 2Y Yield,1.4
2017-03-15,DGS2,US 2Y Yield,1.33
2017-03-16,DGS2,US 2Y Yield,1.35
2017-03-17,DGS2,US 2Y Yield,1.33
2017-03-20,DGS2,US 2Y Yield,1.3
2017-03-21,DGS2,US 2Y Yield,1.27
2017-03-22,DGS2,US 2Y Yield,1.27
2017-03-23,DGS2,US 2Y Yield,1.26
2017-03-24,DGS2,US 2Y Yield,1.26
2017-03-27,DGS2,US 2Y Yield,1.27
2017-03-28,DGS2,US 2Y Yield,1.3
2017-03-29,DGS2,US 2Y Yield,1.26
2017-03-30,DGS2,US 2Y Yield,1.28
2017-03-31,DGS2,US 2Y Yield,1.27
2017-04-03,DGS2,US 2Y Yield,1.24
2017-04-04,DGS2,US 2Y Yield,1.25
2017-04-05,DGS2,US 2Y Yield,1.24
2017-04-06,DGS2,US 2Y Yield,1.24
2017-04-07,DGS2,US 2Y Yield,1.29
2017-04-10,DGS2,US 2Y Yield,1.29
2017-04-11,DGS2,US 2Y Yield,1.24
2017-04-12,DGS2,US 2Y Yield,1.24
2017-04-13,DGS2,US 2Y Yield,1.21
2017-04-17,DGS2,US 2Y Yield,1.21
2017-04-18,DGS2,US 2Y Yield,1.18
2017-04-19,DGS2,US 2Y Yield,1.19
2017-04-20,DGS2,US 2Y Yield,1.21
2017-04-21,DGS2,US 2Y Yield,1.2
2017-04-24,DGS2,US 2Y Yield,1.25
2017-04-25,DGS2,US 2Y Yield,1.29
2017-04-26,DGS2,US 2Y Yield,1.28
2017-04-27,DGS2,US 2Y Yield,1.25
2017-04-28,DGS2,US 2Y Yield,1.28
2017-05-01,DGS2,US 2Y Yield,1.28
2017-05-02,DGS2,US 2Y Yield,1.27
2017-05-03,DGS2,US 2Y Yield,1.3
2017-05-04,DGS2,US 2Y Yield,1.32
2017-05-05,DGS2,US 2Y Yield,1.32
2017-05-08,DGS2,US 2Y Yield,1.33
2017-05-09,DGS2,US 2Y Yield,1.37
2017-05-10,DGS2,US 2Y Yield,1.35
2017-05-11,DGS2,US 2Y Yield,1.35
2017-05-12,DGS2,US 2Y Yield,1.29
2017-05-15,DGS2,US 2Y Yield,1.31
2017-05-16,DGS2,US 2Y Yield,1.29
2017-05-17,DGS2,US 2Y Yield,1.26
2017-05-18,DGS2,US 2Y Yield,1.27
2017-05-19,DGS2,US 2Y Yield,1.28
2017-05-22,DGS2,US 2Y Yield,1.29
2017-05-23,DGS2,US 2Y Yield,1.31
2017-05-24,DGS2,US 2Y Yield,1.29
2017-05-25,DGS2,US 2Y Yield,1.3
2017-05-26,DGS2,US 2Y Yield,1.3
2017-05-30,DGS2,US 2Y Yield,1.28
2017-05-31,DGS2,US 2Y Yield,1.28
2017-06-01,DGS2,US 2Y Yield,1.28
2017-06-02,DGS2,US 2Y Yield,1.28
2017-06-05,DGS2,US 2Y Yield,1.32
2017-06-06,DGS2,US 2Y Yield,1.3
2017-06-07,DGS2,US 2Y Yield,1.32
2017-06-08,DGS2,US 2Y Yield,1.33
2017-06-09,DGS2,US 2Y Yield,1.35
2017-06-12,DGS2,US 2Y Yield,1.35
2017-06-13,DGS2,US 2Y Yield,1.38
2017-06-14,DGS2,US 2Y Yield,1.35
2017-06-15,DGS2,US 2Y Yield,1.35
2017-06-16,DGS2,US 2Y Yield,1.32
2017-06-19,DGS2,US 2Y Yield,1.36
2017-06-20,DGS2,US 2Y Yield,1.36
2017-06-21,DGS2,US 2Y Yield,1.36
2017-06-22,DGS2,US 2Y Yield,1.34
2017-06-23,DGS2,US 2Y Yield,1.34
2017-06-26,DGS2,US 2Y Yield,1.36
2017-06-27,DGS2,US 2Y Yield,1.38
2017-06-28,DGS2,US 2Y Yield,1.34
2017-06-29,DGS2,US 2Y Yield,1.38
2017-06-30,DGS2,US 2Y Yield,1.38
2017-07-03,DGS2,US 2Y Yield,1.41
2017-07-05,DGS2,US 2Y Yield,1.41
2017-07-06,DGS2,US 2Y Yield,1.4
2017-07-07,DGS2,US 2Y Yield,1.4
2017-07-10,DGS2,US 2Y Yield,1.4
2017-07-11,DGS2,US 2Y Yield,1.37
2017-07-12,DGS2,US 2Y Yield,1.35
2017-07-13,DGS2,US 2Y Yield,1.37
2017-07-14,DGS2,US 2Y Yield,1.35
2017-07-17,DGS2,US 2Y Yield,1.36
2017-07-18,DGS2,US 2Y Yield,1.36
2017-07-19,DGS2,US 2Y Yield,1.37
2017-07-20,DGS2,US 2Y Yield,1.37
2017-07-21,DGS2,US 2Y Yield,1.36
2017-07-24,DGS2,US 2Y Yield,1.37
2017-07-25,DGS2,US 2Y Yield,1.4
2017-07-26,DGS2,US 2Y Yield,1.36
2017-07-27,DGS2,US 2Y Yield,1.36
2017-07-28,DGS2,US 2Y Yield,1.34
2017-07-31,DGS2,US 2Y Yield,1.34
2017-08-01,DGS2,US 2Y Yield,1.34
2017-08-02,DGS2,US 2Y Yield,1.36
2017-08-03,DGS2,US 2Y Yield,1.34
2017-08-04,DGS2,US 2Y Yield,1.36
2017-08-07,DGS2,US 2Y Yield,1.36
2017-08-08,DGS2,US 2Y Yield,1.36
2017-08-09,DGS2,US 2Y Yield,1.33
2017-08-10,DGS2,US 2Y Yield,1.33
2017-08-11,DGS2,US 2Y Yield,1.3
2017-08-14,DGS2,US 2Y Yield,1.33
2017-08-15,DGS2,US 2Y Yield,1.35
2017-08-16,DGS2,US 2Y Yield,1.33
2017-08-17,DGS2,US 2Y Yield,1.32
2017-08-18,DGS2,US 2Y Yield,1.33
2017-08-21,DGS2,US 2Y Yield,1.32
2017-08-22,DGS2,US 2Y Yield,1.33
2017-08-23,DGS2,US 2Y Yield,1.32
2017-08-24,DGS2,US 2Y Yield,1.33
2017-08-25,DGS2,US 2Y Yield,1.35
2017-08-28,DGS2,US 2Y Yield,1.33
2017-08-29,DGS2,US 2Y Yield,1.33
2017-08-30,DGS2,US 2Y Yield,1.33
2017-08-31,DGS2,US 2Y Yield,1.33
2017-09-01,DGS2,US 2Y Yield,1.35
2017-09-05,DGS2,US 2Y Yield,1.3
2017-09-06,DGS2,US 2Y Yield,1.3
2017-09-07,DGS2,US 2Y Yield,1.27
2017-09-08,DGS2,US 2Y Yield,1.27
2017-09-11,DGS2,US 2Y Yield,1.32
2017-09-12,DGS2,US 2Y Yield,1.33
2017-09-13,DGS2,US 2Y Yield,1.35
2017-09-14,DGS2,US 2Y Yield,1.37
2017-09-15,DGS2,US 2Y Yield,1.39
2017-09-18,DGS2,US 2Y Yield,1.4
2017-09-19,DGS2,US 2Y Yield,1.4
2017-09-20,DGS2,US 2Y Yield,1.45
2017-09-21,DGS2,US 2Y Yield,1.45
2017-09-22,DGS2,US 2Y Yield,1.46
2017-09-25,DGS2,US 2Y Yield,1.44
2017-09-26,DGS2,US 2Y Yield,1.45
2017-09-27,DGS2,US 2Y Yield,1.47
2017-09-28,DGS2,US 2Y Yield,1.45
2017-09-29,DGS2,US 2Y Yield,1.47
2017-10-02,DGS2,US 2Y Yield,1.49
2017-10-03,DGS2,US 2Y Yield,1.47
2017-10-04,DGS2,US 2Y Yield,1.47
2017-10-05,DGS2,US 2Y Yield,1.49
2017-10-06,DGS2,US 2Y Yield,1.54
2017-10-10,DGS2,US 2Y Yield,1.51
2017-10-11,DGS2,US 2Y Yield,1.51
2017-10-12,DGS2,US 2Y Yield,1.51
2017-10-13,DGS2,US 2Y Yield,1.51
2017-10-16,DGS2,US 2Y Yield,1.54
2017-10-17,DGS2,US 2Y Yield,1.54
2017-10-18,DGS2,US 2Y Yield,1.59
2017-10-19,DGS2,US 2Y Yield,1.58
2017-10-20,DGS2,US 2Y Yield,1.6
2017-10-23,DGS2,US 2Y Yield,1.58
2017-10-24,DGS2,US 2Y Yield,1.6
2017-10-25,DGS2,US 2Y Yield,1.61
2017-10-26,DGS2,US 2Y Yield,1.63
2017-10-27,DGS2,US 2Y Yield,1.59
2017-10-30,DGS2,US 2Y Yield,1.58
2017-10-31,DGS2,US 2Y Yield,1.6
2017-11-01,DGS2,US 2Y Yield,1.61
2017-11-02,DGS2,US 2Y Yield,1.61
2017-11-03,DGS2,US 2Y Yield,1.63
2017-11-06,DGS2,US 2Y Yield,1.61
2017-11-07,DGS2,US 2Y Yield,1.63
2017-11-08,DGS2,US 2Y Yield,1.65
2017-11-09,DGS2,US 2Y Yield,1.63
2017-11-10,DGS2,US 2Y Yield,1.67
2017-11-13,DGS2,US 2Y Yield,1.7
2017-11-14,DGS2,US 2Y Yield,1.68
2017-11-15,DGS2,US 2Y Yield,1.68
2017-11-16,DGS2,US 2Y Yield,1.72
2017-11-17,DGS2,US 2Y Yield,1.73
2017-11-20,DGS2,US 2Y Yield,1.77
2017-11-21,DGS2,US 2Y Yield,1.77
2017-11-22,DGS2,US 2Y Yield,1.74
2017-11-24,DGS2,US 2Y Yield,1.75
2017-11-27,DGS2,US 2Y Yield,1.74
2017-11-28,DGS2,US 2Y Yield,1.75
2017-11-29,DGS2,US 2Y Yield,1.78
2017-11-30,DGS2,US 2Y Yield,1.78
2017-12-01,DGS2,US 2Y Yield,1.78
2017-12-04,DGS2,US 2Y Yield,1.8
2017-12-05,DGS2,US 2Y Yield,1.83
2017-12-06,DGS2,US 2Y Yield,1.78
2017-12-07,DGS2,US 2Y Yield,1.8
2017-12-08,DGS2,US 2Y Yield,1.8
2017-12-11,DGS2,US 2Y Yield,1.82
2017-12-12,DGS2,US 2Y Yield,1.83
2017-12-13,DGS2,US 2Y Yield,1.79
2017-12-14,DGS2,US 2Y Yield,1.82
2017-12-15,DGS2,US 2Y Yield,1.84
2017-12-18,DGS2,US 2Y Yield,1.84
2017-12-19,DGS2,US 2Y Yield,1.87
2017-12-20,DGS2,US 2Y Yield,1.87
2017-12-21,DGS2,US 2Y Yield,1.89
2017-12-22,DGS2,US 2Y Yield,1.91
2017-12-26,DGS2,US 2Y Yield,1.92
2017-12-27,DGS2,US 2Y Yield,1.89
2017-12-28,DGS2,US 2Y Yield,1.91
2017-12-29,DGS2,US 2Y Yield,1.89
2018-01-02,DGS2,US 2Y Yield,1.92
2018-01-03,DGS2,US 2Y Yield,1.94
2018-01-04,DGS2,US 2Y Yield,1.96
2018-01-05,DGS2,US 2Y Yield,1.96
2018-01-08,DGS2,US 2Y Yield,1.96
2018-01-09,DGS2,US 2Y Yield,1.98
2018-01-10,DGS2,US 2Y Yield,1.98
2018-01-11,DGS2,US 2Y Yield,1.98
2018-01-12,DGS2,US 2Y Yield,1.99
2018-01-16,DGS2,US 2Y Yield,2.03
2018-01-17,DGS2,US 2Y Yield,2.05
2018-01-18,DGS2,US 2Y Yield,2.05
2018-01-19,DGS2,US 2Y Yield,2.06
2018-01-22,DGS2,US 2Y Yield,2.08
2018-01-23,DGS2,US 2Y Yield,2.06
2018-01-24,DGS2,US 2Y Yield,2.08
2018-01-25,DGS2,US 2Y Yield,2.08
2018-01-26,DGS2,US 2Y Yield,2.13
2018-01-29,DGS2,US 2Y Yield,2.11
2018-01-30,DGS2,US 2Y Yield,2.13
2018-01-31,DGS2,US 2Y Yield,2.14
2018-02-01,DGS2,US 2Y Yield,2.16
2018-02-02,DGS2,US 2Y Yield,2.15
2018-02-05,DGS2,US 2Y Yield,2.08
2018-02-06,DGS2,US 2Y Yield,2.1
2018-02-07,DGS2,US 2Y Yield,2.15
2018-02-08,DGS2,US 2Y Yield,2.13
2018-02-09,DGS2,US 2Y Yield,2.05
2018-02-12,DGS2,US 2Y Yield,2.09
2018-02-13,DGS2,US 2Y Yield,2.1
2018-02-14,DGS2,US 2Y Yield,2.17
2018-02-15,DGS2,US 2Y Yield,2.19
2018-02-16,DGS2,US 2Y Yield,2.21
2018-02-20,DGS2,US 2Y Yield,2.25
2018-02-21,DGS2,US 2Y Yield,2.26
2018-02-22,DGS2,US 2Y Yield,2.25
2018-02-23,DGS2,US 2Y Yield,2.25
2018-02-26,DGS2,US 2Y Yield,2.22
2018-02-27,DGS2,US 2Y Yield,2.27
2018-02-28,DGS2,US 2Y Yield,2.25
2018-03-01,DGS2,US 2Y Yield,2.22
2018-03-02,DGS2,US 2Y Yield,2.25
2018-03-05,DGS2,US 2Y Yield,2.24
2018-03-06,DGS2,US 2Y Yield,2.25
2018-03-07,DGS2,US 2Y Yield,2.25
2018-03-08,DGS2,US 2Y Yield,2.25
2018-03-09,DGS2,US 2Y Yield,2.27
2018-03-12,DGS2,US 2Y Yield,2.27
2018-03-13,DGS2,US 2Y Yield,2.26
2018-03-14,DGS2,US 2Y Yield,2.26
2018-03-15,DGS2,US 2Y Yield,2.29
2018-03-16,DGS2,US 2Y Yield,2.31
2018-03-19,DGS2,US 2Y Yield,2.31
2018-03-20,DGS2,US 2Y Yield,2.34
2018-03-21,DGS2,US 2Y Yield,2.31
2018-03-22,DGS2,US 2Y Yield,2.29
2018-03-23,DGS2,US 2Y Yield,2.28
2018-03-26,DGS2,US 2Y Yield,2.33
2018-03-27,DGS2,US 2Y Yield,2.26
2018-03-28,DGS2,US 2Y Yield,2.28
2018-03-29,DGS2,US 2Y Yield,2.27
2018-04-02,DGS2,US 2Y Yield,2.25
2018-04-03,DGS2,US 2Y Yield,2.28
2018-04-04,DGS2,US 2Y Yield,2.28
2018-04-05,DGS2,US 2Y Yield,2.3
2018-04-06,DGS2,US 2Y Yield,2.27
2018-04-09,DGS2,US 2Y Yield,2.29
2018-04-10,DGS2,US 2Y Yield,2.32
2018-04-11,DGS2,US 2Y Yield,2.32
2018-04-12,DGS2,US 2Y Yield,2.34
2018-04-13,DGS2,US 2Y Yield,2.37
2018-04-16,DGS2,US 2Y Yield,2.39
2018-04-17,DGS2,US 2Y Yield,2.41
2018-04-18,DGS2,US 2Y Yield,2.42
2018-04-19,DGS2,US 2Y Yield,2.44
2018-04-20,DGS2,US 2Y Yield,2.46
2018-04-23,DGS2,US 2Y Yield,2.49
2018-04-24,DGS2,US 2Y Yield,2.48
2018-04-25,DGS2,US 2Y Yield,2.49
2018-04-26,DGS2,US 2Y Yield,2.49
2018-04-27,DGS2,US 2Y Yield,2.49
2018-04-30,DGS2,US 2Y Yield,2.49
2018-05-01,DGS2,US 2Y Yield,2.5
2018-05-02,DGS2,US 2Y Yield,2.49
2018-05-03,DGS2,US 2Y Yield,2.49
2018-05-04,DGS2,US 2Y Yield,2.51
2018-05-07,DGS2,US 2Y Yield,2.49
2018-05-08,DGS2,US 2Y Yield,2.51
2018-05-09,DGS2,US 2Y Yield,2.54
2018-05-10,DGS2,US 2Y Yield,2.54
2018-05-11,DGS2,US 2Y Yield,2.54
2018-05-14,DGS2,US 2Y Yield,2.55
2018-05-15,DGS2,US 2Y Yield,2.58
2018-05-16,DGS2,US 2Y Yield,2.58
2018-05-17,DGS2,US 2Y Yield,2.57
2018-05-18,DGS2,US 2Y Yield,2.55
2018-05-21,DGS2,US 2Y Yield,2.58
2018-05-22,DGS2,US 2Y Yield,2.59
2018-05-23,DGS2,US 2Y Yield,2.53
2018-05-24,DGS2,US 2Y Yield,2.5
2018-05-25,DGS2,US 2Y Yield,2.48
2018-05-29,DGS2,US 2Y Yield,2.32
2018-05-30,DGS2,US 2Y Yield,2.42
2018-05-31,DGS2,US 2Y Yield,2.4
2018-06-01,DGS2,US 2Y Yield,2.47
2018-06-04,DGS2,US 2Y Yield,2.52
2018-06-05,DGS2,US 2Y Yield,2.49
2018-06-06,DGS2,US 2Y Yield,2.52
2018-06-07,DGS2,US 2Y Yield,2.5
2018-06-08,DGS2,US 2Y Yield,2.5
2018-06-11,DGS2,US 2Y Yield,2.52
2018-06-12,DGS2,US 2Y Yield,2.54
2018-06-13,DGS2,US 2Y Yield,2.59
2018-06-14,DGS2,US 2Y Yield,2.59
2018-06-15,DGS2,US 2Y Yield,2.55
2018-06-18,DGS2,US 2Y Yield,2.56
2018-06-19,DGS2,US 2Y Yield,2.54
2018-06-20,DGS2,US 2Y Yield,2.56
2018-06-21,DGS2,US 2Y Yield,2.56
2018-06-22,DGS2,US 2Y Yield,2.56
2018-06-25,DGS2,US 2Y Yield,2.54
2018-06-26,DGS2,US 2Y Yield,2.53
2018-06-27,DGS2,US 2Y Yield,2.52
2018-06-28,DGS2,US 2Y Yield,2.52
2018-06-29,DGS2,US 2Y Yield,2.52
2018-07-02,DGS2,US 2Y Yield,2.57
2018-07-03,DGS2,US 2Y Yield,2.53
2018-07-05,DGS2,US 2Y Yield,2.55
2018-07-06,DGS2,US 2Y Yield,2.53
2018-07-09,DGS2,US 2Y Yield,2.57
2018-07-10,DGS2,US 2Y Yield,2.59
2018-07-11,DGS2,US 2Y Yield,2.58
2018-07-12,DGS2,US 2Y Yield,2.6
2018-07-13,DGS2,US 2Y Yield,2.59
2018-07-16,DGS2,US 2Y Yield,2.59
2018-07-17,DGS2,US 2Y Yield,2.62
2018-07-18,DGS2,US 2Y Yield,2.6
2018-07-19,DGS2,US 2Y Yield,2.6
2018-07-20,DGS2,US 2Y Yield,2.6
2018-07-23,DGS2,US 2Y Yield,2.64
2018-07-24,DGS2,US 2Y Yield,2.63
2018-07-25,DGS2,US 2Y Yield,2.66
2018-07-26,DGS2,US 2Y Yield,2.69
2018-07-27,DGS2,US 2Y Yield,2.67
2018-07-30,DGS2,US 2Y Yield,2.66
2018-07-31,DGS2,US 2Y Yield,2.67
2018-08-01,DGS2,US 2Y Yield,2.67
2018-08-02,DGS2,US 2Y Yield,2.66
2018-08-03,DGS2,US 2Y Yield,2.63
2018-08-06,DGS2,US 2Y Yield,2.64
2018-08-07,DGS2,US 2Y Yield,2.68
2018-08-08,DGS2,US 2Y Yield,2.68
2018-08-09,DGS2,US 2Y Yield,2.64
2018-08-10,DGS2,US 2Y Yield,2.61
2018-08-13,DGS2,US 2Y Yield,2.61
2018-08-14,DGS2,US 2Y Yield,2.63
2018-08-15,DGS2,US 2Y Yield,2.61
2018-08-16,DGS2,US 2Y Yield,2.63
2018-08-17,DGS2,US 2Y Yield,2.61
2018-08-20,DGS2,US 2Y Yield,2.6
2018-08-21,DGS2,US 2Y Yield,2.61
2018-08-22,DGS2,US 2Y Yield,2.6
2018-08-23,DGS2,US 2Y Yield,2.61
2018-08-24,DGS2,US 2Y Yield,2.63
2018-08-27,DGS2,US 2Y Yield,2.67
2018-08-28,DGS2,US 2Y Yield,2.67
2018-08-29,DGS2,US 2Y Yield,2.67
2018-08-30,DGS2,US 2Y Yield,2.64
2018-08-31,DGS2,US 2Y Yield,2.62
2018-09-04,DGS2,US 2Y Yield,2.66
2018-09-05,DGS2,US 2Y Yield,2.66
2018-09-06,DGS2,US 2Y Yield,2.64
2018-09-07,DGS2,US 2Y Yield,2.71
2018-09-10,DGS2,US 2Y Yield,2.73
2018-09-11,DGS2,US 2Y Yield,2.76
2018-09-12,DGS2,US 2Y Yield,2.74
2018-09-13,DGS2,US 2Y Yield,2.76
2018-09-14,DGS2,US 2Y Yield,2.78
2018-09-17,DGS2,US 2Y Yield,2.78
2018-09-18,DGS2,US 2Y Yield,2.81
2018-09-19,DGS2,US 2Y Yield,2.81
2018-09-20,DGS2,US 2Y Yield,2.81
2018-09-21,DGS2,US 2Y Yield,2.81
2018-09-24,DGS2,US 2Y Yield,2.83
2018-09-25,DGS2,US 2Y Yield,2.83
2018-09-26,DGS2,US 2Y Yield,2.83
2018-09-27,DGS2,US 2Y Yield,2.83
2018-09-28,DGS2,US 2Y Yield,2.81
2018-10-01,DGS2,US 2Y Yield,2.82
2018-10-02,DGS2,US 2Y Yield,2.82
2018-10-03,DGS2,US 2Y Yield,2.85
2018-10-04,DGS2,US 2Y Yield,2.87
2018-10-05,DGS2,US 2Y Yield,2.88
2018-10-09,DGS2,US 2Y Yield,2.88
2018-10-10,DGS2,US 2Y Yield,2.88
2018-10-11,DGS2,US 2Y Yield,2.85
2018-10-12,DGS2,US 2Y Yield,2.85
2018-10-15,DGS2,US 2Y Yield,2.85
2018-10-16,DGS2,US 2Y Yield,2.87
2018-10-17,DGS2,US 2Y Yield,2.89
2018-10-18,DGS2,US 2Y Yield,2.87
2018-10-19,DGS2,US 2Y Yield,2.92
2018-10-22,DGS2,US 2Y Yield,2.92
2018-10-23,DGS2,US 2Y Yield,2.89
2018-10-24,DGS2,US 2Y Yield,2.84
2018-10-25,DGS2,US 2Y Yield,2.86
2018-10-26,DGS2,US 2Y Yield,2.81
2018-10-29,DGS2,US 2Y Yield,2.81
2018-10-30,DGS2,US 2Y Yield,2.84
2018-10-31,DGS2,US 2Y Yield,2.87
2018-11-01,DGS2,US 2Y Yield,2.84
2018-11-02,DGS2,US 2Y Yield,2.91
2018-11-05,DGS2,US 2Y Yield,2.91
2018-11-06,DGS2,US 2Y Yield,2.93
2018-11-07,DGS2,US 2Y Yield,2.96
2018-11-08,DGS2,US 2Y Yield,2.98
2018-11-09,DGS2,US 2Y Yield,2.94
2018-11-13,DGS2,US 2Y Yield,2.89
2018-11-14,DGS2,US 2Y Yield,2.86
2018-11-15,DGS2,US 2Y Yield,2.86
2018-11-16,DGS2,US 2Y Yield,2.81
2018-11-19,DGS2,US 2Y Yield,2.79
2018-11-20,DGS2,US 2Y Yield,2.79
2018-11-21,DGS2,US 2Y Yield,2.81
2018-11-23,DGS2,US 2Y Yield,2.81
2018-11-26,DGS2,US 2Y Yield,2.84
2018-11-27,DGS2,US 2Y Yield,2.83
2018-11-28,DGS2,US 2Y Yield,2.81
2018-11-29,DGS2,US 2Y Yield,2.81
2018-11-30,DGS2,US 2Y Yield,2.8
2018-12-03,DGS2,US 2Y Yield,2.83
2018-12-04,DGS2,US 2Y Yield,2.8
2018-12-06,DGS2,US 2Y Yield,2.75
2018-12-07,DGS2,US 2Y Yield,2.72
2018-12-10,DGS2,US 2Y Yield,2.72
2018-12-11,DGS2,US 2Y Yield,2.78
2018-12-12,DGS2,US 2Y Yield,2.77
2018-12-13,DGS2,US 2Y Yield,2.75
2018-12-14,DGS2,US 2Y Yield,2.73
2018-12-17,DGS2,US 2Y Yield,2.7
2018-12-18,DGS2,US 2Y Yield,2.65
2018-12-19,DGS2,US 2Y Yield,2.63
2018-12-20,DGS2,US 2Y Yield,2.67
2018-12-21,DGS2,US 2Y Yield,2.63
2018-12-24,DGS2,US 2Y Yield,2.55
2018-12-26,DGS2,US 2Y Yield,2.61
2018-12-27,DGS2,US 2Y Yield,2.56
2018-12-28,DGS2,US 2Y Yield,2.52
2018-12-31,DGS2,US 2Y Yield,2.48
2019-01-02,DGS2,US 2Y Yield,2.5
2019-01-03,DGS2,US 2Y Yield,2.39
2019-01-04,DGS2,US 2Y Yield,2.5
2019-01-07,DGS2,US 2Y Yield,2.53
2019-01-08,DGS2,US 2Y Yield,2.58
2019-01-09,DGS2,US 2Y Yield,2.56
2019-01-10,DGS2,US 2Y Yield,2.56
2019-01-11,DGS2,US 2Y Yield,2.55
2019-01-14,DGS2,US 2Y Yield,2.53
2019-01-15,DGS2,US 2Y Yield,2.53
2019-01-16,DGS2,US 2Y Yield,2.55
2019-01-17,DGS2,US 2Y Yield,2.56
2019-01-18,DGS2,US 2Y Yield,2.62
2019-01-22,DGS2,US 2Y Yield,2.58
2019-01-23,DGS2,US 2Y Yield,2.58
2019-01-24,DGS2,US 2Y Yield,2.56
2019-01-25,DGS2,US 2Y Yield,2.6
2019-01-28,DGS2,US 2Y Yield,2.6
2019-01-29,DGS2,US 2Y Yield,2.56
2019-01-30,DGS2,US 2Y Yield,2.52
2019-01-31,DGS2,US 2Y Yield,2.45
2019-02-01,DGS2,US 2Y Yield,2.52
2019-02-04,DGS2,US 2Y Yield,2.53
2019-02-05,DGS2,US 2Y Yield,2.53
2019-02-06,DGS2,US 2Y Yield,2.52
2019-02-07,DGS2,US 2Y Yield,2.48
2019-02-08,DGS2,US 2Y Yield,2.45
2019-02-11,DGS2,US 2Y Yield,2.48
2019-02-12,DGS2,US 2Y Yield,2.5
2019-02-13,DGS2,US 2Y Yield,2.53
2019-02-14,DGS2,US 2Y Yield,2.5
2019-02-15,DGS2,US 2Y Yield,2.52
2019-02-19,DGS2,US 2Y Yield,2.5
2019-02-20,DGS2,US 2Y Yield,2.5
2019-02-21,DGS2,US 2Y Yield,2.53
2019-02-22,DGS2,US 2Y Yield,2.48
2019-02-25,DGS2,US 2Y Yield,2.51
2019-02-26,DGS2,US 2Y Yield,2.48
2019-02-27,DGS2,US 2Y Yield,2.5
2019-02-28,DGS2,US 2Y Yield,2.52
2019-03-01,DGS2,US 2Y Yield,2.55
2019-03-04,DGS2,US 2Y Yield,2.55
2019-03-05,DGS2,US 2Y Yield,2.55
2019-03-06,DGS2,US 2Y Yield,2.52
2019-03-07,DGS2,US 2Y Yield,2.47
2019-03-08,DGS2,US 2Y Yield,2.45
2019-03-11,DGS2,US 2Y Yield,2.47
2019-03-12,DGS2,US 2Y Yield,2.45
2019-03-13,DGS2,US 2Y Yield,2.45
2019-03-14,DGS2,US 2Y Yield,2.46
2019-03-15,DGS2,US 2Y Yield,2.43
2019-03-18,DGS2,US 2Y Yield,2.45
2019-03-19,DGS2,US 2Y Yield,2.46
2019-03-20,DGS2,US 2Y Yield,2.4
2019-03-21,DGS2,US 2Y Yield,2.41
2019-03-22,DGS2,US 2Y Yield,2.31
2019-03-25,DGS2,US 2Y Yield,2.26
2019-03-26,DGS2,US 2Y Yield,2.24
2019-03-27,DGS2,US 2Y Yield,2.22
2019-03-28,DGS2,US 2Y Yield,2.23
2019-03-29,DGS2,US 2Y Yield,2.27
2019-04-01,DGS2,US 2Y Yield,2.33
2019-04-02,DGS2,US 2Y Yield,2.3
2019-04-03,DGS2,US 2Y Yield,2.33
2019-04-04,DGS2,US 2Y Yield,2.33
2019-04-05,DGS2,US 2Y Yield,2.35
2019-04-08,DGS2,US 2Y Yield,2.36
2019-04-09,DGS2,US 2Y Yield,2.35
2019-04-10,DGS2,US 2Y Yield,2.31
2019-04-11,DGS2,US 2Y Yield,2.35
2019-04-12,DGS2,US 2Y Yield,2.4
2019-04-15,DGS2,US 2Y Yield,2.4
2019-04-16,DGS2,US 2Y Yield,2.41
2019-04-17,DGS2,US 2Y Yield,2.4
2019-04-18,DGS2,US 2Y Yield,2.38
2019-04-22,DGS2,US 2Y Yield,2.38
2019-04-23,DGS2,US 2Y Yield,2.36
2019-04-24,DGS2,US 2Y Yield,2.32
2019-04-25,DGS2,US 2Y Yield,2.33
2019-04-26,DGS2,US 2Y Yield,2.28
2019-04-29,DGS2,US 2Y Yield,2.3
2019-04-30,DGS2,US 2Y Yield,2.27
2019-05-01,DGS2,US 2Y Yield,2.31
2019-05-02,DGS2,US 2Y Yield,2.35
2019-05-03,DGS2,US 2Y Yield,2.33
2019-05-06,DGS2,US 2Y Yield,2.31
2019-05-07,DGS2,US 2Y Yield,2.28
2019-05-08,DGS2,US 2Y Yield,2.3
2019-05-09,DGS2,US 2Y Yield,2.26
2019-05-10,DGS2,US 2Y Yield,2.26
2019-05-13,DGS2,US 2Y Yield,2.18
2019-05-14,DGS2,US 2Y Yield,2.2
2019-05-15,DGS2,US 2Y Yield,2.16
2019-05-16,DGS2,US 2Y Yield,2.2
2019-05-17,DGS2,US 2Y Yield,2.2
2019-05-20,DGS2,US 2Y Yield,2.21
2019-05-21,DGS2,US 2Y Yield,2.26
2019-05-22,DGS2,US 2Y Yield,2.23
2019-05-23,DGS2,US 2Y Yield,2.12
2019-05-24,DGS2,US 2Y Yield,2.16
2019-05-28,DGS2,US 2Y Yield,2.12
2019-05-29,DGS2,US 2Y Yield,2.09
2019-05-30,DGS2,US 2Y Yield,2.06
2019-05-31,DGS2,US 2Y Yield,1.95
2019-06-03,DGS2,US 2Y Yield,1.82
2019-06-04,DGS2,US 2Y Yield,1.88
2019-06-05,DGS2,US 2Y Yield,1.83
2019-06-06,DGS2,US 2Y Yield,1.88
2019-06-07,DGS2,US 2Y Yield,1.85
2019-06-10,DGS2,US 2Y Yield,1.9
2019-06-11,DGS2,US 2Y Yield,1.93
2019-06-12,DGS2,US 2Y Yield,1.88
2019-06-13,DGS2,US 2Y Yield,1.83
2019-06-14,DGS2,US 2Y Yield,1.84
2019-06-17,DGS2,US 2Y Yield,1.86
2019-06-18,DGS2,US 2Y Yield,1.86
2019-06-19,DGS2,US 2Y Yield,1.74
2019-06-20,DGS2,US 2Y Yield,1.72
2019-06-21,DGS2,US 2Y Yield,1.77
2019-06-24,DGS2,US 2Y Yield,1.72
2019-06-25,DGS2,US 2Y Yield,1.71
2019-06-26,DGS2,US 2Y Yield,1.77
2019-06-27,DGS2,US 2Y Yield,1.74
2019-06-28,DGS2,US 2Y Yield,1.75
2019-07-01,DGS2,US 2Y Yield,1.78
2019-07-02,DGS2,US 2Y Yield,1.77
2019-07-03,DGS2,US 2Y Yield,1.77
2019-07-05,DGS2,US 2Y Yield,1.87
2019-07-08,DGS2,US 2Y Yield,1.88
2019-07-09,DGS2,US 2Y Yield,1.92
2019-07-10,DGS2,US 2Y Yield,1.82
2019-07-11,DGS2,US 2Y Yield,1.85
2019-07-12,DGS2,US 2Y Yield,1.84
2019-07-15,DGS2,US 2Y Yield,1.83
2019-07-16,DGS2,US 2Y Yield,1.87
2019-07-17,DGS2,US 2Y Yield,1.83
2019-07-18,DGS2,US 2Y Yield,1.77
2019-07-19,DGS2,US 2Y Yield,1.8
2019-07-22,DGS2,US 2Y Yield,1.8
2019-07-23,DGS2,US 2Y Yield,1.83
2019-07-24,DGS2,US 2Y Yield,1.83
2019-07-25,DGS2,US 2Y Yield,1.86
2019-07-26,DGS2,US 2Y Yield,1.86
2019-07-29,DGS2,US 2Y Yield,1.85
2019-07-30,DGS2,US 2Y Yield,1.85
2019-07-31,DGS2,US 2Y Yield,1.89
2019-08-01,DGS2,US 2Y Yield,1.73
2019-08-02,DGS2,US 2Y Yield,1.72
2019-08-05,DGS2,US 2Y Yield,1.59
2019-08-06,DGS2,US 2Y Yield,1.6
2019-08-07,DGS2,US 2Y Yield,1.59
2019-08-08,DGS2,US 2Y Yield,1.62
2019-08-09,DGS2,US 2Y Yield,1.63
2019-08-12,DGS2,US 2Y Yield,1.58
2019-08-13,DGS2,US 2Y Yield,1.66
2019-08-14,DGS2,US 2Y Yield,1.58
2019-08-15,DGS2,US 2Y Yield,1.48
2019-08-16,DGS2,US 2Y Yield,1.48
2019-08-19,DGS2,US 2Y Yield,1.53
2019-08-20,DGS2,US 2Y Yield,1.5
2019-08-21,DGS2,US 2Y Yield,1.56
2019-08-22,DGS2,US 2Y Yield,1.61
2019-08-23,DGS2,US 2Y Yield,1.51
2019-08-26,DGS2,US 2Y Yield,1.54
2019-08-27,DGS2,US 2Y Yield,1.53
2019-08-28,DGS2,US 2Y Yield,1.5
2019-08-29,DGS2,US 2Y Yield,1.53
2019-08-30,DGS2,US 2Y Yield,1.5
2019-09-03,DGS2,US 2Y Yield,1.47
2019-09-04,DGS2,US 2Y Yield,1.43
2019-09-05,DGS2,US 2Y Yield,1.55
2019-09-06,DGS2,US 2Y Yield,1.53
2019-09-09,DGS2,US 2Y Yield,1.58
2019-09-10,DGS2,US 2Y Yield,1.67
2019-09-11,DGS2,US 2Y Yield,1.68
2019-09-12,DGS2,US 2Y Yield,1.72
2019-09-13,DGS2,US 2Y Yield,1.79
2019-09-16,DGS2,US 2Y Yield,1.74
2019-09-17,DGS2,US 2Y Yield,1.72
2019-09-18,DGS2,US 2Y Yield,1.77
2019-09-19,DGS2,US 2Y Yield,1.74
2019-09-20,DGS2,US 2Y Yield,1.69
2019-09-23,DGS2,US 2Y Yield,1.68
2019-09-24,DGS2,US 2Y Yield,1.6
2019-09-25,DGS2,US 2Y Yield,1.68
2019-09-26,DGS2,US 2Y Yield,1.66
2019-09-27,DGS2,US 2Y Yield,1.63
2019-09-30,DGS2,US 2Y Yield,1.63
2019-10-01,DGS2,US 2Y Yield,1.56
2019-10-02,DGS2,US 2Y Yield,1.48
2019-10-03,DGS2,US 2Y Yield,1.39
2019-10-04,DGS2,US 2Y Yield,1.4
2019-10-07,DGS2,US 2Y Yield,1.46
2019-10-08,DGS2,US 2Y Yield,1.42
2019-10-09,DGS2,US 2Y Yield,1.47
2019-10-10,DGS2,US 2Y Yield,1.53
2019-10-11,DGS2,US 2Y Yield,1.63
2019-10-15,DGS2,US 2Y Yield,1.61
2019-10-16,DGS2,US 2Y Yield,1.58
2019-10-17,DGS2,US 2Y Yield,1.6
2019-10-18,DGS2,US 2Y Yield,1.58
2019-10-21,DGS2,US 2Y Yield,1.62
2019-10-22,DGS2,US 2Y Yield,1.6
2019-10-23,DGS2,US 2Y Yield,1.58
2019-10-24,DGS2,US 2Y Yield,1.58
2019-10-25,DGS2,US 2Y Yield,1.63
2019-10-28,DGS2,US 2Y Yield,1.64
2019-10-29,DGS2,US 2Y Yield,1.64
2019-10-30,DGS2,US 2Y Yield,1.61
2019-10-31,DGS2,US 2Y Yield,1.52
2019-11-01,DGS2,US 2Y Yield,1.56
2019-11-04,DGS2,US 2Y Yield,1.6
2019-11-05,DGS2,US 2Y Yield,1.63
2019-11-06,DGS2,US 2Y Yield,1.61
2019-11-07,DGS2,US 2Y Yield,1.68
2019-11-08,DGS2,US 2Y Yield,1.68
2019-11-12,DGS2,US 2Y Yield,1.66
2019-11-13,DGS2,US 2Y Yield,1.63
2019-11-14,DGS2,US 2Y Yield,1.58
2019-11-15,DGS2,US 2Y Yield,1.61
2019-11-18,DGS2,US 2Y Yield,1.6
2019-11-19,DGS2,US 2Y Yield,1.6
2019-11-20,DGS2,US 2Y Yield,1.56
2019-11-21,DGS2,US 2Y Yield,1.6
2019-11-22,DGS2,US 2Y Yield,1.61
2019-11-25,DGS2,US 2Y Yield,1.61
2019-11-26,DGS2,US 2Y Yield,1.58
2019-11-27,DGS2,US 2Y Yield,1.63
2019-11-29,DGS2,US 2Y Yield,1.61
2019-12-02,DGS2,US 2Y Yield,1.61
2019-12-03,DGS2,US 2Y Yield,1.53
2019-12-04,DGS2,US 2Y Yield,1.58
2019-12-05,DGS2,US 2Y Yield,1.58
2019-12-06,DGS2,US 2Y Yield,1.61
2019-12-09,DGS2,US 2Y Yield,1.63
2019-12-10,DGS2,US 2Y Yield,1.65
2019-12-11,DGS2,US 2Y Yield,1.61
2019-12-12,DGS2,US 2Y Yield,1.66
2019-12-13,DGS2,US 2Y Yield,1.61
2019-12-16,DGS2,US 2Y Yield,1.65
2019-12-17,DGS2,US 2Y Yield,1.63
2019-12-18,DGS2,US 2Y Yield,1.63
2019-12-19,DGS2,US 2Y Yield,1.62
2019-12-20,DGS2,US 2Y Yield,1.63
2019-12-23,DGS2,US 2Y Yield,1.64
2019-12-24,DGS2,US 2Y Yield,1.62
2019-12-26,DGS2,US 2Y Yield,1.64
2019-12-27,DGS2,US 2Y Yield,1.59
2019-12-30,DGS2,US 2Y Yield,1.58
2019-12-31,DGS2,US 2Y Yield,1.58
2020-01-02,DGS2,US 2Y Yield,1.58
2020-01-03,DGS2,US 2Y Yield,1.53
2020-01-06,DGS2,US 2Y Yield,1.54
2020-01-07,DGS2,US 2Y Yield,1.54
2020-01-08,DGS2,US 2Y Yield,1.58
2020-01-09,DGS2,US 2Y Yield,1.58
2020-01-10,DGS2,US 2Y Yield,1.56
2020-01-13,DGS2,US 2Y Yield,1.58
2020-01-14,DGS2,US 2Y Yield,1.58
2020-01-15,DGS2,US 2Y Yield,1.56
2020-01-16,DGS2,US 2Y Yield,1.58
2020-01-17,DGS2,US 2Y Yield,1.58
2020-01-21,DGS2,US 2Y Yield,1.53
2020-01-22,DGS2,US 2Y Yield,1.53
2020-01-23,DGS2,US 2Y Yield,1.51
2020-01-24,DGS2,US 2Y Yield,1.49
2020-01-27,DGS2,US 2Y Yield,1.44
2020-01-28,DGS2,US 2Y Yield,1.45
2020-01-29,DGS2,US 2Y Yield,1.42
2020-01-30,DGS2,US 2Y Yield,1.41
2020-01-31,DGS2,US 2Y Yield,1.33
2020-02-03,DGS2,US 2Y Yield,1.36
2020-02-04,DGS2,US 2Y Yield,1.41
2020-02-05,DGS2,US 2Y Yield,1.44
2020-02-06,DGS2,US 2Y Yield,1.44
2020-02-07,DGS2,US 2Y Yield,1.41
2020-02-10,DGS2,US 2Y Yield,1.37
2020-02-11,DGS2,US 2Y Yield,1.41
2020-02-12,DGS2,US 2Y Yield,1.44
2020-02-13,DGS2,US 2Y Yield,1.44
2020-02-14,DGS2,US 2Y Yield,1.42
2020-02-18,DGS2,US 2Y Yield,1.41
2020-02-19,DGS2,US 2Y Yield,1.42
2020-02-20,DGS2,US 2Y Yield,1.39
2020-02-21,DGS2,US 2Y Yield,1.34
2020-02-24,DGS2,US 2Y Yield,1.26
2020-02-25,DGS2,US 2Y Yield,1.2
2020-02-26,DGS2,US 2Y Yield,1.16
2020-02-27,DGS2,US 2Y Yield,1.11
2020-02-28,DGS2,US 2Y Yield,0.86
2020-03-02,DGS2,US 2Y Yield,0.84
2020-03-03,DGS2,US 2Y Yield,0.71
2020-03-04,DGS2,US 2Y Yield,0.67
2020-03-05,DGS2,US 2Y Yield,0.59
2020-03-06,DGS2,US 2Y Yield,0.49
2020-03-09,DGS2,US 2Y Yield,0.38
2020-03-10,DGS2,US 2Y Yield,0.5
2020-03-11,DGS2,US 2Y Yield,0.5
2020-03-12,DGS2,US 2Y Yield,0.5
2020-03-13,DGS2,US 2Y Yield,0.49
2020-03-16,DGS2,US 2Y Yield,0.36
2020-03-17,DGS2,US 2Y Yield,0.47
2020-03-18,DGS2,US 2Y Yield,0.54
2020-03-19,DGS2,US 2Y Yield,0.44
2020-03-20,DGS2,US 2Y Yield,0.37
2020-03-23,DGS2,US 2Y Yield,0.28
2020-03-24,DGS2,US 2Y Yield,0.38
2020-03-25,DGS2,US 2Y Yield,0.34
2020-03-26,DGS2,US 2Y Yield,0.3
2020-03-27,DGS2,US 2Y Yield,0.25
2020-03-30,DGS2,US 2Y Yield,0.23
2020-03-31,DGS2,US 2Y Yield,0.23
2020-04-01,DGS2,US 2Y Yield,0.23
2020-04-02,DGS2,US 2Y Yield,0.23
2020-04-03,DGS2,US 2Y Yield,0.23
2020-04-06,DGS2,US 2Y Yield,0.27
2020-04-07,DGS2,US 2Y Yield,0.28
2020-04-08,DGS2,US 2Y Yield,0.27
2020-04-09,DGS2,US 2Y Yield,0.23
2020-04-13,DGS2,US 2Y Yield,0.25
2020-04-14,DGS2,US 2Y Yield,0.23
2020-04-15,DGS2,US 2Y Yield,0.2
2020-04-16,DGS2,US 2Y Yield,0.2
2020-04-17,DGS2,US 2Y Yield,0.2
2020-04-20,DGS2,US 2Y Yield,0.2
2020-04-21,DGS2,US 2Y Yield,0.2
2020-04-22,DGS2,US 2Y Yield,0.22
2020-04-23,DGS2,US 2Y Yield,0.22
2020-04-24,DGS2,US 2Y Yield,0.22
2020-04-27,DGS2,US 2Y Yield,0.24
2020-04-28,DGS2,US 2Y Yield,0.2
2020-04-29,DGS2,US 2Y Yield,0.2
2020-04-30,DGS2,US 2Y Yield,0.2
2020-05-01,DGS2,US 2Y Yield,0.2
2020-05-04,DGS2,US 2Y Yield,0.19
2020-05-05,DGS2,US 2Y Yield,0.19
2020-05-06,DGS2,US 2Y Yield,0.17
2020-05-07,DGS2,US 2Y Yield,0.13
2020-05-08,DGS2,US 2Y Yield,0.16
2020-05-11,DGS2,US 2Y Yield,0.17
2020-05-12,DGS2,US 2Y Yield,0.17
2020-05-13,DGS2,US 2Y Yield,0.16
2020-05-14,DGS2,US 2Y Yield,0.16
2020-05-15,DGS2,US 2Y Yield,0.16
2020-05-18,DGS2,US 2Y Yield,0.18
2020-05-19,DGS2,US 2Y Yield,0.17
2020-05-20,DGS2,US 2Y Yield,0.16
2020-05-21,DGS2,US 2Y Yield,0.17
2020-05-22,DGS2,US 2Y Yield,0.17
2020-05-26,DGS2,US 2Y Yield,0.18
2020-05-27,DGS2,US 2Y Yield,0.19
2020-05-28,DGS2,US 2Y Yield,0.17
2020-05-29,DGS2,US 2Y Yield,0.16
2020-06-01,DGS2,US 2Y Yield,0.14
2020-06-02,DGS2,US 2Y Yield,0.17
2020-06-03,DGS2,US 2Y Yield,0.19
2020-06-04,DGS2,US 2Y Yield,0.19
2020-06-05,DGS2,US 2Y Yield,0.22
2020-06-08,DGS2,US 2Y Yield,0.22
2020-06-09,DGS2,US 2Y Yield,0.2
2020-06-10,DGS2,US 2Y Yield,0.17
2020-06-11,DGS2,US 2Y Yield,0.19
2020-06-12,DGS2,US 2Y Yield,0.19
2020-06-15,DGS2,US 2Y Yield,0.19
2020-06-16,DGS2,US 2Y Yield,0.21
2020-06-17,DGS2,US 2Y Yield,0.19
2020-06-18,DGS2,US 2Y Yield,0.19
2020-06-19,DGS2,US 2Y Yield,0.19
2020-06-22,DGS2,US 2Y Yield,0.19
2020-06-23,DGS2,US 2Y Yield,0.18
2020-06-24,DGS2,US 2Y Yield,0.19
2020-06-25,DGS2,US 2Y Yield,0.17
2020-06-26,DGS2,US 2Y Yield,0.17
2020-06-29,DGS2,US 2Y Yield,0.16
2020-06-30,DGS2,US 2Y Yield,0.16
2020-07-01,DGS2,US 2Y Yield,0.17
2020-07-02,DGS2,US 2Y Yield,0.16
2020-07-06,DGS2,US 2Y Yield,0.16
2020-07-07,DGS2,US 2Y Yield,0.16
2020-07-08,DGS2,US 2Y Yield,0.16
2020-07-09,DGS2,US 2Y Yield,0.16
2020-07-10,DGS2,US 2Y Yield,0.16
2020-07-13,DGS2,US 2Y Yield,0.16
2020-07-14,DGS2,US 2Y Yield,0.14
2020-07-15,DGS2,US 2Y Yield,0.16
2020-07-16,DGS2,US 2Y Yield,0.16
2020-07-17,DGS2,US 2Y Yield,0.14
2020-07-20,DGS2,US 2Y Yield,0.16
2020-07-21,DGS2,US 2Y Yield,0.14
2020-07-22,DGS2,US 2Y Yield,0.14
2020-07-23,DGS2,US 2Y Yield,0.16
2020-07-24,DGS2,US 2Y Yield,0.14
2020-07-27,DGS2,US 2Y Yield,0.15
2020-07-28,DGS2,US 2Y Yield,0.14
2020-07-29,DGS2,US 2Y Yield,0.12
2020-07-30,DGS2,US 2Y Yield,0.11
2020-07-31,DGS2,US 2Y Yield,0.11
2020-08-03,DGS2,US 2Y Yield,0.11
2020-08-04,DGS2,US 2Y Yield,0.11
2020-08-05,DGS2,US 2Y Yield,0.11
2020-08-06,DGS2,US 2Y Yield,0.11
2020-08-07,DGS2,US 2Y Yield,0.13
2020-08-10,DGS2,US 2Y Yield,0.14
2020-08-11,DGS2,US 2Y Yield,0.16
2020-08-12,DGS2,US 2Y Yield,0.16
2020-08-13,DGS2,US 2Y Yield,0.16
2020-08-14,DGS2,US 2Y Yield,0.14
2020-08-17,DGS2,US 2Y Yield,0.14
2020-08-18,DGS2,US 2Y Yield,0.14
2020-08-19,DGS2,US 2Y Yield,0.14
2020-08-20,DGS2,US 2Y Yield,0.13
2020-08-21,DGS2,US 2Y Yield,0.16
2020-08-24,DGS2,US 2Y Yield,0.14
2020-08-25,DGS2,US 2Y Yield,0.15
2020-08-26,DGS2,US 2Y Yield,0.16
2020-08-27,DGS2,US 2Y Yield,0.16
2020-08-28,DGS2,US 2Y Yield,0.14
2020-08-31,DGS2,US 2Y Yield,0.14
2020-09-01,DGS2,US 2Y Yield,0.13
2020-09-02,DGS2,US 2Y Yield,0.14
2020-09-03,DGS2,US 2Y Yield,0.13
2020-09-04,DGS2,US 2Y Yield,0.14
2020-09-08,DGS2,US 2Y Yield,0.14
2020-09-09,DGS2,US 2Y Yield,0.14
2020-09-10,DGS2,US 2Y Yield,0.14
2020-09-11,DGS2,US 2Y Yield,0.13
2020-09-14,DGS2,US 2Y Yield,0.14
2020-09-15,DGS2,US 2Y Yield,0.14
2020-09-16,DGS2,US 2Y Yield,0.14
2020-09-17,DGS2,US 2Y Yield,0.13
2020-09-18,DGS2,US 2Y Yield,0.14
2020-09-21,DGS2,US 2Y Yield,0.14
2020-09-22,DGS2,US 2Y Yield,0.13
2020-09-23,DGS2,US 2Y Yield,0.14
2020-09-24,DGS2,US 2Y Yield,0.14
2020-09-25,DGS2,US 2Y Yield,0.12
2020-09-28,DGS2,US 2Y Yield,0.14
2020-09-29,DGS2,US 2Y Yield,0.11
2020-09-30,DGS2,US 2Y Yield,0.13
2020-10-01,DGS2,US 2Y Yield,0.14
2020-10-02,DGS2,US 2Y Yield,0.13
2020-10-05,DGS2,US 2Y Yield,0.14
2020-10-06,DGS2,US 2Y Yield,0.14
2020-10-07,DGS2,US 2Y Yield,0.16
2020-10-08,DGS2,US 2Y Yield,0.13
2020-10-09,DGS2,US 2Y Yield,0.16
2020-10-13,DGS2,US 2Y Yield,0.16
2020-10-14,DGS2,US 2Y Yield,0.14
2020-10-15,DGS2,US 2Y Yield,0.14
2020-10-16,DGS2,US 2Y Yield,0.14
2020-10-19,DGS2,US 2Y Yield,0.16
2020-10-20,DGS2,US 2Y Yield,0.14
2020-10-21,DGS2,US 2Y Yield,0.14
2020-10-22,DGS2,US 2Y Yield,0.16
2020-10-23,DGS2,US 2Y Yield,0.18
2020-10-26,DGS2,US 2Y Yield,0.16
2020-10-27,DGS2,US 2Y Yield,0.16
2020-10-28,DGS2,US 2Y Yield,0.16
2020-10-29,DGS2,US 2Y Yield,0.16
2020-10-30,DGS2,US 2Y Yield,0.14
2020-11-02,DGS2,US 2Y Yield,0.16
2020-11-03,DGS2,US 2Y Yield,0.17
2020-11-04,DGS2,US 2Y Yield,0.14
2020-11-05,DGS2,US 2Y Yield,0.14
2020-11-06,DGS2,US 2Y Yield,0.16
2020-11-09,DGS2,US 2Y Yield,0.17
2020-11-10,DGS2,US 2Y Yield,0.19
2020-11-12,DGS2,US 2Y Yield,0.17
2020-11-13,DGS2,US 2Y Yield,0.17
2020-11-16,DGS2,US 2Y Yield,0.19
2020-11-17,DGS2,US 2Y Yield,0.18
2020-11-18,DGS2,US 2Y Yield,0.16
2020-11-19,DGS2,US 2Y Yield,0.18
2020-11-20,DGS2,US 2Y Yield,0.16
2020-11-23,DGS2,US 2Y Yield,0.16
2020-11-24,DGS2,US 2Y Yield,0.16
2020-11-25,DGS2,US 2Y Yield,0.17
2020-11-27,DGS2,US 2Y Yield,0.16
2020-11-30,DGS2,US 2Y Yield,0.16
2020-12-01,DGS2,US 2Y Yield,0.17
2020-12-02,DGS2,US 2Y Yield,0.16
2020-12-03,DGS2,US 2Y Yield,0.16
2020-12-04,DGS2,US 2Y Yield,0.16
2020-12-07,DGS2,US 2Y Yield,0.14
2020-12-08,DGS2,US 2Y Yield,0.14
2020-12-09,DGS2,US 2Y Yield,0.16
2020-12-10,DGS2,US 2Y Yield,0.14
2020-12-11,DGS2,US 2Y Yield,0.11
2020-12-14,DGS2,US 2Y Yield,0.13
2020-12-15,DGS2,US 2Y Yield,0.11
2020-12-16,DGS2,US 2Y Yield,0.13
2020-12-17,DGS2,US 2Y Yield,0.13
2020-12-18,DGS2,US 2Y Yield,0.13
2020-12-21,DGS2,US 2Y Yield,0.13
2020-12-22,DGS2,US 2Y Yield,0.13
2020-12-23,DGS2,US 2Y Yield,0.13
2020-12-24,DGS2,US 2Y Yield,0.13
2020-12-28,DGS2,US 2Y Yield,0.13
2020-12-29,DGS2,US 2Y Yield,0.12
2020-12-30,DGS2,US 2Y Yield,0.12
2020-12-31,DGS2,US 2Y Yield,0.13
2021-01-04,DGS2,US 2Y Yield,0.11
2021-01-05,DGS2,US 2Y Yield,0.13
2021-01-06,DGS2,US 2Y Yield,0.14
2021-01-07,DGS2,US 2Y Yield,0.14
2021-01-08,DGS2,US 2Y Yield,0.14
2021-01-11,DGS2,US 2Y Yield,0.14
2021-01-12,DGS2,US 2Y Yield,0.14
2021-01-13,DGS2,US 2Y Yield,0.14
2021-01-14,DGS2,US 2Y Yield,0.16
2021-01-15,DGS2,US 2Y Yield,0.13
2021-01-19,DGS2,US 2Y Yield,0.14
2021-01-20,DGS2,US 2Y Yield,0.13
2021-01-21,DGS2,US 2Y Yield,0.13
2021-01-22,DGS2,US 2Y Yield,0.13
2021-01-25,DGS2,US 2Y Yield,0.13
2021-01-26,DGS2,US 2Y Yield,0.11
2021-01-27,DGS2,US 2Y Yield,0.12
2021-01-28,DGS2,US 2Y Yield,0.12
2021-01-29,DGS2,US 2Y Yield,0.11
2021-02-01,DGS2,US 2Y Yield,0.11
2021-02-02,DGS2,US 2Y Yield,0.11
2021-02-03,DGS2,US 2Y Yield,0.11
2021-02-04,DGS2,US 2Y Yield,0.11
2021-02-05,DGS2,US 2Y Yield,0.09
2021-02-08,DGS2,US 2Y Yield,0.11
2021-02-09,DGS2,US 2Y Yield,0.11
2021-02-10,DGS2,US 2Y Yield,0.11
2021-02-11,DGS2,US 2Y Yield,0.11
2021-02-12,DGS2,US 2Y Yield,0.11
2021-02-16,DGS2,US 2Y Yield,0.13
2021-02-17,DGS2,US 2Y Yield,0.11
2021-02-18,DGS2,US 2Y Yield,0.11
2021-02-19,DGS2,US 2Y Yield,0.11
2021-02-22,DGS2,US 2Y Yield,0.11
2021-02-23,DGS2,US 2Y Yield,0.11
2021-02-24,DGS2,US 2Y Yield,0.12
2021-02-25,DGS2,US 2Y Yield,0.17
2021-02-26,DGS2,US 2Y Yield,0.14
2021-03-01,DGS2,US 2Y Yield,0.13
2021-03-02,DGS2,US 2Y Yield,0.13
2021-03-03,DGS2,US 2Y Yield,0.14
2021-03-04,DGS2,US 2Y Yield,0.14
2021-03-05,DGS2,US 2Y Yield,0.14
2021-03-08,DGS2,US 2Y Yield,0.17
2021-03-09,DGS2,US 2Y Yield,0.17
2021-03-10,DGS2,US 2Y Yield,0.16
2021-03-11,DGS2,US 2Y Yield,0.14
2021-03-12,DGS2,US 2Y Yield,0.14
2021-03-15,DGS2,US 2Y Yield,0.14
2021-03-16,DGS2,US 2Y Yield,0.15
2021-03-17,DGS2,US 2Y Yield,0.13
2021-03-18,DGS2,US 2Y Yield,0.16
2021-03-19,DGS2,US 2Y Yield,0.16
2021-03-22,DGS2,US 2Y Yield,0.15
2021-03-23,DGS2,US 2Y Yield,0.15
2021-03-24,DGS2,US 2Y Yield,0.14
2021-03-25,DGS2,US 2Y Yield,0.14
2021-03-26,DGS2,US 2Y Yield,0.14
2021-03-29,DGS2,US 2Y Yield,0.14
2021-03-30,DGS2,US 2Y Yield,0.16
2021-03-31,DGS2,US 2Y Yield,0.16
2021-04-01,DGS2,US 2Y Yield,0.17
2021-04-02,DGS2,US 2Y Yield,0.19
2021-04-05,DGS2,US 2Y Yield,0.17
2021-04-06,DGS2,US 2Y Yield,0.16
2021-04-07,DGS2,US 2Y Yield,0.16
2021-04-08,DGS2,US 2Y Yield,0.14
2021-04-09,DGS2,US 2Y Yield,0.16
2021-04-12,DGS2,US 2Y Yield,0.18
2021-04-13,DGS2,US 2Y Yield,0.16
2021-04-14,DGS2,US 2Y Yield,0.16
2021-04-15,DGS2,US 2Y Yield,0.16
2021-04-16,DGS2,US 2Y Yield,0.16
2021-04-19,DGS2,US 2Y Yield,0.16
2021-04-20,DGS2,US 2Y Yield,0.15
2021-04-21,DGS2,US 2Y Yield,0.15
2021-04-22,DGS2,US 2Y Yield,0.16
2021-04-23,DGS2,US 2Y Yield,0.16
2021-04-26,DGS2,US 2Y Yield,0.18
2021-04-27,DGS2,US 2Y Yield,0.17
2021-04-28,DGS2,US 2Y Yield,0.17
2021-04-29,DGS2,US 2Y Yield,0.16
2021-04-30,DGS2,US 2Y Yield,0.16
2021-05-03,DGS2,US 2Y Yield,0.16
2021-05-04,DGS2,US 2Y Yield,0.16
2021-05-05,DGS2,US 2Y Yield,0.16
2021-05-06,DGS2,US 2Y Yield,0.16
2021-05-07,DGS2,US 2Y Yield,0.14
2021-05-10,DGS2,US 2Y Yield,0.16
2021-05-11,DGS2,US 2Y Yield,0.16
2021-05-12,DGS2,US 2Y Yield,0.16
2021-05-13,DGS2,US 2Y Yield,0.16
2021-05-14,DGS2,US 2Y Yield,0.16
2021-05-17,DGS2,US 2Y Yield,0.16
2021-05-18,DGS2,US 2Y Yield,0.16
2021-05-19,DGS2,US 2Y Yield,0.16
2021-05-20,DGS2,US 2Y Yield,0.15
2021-05-21,DGS2,US 2Y Yield,0.17
2021-05-24,DGS2,US 2Y Yield,0.15
2021-05-25,DGS2,US 2Y Yield,0.15
2021-05-26,DGS2,US 2Y Yield,0.14
2021-05-27,DGS2,US 2Y Yield,0.14
2021-05-28,DGS2,US 2Y Yield,0.14
2021-06-01,DGS2,US 2Y Yield,0.16
2021-06-02,DGS2,US 2Y Yield,0.13
2021-06-03,DGS2,US 2Y Yield,0.16
2021-06-04,DGS2,US 2Y Yield,0.14
2021-06-07,DGS2,US 2Y Yield,0.16
2021-06-08,DGS2,US 2Y Yield,0.14
2021-06-09,DGS2,US 2Y Yield,0.16
2021-06-10,DGS2,US 2Y Yield,0.14
2021-06-11,DGS2,US 2Y Yield,0.16
2021-06-14,DGS2,US 2Y Yield,0.16
2021-06-15,DGS2,US 2Y Yield,0.16
2021-06-16,DGS2,US 2Y Yield,0.21
2021-06-17,DGS2,US 2Y Yield,0.23
2021-06-18,DGS2,US 2Y Yield,0.26
2021-06-21,DGS2,US 2Y Yield,0.27
2021-06-22,DGS2,US 2Y Yield,0.25
2021-06-23,DGS2,US 2Y Yield,0.26
2021-06-24,DGS2,US 2Y Yield,0.26
2021-06-25,DGS2,US 2Y Yield,0.28
2021-06-28,DGS2,US 2Y Yield,0.25
2021-06-29,DGS2,US 2Y Yield,0.27
2021-06-30,DGS2,US 2Y Yield,0.25
2021-07-01,DGS2,US 2Y Yield,0.25
2021-07-02,DGS2,US 2Y Yield,0.24
2021-07-06,DGS2,US 2Y Yield,0.22
2021-07-07,DGS2,US 2Y Yield,0.22
2021-07-08,DGS2,US 2Y Yield,0.19
2021-07-09,DGS2,US 2Y Yield,0.23
2021-07-12,DGS2,US 2Y Yield,0.23
2021-07-13,DGS2,US 2Y Yield,0.26
2021-07-14,DGS2,US 2Y Yield,0.23
2021-07-15,DGS2,US 2Y Yield,0.23
2021-07-16,DGS2,US 2Y Yield,0.25
2021-07-19,DGS2,US 2Y Yield,0.21
2021-07-20,DGS2,US 2Y Yield,0.2
2021-07-21,DGS2,US 2Y Yield,0.22
2021-07-22,DGS2,US 2Y Yield,0.2
2021-07-23,DGS2,US 2Y Yield,0.22
2021-07-26,DGS2,US 2Y Yield,0.22
2021-07-27,DGS2,US 2Y Yield,0.2
2021-07-28,DGS2,US 2Y Yield,0.2
2021-07-29,DGS2,US 2Y Yield,0.2
2021-07-30,DGS2,US 2Y Yield,0.19
2021-08-02,DGS2,US 2Y Yield,0.17
2021-08-03,DGS2,US 2Y Yield,0.17
2021-08-04,DGS2,US 2Y Yield,0.17
2021-08-05,DGS2,US 2Y Yield,0.21
2021-08-06,DGS2,US 2Y Yield,0.21
2021-08-09,DGS2,US 2Y Yield,0.23
2021-08-10,DGS2,US 2Y Yield,0.24
2021-08-11,DGS2,US 2Y Yield,0.23
2021-08-12,DGS2,US 2Y Yield,0.23
2021-08-13,DGS2,US 2Y Yield,0.23
2021-08-16,DGS2,US 2Y Yield,0.21
2021-08-17,DGS2,US 2Y Yield,0.23
2021-08-18,DGS2,US 2Y Yield,0.23
2021-08-19,DGS2,US 2Y Yield,0.22
2021-08-20,DGS2,US 2Y Yield,0.23
2021-08-23,DGS2,US 2Y Yield,0.23
2021-08-24,DGS2,US 2Y Yield,0.24
2021-08-25,DGS2,US 2Y Yield,0.23
2021-08-26,DGS2,US 2Y Yield,0.25
2021-08-27,DGS2,US 2Y Yield,0.22
2021-08-30,DGS2,US 2Y Yield,0.2
2021-08-31,DGS2,US 2Y Yield,0.2
2021-09-01,DGS2,US 2Y Yield,0.2
2021-09-02,DGS2,US 2Y Yield,0.2
2021-09-03,DGS2,US 2Y Yield,0.21
2021-09-07,DGS2,US 2Y Yield,0.22
2021-09-08,DGS2,US 2Y Yield,0.22
2021-09-09,DGS2,US 2Y Yield,0.23
2021-09-10,DGS2,US 2Y Yield,0.23
2021-09-13,DGS2,US 2Y Yield,0.21
2021-09-14,DGS2,US 2Y Yield,0.21
2021-09-15,DGS2,US 2Y Yield,0.21
2021-09-16,DGS2,US 2Y Yield,0.23
2021-09-17,DGS2,US 2Y Yield,0.23
2021-09-20,DGS2,US 2Y Yield,0.23
2021-09-21,DGS2,US 2Y Yield,0.22
2021-09-22,DGS2,US 2Y Yield,0.25
2021-09-23,DGS2,US 2Y Yield,0.27
2021-09-24,DGS2,US 2Y Yield,0.29
2021-09-27,DGS2,US 2Y Yield,0.31
2021-09-28,DGS2,US 2Y Yield,0.31
2021-09-29,DGS2,US 2Y Yield,0.3
2021-09-30,DGS2,US 2Y Yield,0.28
2021-10-01,DGS2,US 2Y Yield,0.27
2021-10-04,DGS2,US 2Y Yield,0.27
2021-10-05,DGS2,US 2Y Yield,0.28
2021-10-06,DGS2,US 2Y Yield,0.3
2021-10-07,DGS2,US 2Y Yield,0.32
2021-10-08,DGS2,US 2Y Yield,0.32
2021-10-12,DGS2,US 2Y Yield,0.35
2021-10-13,DGS2,US 2Y Yield,0.37
2021-10-14,DGS2,US 2Y Yield,0.36
2021-10-15,DGS2,US 2Y Yield,0.41
2021-10-18,DGS2,US 2Y Yield,0.44
2021-10-19,DGS2,US 2Y Yield,0.41
2021-10-20,DGS2,US 2Y Yield,0.4
2021-10-21,DGS2,US 2Y Yield,0.45
2021-10-22,DGS2,US 2Y Yield,0.48
2021-10-25,DGS2,US 2Y Yield,0.47
2021-10-26,DGS2,US 2Y Yield,0.47
2021-10-27,DGS2,US 2Y Yield,0.5
2021-10-28,DGS2,US 2Y Yield,0.5
2021-10-29,DGS2,US 2Y Yield,0.48
2021-11-01,DGS2,US 2Y Yield,0.5
2021-11-02,DGS2,US 2Y Yield,0.46
2021-11-03,DGS2,US 2Y Yield,0.47
2021-11-04,DGS2,US 2Y Yield,0.41
2021-11-05,DGS2,US 2Y Yield,0.39
2021-11-08,DGS2,US 2Y Yield,0.45
2021-11-09,DGS2,US 2Y Yield,0.41
2021-11-10,DGS2,US 2Y Yield,0.51
2021-11-12,DGS2,US 2Y Yield,0.53
2021-11-15,DGS2,US 2Y Yield,0.53
2021-11-16,DGS2,US 2Y Yield,0.54
2021-11-17,DGS2,US 2Y Yield,0.52
2021-11-18,DGS2,US 2Y Yield,0.52
2021-11-19,DGS2,US 2Y Yield,0.52
2021-11-22,DGS2,US 2Y Yield,0.63
2021-11-23,DGS2,US 2Y Yield,0.6
2021-11-24,DGS2,US 2Y Yield,0.64
2021-11-26,DGS2,US 2Y Yield,0.5
2021-11-29,DGS2,US 2Y Yield,0.51
2021-11-30,DGS2,US 2Y Yield,0.52
2021-12-01,DGS2,US 2Y Yield,0.56
2021-12-02,DGS2,US 2Y Yield,0.63
2021-12-03,DGS2,US 2Y Yield,0.6
2021-12-06,DGS2,US 2Y Yield,0.65
2021-12-07,DGS2,US 2Y Yield,0.7
2021-12-08,DGS2,US 2Y Yield,0.68
2021-12-09,DGS2,US 2Y Yield,0.7
2021-12-10,DGS2,US 2Y Yield,0.67
2021-12-13,DGS2,US 2Y Yield,0.66
2021-12-14,DGS2,US 2Y Yield,0.67
2021-12-15,DGS2,US 2Y Yield,0.69
2021-12-16,DGS2,US 2Y Yield,0.64
2021-12-17,DGS2,US 2Y Yield,0.66
2021-12-20,DGS2,US 2Y Yield,0.65
2021-12-21,DGS2,US 2Y Yield,0.7
2021-12-22,DGS2,US 2Y Yield,0.68
2021-12-23,DGS2,US 2Y Yield,0.71
2021-12-27,DGS2,US 2Y Yield,0.76
2021-12-28,DGS2,US 2Y Yield,0.74
2021-12-29,DGS2,US 2Y Yield,0.75
2021-12-30,DGS2,US 2Y Yield,0.73
2021-12-31,DGS2,US 2Y Yield,0.73
2022-01-03,DGS2,US 2Y Yield,0.78
2022-01-04,DGS2,US 2Y Yield,0.77
2022-01-05,DGS2,US 2Y Yield,0.83
2022-01-06,DGS2,US 2Y Yield,0.88
2022-01-07,DGS2,US 2Y Yield,0.87
2022-01-10,DGS2,US 2Y Yield,0.92
2022-01-11,DGS2,US 2Y Yield,0.9
2022-01-12,DGS2,US 2Y Yield,0.92
2022-01-13,DGS2,US 2Y Yield,0.91
2022-01-14,DGS2,US 2Y Yield,0.99
2022-01-18,DGS2,US 2Y Yield,1.06
2022-01-19,DGS2,US 2Y Yield,1.04
2022-01-20,DGS2,US 2Y Yield,1.08
2022-01-21,DGS2,US 2Y Yield,1.01
2022-01-24,DGS2,US 2Y Yield,0.99
2022-01-25,DGS2,US 2Y Yield,1.02
2022-01-26,DGS2,US 2Y Yield,1.13
2022-01-27,DGS2,US 2Y Yield,1.18
2022-01-28,DGS2,US 2Y Yield,1.15
2022-01-31,DGS2,US 2Y Yield,1.18
2022-02-01,DGS2,US 2Y Yield,1.18
2022-02-02,DGS2,US 2Y Yield,1.16
2022-02-03,DGS2,US 2Y Yield,1.19
2022-02-04,DGS2,US 2Y Yield,1.31
2022-02-07,DGS2,US 2Y Yield,1.3
2022-02-08,DGS2,US 2Y Yield,1.35
2022-02-09,DGS2,US 2Y Yield,1.36
2022-02-10,DGS2,US 2Y Yield,1.61
2022-02-11,DGS2,US 2Y Yield,1.5
2022-02-14,DGS2,US 2Y Yield,1.58
2022-02-15,DGS2,US 2Y Yield,1.58
2022-02-16,DGS2,US 2Y Yield,1.52
2022-02-17,DGS2,US 2Y Yield,1.49
2022-02-18,DGS2,US 2Y Yield,1.47
2022-02-22,DGS2,US 2Y Yield,1.56
2022-02-23,DGS2,US 2Y Yield,1.58
2022-02-24,DGS2,US 2Y Yield,1.54
2022-02-25,DGS2,US 2Y Yield,1.55
2022-02-28,DGS2,US 2Y Yield,1.44
2022-03-01,DGS2,US 2Y Yield,1.31
2022-03-02,DGS2,US 2Y Yield,1.5
2022-03-03,DGS2,US 2Y Yield,1.53
2022-03-04,DGS2,US 2Y Yield,1.5
2022-03-07,DGS2,US 2Y Yield,1.55
2022-03-08,DGS2,US 2Y Yield,1.63
2022-03-09,DGS2,US 2Y Yield,1.68
2022-03-10,DGS2,US 2Y Yield,1.72
2022-03-11,DGS2,US 2Y Yield,1.75
2022-03-14,DGS2,US 2Y Yield,1.87
2022-03-15,DGS2,US 2Y Yield,1.85
2022-03-16,DGS2,US 2Y Yield,1.95
2022-03-17,DGS2,US 2Y Yield,1.94
2022-03-18,DGS2,US 2Y Yield,1.97
2022-03-21,DGS2,US 2Y Yield,2.14
2022-03-22,DGS2,US 2Y Yield,2.18
2022-03-23,DGS2,US 2Y Yield,2.13
2022-03-24,DGS2,US 2Y Yield,2.13
2022-03-25,DGS2,US 2Y Yield,2.3
2022-03-28,DGS2,US 2Y Yield,2.35
2022-03-29,DGS2,US 2Y Yield,2.35
2022-03-30,DGS2,US 2Y Yield,2.31
2022-03-31,DGS2,US 2Y Yield,2.28
2022-04-01,DGS2,US 2Y Yield,2.44
2022-04-04,DGS2,US 2Y Yield,2.43
2022-04-05,DGS2,US 2Y Yield,2.51
2022-04-06,DGS2,US 2Y Yield,2.5
2022-04-07,DGS2,US 2Y Yield,2.47
2022-04-08,DGS2,US 2Y Yield,2.53
2022-04-11,DGS2,US 2Y Yield,2.5
2022-04-12,DGS2,US 2Y Yield,2.39
2022-04-13,DGS2,US 2Y Yield,2.37
2022-04-14,DGS2,US 2Y Yield,2.47
2022-04-18,DGS2,US 2Y Yield,2.46
2022-04-19,DGS2,US 2Y Yield,2.61
2022-04-20,DGS2,US 2Y Yield,2.6
2022-04-21,DGS2,US 2Y Yield,2.68
2022-04-22,DGS2,US 2Y Yield,2.72
2022-04-25,DGS2,US 2Y Yield,2.63
2022-04-26,DGS2,US 2Y Yield,2.54
2022-04-27,DGS2,US 2Y Yield,2.58
2022-04-28,DGS2,US 2Y Yield,2.63
2022-04-29,DGS2,US 2Y Yield,2.7
2022-05-02,DGS2,US 2Y Yield,2.73
2022-05-03,DGS2,US 2Y Yield,2.78
2022-05-04,DGS2,US 2Y Yield,2.66
2022-05-05,DGS2,US 2Y Yield,2.71
2022-05-06,DGS2,US 2Y Yield,2.72
2022-05-09,DGS2,US 2Y Yield,2.61
2022-05-10,DGS2,US 2Y Yield,2.62
2022-05-11,DGS2,US 2Y Yield,2.66
2022-05-12,DGS2,US 2Y Yield,2.56
2022-05-13,DGS2,US 2Y Yield,2.61
2022-05-16,DGS2,US 2Y Yield,2.58
2022-05-17,DGS2,US 2Y Yield,2.71
2022-05-18,DGS2,US 2Y Yield,2.68
2022-05-19,DGS2,US 2Y Yield,2.63
2022-05-20,DGS2,US 2Y Yield,2.6
2022-05-23,DGS2,US 2Y Yield,2.65
2022-05-24,DGS2,US 2Y Yield,2.5
2022-05-25,DGS2,US 2Y Yield,2.48
2022-05-26,DGS2,US 2Y Yield,2.46
2022-05-27,DGS2,US 2Y Yield,2.47
2022-05-31,DGS2,US 2Y Yield,2.53
2022-06-01,DGS2,US 2Y Yield,2.66
2022-06-02,DGS2,US 2Y Yield,2.65
2022-06-03,DGS2,US 2Y Yield,2.66
2022-06-06,DGS2,US 2Y Yield,2.73
2022-06-07,DGS2,US 2Y Yield,2.75
2022-06-08,DGS2,US 2Y Yield,2.78
2022-06-09,DGS2,US 2Y Yield,2.83
2022-06-10,DGS2,US 2Y Yield,3.06
2022-06-13,DGS2,US 2Y Yield,3.4
2022-06-14,DGS2,US 2Y Yield,3.45
2022-06-15,DGS2,US 2Y Yield,3.2
2022-06-16,DGS2,US 2Y Yield,3.14
2022-06-17,DGS2,US 2Y Yield,3.17
2022-06-21,DGS2,US 2Y Yield,3.21
2022-06-22,DGS2,US 2Y Yield,3.06
2022-06-23,DGS2,US 2Y Yield,3.01
2022-06-24,DGS2,US 2Y Yield,3.04
2022-06-27,DGS2,US 2Y Yield,3.08
2022-06-28,DGS2,US 2Y Yield,3.1
2022-06-29,DGS2,US 2Y Yield,3.06
2022-06-30,DGS2,US 2Y Yield,2.92
2022-07-01,DGS2,US 2Y Yield,2.84
2022-07-05,DGS2,US 2Y Yield,2.82
2022-07-06,DGS2,US 2Y Yield,2.97
2022-07-07,DGS2,US 2Y Yield,3.03
2022-07-08,DGS2,US 2Y Yield,3.12
2022-07-11,DGS2,US 2Y Yield,3.07
2022-07-12,DGS2,US 2Y Yield,3.03
2022-07-13,DGS2,US 2Y Yield,3.13
2022-07-14,DGS2,US 2Y Yield,3.15
2022-07-15,DGS2,US 2Y Yield,3.13
2022-07-18,DGS2,US 2Y Yield,3.15
2022-07-19,DGS2,US 2Y Yield,3.23
2022-07-20,DGS2,US 2Y Yield,3.25
2022-07-21,DGS2,US 2Y Yield,3.1
2022-07-22,DGS2,US 2Y Yield,2.98
2022-07-25,DGS2,US 2Y Yield,3.0
2022-07-26,DGS2,US 2Y Yield,3.02
2022-07-27,DGS2,US 2Y Yield,2.96
2022-07-28,DGS2,US 2Y Yield,2.85
2022-07-29,DGS2,US 2Y Yield,2.89
2022-08-01,DGS2,US 2Y Yield,2.9
2022-08-02,DGS2,US 2Y Yield,3.06
2022-08-03,DGS2,US 2Y Yield,3.1
2022-08-04,DGS2,US 2Y Yield,3.03
2022-08-05,DGS2,US 2Y Yield,3.24
2022-08-08,DGS2,US 2Y Yield,3.21
2022-08-09,DGS2,US 2Y Yield,3.28
2022-08-10,DGS2,US 2Y Yield,3.23
2022-08-11,DGS2,US 2Y Yield,3.23
2022-08-12,DGS2,US 2Y Yield,3.25
2022-08-15,DGS2,US 2Y Yield,3.2
2022-08-16,DGS2,US 2Y Yield,3.25
2022-08-17,DGS2,US 2Y Yield,3.28
2022-08-18,DGS2,US 2Y Yield,3.22
2022-08-19,DGS2,US 2Y Yield,3.25
2022-08-22,DGS2,US 2Y Yield,3.32
2022-08-23,DGS2,US 2Y Yield,3.29
2022-08-24,DGS2,US 2Y Yield,3.36
2022-08-25,DGS2,US 2Y Yield,3.35
2022-08-26,DGS2,US 2Y Yield,3.37
2022-08-29,DGS2,US 2Y Yield,3.42
2022-08-30,DGS2,US 2Y Yield,3.46
2022-08-31,DGS2,US 2Y Yield,3.45
2022-09-01,DGS2,US 2Y Yield,3.51
2022-09-02,DGS2,US 2Y Yield,3.4
2022-09-06,DGS2,US 2Y Yield,3.5
2022-09-07,DGS2,US 2Y Yield,3.45
2022-09-08,DGS2,US 2Y Yield,3.48
2022-09-09,DGS2,US 2Y Yield,3.56
2022-09-12,DGS2,US 2Y Yield,3.58
2022-09-13,DGS2,US 2Y Yield,3.75
2022-09-14,DGS2,US 2Y Yield,3.78
2022-09-15,DGS2,US 2Y Yield,3.87
2022-09-16,DGS2,US 2Y Yield,3.85
2022-09-19,DGS2,US 2Y Yield,3.95
2022-09-20,DGS2,US 2Y Yield,3.96
2022-09-21,DGS2,US 2Y Yield,4.02
2022-09-22,DGS2,US 2Y Yield,4.11
2022-09-23,DGS2,US 2Y Yield,4.2
2022-09-26,DGS2,US 2Y Yield,4.27
2022-09-27,DGS2,US 2Y Yield,4.3
2022-09-28,DGS2,US 2Y Yield,4.07
2022-09-29,DGS2,US 2Y Yield,4.16
2022-09-30,DGS2,US 2Y Yield,4.22
2022-10-03,DGS2,US 2Y Yield,4.12
2022-10-04,DGS2,US 2Y Yield,4.1
2022-10-05,DGS2,US 2Y Yield,4.15
2022-10-06,DGS2,US 2Y Yield,4.23
2022-10-07,DGS2,US 2Y Yield,4.3
2022-10-11,DGS2,US 2Y Yield,4.3
2022-10-12,DGS2,US 2Y Yield,4.28
2022-10-13,DGS2,US 2Y Yield,4.47
2022-10-14,DGS2,US 2Y Yield,4.48
2022-10-17,DGS2,US 2Y Yield,4.45
2022-10-18,DGS2,US 2Y Yield,4.43
2022-10-19,DGS2,US 2Y Yield,4.55
2022-10-20,DGS2,US 2Y Yield,4.62
2022-10-21,DGS2,US 2Y Yield,4.49
2022-10-24,DGS2,US 2Y Yield,4.5
2022-10-25,DGS2,US 2Y Yield,4.42
2022-10-26,DGS2,US 2Y Yield,4.39
2022-10-27,DGS2,US 2Y Yield,4.3
2022-10-28,DGS2,US 2Y Yield,4.41
2022-10-31,DGS2,US 2Y Yield,4.51
2022-11-01,DGS2,US 2Y Yield,4.54
2022-11-02,DGS2,US 2Y Yield,4.61
2022-11-03,DGS2,US 2Y Yield,4.71
2022-11-04,DGS2,US 2Y Yield,4.66
2022-11-07,DGS2,US 2Y Yield,4.72
2022-11-08,DGS2,US 2Y Yield,4.67
2022-11-09,DGS2,US 2Y Yield,4.61
2022-11-10,DGS2,US 2Y Yield,4.34
2022-11-14,DGS2,US 2Y Yield,4.4
2022-11-15,DGS2,US 2Y Yield,4.37
2022-11-16,DGS2,US 2Y Yield,4.35
2022-11-17,DGS2,US 2Y Yield,4.43
2022-11-18,DGS2,US 2Y Yield,4.51
2022-11-21,DGS2,US 2Y Yield,4.48
2022-11-22,DGS2,US 2Y Yield,4.47
2022-11-23,DGS2,US 2Y Yield,4.46
2022-11-25,DGS2,US 2Y Yield,4.42
2022-11-28,DGS2,US 2Y Yield,4.46
2022-11-29,DGS2,US 2Y Yield,4.48
2022-11-30,DGS2,US 2Y Yield,4.38
2022-12-01,DGS2,US 2Y Yield,4.25
2022-12-02,DGS2,US 2Y Yield,4.28
2022-12-05,DGS2,US 2Y Yield,4.41
2022-12-06,DGS2,US 2Y Yield,4.34
2022-12-07,DGS2,US 2Y Yield,4.26
2022-12-08,DGS2,US 2Y Yield,4.31
2022-12-09,DGS2,US 2Y Yield,4.33
2022-12-12,DGS2,US 2Y Yield,4.39
2022-12-13,DGS2,US 2Y Yield,4.22
2022-12-14,DGS2,US 2Y Yield,4.23
2022-12-15,DGS2,US 2Y Yield,4.23
2022-12-16,DGS2,US 2Y Yield,4.17
2022-12-19,DGS2,US 2Y Yield,4.25
2022-12-20,DGS2,US 2Y Yield,4.25
2022-12-21,DGS2,US 2Y Yield,4.21
2022-12-22,DGS2,US 2Y Yield,4.24
2022-12-23,DGS2,US 2Y Yield,4.31
2022-12-27,DGS2,US 2Y Yield,4.32
2022-12-28,DGS2,US 2Y Yield,4.31
2022-12-29,DGS2,US 2Y Yield,4.34
2022-12-30,DGS2,US 2Y Yield,4.41
2023-01-03,DGS2,US 2Y Yield,4.4
2023-01-04,DGS2,US 2Y Yield,4.36
2023-01-05,DGS2,US 2Y Yield,4.45
2023-01-06,DGS2,US 2Y Yield,4.24
2023-01-09,DGS2,US 2Y Yield,4.19
2023-01-10,DGS2,US 2Y Yield,4.24
2023-01-11,DGS2,US 2Y Yield,4.2
2023-01-12,DGS2,US 2Y Yield,4.12
2023-01-13,DGS2,US 2Y Yield,4.22
2023-01-17,DGS2,US 2Y Yield,4.18
2023-01-18,DGS2,US 2Y Yield,4.06
2023-01-19,DGS2,US 2Y Yield,4.09
2023-01-20,DGS2,US 2Y Yield,4.14
2023-01-23,DGS2,US 2Y Yield,4.21
2023-01-24,DGS2,US 2Y Yield,4.12
2023-01-25,DGS2,US 2Y Yield,4.11
2023-01-26,DGS2,US 2Y Yield,4.17
2023-01-27,DGS2,US 2Y Yield,4.19
2023-01-30,DGS2,US 2Y Yield,4.25
2023-01-31,DGS2,US 2Y Yield,4.21
2023-02-01,DGS2,US 2Y Yield,4.09
2023-02-02,DGS2,US 2Y Yield,4.09
2023-02-03,DGS2,US 2Y Yield,4.3
2023-02-06,DGS2,US 2Y Yield,4.44
2023-02-07,DGS2,US 2Y Yield,4.47
2023-02-08,DGS2,US 2Y Yield,4.45
2023-02-09,DGS2,US 2Y Yield,4.48
2023-02-10,DGS2,US 2Y Yield,4.5
2023-02-13,DGS2,US 2Y Yield,4.52
2023-02-14,DGS2,US 2Y Yield,4.6
2023-02-15,DGS2,US 2Y Yield,4.62
2023-02-16,DGS2,US 2Y Yield,4.62
2023-02-17,DGS2,US 2Y Yield,4.6
2023-02-21,DGS2,US 2Y Yield,4.67
2023-02-22,DGS2,US 2Y Yield,4.66
2023-02-23,DGS2,US 2Y Yield,4.66
2023-02-24,DGS2,US 2Y Yield,4.78
2023-02-27,DGS2,US 2Y Yield,4.78
2023-02-28,DGS2,US 2Y Yield,4.81
2023-03-01,DGS2,US 2Y Yield,4.89
2023-03-02,DGS2,US 2Y Yield,4.89
2023-03-03,DGS2,US 2Y Yield,4.86
2023-03-06,DGS2,US 2Y Yield,4.89
2023-03-07,DGS2,US 2Y Yield,5.0
2023-03-08,DGS2,US 2Y Yield,5.05
2023-03-09,DGS2,US 2Y Yield,4.9
2023-03-10,DGS2,US 2Y Yield,4.6
2023-03-13,DGS2,US 2Y Yield,4.03
2023-03-14,DGS2,US 2Y Yield,4.2
2023-03-15,DGS2,US 2Y Yield,3.93
2023-03-16,DGS2,US 2Y Yield,4.14
2023-03-17,DGS2,US 2Y Yield,3.81
2023-03-20,DGS2,US 2Y Yield,3.92
2023-03-21,DGS2,US 2Y Yield,4.17
2023-03-22,DGS2,US 2Y Yield,3.96
2023-03-23,DGS2,US 2Y Yield,3.76
2023-03-24,DGS2,US 2Y Yield,3.76
2023-03-27,DGS2,US 2Y Yield,3.94
2023-03-28,DGS2,US 2Y Yield,4.02
2023-03-29,DGS2,US 2Y Yield,4.08
2023-03-30,DGS2,US 2Y Yield,4.1
2023-03-31,DGS2,US 2Y Yield,4.06
2023-04-03,DGS2,US 2Y Yield,3.97
2023-04-04,DGS2,US 2Y Yield,3.84
2023-04-05,DGS2,US 2Y Yield,3.79
2023-04-06,DGS2,US 2Y Yield,3.82
2023-04-07,DGS2,US 2Y Yield,3.97
2023-04-10,DGS2,US 2Y Yield,4.0
2023-04-11,DGS2,US 2Y Yield,4.03
2023-04-12,DGS2,US 2Y Yield,3.95
2023-04-13,DGS2,US 2Y Yield,3.96
2023-04-14,DGS2,US 2Y Yield,4.08
2023-04-17,DGS2,US 2Y Yield,4.18
2023-04-18,DGS2,US 2Y Yield,4.19
2023-04-19,DGS2,US 2Y Yield,4.24
2023-04-20,DGS2,US 2Y Yield,4.14
2023-04-21,DGS2,US 2Y Yield,4.17
2023-04-24,DGS2,US 2Y Yield,4.12
2023-04-25,DGS2,US 2Y Yield,3.86
2023-04-26,DGS2,US 2Y Yield,3.9
2023-04-27,DGS2,US 2Y Yield,4.07
2023-04-28,DGS2,US 2Y Yield,4.04
2023-05-01,DGS2,US 2Y Yield,4.14
2023-05-02,DGS2,US 2Y Yield,3.97
2023-05-03,DGS2,US 2Y Yield,3.89
2023-05-04,DGS2,US 2Y Yield,3.75
2023-05-05,DGS2,US 2Y Yield,3.92
2023-05-08,DGS2,US 2Y Yield,4.0
2023-05-09,DGS2,US 2Y Yield,4.01
2023-05-10,DGS2,US 2Y Yield,3.9
2023-05-11,DGS2,US 2Y Yield,3.89
2023-05-12,DGS2,US 2Y Yield,3.98
2023-05-15,DGS2,US 2Y Yield,3.99
2023-05-16,DGS2,US 2Y Yield,4.06
2023-05-17,DGS2,US 2Y Yield,4.12
2023-05-18,DGS2,US 2Y Yield,4.24
2023-05-19,DGS2,US 2Y Yield,4.28
2023-05-22,DGS2,US 2Y Yield,4.29
2023-05-23,DGS2,US 2Y Yield,4.26
2023-05-24,DGS2,US 2Y Yield,4.31
2023-05-25,DGS2,US 2Y Yield,4.5
2023-05-26,DGS2,US 2Y Yield,4.54
2023-05-30,DGS2,US 2Y Yield,4.46
2023-05-31,DGS2,US 2Y Yield,4.4
2023-06-01,DGS2,US 2Y Yield,4.33
2023-06-02,DGS2,US 2Y Yield,4.5
2023-06-05,DGS2,US 2Y Yield,4.46
2023-06-06,DGS2,US 2Y Yield,4.51
2023-06-07,DGS2,US 2Y Yield,4.56
2023-06-08,DGS2,US 2Y Yield,4.52
2023-06-09,DGS2,US 2Y Yield,4.59
2023-06-12,DGS2,US 2Y Yield,4.55
2023-06-13,DGS2,US 2Y Yield,4.67
2023-06-14,DGS2,US 2Y Yield,4.74
2023-06-15,DGS2,US 2Y Yield,4.62
2023-06-16,DGS2,US 2Y Yield,4.7
2023-06-20,DGS2,US 2Y Yield,4.68
2023-06-21,DGS2,US 2Y Yield,4.68
2023-06-22,DGS2,US 2Y Yield,4.77
2023-06-23,DGS2,US 2Y Yield,4.71
2023-06-26,DGS2,US 2Y Yield,4.65
2023-06-27,DGS2,US 2Y Yield,4.74
2023-06-28,DGS2,US 2Y Yield,4.71
2023-06-29,DGS2,US 2Y Yield,4.87
2023-06-30,DGS2,US 2Y Yield,4.87
2023-07-03,DGS2,US 2Y Yield,4.94
2023-07-05,DGS2,US 2Y Yield,4.94
2023-07-06,DGS2,US 2Y Yield,4.99
2023-07-07,DGS2,US 2Y Yield,4.94
2023-07-10,DGS2,US 2Y Yield,4.85
2023-07-11,DGS2,US 2Y Yield,4.88
2023-07-12,DGS2,US 2Y Yield,4.72
2023-07-13,DGS2,US 2Y Yield,4.59
2023-07-14,DGS2,US 2Y Yield,4.74
2023-07-17,DGS2,US 2Y Yield,4.74
2023-07-18,DGS2,US 2Y Yield,4.74
2023-07-19,DGS2,US 2Y Yield,4.74
2023-07-20,DGS2,US 2Y Yield,4.8
2023-07-21,DGS2,US 2Y Yield,4.82
2023-07-24,DGS2,US 2Y Yield,4.81
2023-07-25,DGS2,US 2Y Yield,4.85
2023-07-26,DGS2,US 2Y Yield,4.82
2023-07-27,DGS2,US 2Y Yield,4.91
2023-07-28,DGS2,US 2Y Yield,4.87
2023-07-31,DGS2,US 2Y Yield,4.88
2023-08-01,DGS2,US 2Y Yield,4.92
2023-08-02,DGS2,US 2Y Yield,4.88
2023-08-03,DGS2,US 2Y Yield,4.9
2023-08-04,DGS2,US 2Y Yield,4.78
2023-08-07,DGS2,US 2Y Yield,4.76
2023-08-08,DGS2,US 2Y Yield,4.74
2023-08-09,DGS2,US 2Y Yield,4.79
2023-08-10,DGS2,US 2Y Yield,4.82
2023-08-11,DGS2,US 2Y Yield,4.89
2023-08-14,DGS2,US 2Y Yield,4.96
2023-08-15,DGS2,US 2Y Yield,4.92
2023-08-16,DGS2,US 2Y Yield,4.97
2023-08-17,DGS2,US 2Y Yield,4.94
2023-08-18,DGS2,US 2Y Yield,4.92
2023-08-21,DGS2,US 2Y Yield,4.97
2023-08-22,DGS2,US 2Y Yield,5.02
2023-08-23,DGS2,US 2Y Yield,4.95
2023-08-24,DGS2,US 2Y Yield,4.98
2023-08-25,DGS2,US 2Y Yield,5.03
2023-08-28,DGS2,US 2Y Yield,4.98
2023-08-29,DGS2,US 2Y Yield,4.87
2023-08-30,DGS2,US 2Y Yield,4.9
2023-08-31,DGS2,US 2Y Yield,4.85
2023-09-01,DGS2,US 2Y Yield,4.87
2023-09-05,DGS2,US 2Y Yield,4.94
2023-09-06,DGS2,US 2Y Yield,5.01
2023-09-07,DGS2,US 2Y Yield,4.94
2023-09-08,DGS2,US 2Y Yield,4.98
2023-09-11,DGS2,US 2Y Yield,4.97
2023-09-12,DGS2,US 2Y Yield,4.98
2023-09-13,DGS2,US 2Y Yield,4.96
2023-09-14,DGS2,US 2Y Yield,5.0
2023-09-15,DGS2,US 2Y Yield,5.02
2023-09-18,DGS2,US 2Y Yield,5.05
2023-09-19,DGS2,US 2Y Yield,5.08
2023-09-20,DGS2,US 2Y Yield,5.12
2023-09-21,DGS2,US 2Y Yield,5.12
2023-09-22,DGS2,US 2Y Yield,5.1
2023-09-25,DGS2,US 2Y Yield,5.09
2023-09-26,DGS2,US 2Y Yield,5.04
2023-09-27,DGS2,US 2Y Yield,5.1
2023-09-28,DGS2,US 2Y Yield,5.04
2023-09-29,DGS2,US 2Y Yield,5.03
2023-10-02,DGS2,US 2Y Yield,5.12
2023-10-03,DGS2,US 2Y Yield,5.15
2023-10-04,DGS2,US 2Y Yield,5.05
2023-10-05,DGS2,US 2Y Yield,5.03
2023-10-06,DGS2,US 2Y Yield,5.08
2023-10-10,DGS2,US 2Y Yield,4.96
2023-10-11,DGS2,US 2Y Yield,4.99
2023-10-12,DGS2,US 2Y Yield,5.06
2023-10-13,DGS2,US 2Y Yield,5.04
2023-10-16,DGS2,US 2Y Yield,5.09
2023-10-17,DGS2,US 2Y Yield,5.19
2023-10-18,DGS2,US 2Y Yield,5.19
2023-10-19,DGS2,US 2Y Yield,5.14
2023-10-20,DGS2,US 2Y Yield,5.07
2023-10-23,DGS2,US 2Y Yield,5.05
2023-10-24,DGS2,US 2Y Yield,5.02
2023-10-25,DGS2,US 2Y Yield,5.08
2023-10-26,DGS2,US 2Y Yield,5.02
2023-10-27,DGS2,US 2Y Yield,4.99
2023-10-30,DGS2,US 2Y Yield,5.03
2023-10-31,DGS2,US 2Y Yield,5.07
2023-11-01,DGS2,US 2Y Yield,4.95
2023-11-02,DGS2,US 2Y Yield,4.98
2023-11-03,DGS2,US 2Y Yield,4.83
2023-11-06,DGS2,US 2Y Yield,4.93
2023-11-07,DGS2,US 2Y Yield,4.91
2023-11-08,DGS2,US 2Y Yield,4.93
2023-11-09,DGS2,US 2Y Yield,5.03
2023-11-10,DGS2,US 2Y Yield,5.04
2023-11-13,DGS2,US 2Y Yield,5.02
2023-11-14,DGS2,US 2Y Yield,4.8
2023-11-15,DGS2,US 2Y Yield,4.9
2023-11-16,DGS2,US 2Y Yield,4.83
2023-11-17,DGS2,US 2Y Yield,4.88
2023-11-20,DGS2,US 2Y Yield,4.89
2023-11-21,DGS2,US 2Y Yield,4.86
2023-11-22,DGS2,US 2Y Yield,4.89
2023-11-24,DGS2,US 2Y Yield,4.92
2023-11-27,DGS2,US 2Y Yield,4.84
2023-11-28,DGS2,US 2Y Yield,4.73
2023-11-29,DGS2,US 2Y Yield,4.64
2023-11-30,DGS2,US 2Y Yield,4.73
2023-12-01,DGS2,US 2Y Yield,4.56
2023-12-04,DGS2,US 2Y Yield,4.64
2023-12-05,DGS2,US 2Y Yield,4.57
2023-12-06,DGS2,US 2Y Yield,4.6
2023-12-07,DGS2,US 2Y Yield,4.58
2023-12-08,DGS2,US 2Y Yield,4.71
2023-12-11,DGS2,US 2Y Yield,4.71
2023-12-12,DGS2,US 2Y Yield,4.73
2023-12-13,DGS2,US 2Y Yield,4.46
2023-12-14,DGS2,US 2Y Yield,4.37
2023-12-15,DGS2,US 2Y Yield,4.44
2023-12-18,DGS2,US 2Y Yield,4.43
2023-12-19,DGS2,US 2Y Yield,4.41
2023-12-20,DGS2,US 2Y Yield,4.34
2023-12-21,DGS2,US 2Y Yield,4.33
2023-12-22,DGS2,US 2Y Yield,4.31
2023-12-26,DGS2,US 2Y Yield,4.26
2023-12-27,DGS2,US 2Y Yield,4.2
2023-12-28,DGS2,US 2Y Yield,4.26
2023-12-29,DGS2,US 2Y Yield,4.23
2024-01-02,DGS2,US 2Y Yield,4.33
2024-01-03,DGS2,US 2Y Yield,4.33
2024-01-04,DGS2,US 2Y Yield,4.38
2024-01-05,DGS2,US 2Y Yield,4.4
2024-01-08,DGS2,US 2Y Yield,4.36
2024-01-09,DGS2,US 2Y Yield,4.36
2024-01-10,DGS2,US 2Y Yield,4.37
2024-01-11,DGS2,US 2Y Yield,4.26
2024-01-12,DGS2,US 2Y Yield,4.14
2024-01-16,DGS2,US 2Y Yield,4.22
2024-01-17,DGS2,US 2Y Yield,4.34
2024-01-18,DGS2,US 2Y Yield,4.34
2024-01-19,DGS2,US 2Y Yield,4.39
2024-01-22,DGS2,US 2Y Yield,4.37
2024-01-23,DGS2,US 2Y Yield,4.31
2024-01-24,DGS2,US 2Y Yield,4.34
2024-01-25,DGS2,US 2Y Yield,4.28
2024-01-26,DGS2,US 2Y Yield,4.34
2024-01-29,DGS2,US 2Y Yield,4.29
2024-01-30,DGS2,US 2Y Yield,4.36
2024-01-31,DGS2,US 2Y Yield,4.27
2024-02-01,DGS2,US 2Y Yield,4.2
2024-02-02,DGS2,US 2Y Yield,4.36
2024-02-05,DGS2,US 2Y Yield,4.46
2024-02-06,DGS2,US 2Y Yield,4.39
2024-02-07,DGS2,US 2Y Yield,4.41
2024-02-08,DGS2,US 2Y Yield,4.46
2024-02-09,DGS2,US 2Y Yield,4.48
2024-02-12,DGS2,US 2Y Yield,4.46
2024-02-13,DGS2,US 2Y Yield,4.64
2024-02-14,DGS2,US 2Y Yield,4.56
2024-02-15,DGS2,US 2Y Yield,4.56
2024-02-16,DGS2,US 2Y Yield,4.64
2024-02-20,DGS2,US 2Y Yield,4.59
2024-02-21,DGS2,US 2Y Yield,4.64
2024-02-22,DGS2,US 2Y Yield,4.69
2024-02-23,DGS2,US 2Y Yield,4.67
2024-02-26,DGS2,US 2Y Yield,4.69
2024-02-27,DGS2,US 2Y Yield,4.7
2024-02-28,DGS2,US 2Y Yield,4.64
2024-02-29,DGS2,US 2Y Yield,4.64
2024-03-01,DGS2,US 2Y Yield,4.54
2024-03-04,DGS2,US 2Y Yield,4.61
2024-03-05,DGS2,US 2Y Yield,4.54
2024-03-06,DGS2,US 2Y Yield,4.55
2024-03-07,DGS2,US 2Y Yield,4.5
2024-03-08,DGS2,US 2Y Yield,4.48
2024-03-11,DGS2,US 2Y Yield,4.51
2024-03-12,DGS2,US 2Y Yield,4.58
2024-03-13,DGS2,US 2Y Yield,4.61
2024-03-14,DGS2,US 2Y Yield,4.68
2024-03-15,DGS2,US 2Y Yield,4.72
2024-03-18,DGS2,US 2Y Yield,4.73
2024-03-19,DGS2,US 2Y Yield,4.68
2024-03-20,DGS2,US 2Y Yield,4.59
2024-03-21,DGS2,US 2Y Yield,4.62
2024-03-22,DGS2,US 2Y Yield,4.59
2024-03-25,DGS2,US 2Y Yield,4.54
2024-03-26,DGS2,US 2Y Yield,4.56
2024-03-27,DGS2,US 2Y Yield,4.54
2024-03-28,DGS2,US 2Y Yield,4.59
2024-04-01,DGS2,US 2Y Yield,4.72
2024-04-02,DGS2,US 2Y Yield,4.7
2024-04-03,DGS2,US 2Y Yield,4.68
2024-04-04,DGS2,US 2Y Yield,4.65
2024-04-05,DGS2,US 2Y Yield,4.73
2024-04-08,DGS2,US 2Y Yield,4.78
2024-04-09,DGS2,US 2Y Yield,4.74
2024-04-10,DGS2,US 2Y Yield,4.97
2024-04-11,DGS2,US 2Y Yield,4.93
2024-04-12,DGS2,US 2Y Yield,4.88
2024-04-15,DGS2,US 2Y Yield,4.93
2024-04-16,DGS2,US 2Y Yield,4.97
2024-04-17,DGS2,US 2Y Yield,4.93
2024-04-18,DGS2,US 2Y Yield,4.98
2024-04-19,DGS2,US 2Y Yield,4.97
2024-04-22,DGS2,US 2Y Yield,4.97
2024-04-23,DGS2,US 2Y Yield,4.86
2024-04-24,DGS2,US 2Y Yield,4.89
2024-04-25,DGS2,US 2Y Yield,4.96
2024-04-26,DGS2,US 2Y Yield,4.96
2024-04-29,DGS2,US 2Y Yield,4.97
2024-04-30,DGS2,US 2Y Yield,5.04
2024-05-01,DGS2,US 2Y Yield,4.96
2024-05-02,DGS2,US 2Y Yield,4.87
2024-05-03,DGS2,US 2Y Yield,4.81
2024-05-06,DGS2,US 2Y Yield,4.82
2024-05-07,DGS2,US 2Y Yield,4.82
2024-05-08,DGS2,US 2Y Yield,4.84
2024-05-09,DGS2,US 2Y Yield,4.8
2024-05-10,DGS2,US 2Y Yield,4.87
2024-05-13,DGS2,US 2Y Yield,4.85
2024-05-14,DGS2,US 2Y Yield,4.81
2024-05-15,DGS2,US 2Y Yield,4.73
2024-05-16,DGS2,US 2Y Yield,4.78
2024-05-17,DGS2,US 2Y Yield,4.83
2024-05-20,DGS2,US 2Y Yield,4.82
2024-05-21,DGS2,US 2Y Yield,4.82
2024-05-22,DGS2,US 2Y Yield,4.86
2024-05-23,DGS2,US 2Y Yield,4.91
2024-05-24,DGS2,US 2Y Yield,4.93
2024-05-28,DGS2,US 2Y Yield,4.94
2024-05-29,DGS2,US 2Y Yield,4.96
2024-05-30,DGS2,US 2Y Yield,4.92
2024-05-31,DGS2,US 2Y Yield,4.89
2024-06-03,DGS2,US 2Y Yield,4.82
2024-06-04,DGS2,US 2Y Yield,4.77
2024-06-05,DGS2,US 2Y Yield,4.72
2024-06-06,DGS2,US 2Y Yield,4.72
2024-06-07,DGS2,US 2Y Yield,4.87
2024-06-10,DGS2,US 2Y Yield,4.87
2024-06-11,DGS2,US 2Y Yield,4.81
2024-06-12,DGS2,US 2Y Yield,4.75
2024-06-13,DGS2,US 2Y Yield,4.68
2024-06-14,DGS2,US 2Y Yield,4.67
2024-06-17,DGS2,US 2Y Yield,4.75
2024-06-18,DGS2,US 2Y Yield,4.69
2024-06-20,DGS2,US 2Y Yield,4.7
2024-06-21,DGS2,US 2Y Yield,4.7
2024-06-24,DGS2,US 2Y Yield,4.71
2024-06-25,DGS2,US 2Y Yield,4.65
2024-06-26,DGS2,US 2Y Yield,4.71
2024-06-27,DGS2,US 2Y Yield,4.7
2024-06-28,DGS2,US 2Y Yield,4.71
2024-07-01,DGS2,US 2Y Yield,4.77
2024-07-02,DGS2,US 2Y Yield,4.74
2024-07-03,DGS2,US 2Y Yield,4.71
2024-07-05,DGS2,US 2Y Yield,4.6
2024-07-08,DGS2,US 2Y Yield,4.62
2024-07-09,DGS2,US 2Y Yield,4.62
2024-07-10,DGS2,US 2Y Yield,4.62
2024-07-11,DGS2,US 2Y Yield,4.5
2024-07-12,DGS2,US 2Y Yield,4.45
2024-07-15,DGS2,US 2Y Yield,4.44
2024-07-16,DGS2,US 2Y Yield,4.43
2024-07-17,DGS2,US 2Y Yield,4.42
2024-07-18,DGS2,US 2Y Yield,4.46
2024-07-19,DGS2,US 2Y Yield,4.49
2024-07-22,DGS2,US 2Y Yield,4.5
2024-07-23,DGS2,US 2Y Yield,4.4
2024-07-24,DGS2,US 2Y Yield,4.37
2024-07-25,DGS2,US 2Y Yield,4.41
2024-07-26,DGS2,US 2Y Yield,4.36
2024-07-29,DGS2,US 2Y Yield,4.36
2024-07-30,DGS2,US 2Y Yield,4.35
2024-07-31,DGS2,US 2Y Yield,4.29
2024-08-01,DGS2,US 2Y Yield,4.16
2024-08-02,DGS2,US 2Y Yield,3.88
2024-08-05,DGS2,US 2Y Yield,3.89
2024-08-06,DGS2,US 2Y Yield,3.99
2024-08-07,DGS2,US 2Y Yield,4.0
2024-08-08,DGS2,US 2Y Yield,4.04
2024-08-09,DGS2,US 2Y Yield,4.05
2024-08-12,DGS2,US 2Y Yield,4.01
2024-08-13,DGS2,US 2Y Yield,3.93
2024-08-14,DGS2,US 2Y Yield,3.94
2024-08-15,DGS2,US 2Y Yield,4.08
2024-08-16,DGS2,US 2Y Yield,4.06
2024-08-19,DGS2,US 2Y Yield,4.06
2024-08-20,DGS2,US 2Y Yield,3.99
2024-08-21,DGS2,US 2Y Yield,3.92
2024-08-22,DGS2,US 2Y Yield,3.99
2024-08-23,DGS2,US 2Y Yield,3.9
2024-08-26,DGS2,US 2Y Yield,3.91
2024-08-27,DGS2,US 2Y Yield,3.83
2024-08-28,DGS2,US 2Y Yield,3.83
2024-08-29,DGS2,US 2Y Yield,3.87
2024-08-30,DGS2,US 2Y Yield,3.91
2024-09-03,DGS2,US 2Y Yield,3.88
2024-09-04,DGS2,US 2Y Yield,3.76
2024-09-05,DGS2,US 2Y Yield,3.75
2024-09-06,DGS2,US 2Y Yield,3.66
2024-09-09,DGS2,US 2Y Yield,3.68
2024-09-10,DGS2,US 2Y Yield,3.59
2024-09-11,DGS2,US 2Y Yield,3.62
2024-09-12,DGS2,US 2Y Yield,3.64
2024-09-13,DGS2,US 2Y Yield,3.57
2024-09-16,DGS2,US 2Y Yield,3.56
2024-09-17,DGS2,US 2Y Yield,3.59
2024-09-18,DGS2,US 2Y Yield,3.61
2024-09-19,DGS2,US 2Y Yield,3.59
2024-09-20,DGS2,US 2Y Yield,3.55
2024-09-23,DGS2,US 2Y Yield,3.57
2024-09-24,DGS2,US 2Y Yield,3.49
2024-09-25,DGS2,US 2Y Yield,3.53
2024-09-26,DGS2,US 2Y Yield,3.6
2024-09-27,DGS2,US 2Y Yield,3.55
2024-09-30,DGS2,US 2Y Yield,3.66
2024-10-01,DGS2,US 2Y Yield,3.61
2024-10-02,DGS2,US 2Y Yield,3.63
2024-10-03,DGS2,US 2Y Yield,3.7
2024-10-04,DGS2,US 2Y Yield,3.93
2024-10-07,DGS2,US 2Y Yield,3.99
2024-10-08,DGS2,US 2Y Yield,3.98
2024-10-09,DGS2,US 2Y Yield,3.99
2024-10-10,DGS2,US 2Y Yield,3.98
2024-10-11,DGS2,US 2Y Yield,3.95
2024-10-15,DGS2,US 2Y Yield,3.95
2024-10-16,DGS2,US 2Y Yield,3.93
2024-10-17,DGS2,US 2Y Yield,3.96
2024-10-18,DGS2,US 2Y Yield,3.95
2024-10-21,DGS2,US 2Y Yield,4.02
2024-10-22,DGS2,US 2Y Yield,4.03
2024-10-23,DGS2,US 2Y Yield,4.07
2024-10-24,DGS2,US 2Y Yield,4.07
2024-10-25,DGS2,US 2Y Yield,4.11
2024-10-28,DGS2,US 2Y Yield,4.12
2024-10-29,DGS2,US 2Y Yield,4.11
2024-10-30,DGS2,US 2Y Yield,4.15
2024-10-31,DGS2,US 2Y Yield,4.16
2024-11-01,DGS2,US 2Y Yield,4.21
2024-11-04,DGS2,US 2Y Yield,4.17
2024-11-05,DGS2,US 2Y Yield,4.19
2024-11-06,DGS2,US 2Y Yield,4.27
2024-11-07,DGS2,US 2Y Yield,4.21
2024-11-08,DGS2,US 2Y Yield,4.26
2024-11-12,DGS2,US 2Y Yield,4.34
2024-11-13,DGS2,US 2Y Yield,4.27
2024-11-14,DGS2,US 2Y Yield,4.34
2024-11-15,DGS2,US 2Y Yield,4.31
2024-11-18,DGS2,US 2Y Yield,4.29
2024-11-19,DGS2,US 2Y Yield,4.27
2024-11-20,DGS2,US 2Y Yield,4.31
2024-11-21,DGS2,US 2Y Yield,4.34
2024-11-22,DGS2,US 2Y Yield,4.37
2024-11-25,DGS2,US 2Y Yield,4.21
2024-11-26,DGS2,US 2Y Yield,4.21
2024-11-27,DGS2,US 2Y Yield,4.19
2024-11-29,DGS2,US 2Y Yield,4.13
2024-12-02,DGS2,US 2Y Yield,4.17
2024-12-03,DGS2,US 2Y Yield,4.17
2024-12-04,DGS2,US 2Y Yield,4.13
2024-12-05,DGS2,US 2Y Yield,4.15
2024-12-06,DGS2,US 2Y Yield,4.1
2024-12-09,DGS2,US 2Y Yield,4.13
2024-12-10,DGS2,US 2Y Yield,4.15
2024-12-11,DGS2,US 2Y Yield,4.15
2024-12-12,DGS2,US 2Y Yield,4.18
2024-12-13,DGS2,US 2Y Yield,4.25
2024-12-16,DGS2,US 2Y Yield,4.25
2024-12-17,DGS2,US 2Y Yield,4.25
2024-12-18,DGS2,US 2Y Yield,4.35
2024-12-19,DGS2,US 2Y Yield,4.32
2024-12-20,DGS2,US 2Y Yield,4.3
2024-12-23,DGS2,US 2Y Yield,4.3
2024-12-24,DGS2,US 2Y Yield,4.29
2024-12-26,DGS2,US 2Y Yield,4.3
2024-12-27,DGS2,US 2Y Yield,4.31
2024-12-30,DGS2,US 2Y Yield,4.24
2024-12-31,DGS2,US 2Y Yield,4.25
2025-01-02,DGS2,US 2Y Yield,4.25
2025-01-03,DGS2,US 2Y Yield,4.28
2025-01-06,DGS2,US 2Y Yield,4.28
2025-01-07,DGS2,US 2Y Yield,4.3
2025-01-08,DGS2,US 2Y Yield,4.28
2025-01-09,DGS2,US 2Y Yield,4.27
2025-01-10,DGS2,US 2Y Yield,4.4
2025-01-13,DGS2,US 2Y Yield,4.4
2025-01-14,DGS2,US 2Y Yield,4.37
2025-01-15,DGS2,US 2Y Yield,4.27
2025-01-16,DGS2,US 2Y Yield,4.23
2025-01-17,DGS2,US 2Y Yield,4.27
2025-01-21,DGS2,US 2Y Yield,4.29
2025-01-22,DGS2,US 2Y Yield,4.29
2025-01-23,DGS2,US 2Y Yield,4.29
2025-01-24,DGS2,US 2Y Yield,4.27
2025-01-27,DGS2,US 2Y Yield,4.17
2025-01-28,DGS2,US 2Y Yield,4.19
2025-01-29,DGS2,US 2Y Yield,4.21
2025-01-30,DGS2,US 2Y Yield,4.18
2025-01-31,DGS2,US 2Y Yield,4.22
2025-02-03,DGS2,US 2Y Yield,4.26
2025-02-04,DGS2,US 2Y Yield,4.21
2025-02-05,DGS2,US 2Y Yield,4.17
2025-02-06,DGS2,US 2Y Yield,4.21
2025-02-07,DGS2,US 2Y Yield,4.29
2025-02-10,DGS2,US 2Y Yield,4.28
2025-02-11,DGS2,US 2Y Yield,4.29
2025-02-12,DGS2,US 2Y Yield,4.36
2025-02-13,DGS2,US 2Y Yield,4.31
2025-02-14,DGS2,US 2Y Yield,4.26
2025-02-18,DGS2,US 2Y Yield,4.29
2025-02-19,DGS2,US 2Y Yield,4.28
2025-02-20,DGS2,US 2Y Yield,4.28
2025-02-21,DGS2,US 2Y Yield,4.19
2025-02-24,DGS2,US 2Y Yield,4.13
2025-02-25,DGS2,US 2Y Yield,4.07
2025-02-26,DGS2,US 2Y Yield,4.05
2025-02-27,DGS2,US 2Y Yield,4.07
2025-02-28,DGS2,US 2Y Yield,3.99
2025-03-03,DGS2,US 2Y Yield,3.96
2025-03-04,DGS2,US 2Y Yield,3.96
2025-03-05,DGS2,US 2Y Yield,3.99
2025-03-06,DGS2,US 2Y Yield,3.96
2025-03-07,DGS2,US 2Y Yield,3.99
2025-03-10,DGS2,US 2Y Yield,3.89
2025-03-11,DGS2,US 2Y Yield,3.94
2025-03-12,DGS2,US 2Y Yield,4.01
2025-03-13,DGS2,US 2Y Yield,3.94
2025-03-14,DGS2,US 2Y Yield,4.02
2025-03-17,DGS2,US 2Y Yield,4.06
2025-03-18,DGS2,US 2Y Yield,4.04
2025-03-19,DGS2,US 2Y Yield,3.99
2025-03-20,DGS2,US 2Y Yield,3.95
2025-03-21,DGS2,US 2Y Yield,3.94
2025-03-24,DGS2,US 2Y Yield,4.04
2025-03-25,DGS2,US 2Y Yield,3.96
2025-03-26,DGS2,US 2Y Yield,3.98
2025-03-27,DGS2,US 2Y Yield,3.97
2025-03-28,DGS2,US 2Y Yield,3.89
2025-03-31,DGS2,US 2Y Yield,3.89
2025-04-01,DGS2,US 2Y Yield,3.87
2025-04-02,DGS2,US 2Y Yield,3.91
2025-04-03,DGS2,US 2Y Yield,3.71
2025-04-04,DGS2,US 2Y Yield,3.68
2025-04-07,DGS2,US 2Y Yield,3.73
2025-04-08,DGS2,US 2Y Yield,3.71
2025-04-09,DGS2,US 2Y Yield,3.91
2025-04-10,DGS2,US 2Y Yield,3.84
2025-04-11,DGS2,US 2Y Yield,3.96
2025-04-14,DGS2,US 2Y Yield,3.84
2025-04-15,DGS2,US 2Y Yield,3.84
2025-04-16,DGS2,US 2Y Yield,3.77
2025-04-17,DGS2,US 2Y Yield,3.81
2025-04-21,DGS2,US 2Y Yield,3.75
2025-04-22,DGS2,US 2Y Yield,3.76
2025-04-23,DGS2,US 2Y Yield,3.81
2025-04-24,DGS2,US 2Y Yield,3.77
2025-04-25,DGS2,US 2Y Yield,3.74
2025-04-28,DGS2,US 2Y Yield,3.67
2025-04-29,DGS2,US 2Y Yield,3.65
2025-04-30,DGS2,US 2Y Yield,3.6
2025-05-01,DGS2,US 2Y Yield,3.7
2025-05-02,DGS2,US 2Y Yield,3.83
2025-05-05,DGS2,US 2Y Yield,3.83
2025-05-06,DGS2,US 2Y Yield,3.78
2025-05-07,DGS2,US 2Y Yield,3.78
2025-05-08,DGS2,US 2Y Yield,3.9
2025-05-09,DGS2,US 2Y Yield,3.88
2025-05-12,DGS2,US 2Y Yield,3.98
2025-05-13,DGS2,US 2Y Yield,4.02
2025-05-14,DGS2,US 2Y Yield,4.05
2025-05-15,DGS2,US 2Y Yield,3.96
2025-05-16,DGS2,US 2Y Yield,3.98
2025-05-19,DGS2,US 2Y Yield,3.97
2025-05-20,DGS2,US 2Y Yield,3.97
2025-05-21,DGS2,US 2Y Yield,4.0
2025-05-22,DGS2,US 2Y Yield,4.0
2025-05-23,DGS2,US 2Y Yield,4.0
2025-05-27,DGS2,US 2Y Yield,3.92
2025-05-28,DGS2,US 2Y Yield,3.96
2025-05-29,DGS2,US 2Y Yield,3.92
2025-05-30,DGS2,US 2Y Yield,3.89
2025-06-02,DGS2,US 2Y Yield,3.94
2025-06-03,DGS2,US 2Y Yield,3.96
2025-06-04,DGS2,US 2Y Yield,3.87
2025-06-05,DGS2,US 2Y Yield,3.92
2025-06-06,DGS2,US 2Y Yield,4.04
2025-06-09,DGS2,US 2Y Yield,4.01
2025-06-10,DGS2,US 2Y Yield,4.01
2025-06-11,DGS2,US 2Y Yield,3.94
2025-06-12,DGS2,US 2Y Yield,3.9
2025-06-13,DGS2,US 2Y Yield,3.96
2025-06-16,DGS2,US 2Y Yield,3.97
2025-06-17,DGS2,US 2Y Yield,3.94
2025-06-18,DGS2,US 2Y Yield,3.94
2025-06-20,DGS2,US 2Y Yield,3.9
2025-06-23,DGS2,US 2Y Yield,3.84
2025-06-24,DGS2,US 2Y Yield,3.75
2025-06-25,DGS2,US 2Y Yield,3.74
2025-06-26,DGS2,US 2Y Yield,3.7
2025-06-27,DGS2,US 2Y Yield,3.73
2025-06-30,DGS2,US 2Y Yield,3.72
2025-07-01,DGS2,US 2Y Yield,3.78
2025-07-02,DGS2,US 2Y Yield,3.78
2025-07-03,DGS2,US 2Y Yield,3.88
2025-07-07,DGS2,US 2Y Yield,3.9
2025-07-08,DGS2,US 2Y Yield,3.9
2025-07-09,DGS2,US 2Y Yield,3.86
2025-07-10,DGS2,US 2Y Yield,3.86
2025-07-11,DGS2,US 2Y Yield,3.9
2025-07-14,DGS2,US 2Y Yield,3.9
2025-07-15,DGS2,US 2Y Yield,3.95
2025-07-16,DGS2,US 2Y Yield,3.88
2025-07-17,DGS2,US 2Y Yield,3.91
2025-07-18,DGS2,US 2Y Yield,3.88
2025-07-21,DGS2,US 2Y Yield,3.85
2025-07-22,DGS2,US 2Y Yield,3.83
2025-07-23,DGS2,US 2Y Yield,3.88
2025-07-24,DGS2,US 2Y Yield,3.91
2025-07-25,DGS2,US 2Y Yield,3.91
2025-07-28,DGS2,US 2Y Yield,3.91
2025-07-29,DGS2,US 2Y Yield,3.86
2025-07-30,DGS2,US 2Y Yield,3.94
2025-07-31,DGS2,US 2Y Yield,3.94
2025-08-01,DGS2,US 2Y Yield,3.69
2025-08-04,DGS2,US 2Y Yield,3.69
2025-08-05,DGS2,US 2Y Yield,3.72
2025-08-06,DGS2,US 2Y Yield,3.69
2025-08-07,DGS2,US 2Y Yield,3.72
2025-08-08,DGS2,US 2Y Yield,3.76
2025-08-11,DGS2,US 2Y Yield,3.76
2025-08-12,DGS2,US 2Y Yield,3.72
2025-08-13,DGS2,US 2Y Yield,3.67
2025-08-14,DGS2,US 2Y Yield,3.74
2025-08-15,DGS2,US 2Y Yield,3.75
2025-08-18,DGS2,US 2Y Yield,3.77
2025-08-19,DGS2,US 2Y Yield,3.75
2025-08-20,DGS2,US 2Y Yield,3.74
2025-08-21,DGS2,US 2Y Yield,3.79
2025-08-22,DGS2,US 2Y Yield,3.68
2025-08-25,DGS2,US 2Y Yield,3.73
2025-08-26,DGS2,US 2Y Yield,3.61
2025-08-27,DGS2,US 2Y Yield,3.59
2025-08-28,DGS2,US 2Y Yield,3.62
2025-08-29,DGS2,US 2Y Yield,3.59
2025-09-02,DGS2,US 2Y Yield,3.66
2025-09-03,DGS2,US 2Y Yield,3.61
2025-09-04,DGS2,US 2Y Yield,3.59
2025-09-05,DGS2,US 2Y Yield,3.51
2025-09-08,DGS2,US 2Y Yield,3.49
2025-09-09,DGS2,US 2Y Yield,3.54
2025-09-10,DGS2,US 2Y Yield,3.54
2025-09-11,DGS2,US 2Y Yield,3.52
2025-09-12,DGS2,US 2Y Yield,3.56
2025-09-15,DGS2,US 2Y Yield,3.54
2025-09-16,DGS2,US 2Y Yield,3.51
2025-09-17,DGS2,US 2Y Yield,3.52
2025-09-18,DGS2,US 2Y Yield,3.57
2025-09-19,DGS2,US 2Y Yield,3.57
2025-09-22,DGS2,US 2Y Yield,3.61
2025-09-23,DGS2,US 2Y Yield,3.53
2025-09-24,DGS2,US 2Y Yield,3.57
2025-09-25,DGS2,US 2Y Yield,3.64
2025-09-26,DGS2,US 2Y Yield,3.63
2025-09-29,DGS2,US 2Y Yield,3.63
2025-09-30,DGS2,US 2Y Yield,3.6
2025-10-01,DGS2,US 2Y Yield,3.55
2025-10-02,DGS2,US 2Y Yield,3.55
2025-10-03,DGS2,US 2Y Yield,3.58
2025-10-06,DGS2,US 2Y Yield,3.6
2025-10-07,DGS2,US 2Y Yield,3.57
2025-10-08,DGS2,US 2Y Yield,3.58
2025-10-09,DGS2,US 2Y Yield,3.6
2025-10-10,DGS2,US 2Y Yield,3.52
2025-10-14,DGS2,US 2Y Yield,3.48
2025-10-15,DGS2,US 2Y Yield,3.5
2025-10-16,DGS2,US 2Y Yield,3.41
2025-10-17,DGS2,US 2Y Yield,3.46
2025-10-20,DGS2,US 2Y Yield,3.46
2025-10-21,DGS2,US 2Y Yield,3.45
2025-10-22,DGS2,US 2Y Yield,3.45
2025-10-23,DGS2,US 2Y Yield,3.48
2025-10-24,DGS2,US 2Y Yield,3.48
2025-10-27,DGS2,US 2Y Yield,3.48
2025-10-28,DGS2,US 2Y Yield,3.47
2025-10-29,DGS2,US 2Y Yield,3.59
2025-10-30,DGS2,US 2Y Yield,3.61
2025-10-31,DGS2,US 2Y Yield,3.6
2025-11-03,DGS2,US 2Y Yield,3.6
2025-11-04,DGS2,US 2Y Yield,3.58
2025-11-05,DGS2,US 2Y Yield,3.63
2025-11-06,DGS2,US 2Y Yield,3.57
2025-11-07,DGS2,US 2Y Yield,3.55
2025-11-10,DGS2,US 2Y Yield,3.58
2025-11-12,DGS2,US 2Y Yield,3.56
2025-11-13,DGS2,US 2Y Yield,3.58
2025-11-14,DGS2,US 2Y Yield,3.62
2025-11-17,DGS2,US 2Y Yield,3.6
2025-11-18,DGS2,US 2Y Yield,3.58
2025-11-19,DGS2,US 2Y Yield,3.58
2025-11-20,DGS2,US 2Y Yield,3.55
2025-11-21,DGS2,US 2Y Yield,3.51
2025-11-24,DGS2,US 2Y Yield,3.46
2025-11-25,DGS2,US 2Y Yield,3.43
2025-11-26,DGS2,US 2Y Yield,3.45
2025-11-28,DGS2,US 2Y Yield,3.47
2025-12-01,DGS2,US 2Y Yield,3.54
2025-12-02,DGS2,US 2Y Yield,3.51
2025-12-03,DGS2,US 2Y Yield,3.49
2025-12-04,DGS2,US 2Y Yield,3.52
2025-12-05,DGS2,US 2Y Yield,3.56
2025-12-08,DGS2,US 2Y Yield,3.57
2025-12-09,DGS2,US 2Y Yield,3.61
2025-12-10,DGS2,US 2Y Yield,3.54
2025-12-11,DGS2,US 2Y Yield,3.52
2025-12-12,DGS2,US 2Y Yield,3.52
2025-12-15,DGS2,US 2Y Yield,3.51
2025-12-16,DGS2,US 2Y Yield,3.48
2025-12-17,DGS2,US 2Y Yield,3.49
2025-12-18,DGS2,US 2Y Yield,3.46
2025-12-19,DGS2,US 2Y Yield,3.48
2025-12-22,DGS2,US 2Y Yield,3.44
2025-12-23,DGS2,US 2Y Yield,3.48
2025-12-24,DGS2,US 2Y Yield,3.47
2025-12-26,DGS2,US 2Y Yield,3.46
2025-12-29,DGS2,US 2Y Yield,3.45
2025-12-30,DGS2,US 2Y Yield,3.45
2025-12-31,DGS2,US 2Y Yield,3.47
2026-01-02,DGS2,US 2Y Yield,3.47
2026-01-05,DGS2,US 2Y Yield,3.46
2026-01-06,DGS2,US 2Y Yield,3.47
2026-01-07,DGS2,US 2Y Yield,3.47
2026-01-08,DGS2,US 2Y Yield,3.49
2026-01-09,DGS2,US 2Y Yield,3.54
2026-01-12,DGS2,US 2Y Yield,3.54
2026-01-13,DGS2,US 2Y Yield,3.53
2026-01-14,DGS2,US 2Y Yield,3.51
2026-01-15,DGS2,US 2Y Yield,3.56
2026-01-16,DGS2,US 2Y Yield,3.59
2026-01-20,DGS2,US 2Y Yield,3.6
2026-01-21,DGS2,US 2Y Yield,3.6
2026-01-22,DGS2,US 2Y Yield,3.61
2026-01-23,DGS2,US 2Y Yield,3.6
2026-01-26,DGS2,US 2Y Yield,3.56
2026-01-27,DGS2,US 2Y Yield,3.53
2026-01-28,DGS2,US 2Y Yield,3.56
2026-01-29,DGS2,US 2Y Yield,3.53
2026-01-30,DGS2,US 2Y Yield,3.52
2026-02-02,DGS2,US 2Y Yield,3.57
2026-02-03,DGS2,US 2Y Yield,3.57
2026-02-04,DGS2,US 2Y Yield,3.57
2026-02-05,DGS2,US 2Y Yield,3.47
2026-02-06,DGS2,US 2Y Yield,3.5
2026-02-09,DGS2,US 2Y Yield,3.48
2026-02-10,DGS2,US 2Y Yield,3.45
2026-02-11,DGS2,US 2Y Yield,3.52
2026-02-12,DGS2,US 2Y Yield,3.47
2026-02-13,DGS2,US 2Y Yield,3.4
2026-02-17,DGS2,US 2Y Yield,3.43
2026-02-18,DGS2,US 2Y Yield,3.47
2026-02-19,DGS2,US 2Y Yield,3.47
2026-02-20,DGS2,US 2Y Yield,3.48
2026-02-23,DGS2,US 2Y Yield,3.43
2026-02-24,DGS2,US 2Y Yield,3.43
2026-02-25,DGS2,US 2Y Yield,3.45
2026-02-26,DGS2,US 2Y Yield,3.42
2026-02-27,DGS2,US 2Y Yield,3.38
2026-03-02,DGS2,US 2Y Yield,3.47
2026-03-03,DGS2,US 2Y Yield,3.51
2026-03-04,DGS2,US 2Y Yield,3.54
2026-03-05,DGS2,US 2Y Yield,3.57
2026-03-06,DGS2,US 2Y Yield,3.56
2026-03-09,DGS2,US 2Y Yield,3.56
2026-03-10,DGS2,US 2Y Yield,3.57
2026-03-11,DGS2,US 2Y Yield,3.64
2026-03-12,DGS2,US 2Y Yield,3.76
2026-03-13,DGS2,US 2Y Yield,3.73
2026-03-16,DGS2,US 2Y Yield,3.68
2026-03-17,DGS2,US 2Y Yield,3.68
2026-03-18,DGS2,US 2Y Yield,3.76
2026-03-19,DGS2,US 2Y Yield,3.79
2026-03-20,DGS2,US 2Y Yield,3.88
2026-03-23,DGS2,US 2Y Yield,3.83
2026-03-24,DGS2,US 2Y Yield,3.9
2026-03-25,DGS2,US 2Y Yield,3.84
2026-03-26,DGS2,US 2Y Yield,3.96
2026-03-27,DGS2,US 2Y Yield,3.88
2026-03-30,DGS2,US 2Y Yield,3.82
2026-03-31,DGS2,US 2Y Yield,3.79
2026-04-01,DGS2,US 2Y Yield,3.81
2026-04-02,DGS2,US 2Y Yield,3.79
2026-04-03,DGS2,US 2Y Yield,3.84
2026-04-06,DGS2,US 2Y Yield,3.84
2026-04-07,DGS2,US 2Y Yield,3.81
2026-04-08,DGS2,US 2Y Yield,3.79
2026-04-09,DGS2,US 2Y Yield,3.78
2026-04-10,DGS2,US 2Y Yield,3.81
2026-04-13,DGS2,US 2Y Yield,3.78
2026-04-14,DGS2,US 2Y Yield,3.76
2026-04-15,DGS2,US 2Y Yield,3.76
2026-04-16,DGS2,US 2Y Yield,3.78
2026-04-17,DGS2,US 2Y Yield,3.71
2026-04-20,DGS2,US 2Y Yield,3.72
2026-04-21,DGS2,US 2Y Yield,3.78
2026-04-22,DGS2,US 2Y Yield,3.79
2026-04-23,DGS2,US 2Y Yield,3.83
2026-04-24,DGS2,US 2Y Yield,3.78
2026-04-27,DGS2,US 2Y Yield,3.78
2026-04-28,DGS2,US 2Y Yield,3.84
2026-04-29,DGS2,US 2Y Yield,3.92
2026-04-30,DGS2,US 2Y Yield,3.88
2026-05-01,DGS2,US 2Y Yield,3.88
2026-05-04,DGS2,US 2Y Yield,3.95
2026-05-05,DGS2,US 2Y Yield,3.93
2026-05-06,DGS2,US 2Y Yield,3.87
2026-05-07,DGS2,US 2Y Yield,3.92
2026-05-08,DGS2,US 2Y Yield,3.9
2026-05-11,DGS2,US 2Y Yield,3.95
2026-05-12,DGS2,US 2Y Yield,4.0
2026-05-13,DGS2,US 2Y Yield,3.98
2026-05-14,DGS2,US 2Y Yield,4.0
2026-05-15,DGS2,US 2Y Yield,4.09
2026-05-18,DGS2,US 2Y Yield,4.07
2026-05-19,DGS2,US 2Y Yield,4.13
2026-05-20,DGS2,US 2Y Yield,4.04
2026-05-21,DGS2,US 2Y Yield,4.08
2006-05-26,NFCI,Chicago Fed NFCI,-0.582
2006-06-02,NFCI,Chicago Fed NFCI,-0.568
2006-06-09,NFCI,Chicago Fed NFCI,-0.554
2006-06-16,NFCI,Chicago Fed NFCI,-0.542
2006-06-23,NFCI,Chicago Fed NFCI,-0.533
2006-06-30,NFCI,Chicago Fed NFCI,-0.529
2006-07-07,NFCI,Chicago Fed NFCI,-0.53
2006-07-14,NFCI,Chicago Fed NFCI,-0.535
2006-07-21,NFCI,Chicago Fed NFCI,-0.545
2006-07-28,NFCI,Chicago Fed NFCI,-0.559
2006-08-04,NFCI,Chicago Fed NFCI,-0.573
2006-08-11,NFCI,Chicago Fed NFCI,-0.586
2006-08-18,NFCI,Chicago Fed NFCI,-0.596
2006-08-25,NFCI,Chicago Fed NFCI,-0.603
2006-09-01,NFCI,Chicago Fed NFCI,-0.606
2006-09-08,NFCI,Chicago Fed NFCI,-0.607
2006-09-15,NFCI,Chicago Fed NFCI,-0.606
2006-09-22,NFCI,Chicago Fed NFCI,-0.605
2006-09-29,NFCI,Chicago Fed NFCI,-0.606
2006-10-06,NFCI,Chicago Fed NFCI,-0.61
2006-10-13,NFCI,Chicago Fed NFCI,-0.616
2006-10-20,NFCI,Chicago Fed NFCI,-0.622
2006-10-27,NFCI,Chicago Fed NFCI,-0.628
2006-11-03,NFCI,Chicago Fed NFCI,-0.632
2006-11-10,NFCI,Chicago Fed NFCI,-0.633
2006-11-17,NFCI,Chicago Fed NFCI,-0.631
2006-11-24,NFCI,Chicago Fed NFCI,-0.628
2006-12-01,NFCI,Chicago Fed NFCI,-0.623
2006-12-08,NFCI,Chicago Fed NFCI,-0.62
2006-12-15,NFCI,Chicago Fed NFCI,-0.621
2006-12-22,NFCI,Chicago Fed NFCI,-0.625
2006-12-29,NFCI,Chicago Fed NFCI,-0.634
2007-01-05,NFCI,Chicago Fed NFCI,-0.645
2007-01-12,NFCI,Chicago Fed NFCI,-0.658
2007-01-19,NFCI,Chicago Fed NFCI,-0.671
2007-01-26,NFCI,Chicago Fed NFCI,-0.68
2007-02-02,NFCI,Chicago Fed NFCI,-0.684
2007-02-09,NFCI,Chicago Fed NFCI,-0.683
2007-02-16,NFCI,Chicago Fed NFCI,-0.675
2007-02-23,NFCI,Chicago Fed NFCI,-0.663
2007-03-02,NFCI,Chicago Fed NFCI,-0.647
2007-03-09,NFCI,Chicago Fed NFCI,-0.633
2007-03-16,NFCI,Chicago Fed NFCI,-0.62
2007-03-23,NFCI,Chicago Fed NFCI,-0.612
2007-03-30,NFCI,Chicago Fed NFCI,-0.606
2007-04-06,NFCI,Chicago Fed NFCI,-0.603
2007-04-13,NFCI,Chicago Fed NFCI,-0.599
2007-04-20,NFCI,Chicago Fed NFCI,-0.594
2007-04-27,NFCI,Chicago Fed NFCI,-0.588
2007-05-04,NFCI,Chicago Fed NFCI,-0.579
2007-05-11,NFCI,Chicago Fed NFCI,-0.571
2007-05-18,NFCI,Chicago Fed NFCI,-0.562
2007-05-25,NFCI,Chicago Fed NFCI,-0.553
2007-06-01,NFCI,Chicago Fed NFCI,-0.546
2007-06-08,NFCI,Chicago Fed NFCI,-0.543
2007-06-15,NFCI,Chicago Fed NFCI,-0.539
2007-06-22,NFCI,Chicago Fed NFCI,-0.534
2007-06-29,NFCI,Chicago Fed NFCI,-0.522
2007-07-06,NFCI,Chicago Fed NFCI,-0.497
2007-07-13,NFCI,Chicago Fed NFCI,-0.452
2007-07-20,NFCI,Chicago Fed NFCI,-0.384
2007-07-27,NFCI,Chicago Fed NFCI,-0.29
2007-08-03,NFCI,Chicago Fed NFCI,-0.178
2007-08-10,NFCI,Chicago Fed NFCI,-0.058
2007-08-17,NFCI,Chicago Fed NFCI,0.059
2007-08-24,NFCI,Chicago Fed NFCI,0.154
2007-08-31,NFCI,Chicago Fed NFCI,0.206
2007-09-07,NFCI,Chicago Fed NFCI,0.222
2007-09-14,NFCI,Chicago Fed NFCI,0.198
2007-09-21,NFCI,Chicago Fed NFCI,0.142
2007-09-28,NFCI,Chicago Fed NFCI,0.077
2007-10-05,NFCI,Chicago Fed NFCI,0.017
2007-10-12,NFCI,Chicago Fed NFCI,-0.024
2007-10-19,NFCI,Chicago Fed NFCI,-0.03
2007-10-26,NFCI,Chicago Fed NFCI,0.0
2007-11-02,NFCI,Chicago Fed NFCI,0.067
2007-11-09,NFCI,Chicago Fed NFCI,0.165
2007-11-16,NFCI,Chicago Fed NFCI,0.275
2007-11-23,NFCI,Chicago Fed NFCI,0.387
2007-11-30,NFCI,Chicago Fed NFCI,0.481
2007-12-07,NFCI,Chicago Fed NFCI,0.544
2007-12-14,NFCI,Chicago Fed NFCI,0.571
2007-12-21,NFCI,Chicago Fed NFCI,0.561
2007-12-28,NFCI,Chicago Fed NFCI,0.522
2008-01-04,NFCI,Chicago Fed NFCI,0.475
2008-01-11,NFCI,Chicago Fed NFCI,0.431
2008-01-18,NFCI,Chicago Fed NFCI,0.408
2008-01-25,NFCI,Chicago Fed NFCI,0.416
2008-02-01,NFCI,Chicago Fed NFCI,0.447
2008-02-08,NFCI,Chicago Fed NFCI,0.508
2008-02-15,NFCI,Chicago Fed NFCI,0.593
2008-02-22,NFCI,Chicago Fed NFCI,0.692
2008-02-29,NFCI,Chicago Fed NFCI,0.792
2008-03-07,NFCI,Chicago Fed NFCI,0.884
2008-03-14,NFCI,Chicago Fed NFCI,0.944
2008-03-21,NFCI,Chicago Fed NFCI,0.968
2008-03-28,NFCI,Chicago Fed NFCI,0.947
2008-04-04,NFCI,Chicago Fed NFCI,0.893
2008-04-11,NFCI,Chicago Fed NFCI,0.819
2008-04-18,NFCI,Chicago Fed NFCI,0.736
2008-04-25,NFCI,Chicago Fed NFCI,0.65
2008-05-02,NFCI,Chicago Fed NFCI,0.575
2008-05-09,NFCI,Chicago Fed NFCI,0.52
2008-05-16,NFCI,Chicago Fed NFCI,0.488
2008-05-23,NFCI,Chicago Fed NFCI,0.484
2008-05-30,NFCI,Chicago Fed NFCI,0.505
2008-06-06,NFCI,Chicago Fed NFCI,0.551
2008-06-13,NFCI,Chicago Fed NFCI,0.605
2008-06-20,NFCI,Chicago Fed NFCI,0.661
2008-06-27,NFCI,Chicago Fed NFCI,0.713
2008-07-04,NFCI,Chicago Fed NFCI,0.746
2008-07-11,NFCI,Chicago Fed NFCI,0.755
2008-07-18,NFCI,Chicago Fed NFCI,0.745
2008-07-25,NFCI,Chicago Fed NFCI,0.717
2008-08-01,NFCI,Chicago Fed NFCI,0.686
2008-08-08,NFCI,Chicago Fed NFCI,0.67
2008-08-15,NFCI,Chicago Fed NFCI,0.678
2008-08-22,NFCI,Chicago Fed NFCI,0.733
2008-08-29,NFCI,Chicago Fed NFCI,0.841
2008-09-05,NFCI,Chicago Fed NFCI,1.008
2008-09-12,NFCI,Chicago Fed NFCI,1.228
2008-09-19,NFCI,Chicago Fed NFCI,1.511
2008-09-26,NFCI,Chicago Fed NFCI,1.791
2008-10-03,NFCI,Chicago Fed NFCI,2.071
2008-10-10,NFCI,Chicago Fed NFCI,2.322
2008-10-17,NFCI,Chicago Fed NFCI,2.519
2008-10-24,NFCI,Chicago Fed NFCI,2.662
2008-10-31,NFCI,Chicago Fed NFCI,2.784
2008-11-07,NFCI,Chicago Fed NFCI,2.878
2008-11-14,NFCI,Chicago Fed NFCI,2.959
2008-11-21,NFCI,Chicago Fed NFCI,3.037
2008-11-28,NFCI,Chicago Fed NFCI,3.064
2008-12-05,NFCI,Chicago Fed NFCI,3.057
2008-12-12,NFCI,Chicago Fed NFCI,2.993
2008-12-19,NFCI,Chicago Fed NFCI,2.869
2008-12-26,NFCI,Chicago Fed NFCI,2.71
2009-01-02,NFCI,Chicago Fed NFCI,2.557
2009-01-09,NFCI,Chicago Fed NFCI,2.405
2009-01-16,NFCI,Chicago Fed NFCI,2.282
2009-01-23,NFCI,Chicago Fed NFCI,2.193
2009-01-30,NFCI,Chicago Fed NFCI,2.134
2009-02-06,NFCI,Chicago Fed NFCI,2.104
2009-02-13,NFCI,Chicago Fed NFCI,2.106
2009-02-20,NFCI,Chicago Fed NFCI,2.123
2009-02-27,NFCI,Chicago Fed NFCI,2.14
2009-03-06,NFCI,Chicago Fed NFCI,2.144
2009-03-13,NFCI,Chicago Fed NFCI,2.106
2009-03-20,NFCI,Chicago Fed NFCI,2.034
2009-03-27,NFCI,Chicago Fed NFCI,1.929
2009-04-03,NFCI,Chicago Fed NFCI,1.804
2009-04-10,NFCI,Chicago Fed NFCI,1.664
2009-04-17,NFCI,Chicago Fed NFCI,1.522
2009-04-24,NFCI,Chicago Fed NFCI,1.382
2009-05-01,NFCI,Chicago Fed NFCI,1.247
2009-05-08,NFCI,Chicago Fed NFCI,1.122
2009-05-15,NFCI,Chicago Fed NFCI,1.021
2009-05-22,NFCI,Chicago Fed NFCI,0.937
2009-05-29,NFCI,Chicago Fed NFCI,0.877
2009-06-05,NFCI,Chicago Fed NFCI,0.83
2009-06-12,NFCI,Chicago Fed NFCI,0.794
2009-06-19,NFCI,Chicago Fed NFCI,0.764
2009-06-26,NFCI,Chicago Fed NFCI,0.727
2009-07-03,NFCI,Chicago Fed NFCI,0.681
2009-07-10,NFCI,Chicago Fed NFCI,0.626
2009-07-17,NFCI,Chicago Fed NFCI,0.559
2009-07-24,NFCI,Chicago Fed NFCI,0.487
2009-07-31,NFCI,Chicago Fed NFCI,0.419
2009-08-07,NFCI,Chicago Fed NFCI,0.359
2009-08-14,NFCI,Chicago Fed NFCI,0.31
2009-08-21,NFCI,Chicago Fed NFCI,0.269
2009-08-28,NFCI,Chicago Fed NFCI,0.232
2009-09-04,NFCI,Chicago Fed NFCI,0.2
2009-09-11,NFCI,Chicago Fed NFCI,0.167
2009-09-18,NFCI,Chicago Fed NFCI,0.133
2009-09-25,NFCI,Chicago Fed NFCI,0.104
2009-10-02,NFCI,Chicago Fed NFCI,0.082
2009-10-09,NFCI,Chicago Fed NFCI,0.061
2009-10-16,NFCI,Chicago Fed NFCI,0.044
2009-10-23,NFCI,Chicago Fed NFCI,0.031
2009-10-30,NFCI,Chicago Fed NFCI,0.023
2009-11-06,NFCI,Chicago Fed NFCI,0.014
2009-11-13,NFCI,Chicago Fed NFCI,0.003
2009-11-20,NFCI,Chicago Fed NFCI,-0.011
2009-11-27,NFCI,Chicago Fed NFCI,-0.03
2009-12-04,NFCI,Chicago Fed NFCI,-0.055
2009-12-11,NFCI,Chicago Fed NFCI,-0.086
2009-12-18,NFCI,Chicago Fed NFCI,-0.119
2009-12-25,NFCI,Chicago Fed NFCI,-0.15
2010-01-01,NFCI,Chicago Fed NFCI,-0.175
2010-01-08,NFCI,Chicago Fed NFCI,-0.195
2010-01-15,NFCI,Chicago Fed NFCI,-0.205
2010-01-22,NFCI,Chicago Fed NFCI,-0.203
2010-01-29,NFCI,Chicago Fed NFCI,-0.199
2010-02-05,NFCI,Chicago Fed NFCI,-0.195
2010-02-12,NFCI,Chicago Fed NFCI,-0.198
2010-02-19,NFCI,Chicago Fed NFCI,-0.215
2010-02-26,NFCI,Chicago Fed NFCI,-0.244
2010-03-05,NFCI,Chicago Fed NFCI,-0.283
2010-03-12,NFCI,Chicago Fed NFCI,-0.33
2010-03-19,NFCI,Chicago Fed NFCI,-0.375
2010-03-26,NFCI,Chicago Fed NFCI,-0.416
2010-04-02,NFCI,Chicago Fed NFCI,-0.444
2010-04-09,NFCI,Chicago Fed NFCI,-0.456
2010-04-16,NFCI,Chicago Fed NFCI,-0.445
2010-04-23,NFCI,Chicago Fed NFCI,-0.409
2010-04-30,NFCI,Chicago Fed NFCI,-0.35
2010-05-07,NFCI,Chicago Fed NFCI,-0.273
2010-05-14,NFCI,Chicago Fed NFCI,-0.197
2010-05-21,NFCI,Chicago Fed NFCI,-0.124
2010-05-28,NFCI,Chicago Fed NFCI,-0.069
2010-06-04,NFCI,Chicago Fed NFCI,-0.038
2010-06-11,NFCI,Chicago Fed NFCI,-0.029
2010-06-18,NFCI,Chicago Fed NFCI,-0.043
2010-06-25,NFCI,Chicago Fed NFCI,-0.071
2010-07-02,NFCI,Chicago Fed NFCI,-0.105
2010-07-09,NFCI,Chicago Fed NFCI,-0.147
2010-07-16,NFCI,Chicago Fed NFCI,-0.187
2010-07-23,NFCI,Chicago Fed NFCI,-0.221
2010-07-30,NFCI,Chicago Fed NFCI,-0.245
2010-08-06,NFCI,Chicago Fed NFCI,-0.259
2010-08-13,NFCI,Chicago Fed NFCI,-0.264
2010-08-20,NFCI,Chicago Fed NFCI,-0.266
2010-08-27,NFCI,Chicago Fed NFCI,-0.268
2010-09-03,NFCI,Chicago Fed NFCI,-0.276
2010-09-10,NFCI,Chicago Fed NFCI,-0.29
2010-09-17,NFCI,Chicago Fed NFCI,-0.309
2010-09-24,NFCI,Chicago Fed NFCI,-0.331
2010-10-01,NFCI,Chicago Fed NFCI,-0.355
2010-10-08,NFCI,Chicago Fed NFCI,-0.379
2010-10-15,NFCI,Chicago Fed NFCI,-0.401
2010-10-22,NFCI,Chicago Fed NFCI,-0.419
2010-10-29,NFCI,Chicago Fed NFCI,-0.433
2010-11-05,NFCI,Chicago Fed NFCI,-0.442
2010-11-12,NFCI,Chicago Fed NFCI,-0.445
2010-11-19,NFCI,Chicago Fed NFCI,-0.448
2010-11-26,NFCI,Chicago Fed NFCI,-0.45
2010-12-03,NFCI,Chicago Fed NFCI,-0.456
2010-12-10,NFCI,Chicago Fed NFCI,-0.468
2010-12-17,NFCI,Chicago Fed NFCI,-0.483
2010-12-24,NFCI,Chicago Fed NFCI,-0.502
2010-12-31,NFCI,Chicago Fed NFCI,-0.524
2011-01-07,NFCI,Chicago Fed NFCI,-0.545
2011-01-14,NFCI,Chicago Fed NFCI,-0.566
2011-01-21,NFCI,Chicago Fed NFCI,-0.583
2011-01-28,NFCI,Chicago Fed NFCI,-0.595
2011-02-04,NFCI,Chicago Fed NFCI,-0.6
2011-02-11,NFCI,Chicago Fed NFCI,-0.599
2011-02-18,NFCI,Chicago Fed NFCI,-0.589
2011-02-25,NFCI,Chicago Fed NFCI,-0.574
2011-03-04,NFCI,Chicago Fed NFCI,-0.561
2011-03-11,NFCI,Chicago Fed NFCI,-0.55
2011-03-18,NFCI,Chicago Fed NFCI,-0.545
2011-03-25,NFCI,Chicago Fed NFCI,-0.549
2011-04-01,NFCI,Chicago Fed NFCI,-0.56
2011-04-08,NFCI,Chicago Fed NFCI,-0.574
2011-04-15,NFCI,Chicago Fed NFCI,-0.587
2011-04-22,NFCI,Chicago Fed NFCI,-0.597
2011-04-29,NFCI,Chicago Fed NFCI,-0.6
2011-05-06,NFCI,Chicago Fed NFCI,-0.597
2011-05-13,NFCI,Chicago Fed NFCI,-0.588
2011-05-20,NFCI,Chicago Fed NFCI,-0.576
2011-05-27,NFCI,Chicago Fed NFCI,-0.562
2011-06-03,NFCI,Chicago Fed NFCI,-0.548
2011-06-10,NFCI,Chicago Fed NFCI,-0.536
2011-06-17,NFCI,Chicago Fed NFCI,-0.527
2011-06-24,NFCI,Chicago Fed NFCI,-0.52
2011-07-01,NFCI,Chicago Fed NFCI,-0.513
2011-07-08,NFCI,Chicago Fed NFCI,-0.501
2011-07-15,NFCI,Chicago Fed NFCI,-0.478
2011-07-22,NFCI,Chicago Fed NFCI,-0.443
2011-07-29,NFCI,Chicago Fed NFCI,-0.394
2011-08-05,NFCI,Chicago Fed NFCI,-0.33
2011-08-12,NFCI,Chicago Fed NFCI,-0.259
2011-08-19,NFCI,Chicago Fed NFCI,-0.195
2011-08-26,NFCI,Chicago Fed NFCI,-0.137
2011-09-02,NFCI,Chicago Fed NFCI,-0.094
2011-09-09,NFCI,Chicago Fed NFCI,-0.062
2011-09-16,NFCI,Chicago Fed NFCI,-0.044
2011-09-23,NFCI,Chicago Fed NFCI,-0.036
2011-09-30,NFCI,Chicago Fed NFCI,-0.038
2011-10-07,NFCI,Chicago Fed NFCI,-0.05
2011-10-14,NFCI,Chicago Fed NFCI,-0.072
2011-10-21,NFCI,Chicago Fed NFCI,-0.09
2011-10-28,NFCI,Chicago Fed NFCI,-0.104
2011-11-04,NFCI,Chicago Fed NFCI,-0.105
2011-11-11,NFCI,Chicago Fed NFCI,-0.098
2011-11-18,NFCI,Chicago Fed NFCI,-0.086
2011-11-25,NFCI,Chicago Fed NFCI,-0.073
2011-12-02,NFCI,Chicago Fed NFCI,-0.071
2011-12-09,NFCI,Chicago Fed NFCI,-0.077
2011-12-16,NFCI,Chicago Fed NFCI,-0.091
2011-12-23,NFCI,Chicago Fed NFCI,-0.115
2011-12-30,NFCI,Chicago Fed NFCI,-0.149
2012-01-06,NFCI,Chicago Fed NFCI,-0.191
2012-01-13,NFCI,Chicago Fed NFCI,-0.237
2012-01-20,NFCI,Chicago Fed NFCI,-0.283
2012-01-27,NFCI,Chicago Fed NFCI,-0.325
2012-02-03,NFCI,Chicago Fed NFCI,-0.357
2012-02-10,NFCI,Chicago Fed NFCI,-0.381
2012-02-17,NFCI,Chicago Fed NFCI,-0.397
2012-02-24,NFCI,Chicago Fed NFCI,-0.409
2012-03-02,NFCI,Chicago Fed NFCI,-0.42
2012-03-09,NFCI,Chicago Fed NFCI,-0.428
2012-03-16,NFCI,Chicago Fed NFCI,-0.435
2012-03-23,NFCI,Chicago Fed NFCI,-0.438
2012-03-30,NFCI,Chicago Fed NFCI,-0.436
2012-04-06,NFCI,Chicago Fed NFCI,-0.429
2012-04-13,NFCI,Chicago Fed NFCI,-0.416
2012-04-20,NFCI,Chicago Fed NFCI,-0.4
2012-04-27,NFCI,Chicago Fed NFCI,-0.379
2012-05-04,NFCI,Chicago Fed NFCI,-0.352
2012-05-11,NFCI,Chicago Fed NFCI,-0.321
2012-05-18,NFCI,Chicago Fed NFCI,-0.287
2012-05-25,NFCI,Chicago Fed NFCI,-0.261
2012-06-01,NFCI,Chicago Fed NFCI,-0.242
2012-06-08,NFCI,Chicago Fed NFCI,-0.235
2012-06-15,NFCI,Chicago Fed NFCI,-0.24
2012-06-22,NFCI,Chicago Fed NFCI,-0.256
2012-06-29,NFCI,Chicago Fed NFCI,-0.275
2012-07-06,NFCI,Chicago Fed NFCI,-0.298
2012-07-13,NFCI,Chicago Fed NFCI,-0.322
2012-07-20,NFCI,Chicago Fed NFCI,-0.346
2012-07-27,NFCI,Chicago Fed NFCI,-0.367
2012-08-03,NFCI,Chicago Fed NFCI,-0.389
2012-08-10,NFCI,Chicago Fed NFCI,-0.408
2012-08-17,NFCI,Chicago Fed NFCI,-0.426
2012-08-24,NFCI,Chicago Fed NFCI,-0.444
2012-08-31,NFCI,Chicago Fed NFCI,-0.462
2012-09-07,NFCI,Chicago Fed NFCI,-0.481
2012-09-14,NFCI,Chicago Fed NFCI,-0.5
2012-09-21,NFCI,Chicago Fed NFCI,-0.516
2012-09-28,NFCI,Chicago Fed NFCI,-0.529
2012-10-05,NFCI,Chicago Fed NFCI,-0.54
2012-10-12,NFCI,Chicago Fed NFCI,-0.547
2012-10-19,NFCI,Chicago Fed NFCI,-0.551
2012-10-26,NFCI,Chicago Fed NFCI,-0.551
2012-11-02,NFCI,Chicago Fed NFCI,-0.549
2012-11-09,NFCI,Chicago Fed NFCI,-0.547
2012-11-16,NFCI,Chicago Fed NFCI,-0.546
2012-11-23,NFCI,Chicago Fed NFCI,-0.55
2012-11-30,NFCI,Chicago Fed NFCI,-0.556
2012-12-07,NFCI,Chicago Fed NFCI,-0.565
2012-12-14,NFCI,Chicago Fed NFCI,-0.576
2012-12-21,NFCI,Chicago Fed NFCI,-0.589
2012-12-28,NFCI,Chicago Fed NFCI,-0.601
2013-01-04,NFCI,Chicago Fed NFCI,-0.616
2013-01-11,NFCI,Chicago Fed NFCI,-0.628
2013-01-18,NFCI,Chicago Fed NFCI,-0.638
2013-01-25,NFCI,Chicago Fed NFCI,-0.644
2013-02-01,NFCI,Chicago Fed NFCI,-0.648
2013-02-08,NFCI,Chicago Fed NFCI,-0.649
2013-02-15,NFCI,Chicago Fed NFCI,-0.65
2013-02-22,NFCI,Chicago Fed NFCI,-0.651
2013-03-01,NFCI,Chicago Fed NFCI,-0.652
2013-03-08,NFCI,Chicago Fed NFCI,-0.654
2013-03-15,NFCI,Chicago Fed NFCI,-0.657
2013-03-22,NFCI,Chicago Fed NFCI,-0.66
2013-03-29,NFCI,Chicago Fed NFCI,-0.665
2013-04-05,NFCI,Chicago Fed NFCI,-0.673
2013-04-12,NFCI,Chicago Fed NFCI,-0.683
2013-04-19,NFCI,Chicago Fed NFCI,-0.694
2013-04-26,NFCI,Chicago Fed NFCI,-0.706
2013-05-03,NFCI,Chicago Fed NFCI,-0.716
2013-05-10,NFCI,Chicago Fed NFCI,-0.721
2013-05-17,NFCI,Chicago Fed NFCI,-0.718
2013-05-24,NFCI,Chicago Fed NFCI,-0.709
2013-05-31,NFCI,Chicago Fed NFCI,-0.692
2013-06-07,NFCI,Chicago Fed NFCI,-0.673
2013-06-14,NFCI,Chicago Fed NFCI,-0.654
2013-06-21,NFCI,Chicago Fed NFCI,-0.638
2013-06-28,NFCI,Chicago Fed NFCI,-0.631
2013-07-05,NFCI,Chicago Fed NFCI,-0.631
2013-07-12,NFCI,Chicago Fed NFCI,-0.638
2013-07-19,NFCI,Chicago Fed NFCI,-0.65
2013-07-26,NFCI,Chicago Fed NFCI,-0.662
2013-08-02,NFCI,Chicago Fed NFCI,-0.67
2013-08-09,NFCI,Chicago Fed NFCI,-0.674
2013-08-16,NFCI,Chicago Fed NFCI,-0.673
2013-08-23,NFCI,Chicago Fed NFCI,-0.669
2013-08-30,NFCI,Chicago Fed NFCI,-0.666
2013-09-06,NFCI,Chicago Fed NFCI,-0.664
2013-09-13,NFCI,Chicago Fed NFCI,-0.666
2013-09-20,NFCI,Chicago Fed NFCI,-0.671
2013-09-27,NFCI,Chicago Fed NFCI,-0.678
2013-10-04,NFCI,Chicago Fed NFCI,-0.688
2013-10-11,NFCI,Chicago Fed NFCI,-0.7
2013-10-18,NFCI,Chicago Fed NFCI,-0.714
2013-10-25,NFCI,Chicago Fed NFCI,-0.728
2013-11-01,NFCI,Chicago Fed NFCI,-0.74
2013-11-08,NFCI,Chicago Fed NFCI,-0.75
2013-11-15,NFCI,Chicago Fed NFCI,-0.759
2013-11-22,NFCI,Chicago Fed NFCI,-0.766
2013-11-29,NFCI,Chicago Fed NFCI,-0.771
2013-12-06,NFCI,Chicago Fed NFCI,-0.775
2013-12-13,NFCI,Chicago Fed NFCI,-0.778
2013-12-20,NFCI,Chicago Fed NFCI,-0.78
2013-12-27,NFCI,Chicago Fed NFCI,-0.78
2014-01-03,NFCI,Chicago Fed NFCI,-0.778
2014-01-10,NFCI,Chicago Fed NFCI,-0.775
2014-01-17,NFCI,Chicago Fed NFCI,-0.771
2014-01-24,NFCI,Chicago Fed NFCI,-0.767
2014-01-31,NFCI,Chicago Fed NFCI,-0.764
2014-02-07,NFCI,Chicago Fed NFCI,-0.765
2014-02-14,NFCI,Chicago Fed NFCI,-0.769
2014-02-21,NFCI,Chicago Fed NFCI,-0.773
2014-02-28,NFCI,Chicago Fed NFCI,-0.777
2014-03-07,NFCI,Chicago Fed NFCI,-0.78
2014-03-14,NFCI,Chicago Fed NFCI,-0.781
2014-03-21,NFCI,Chicago Fed NFCI,-0.78
2014-03-28,NFCI,Chicago Fed NFCI,-0.777
2014-04-04,NFCI,Chicago Fed NFCI,-0.775
2014-04-11,NFCI,Chicago Fed NFCI,-0.773
2014-04-18,NFCI,Chicago Fed NFCI,-0.771
2014-04-25,NFCI,Chicago Fed NFCI,-0.77
2014-05-02,NFCI,Chicago Fed NFCI,-0.771
2014-05-09,NFCI,Chicago Fed NFCI,-0.774
2014-05-16,NFCI,Chicago Fed NFCI,-0.778
2014-05-23,NFCI,Chicago Fed NFCI,-0.785
2014-05-30,NFCI,Chicago Fed NFCI,-0.791
2014-06-06,NFCI,Chicago Fed NFCI,-0.794
2014-06-13,NFCI,Chicago Fed NFCI,-0.794
2014-06-20,NFCI,Chicago Fed NFCI,-0.791
2014-06-27,NFCI,Chicago Fed NFCI,-0.784
2014-07-04,NFCI,Chicago Fed NFCI,-0.774
2014-07-11,NFCI,Chicago Fed NFCI,-0.763
2014-07-18,NFCI,Chicago Fed NFCI,-0.751
2014-07-25,NFCI,Chicago Fed NFCI,-0.74
2014-08-01,NFCI,Chicago Fed NFCI,-0.731
2014-08-08,NFCI,Chicago Fed NFCI,-0.726
2014-08-15,NFCI,Chicago Fed NFCI,-0.726
2014-08-22,NFCI,Chicago Fed NFCI,-0.725
2014-08-29,NFCI,Chicago Fed NFCI,-0.723
2014-09-05,NFCI,Chicago Fed NFCI,-0.717
2014-09-12,NFCI,Chicago Fed NFCI,-0.706
2014-09-19,NFCI,Chicago Fed NFCI,-0.691
2014-09-26,NFCI,Chicago Fed NFCI,-0.674
2014-10-03,NFCI,Chicago Fed NFCI,-0.658
2014-10-10,NFCI,Chicago Fed NFCI,-0.646
2014-10-17,NFCI,Chicago Fed NFCI,-0.638
2014-10-24,NFCI,Chicago Fed NFCI,-0.639
2014-10-31,NFCI,Chicago Fed NFCI,-0.644
2014-11-07,NFCI,Chicago Fed NFCI,-0.651
2014-11-14,NFCI,Chicago Fed NFCI,-0.657
2014-11-21,NFCI,Chicago Fed NFCI,-0.656
2014-11-28,NFCI,Chicago Fed NFCI,-0.65
2014-12-05,NFCI,Chicago Fed NFCI,-0.637
2014-12-12,NFCI,Chicago Fed NFCI,-0.617
2014-12-19,NFCI,Chicago Fed NFCI,-0.594
2014-12-26,NFCI,Chicago Fed NFCI,-0.572
2015-01-02,NFCI,Chicago Fed NFCI,-0.549
2015-01-09,NFCI,Chicago Fed NFCI,-0.531
2015-01-16,NFCI,Chicago Fed NFCI,-0.517
2015-01-23,NFCI,Chicago Fed NFCI,-0.509
2015-01-30,NFCI,Chicago Fed NFCI,-0.506
2015-02-06,NFCI,Chicago Fed NFCI,-0.509
2015-02-13,NFCI,Chicago Fed NFCI,-0.515
2015-02-20,NFCI,Chicago Fed NFCI,-0.523
2015-02-27,NFCI,Chicago Fed NFCI,-0.531
2015-03-06,NFCI,Chicago Fed NFCI,-0.538
2015-03-13,NFCI,Chicago Fed NFCI,-0.543
2015-03-20,NFCI,Chicago Fed NFCI,-0.547
2015-03-27,NFCI,Chicago Fed NFCI,-0.55
2015-04-03,NFCI,Chicago Fed NFCI,-0.552
2015-04-10,NFCI,Chicago Fed NFCI,-0.555
2015-04-17,NFCI,Chicago Fed NFCI,-0.556
2015-04-24,NFCI,Chicago Fed NFCI,-0.558
2015-05-01,NFCI,Chicago Fed NFCI,-0.558
2015-05-08,NFCI,Chicago Fed NFCI,-0.557
2015-05-15,NFCI,Chicago Fed NFCI,-0.556
2015-05-22,NFCI,Chicago Fed NFCI,-0.556
2015-05-29,NFCI,Chicago Fed NFCI,-0.555
2015-06-05,NFCI,Chicago Fed NFCI,-0.553
2015-06-12,NFCI,Chicago Fed NFCI,-0.552
2015-06-19,NFCI,Chicago Fed NFCI,-0.549
2015-06-26,NFCI,Chicago Fed NFCI,-0.546
2015-07-03,NFCI,Chicago Fed NFCI,-0.541
2015-07-10,NFCI,Chicago Fed NFCI,-0.535
2015-07-17,NFCI,Chicago Fed NFCI,-0.529
2015-07-24,NFCI,Chicago Fed NFCI,-0.519
2015-07-31,NFCI,Chicago Fed NFCI,-0.503
2015-08-07,NFCI,Chicago Fed NFCI,-0.482
2015-08-14,NFCI,Chicago Fed NFCI,-0.459
2015-08-21,NFCI,Chicago Fed NFCI,-0.434
2015-08-28,NFCI,Chicago Fed NFCI,-0.412
2015-09-04,NFCI,Chicago Fed NFCI,-0.398
2015-09-11,NFCI,Chicago Fed NFCI,-0.392
2015-09-18,NFCI,Chicago Fed NFCI,-0.391
2015-09-25,NFCI,Chicago Fed NFCI,-0.397
2015-10-02,NFCI,Chicago Fed NFCI,-0.408
2015-10-09,NFCI,Chicago Fed NFCI,-0.425
2015-10-16,NFCI,Chicago Fed NFCI,-0.441
2015-10-23,NFCI,Chicago Fed NFCI,-0.455
2015-10-30,NFCI,Chicago Fed NFCI,-0.466
2015-11-06,NFCI,Chicago Fed NFCI,-0.469
2015-11-13,NFCI,Chicago Fed NFCI,-0.465
2015-11-20,NFCI,Chicago Fed NFCI,-0.455
2015-11-27,NFCI,Chicago Fed NFCI,-0.44
2015-12-04,NFCI,Chicago Fed NFCI,-0.42
2015-12-11,NFCI,Chicago Fed NFCI,-0.396
2015-12-18,NFCI,Chicago Fed NFCI,-0.372
2015-12-25,NFCI,Chicago Fed NFCI,-0.35
2016-01-01,NFCI,Chicago Fed NFCI,-0.33
2016-01-08,NFCI,Chicago Fed NFCI,-0.312
2016-01-15,NFCI,Chicago Fed NFCI,-0.297
2016-01-22,NFCI,Chicago Fed NFCI,-0.284
2016-01-29,NFCI,Chicago Fed NFCI,-0.277
2016-02-05,NFCI,Chicago Fed NFCI,-0.272
2016-02-12,NFCI,Chicago Fed NFCI,-0.273
2016-02-19,NFCI,Chicago Fed NFCI,-0.283
2016-02-26,NFCI,Chicago Fed NFCI,-0.299
2016-03-04,NFCI,Chicago Fed NFCI,-0.318
2016-03-11,NFCI,Chicago Fed NFCI,-0.338
2016-03-18,NFCI,Chicago Fed NFCI,-0.356
2016-03-25,NFCI,Chicago Fed NFCI,-0.369
2016-04-01,NFCI,Chicago Fed NFCI,-0.378
2016-04-08,NFCI,Chicago Fed NFCI,-0.383
2016-04-15,NFCI,Chicago Fed NFCI,-0.386
2016-04-22,NFCI,Chicago Fed NFCI,-0.388
2016-04-29,NFCI,Chicago Fed NFCI,-0.387
2016-05-06,NFCI,Chicago Fed NFCI,-0.385
2016-05-13,NFCI,Chicago Fed NFCI,-0.382
2016-05-20,NFCI,Chicago Fed NFCI,-0.378
2016-05-27,NFCI,Chicago Fed NFCI,-0.373
2016-06-03,NFCI,Chicago Fed NFCI,-0.367
2016-06-10,NFCI,Chicago Fed NFCI,-0.361
2016-06-17,NFCI,Chicago Fed NFCI,-0.354
2016-06-24,NFCI,Chicago Fed NFCI,-0.35
2016-07-01,NFCI,Chicago Fed NFCI,-0.348
2016-07-08,NFCI,Chicago Fed NFCI,-0.351
2016-07-15,NFCI,Chicago Fed NFCI,-0.357
2016-07-22,NFCI,Chicago Fed NFCI,-0.363
2016-07-29,NFCI,Chicago Fed NFCI,-0.368
2016-08-05,NFCI,Chicago Fed NFCI,-0.371
2016-08-12,NFCI,Chicago Fed NFCI,-0.372
2016-08-19,NFCI,Chicago Fed NFCI,-0.369
2016-08-26,NFCI,Chicago Fed NFCI,-0.364
2016-09-02,NFCI,Chicago Fed NFCI,-0.357
2016-09-09,NFCI,Chicago Fed NFCI,-0.35
2016-09-16,NFCI,Chicago Fed NFCI,-0.345
2016-09-23,NFCI,Chicago Fed NFCI,-0.344
2016-09-30,NFCI,Chicago Fed NFCI,-0.347
2016-10-07,NFCI,Chicago Fed NFCI,-0.354
2016-10-14,NFCI,Chicago Fed NFCI,-0.363
2016-10-21,NFCI,Chicago Fed NFCI,-0.374
2016-10-28,NFCI,Chicago Fed NFCI,-0.387
2016-11-04,NFCI,Chicago Fed NFCI,-0.399
2016-11-11,NFCI,Chicago Fed NFCI,-0.413
2016-11-18,NFCI,Chicago Fed NFCI,-0.426
2016-11-25,NFCI,Chicago Fed NFCI,-0.437
2016-12-02,NFCI,Chicago Fed NFCI,-0.447
2016-12-09,NFCI,Chicago Fed NFCI,-0.455
2016-12-16,NFCI,Chicago Fed NFCI,-0.462
2016-12-23,NFCI,Chicago Fed NFCI,-0.468
2016-12-30,NFCI,Chicago Fed NFCI,-0.474
2017-01-06,NFCI,Chicago Fed NFCI,-0.48
2017-01-13,NFCI,Chicago Fed NFCI,-0.485
2017-01-20,NFCI,Chicago Fed NFCI,-0.49
2017-01-27,NFCI,Chicago Fed NFCI,-0.494
2017-02-03,NFCI,Chicago Fed NFCI,-0.496
2017-02-10,NFCI,Chicago Fed NFCI,-0.497
2017-02-17,NFCI,Chicago Fed NFCI,-0.496
2017-02-24,NFCI,Chicago Fed NFCI,-0.494
2017-03-03,NFCI,Chicago Fed NFCI,-0.492
2017-03-10,NFCI,Chicago Fed NFCI,-0.49
2017-03-17,NFCI,Chicago Fed NFCI,-0.487
2017-03-24,NFCI,Chicago Fed NFCI,-0.486
2017-03-31,NFCI,Chicago Fed NFCI,-0.487
2017-04-07,NFCI,Chicago Fed NFCI,-0.49
2017-04-14,NFCI,Chicago Fed NFCI,-0.496
2017-04-21,NFCI,Chicago Fed NFCI,-0.504
2017-04-28,NFCI,Chicago Fed NFCI,-0.514
2017-05-05,NFCI,Chicago Fed NFCI,-0.524
2017-05-12,NFCI,Chicago Fed NFCI,-0.534
2017-05-19,NFCI,Chicago Fed NFCI,-0.543
2017-05-26,NFCI,Chicago Fed NFCI,-0.551
2017-06-02,NFCI,Chicago Fed NFCI,-0.558
2017-06-09,NFCI,Chicago Fed NFCI,-0.564
2017-06-16,NFCI,Chicago Fed NFCI,-0.568
2017-06-23,NFCI,Chicago Fed NFCI,-0.571
2017-06-30,NFCI,Chicago Fed NFCI,-0.574
2017-07-07,NFCI,Chicago Fed NFCI,-0.577
2017-07-14,NFCI,Chicago Fed NFCI,-0.58
2017-07-21,NFCI,Chicago Fed NFCI,-0.583
2017-07-28,NFCI,Chicago Fed NFCI,-0.582
2017-08-04,NFCI,Chicago Fed NFCI,-0.579
2017-08-11,NFCI,Chicago Fed NFCI,-0.574
2017-08-18,NFCI,Chicago Fed NFCI,-0.568
2017-08-25,NFCI,Chicago Fed NFCI,-0.564
2017-09-01,NFCI,Chicago Fed NFCI,-0.562
2017-09-08,NFCI,Chicago Fed NFCI,-0.561
2017-09-15,NFCI,Chicago Fed NFCI,-0.564
2017-09-22,NFCI,Chicago Fed NFCI,-0.568
2017-09-29,NFCI,Chicago Fed NFCI,-0.574
2017-10-06,NFCI,Chicago Fed NFCI,-0.581
2017-10-13,NFCI,Chicago Fed NFCI,-0.588
2017-10-20,NFCI,Chicago Fed NFCI,-0.594
2017-10-27,NFCI,Chicago Fed NFCI,-0.6
2017-11-03,NFCI,Chicago Fed NFCI,-0.604
2017-11-10,NFCI,Chicago Fed NFCI,-0.606
2017-11-17,NFCI,Chicago Fed NFCI,-0.607
2017-11-24,NFCI,Chicago Fed NFCI,-0.607
2017-12-01,NFCI,Chicago Fed NFCI,-0.608
2017-12-08,NFCI,Chicago Fed NFCI,-0.61
2017-12-15,NFCI,Chicago Fed NFCI,-0.612
2017-12-22,NFCI,Chicago Fed NFCI,-0.616
2017-12-29,NFCI,Chicago Fed NFCI,-0.62
2018-01-05,NFCI,Chicago Fed NFCI,-0.623
2018-01-12,NFCI,Chicago Fed NFCI,-0.623
2018-01-19,NFCI,Chicago Fed NFCI,-0.618
2018-01-26,NFCI,Chicago Fed NFCI,-0.61
2018-02-02,NFCI,Chicago Fed NFCI,-0.596
2018-02-09,NFCI,Chicago Fed NFCI,-0.578
2018-02-16,NFCI,Chicago Fed NFCI,-0.562
2018-02-23,NFCI,Chicago Fed NFCI,-0.547
2018-03-02,NFCI,Chicago Fed NFCI,-0.533
2018-03-09,NFCI,Chicago Fed NFCI,-0.52
2018-03-16,NFCI,Chicago Fed NFCI,-0.509
2018-03-23,NFCI,Chicago Fed NFCI,-0.502
2018-03-30,NFCI,Chicago Fed NFCI,-0.5
2018-04-06,NFCI,Chicago Fed NFCI,-0.504
2018-04-13,NFCI,Chicago Fed NFCI,-0.514
2018-04-20,NFCI,Chicago Fed NFCI,-0.529
2018-04-27,NFCI,Chicago Fed NFCI,-0.542
2018-05-04,NFCI,Chicago Fed NFCI,-0.554
2018-05-11,NFCI,Chicago Fed NFCI,-0.563
2018-05-18,NFCI,Chicago Fed NFCI,-0.568
2018-05-25,NFCI,Chicago Fed NFCI,-0.568
2018-06-01,NFCI,Chicago Fed NFCI,-0.563
2018-06-08,NFCI,Chicago Fed NFCI,-0.557
2018-06-15,NFCI,Chicago Fed NFCI,-0.55
2018-06-22,NFCI,Chicago Fed NFCI,-0.544
2018-06-29,NFCI,Chicago Fed NFCI,-0.541
2018-07-06,NFCI,Chicago Fed NFCI,-0.542
2018-07-13,NFCI,Chicago Fed NFCI,-0.548
2018-07-20,NFCI,Chicago Fed NFCI,-0.556
2018-07-27,NFCI,Chicago Fed NFCI,-0.565
2018-08-03,NFCI,Chicago Fed NFCI,-0.574
2018-08-10,NFCI,Chicago Fed NFCI,-0.583
2018-08-17,NFCI,Chicago Fed NFCI,-0.589
2018-08-24,NFCI,Chicago Fed NFCI,-0.595
2018-08-31,NFCI,Chicago Fed NFCI,-0.599
2018-09-07,NFCI,Chicago Fed NFCI,-0.601
2018-09-14,NFCI,Chicago Fed NFCI,-0.601
2018-09-21,NFCI,Chicago Fed NFCI,-0.598
2018-09-28,NFCI,Chicago Fed NFCI,-0.594
2018-10-05,NFCI,Chicago Fed NFCI,-0.587
2018-10-12,NFCI,Chicago Fed NFCI,-0.576
2018-10-19,NFCI,Chicago Fed NFCI,-0.565
2018-10-26,NFCI,Chicago Fed NFCI,-0.552
2018-11-02,NFCI,Chicago Fed NFCI,-0.536
2018-11-09,NFCI,Chicago Fed NFCI,-0.521
2018-11-16,NFCI,Chicago Fed NFCI,-0.501
2018-11-23,NFCI,Chicago Fed NFCI,-0.48
2018-11-30,NFCI,Chicago Fed NFCI,-0.46
2018-12-07,NFCI,Chicago Fed NFCI,-0.441
2018-12-14,NFCI,Chicago Fed NFCI,-0.428
2018-12-21,NFCI,Chicago Fed NFCI,-0.422
2018-12-28,NFCI,Chicago Fed NFCI,-0.425
2019-01-04,NFCI,Chicago Fed NFCI,-0.438
2019-01-11,NFCI,Chicago Fed NFCI,-0.457
2019-01-18,NFCI,Chicago Fed NFCI,-0.48
2019-01-25,NFCI,Chicago Fed NFCI,-0.504
2019-02-01,NFCI,Chicago Fed NFCI,-0.528
2019-02-08,NFCI,Chicago Fed NFCI,-0.548
2019-02-15,NFCI,Chicago Fed NFCI,-0.565
2019-02-22,NFCI,Chicago Fed NFCI,-0.579
2019-03-01,NFCI,Chicago Fed NFCI,-0.587
2019-03-08,NFCI,Chicago Fed NFCI,-0.592
2019-03-15,NFCI,Chicago Fed NFCI,-0.596
2019-03-22,NFCI,Chicago Fed NFCI,-0.6
2019-03-29,NFCI,Chicago Fed NFCI,-0.603
2019-04-05,NFCI,Chicago Fed NFCI,-0.607
2019-04-12,NFCI,Chicago Fed NFCI,-0.61
2019-04-19,NFCI,Chicago Fed NFCI,-0.612
2019-04-26,NFCI,Chicago Fed NFCI,-0.611
2019-05-03,NFCI,Chicago Fed NFCI,-0.608
2019-05-10,NFCI,Chicago Fed NFCI,-0.601
2019-05-17,NFCI,Chicago Fed NFCI,-0.593
2019-05-24,NFCI,Chicago Fed NFCI,-0.585
2019-05-31,NFCI,Chicago Fed NFCI,-0.577
2019-06-07,NFCI,Chicago Fed NFCI,-0.572
2019-06-14,NFCI,Chicago Fed NFCI,-0.57
2019-06-21,NFCI,Chicago Fed NFCI,-0.57
2019-06-28,NFCI,Chicago Fed NFCI,-0.572
2019-07-05,NFCI,Chicago Fed NFCI,-0.576
2019-07-12,NFCI,Chicago Fed NFCI,-0.577
2019-07-19,NFCI,Chicago Fed NFCI,-0.577
2019-07-26,NFCI,Chicago Fed NFCI,-0.574
2019-08-02,NFCI,Chicago Fed NFCI,-0.566
2019-08-09,NFCI,Chicago Fed NFCI,-0.555
2019-08-16,NFCI,Chicago Fed NFCI,-0.543
2019-08-23,NFCI,Chicago Fed NFCI,-0.533
2019-08-30,NFCI,Chicago Fed NFCI,-0.524
2019-09-06,NFCI,Chicago Fed NFCI,-0.517
2019-09-13,NFCI,Chicago Fed NFCI,-0.512
2019-09-20,NFCI,Chicago Fed NFCI,-0.508
2019-09-27,NFCI,Chicago Fed NFCI,-0.508
2019-10-04,NFCI,Chicago Fed NFCI,-0.512
2019-10-11,NFCI,Chicago Fed NFCI,-0.521
2019-10-18,NFCI,Chicago Fed NFCI,-0.533
2019-10-25,NFCI,Chicago Fed NFCI,-0.547
2019-11-01,NFCI,Chicago Fed NFCI,-0.559
2019-11-08,NFCI,Chicago Fed NFCI,-0.568
2019-11-15,NFCI,Chicago Fed NFCI,-0.573
2019-11-22,NFCI,Chicago Fed NFCI,-0.572
2019-11-29,NFCI,Chicago Fed NFCI,-0.567
2019-12-06,NFCI,Chicago Fed NFCI,-0.558
2019-12-13,NFCI,Chicago Fed NFCI,-0.551
2019-12-20,NFCI,Chicago Fed NFCI,-0.547
2019-12-27,NFCI,Chicago Fed NFCI,-0.551
2020-01-03,NFCI,Chicago Fed NFCI,-0.565
2020-01-10,NFCI,Chicago Fed NFCI,-0.585
2020-01-17,NFCI,Chicago Fed NFCI,-0.606
2020-01-24,NFCI,Chicago Fed NFCI,-0.619
2020-01-31,NFCI,Chicago Fed NFCI,-0.617
2020-02-07,NFCI,Chicago Fed NFCI,-0.592
2020-02-14,NFCI,Chicago Fed NFCI,-0.532
2020-02-21,NFCI,Chicago Fed NFCI,-0.432
2020-02-28,NFCI,Chicago Fed NFCI,-0.294
2020-03-06,NFCI,Chicago Fed NFCI,-0.133
2020-03-13,NFCI,Chicago Fed NFCI,0.033
2020-03-20,NFCI,Chicago Fed NFCI,0.178
2020-03-27,NFCI,Chicago Fed NFCI,0.269
2020-04-03,NFCI,Chicago Fed NFCI,0.307
2020-04-10,NFCI,Chicago Fed NFCI,0.292
2020-04-17,NFCI,Chicago Fed NFCI,0.236
2020-04-24,NFCI,Chicago Fed NFCI,0.158
2020-05-01,NFCI,Chicago Fed NFCI,0.061
2020-05-08,NFCI,Chicago Fed NFCI,-0.038
2020-05-15,NFCI,Chicago Fed NFCI,-0.128
2020-05-22,NFCI,Chicago Fed NFCI,-0.206
2020-05-29,NFCI,Chicago Fed NFCI,-0.269
2020-06-05,NFCI,Chicago Fed NFCI,-0.315
2020-06-12,NFCI,Chicago Fed NFCI,-0.345
2020-06-19,NFCI,Chicago Fed NFCI,-0.367
2020-06-26,NFCI,Chicago Fed NFCI,-0.385
2020-07-03,NFCI,Chicago Fed NFCI,-0.402
2020-07-10,NFCI,Chicago Fed NFCI,-0.42
2020-07-17,NFCI,Chicago Fed NFCI,-0.439
2020-07-24,NFCI,Chicago Fed NFCI,-0.458
2020-07-31,NFCI,Chicago Fed NFCI,-0.475
2020-08-07,NFCI,Chicago Fed NFCI,-0.489
2020-08-14,NFCI,Chicago Fed NFCI,-0.499
2020-08-21,NFCI,Chicago Fed NFCI,-0.505
2020-08-28,NFCI,Chicago Fed NFCI,-0.508
2020-09-04,NFCI,Chicago Fed NFCI,-0.506
2020-09-11,NFCI,Chicago Fed NFCI,-0.501
2020-09-18,NFCI,Chicago Fed NFCI,-0.498
2020-09-25,NFCI,Chicago Fed NFCI,-0.492
2020-10-02,NFCI,Chicago Fed NFCI,-0.489
2020-10-09,NFCI,Chicago Fed NFCI,-0.489
2020-10-16,NFCI,Chicago Fed NFCI,-0.492
2020-10-23,NFCI,Chicago Fed NFCI,-0.498
2020-10-30,NFCI,Chicago Fed NFCI,-0.506
2020-11-06,NFCI,Chicago Fed NFCI,-0.52
2020-11-13,NFCI,Chicago Fed NFCI,-0.536
2020-11-20,NFCI,Chicago Fed NFCI,-0.552
2020-11-27,NFCI,Chicago Fed NFCI,-0.567
2020-12-04,NFCI,Chicago Fed NFCI,-0.58
2020-12-11,NFCI,Chicago Fed NFCI,-0.59
2020-12-18,NFCI,Chicago Fed NFCI,-0.597
2020-12-25,NFCI,Chicago Fed NFCI,-0.603
2021-01-01,NFCI,Chicago Fed NFCI,-0.609
2021-01-08,NFCI,Chicago Fed NFCI,-0.613
2021-01-15,NFCI,Chicago Fed NFCI,-0.616
2021-01-22,NFCI,Chicago Fed NFCI,-0.618
2021-01-29,NFCI,Chicago Fed NFCI,-0.618
2021-02-05,NFCI,Chicago Fed NFCI,-0.621
2021-02-12,NFCI,Chicago Fed NFCI,-0.622
2021-02-19,NFCI,Chicago Fed NFCI,-0.624
2021-02-26,NFCI,Chicago Fed NFCI,-0.626
2021-03-05,NFCI,Chicago Fed NFCI,-0.631
2021-03-12,NFCI,Chicago Fed NFCI,-0.636
2021-03-19,NFCI,Chicago Fed NFCI,-0.641
2021-03-26,NFCI,Chicago Fed NFCI,-0.648
2021-04-02,NFCI,Chicago Fed NFCI,-0.655
2021-04-09,NFCI,Chicago Fed NFCI,-0.663
2021-04-16,NFCI,Chicago Fed NFCI,-0.67
2021-04-23,NFCI,Chicago Fed NFCI,-0.676
2021-04-30,NFCI,Chicago Fed NFCI,-0.681
2021-05-07,NFCI,Chicago Fed NFCI,-0.686
2021-05-14,NFCI,Chicago Fed NFCI,-0.688
2021-05-21,NFCI,Chicago Fed NFCI,-0.69
2021-05-28,NFCI,Chicago Fed NFCI,-0.693
2021-06-04,NFCI,Chicago Fed NFCI,-0.693
2021-06-11,NFCI,Chicago Fed NFCI,-0.693
2021-06-18,NFCI,Chicago Fed NFCI,-0.69
2021-06-25,NFCI,Chicago Fed NFCI,-0.686
2021-07-02,NFCI,Chicago Fed NFCI,-0.68
2021-07-09,NFCI,Chicago Fed NFCI,-0.673
2021-07-16,NFCI,Chicago Fed NFCI,-0.666
2021-07-23,NFCI,Chicago Fed NFCI,-0.66
2021-07-30,NFCI,Chicago Fed NFCI,-0.654
2021-08-06,NFCI,Chicago Fed NFCI,-0.65
2021-08-13,NFCI,Chicago Fed NFCI,-0.647
2021-08-20,NFCI,Chicago Fed NFCI,-0.645
2021-08-27,NFCI,Chicago Fed NFCI,-0.646
2021-09-03,NFCI,Chicago Fed NFCI,-0.647
2021-09-10,NFCI,Chicago Fed NFCI,-0.649
2021-09-17,NFCI,Chicago Fed NFCI,-0.651
2021-09-24,NFCI,Chicago Fed NFCI,-0.652
2021-10-01,NFCI,Chicago Fed NFCI,-0.653
2021-10-08,NFCI,Chicago Fed NFCI,-0.651
2021-10-15,NFCI,Chicago Fed NFCI,-0.645
2021-10-22,NFCI,Chicago Fed NFCI,-0.635
2021-10-29,NFCI,Chicago Fed NFCI,-0.621
2021-11-05,NFCI,Chicago Fed NFCI,-0.603
2021-11-12,NFCI,Chicago Fed NFCI,-0.584
2021-11-19,NFCI,Chicago Fed NFCI,-0.566
2021-11-26,NFCI,Chicago Fed NFCI,-0.55
2021-12-03,NFCI,Chicago Fed NFCI,-0.539
2021-12-10,NFCI,Chicago Fed NFCI,-0.537
2021-12-17,NFCI,Chicago Fed NFCI,-0.54
2021-12-24,NFCI,Chicago Fed NFCI,-0.547
2021-12-31,NFCI,Chicago Fed NFCI,-0.555
2022-01-07,NFCI,Chicago Fed NFCI,-0.561
2022-01-14,NFCI,Chicago Fed NFCI,-0.561
2022-01-21,NFCI,Chicago Fed NFCI,-0.554
2022-01-28,NFCI,Chicago Fed NFCI,-0.54
2022-02-04,NFCI,Chicago Fed NFCI,-0.521
2022-02-11,NFCI,Chicago Fed NFCI,-0.496
2022-02-18,NFCI,Chicago Fed NFCI,-0.466
2022-02-25,NFCI,Chicago Fed NFCI,-0.437
2022-03-04,NFCI,Chicago Fed NFCI,-0.41
2022-03-11,NFCI,Chicago Fed NFCI,-0.39
2022-03-18,NFCI,Chicago Fed NFCI,-0.378
2022-03-25,NFCI,Chicago Fed NFCI,-0.372
2022-04-01,NFCI,Chicago Fed NFCI,-0.37
2022-04-08,NFCI,Chicago Fed NFCI,-0.367
2022-04-15,NFCI,Chicago Fed NFCI,-0.36
2022-04-22,NFCI,Chicago Fed NFCI,-0.35
2022-04-29,NFCI,Chicago Fed NFCI,-0.335
2022-05-06,NFCI,Chicago Fed NFCI,-0.317
2022-05-13,NFCI,Chicago Fed NFCI,-0.298
2022-05-20,NFCI,Chicago Fed NFCI,-0.279
2022-05-27,NFCI,Chicago Fed NFCI,-0.257
2022-06-03,NFCI,Chicago Fed NFCI,-0.234
2022-06-10,NFCI,Chicago Fed NFCI,-0.21
2022-06-17,NFCI,Chicago Fed NFCI,-0.186
2022-06-24,NFCI,Chicago Fed NFCI,-0.17
2022-07-01,NFCI,Chicago Fed NFCI,-0.164
2022-07-08,NFCI,Chicago Fed NFCI,-0.167
2022-07-15,NFCI,Chicago Fed NFCI,-0.181
2022-07-22,NFCI,Chicago Fed NFCI,-0.2
2022-07-29,NFCI,Chicago Fed NFCI,-0.218
2022-08-05,NFCI,Chicago Fed NFCI,-0.231
2022-08-12,NFCI,Chicago Fed NFCI,-0.238
2022-08-19,NFCI,Chicago Fed NFCI,-0.236
2022-08-26,NFCI,Chicago Fed NFCI,-0.224
2022-09-02,NFCI,Chicago Fed NFCI,-0.203
2022-09-09,NFCI,Chicago Fed NFCI,-0.177
2022-09-16,NFCI,Chicago Fed NFCI,-0.15
2022-09-23,NFCI,Chicago Fed NFCI,-0.124
2022-09-30,NFCI,Chicago Fed NFCI,-0.105
2022-10-07,NFCI,Chicago Fed NFCI,-0.098
2022-10-14,NFCI,Chicago Fed NFCI,-0.1
2022-10-21,NFCI,Chicago Fed NFCI,-0.11
2022-10-28,NFCI,Chicago Fed NFCI,-0.125
2022-11-04,NFCI,Chicago Fed NFCI,-0.142
2022-11-11,NFCI,Chicago Fed NFCI,-0.159
2022-11-18,NFCI,Chicago Fed NFCI,-0.172
2022-11-25,NFCI,Chicago Fed NFCI,-0.18
2022-12-02,NFCI,Chicago Fed NFCI,-0.185
2022-12-09,NFCI,Chicago Fed NFCI,-0.188
2022-12-16,NFCI,Chicago Fed NFCI,-0.195
2022-12-23,NFCI,Chicago Fed NFCI,-0.205
2022-12-30,NFCI,Chicago Fed NFCI,-0.222
2023-01-06,NFCI,Chicago Fed NFCI,-0.245
2023-01-13,NFCI,Chicago Fed NFCI,-0.269
2023-01-20,NFCI,Chicago Fed NFCI,-0.29
2023-01-27,NFCI,Chicago Fed NFCI,-0.306
2023-02-03,NFCI,Chicago Fed NFCI,-0.313
2023-02-10,NFCI,Chicago Fed NFCI,-0.309
2023-02-17,NFCI,Chicago Fed NFCI,-0.295
2023-02-24,NFCI,Chicago Fed NFCI,-0.269
2023-03-03,NFCI,Chicago Fed NFCI,-0.239
2023-03-10,NFCI,Chicago Fed NFCI,-0.206
2023-03-17,NFCI,Chicago Fed NFCI,-0.175
2023-03-24,NFCI,Chicago Fed NFCI,-0.156
2023-03-31,NFCI,Chicago Fed NFCI,-0.152
2023-04-07,NFCI,Chicago Fed NFCI,-0.155
2023-04-14,NFCI,Chicago Fed NFCI,-0.166
2023-04-21,NFCI,Chicago Fed NFCI,-0.18
2023-04-28,NFCI,Chicago Fed NFCI,-0.19
2023-05-05,NFCI,Chicago Fed NFCI,-0.199
2023-05-12,NFCI,Chicago Fed NFCI,-0.206
2023-05-19,NFCI,Chicago Fed NFCI,-0.21
2023-05-26,NFCI,Chicago Fed NFCI,-0.212
2023-06-02,NFCI,Chicago Fed NFCI,-0.214
2023-06-09,NFCI,Chicago Fed NFCI,-0.215
2023-06-16,NFCI,Chicago Fed NFCI,-0.217
2023-06-23,NFCI,Chicago Fed NFCI,-0.221
2023-06-30,NFCI,Chicago Fed NFCI,-0.227
2023-07-07,NFCI,Chicago Fed NFCI,-0.236
2023-07-14,NFCI,Chicago Fed NFCI,-0.249
2023-07-21,NFCI,Chicago Fed NFCI,-0.264
2023-07-28,NFCI,Chicago Fed NFCI,-0.279
2023-08-04,NFCI,Chicago Fed NFCI,-0.297
2023-08-11,NFCI,Chicago Fed NFCI,-0.312
2023-08-18,NFCI,Chicago Fed NFCI,-0.324
2023-08-25,NFCI,Chicago Fed NFCI,-0.333
2023-09-01,NFCI,Chicago Fed NFCI,-0.338
2023-09-08,NFCI,Chicago Fed NFCI,-0.338
2023-09-15,NFCI,Chicago Fed NFCI,-0.333
2023-09-22,NFCI,Chicago Fed NFCI,-0.324
2023-09-29,NFCI,Chicago Fed NFCI,-0.312
2023-10-06,NFCI,Chicago Fed NFCI,-0.301
2023-10-13,NFCI,Chicago Fed NFCI,-0.291
2023-10-20,NFCI,Chicago Fed NFCI,-0.285
2023-10-27,NFCI,Chicago Fed NFCI,-0.285
2023-11-03,NFCI,Chicago Fed NFCI,-0.289
2023-11-10,NFCI,Chicago Fed NFCI,-0.298
2023-11-17,NFCI,Chicago Fed NFCI,-0.309
2023-11-24,NFCI,Chicago Fed NFCI,-0.32
2023-12-01,NFCI,Chicago Fed NFCI,-0.331
2023-12-08,NFCI,Chicago Fed NFCI,-0.339
2023-12-15,NFCI,Chicago Fed NFCI,-0.348
2023-12-22,NFCI,Chicago Fed NFCI,-0.357
2023-12-29,NFCI,Chicago Fed NFCI,-0.366
2024-01-05,NFCI,Chicago Fed NFCI,-0.374
2024-01-12,NFCI,Chicago Fed NFCI,-0.382
2024-01-19,NFCI,Chicago Fed NFCI,-0.389
2024-01-26,NFCI,Chicago Fed NFCI,-0.395
2024-02-02,NFCI,Chicago Fed NFCI,-0.402
2024-02-09,NFCI,Chicago Fed NFCI,-0.409
2024-02-16,NFCI,Chicago Fed NFCI,-0.417
2024-02-23,NFCI,Chicago Fed NFCI,-0.425
2024-03-01,NFCI,Chicago Fed NFCI,-0.431
2024-03-08,NFCI,Chicago Fed NFCI,-0.435
2024-03-15,NFCI,Chicago Fed NFCI,-0.437
2024-03-22,NFCI,Chicago Fed NFCI,-0.435
2024-03-29,NFCI,Chicago Fed NFCI,-0.43
2024-04-05,NFCI,Chicago Fed NFCI,-0.425
2024-04-12,NFCI,Chicago Fed NFCI,-0.419
2024-04-19,NFCI,Chicago Fed NFCI,-0.414
2024-04-26,NFCI,Chicago Fed NFCI,-0.412
2024-05-03,NFCI,Chicago Fed NFCI,-0.411
2024-05-10,NFCI,Chicago Fed NFCI,-0.412
2024-05-17,NFCI,Chicago Fed NFCI,-0.412
2024-05-24,NFCI,Chicago Fed NFCI,-0.411
2024-05-31,NFCI,Chicago Fed NFCI,-0.408
2024-06-07,NFCI,Chicago Fed NFCI,-0.402
2024-06-14,NFCI,Chicago Fed NFCI,-0.395
2024-06-21,NFCI,Chicago Fed NFCI,-0.387
2024-06-28,NFCI,Chicago Fed NFCI,-0.38
2024-07-05,NFCI,Chicago Fed NFCI,-0.375
2024-07-12,NFCI,Chicago Fed NFCI,-0.37
2024-07-19,NFCI,Chicago Fed NFCI,-0.365
2024-07-26,NFCI,Chicago Fed NFCI,-0.361
2024-08-02,NFCI,Chicago Fed NFCI,-0.359
2024-08-09,NFCI,Chicago Fed NFCI,-0.36
2024-08-16,NFCI,Chicago Fed NFCI,-0.369
2024-08-23,NFCI,Chicago Fed NFCI,-0.379
2024-08-30,NFCI,Chicago Fed NFCI,-0.391
2024-09-06,NFCI,Chicago Fed NFCI,-0.402
2024-09-13,NFCI,Chicago Fed NFCI,-0.412
2024-09-20,NFCI,Chicago Fed NFCI,-0.42
2024-09-27,NFCI,Chicago Fed NFCI,-0.426
2024-10-04,NFCI,Chicago Fed NFCI,-0.431
2024-10-11,NFCI,Chicago Fed NFCI,-0.434
2024-10-18,NFCI,Chicago Fed NFCI,-0.439
2024-10-25,NFCI,Chicago Fed NFCI,-0.444
2024-11-01,NFCI,Chicago Fed NFCI,-0.45
2024-11-08,NFCI,Chicago Fed NFCI,-0.457
2024-11-15,NFCI,Chicago Fed NFCI,-0.465
2024-11-22,NFCI,Chicago Fed NFCI,-0.47
2024-11-29,NFCI,Chicago Fed NFCI,-0.473
2024-12-06,NFCI,Chicago Fed NFCI,-0.476
2024-12-13,NFCI,Chicago Fed NFCI,-0.477
2024-12-20,NFCI,Chicago Fed NFCI,-0.478
2024-12-27,NFCI,Chicago Fed NFCI,-0.482
2025-01-03,NFCI,Chicago Fed NFCI,-0.487
2025-01-10,NFCI,Chicago Fed NFCI,-0.493
2025-01-17,NFCI,Chicago Fed NFCI,-0.498
2025-01-24,NFCI,Chicago Fed NFCI,-0.503
2025-01-31,NFCI,Chicago Fed NFCI,-0.506
2025-02-07,NFCI,Chicago Fed NFCI,-0.505
2025-02-14,NFCI,Chicago Fed NFCI,-0.501
2025-02-21,NFCI,Chicago Fed NFCI,-0.492
2025-02-28,NFCI,Chicago Fed NFCI,-0.478
2025-03-07,NFCI,Chicago Fed NFCI,-0.461
2025-03-14,NFCI,Chicago Fed NFCI,-0.443
2025-03-21,NFCI,Chicago Fed NFCI,-0.425
2025-03-28,NFCI,Chicago Fed NFCI,-0.408
2025-04-04,NFCI,Chicago Fed NFCI,-0.393
2025-04-11,NFCI,Chicago Fed NFCI,-0.382
2025-04-18,NFCI,Chicago Fed NFCI,-0.383
2025-04-25,NFCI,Chicago Fed NFCI,-0.389
2025-05-02,NFCI,Chicago Fed NFCI,-0.403
2025-05-09,NFCI,Chicago Fed NFCI,-0.42
2025-05-16,NFCI,Chicago Fed NFCI,-0.438
2025-05-23,NFCI,Chicago Fed NFCI,-0.452
2025-05-30,NFCI,Chicago Fed NFCI,-0.464
2025-06-06,NFCI,Chicago Fed NFCI,-0.474
2025-06-13,NFCI,Chicago Fed NFCI,-0.481
2025-06-20,NFCI,Chicago Fed NFCI,-0.488
2025-06-27,NFCI,Chicago Fed NFCI,-0.494
2025-07-04,NFCI,Chicago Fed NFCI,-0.501
2025-07-11,NFCI,Chicago Fed NFCI,-0.507
2025-07-18,NFCI,Chicago Fed NFCI,-0.512
2025-07-25,NFCI,Chicago Fed NFCI,-0.516
2025-08-01,NFCI,Chicago Fed NFCI,-0.519
2025-08-08,NFCI,Chicago Fed NFCI,-0.521
2025-08-15,NFCI,Chicago Fed NFCI,-0.523
2025-08-22,NFCI,Chicago Fed NFCI,-0.524
2025-08-29,NFCI,Chicago Fed NFCI,-0.525
2025-09-05,NFCI,Chicago Fed NFCI,-0.525
2025-09-12,NFCI,Chicago Fed NFCI,-0.525
2025-09-19,NFCI,Chicago Fed NFCI,-0.524
2025-09-26,NFCI,Chicago Fed NFCI,-0.523
2025-10-03,NFCI,Chicago Fed NFCI,-0.522
2025-10-10,NFCI,Chicago Fed NFCI,-0.52
2025-10-17,NFCI,Chicago Fed NFCI,-0.517
2025-10-24,NFCI,Chicago Fed NFCI,-0.514
2025-10-31,NFCI,Chicago Fed NFCI,-0.511
2025-11-07,NFCI,Chicago Fed NFCI,-0.507
2025-11-14,NFCI,Chicago Fed NFCI,-0.505
2025-11-21,NFCI,Chicago Fed NFCI,-0.505
2025-11-28,NFCI,Chicago Fed NFCI,-0.506
2025-12-05,NFCI,Chicago Fed NFCI,-0.509
2025-12-12,NFCI,Chicago Fed NFCI,-0.514
2025-12-19,NFCI,Chicago Fed NFCI,-0.522
2025-12-26,NFCI,Chicago Fed NFCI,-0.534
2026-01-02,NFCI,Chicago Fed NFCI,-0.545
2026-01-09,NFCI,Chicago Fed NFCI,-0.556
2026-01-16,NFCI,Chicago Fed NFCI,-0.562
2026-01-23,NFCI,Chicago Fed NFCI,-0.564
2026-01-30,NFCI,Chicago Fed NFCI,-0.561
2026-02-06,NFCI,Chicago Fed NFCI,-0.553
2026-02-13,NFCI,Chicago Fed NFCI,-0.54
2026-02-20,NFCI,Chicago Fed NFCI,-0.523
2026-02-27,NFCI,Chicago Fed NFCI,-0.504
2026-03-06,NFCI,Chicago Fed NFCI,-0.484
2026-03-13,NFCI,Chicago Fed NFCI,-0.467
2026-03-20,NFCI,Chicago Fed NFCI,-0.456
2026-03-27,NFCI,Chicago Fed NFCI,-0.451
2026-04-03,NFCI,Chicago Fed NFCI,-0.455
2026-04-10,NFCI,Chicago Fed NFCI,-0.465
2026-04-17,NFCI,Chicago Fed NFCI,-0.479
2026-04-24,NFCI,Chicago Fed NFCI,-0.492
2026-05-01,NFCI,Chicago Fed NFCI,-0.505
2026-05-08,NFCI,Chicago Fed NFCI,-0.516
2026-05-15,NFCI,Chicago Fed NFCI,-0.523
2006-05-26,T10Y2Y,10Y-2Y Curve,0.1
2006-05-30,T10Y2Y,10Y-2Y Curve,0.1
2006-05-31,T10Y2Y,10Y-2Y Curve,0.08
2006-06-01,T10Y2Y,10Y-2Y Curve,0.07
2006-06-02,T10Y2Y,10Y-2Y Curve,0.08
2006-06-05,T10Y2Y,10Y-2Y Curve,0.03
2006-06-06,T10Y2Y,10Y-2Y Curve,0.02
2006-06-07,T10Y2Y,10Y-2Y Curve,0.0
2006-06-08,T10Y2Y,10Y-2Y Curve,-0.01
2006-06-09,T10Y2Y,10Y-2Y Curve,-0.03
2006-06-12,T10Y2Y,10Y-2Y Curve,-0.03
2006-06-13,T10Y2Y,10Y-2Y Curve,-0.05
2006-06-14,T10Y2Y,10Y-2Y Curve,-0.06
2006-06-15,T10Y2Y,10Y-2Y Curve,-0.04
2006-06-16,T10Y2Y,10Y-2Y Curve,-0.03
2006-06-19,T10Y2Y,10Y-2Y Curve,-0.05
2006-06-20,T10Y2Y,10Y-2Y Curve,-0.04
2006-06-21,T10Y2Y,10Y-2Y Curve,-0.04
2006-06-22,T10Y2Y,10Y-2Y Curve,-0.03
2006-06-23,T10Y2Y,10Y-2Y Curve,-0.04
2006-06-26,T10Y2Y,10Y-2Y Curve,-0.02
2006-06-27,T10Y2Y,10Y-2Y Curve,-0.03
2006-06-28,T10Y2Y,10Y-2Y Curve,-0.04
2006-06-29,T10Y2Y,10Y-2Y Curve,0.01
2006-06-30,T10Y2Y,10Y-2Y Curve,-0.01
2006-07-03,T10Y2Y,10Y-2Y Curve,-0.02
2006-07-05,T10Y2Y,10Y-2Y Curve,-0.01
2006-07-06,T10Y2Y,10Y-2Y Curve,-0.03
2006-07-07,T10Y2Y,10Y-2Y Curve,-0.03
2006-07-10,T10Y2Y,10Y-2Y Curve,-0.04
2006-07-11,T10Y2Y,10Y-2Y Curve,-0.07
2006-07-12,T10Y2Y,10Y-2Y Curve,-0.07
2006-07-13,T10Y2Y,10Y-2Y Curve,-0.04
2006-07-14,T10Y2Y,10Y-2Y Curve,-0.01
2006-07-17,T10Y2Y,10Y-2Y Curve,-0.05
2006-07-18,T10Y2Y,10Y-2Y Curve,-0.06
2006-07-19,T10Y2Y,10Y-2Y Curve,-0.06
2006-07-20,T10Y2Y,10Y-2Y Curve,-0.03
2006-07-21,T10Y2Y,10Y-2Y Curve,-0.03
2006-07-24,T10Y2Y,10Y-2Y Curve,-0.05
2006-07-25,T10Y2Y,10Y-2Y Curve,-0.04
2006-07-26,T10Y2Y,10Y-2Y Curve,-0.02
2006-07-27,T10Y2Y,10Y-2Y Curve,0.0
2006-07-28,T10Y2Y,10Y-2Y Curve,0.02
2006-07-31,T10Y2Y,10Y-2Y Curve,0.02
2006-08-01,T10Y2Y,10Y-2Y Curve,0.02
2006-08-02,T10Y2Y,10Y-2Y Curve,-0.01
2006-08-03,T10Y2Y,10Y-2Y Curve,-0.02
2006-08-04,T10Y2Y,10Y-2Y Curve,0.0
2006-08-07,T10Y2Y,10Y-2Y Curve,-0.03
2006-08-08,T10Y2Y,10Y-2Y Curve,0.02
2006-08-09,T10Y2Y,10Y-2Y Curve,0.01
2006-08-10,T10Y2Y,10Y-2Y Curve,0.0
2006-08-11,T10Y2Y,10Y-2Y Curve,0.01
2006-08-14,T10Y2Y,10Y-2Y Curve,-0.01
2006-08-15,T10Y2Y,10Y-2Y Curve,-0.01
2006-08-16,T10Y2Y,10Y-2Y Curve,0.0
2006-08-17,T10Y2Y,10Y-2Y Curve,-0.02
2006-08-18,T10Y2Y,10Y-2Y Curve,-0.03
2006-08-21,T10Y2Y,10Y-2Y Curve,-0.03
2006-08-22,T10Y2Y,10Y-2Y Curve,-0.05
2006-08-23,T10Y2Y,10Y-2Y Curve,-0.05
2006-08-24,T10Y2Y,10Y-2Y Curve,-0.07
2006-08-25,T10Y2Y,10Y-2Y Curve,-0.07
2006-08-28,T10Y2Y,10Y-2Y Curve,-0.08
2006-08-29,T10Y2Y,10Y-2Y Curve,-0.08
2006-08-30,T10Y2Y,10Y-2Y Curve,-0.07
2006-08-31,T10Y2Y,10Y-2Y Curve,-0.05
2006-09-01,T10Y2Y,10Y-2Y Curve,-0.04
2006-09-05,T10Y2Y,10Y-2Y Curve,-0.02
2006-09-06,T10Y2Y,10Y-2Y Curve,-0.02
2006-09-07,T10Y2Y,10Y-2Y Curve,-0.02
2006-09-08,T10Y2Y,10Y-2Y Curve,-0.02
2006-09-11,T10Y2Y,10Y-2Y Curve,-0.03
2006-09-12,T10Y2Y,10Y-2Y Curve,-0.04
2006-09-13,T10Y2Y,10Y-2Y Curve,-0.03
2006-09-14,T10Y2Y,10Y-2Y Curve,-0.04
2006-09-15,T10Y2Y,10Y-2Y Curve,-0.07
2006-09-18,T10Y2Y,10Y-2Y Curve,-0.07
2006-09-19,T10Y2Y,10Y-2Y Curve,-0.05
2006-09-20,T10Y2Y,10Y-2Y Curve,-0.08
2006-09-21,T10Y2Y,10Y-2Y Curve,-0.06
2006-09-22,T10Y2Y,10Y-2Y Curve,-0.07
2006-09-25,T10Y2Y,10Y-2Y Curve,-0.07
2006-09-26,T10Y2Y,10Y-2Y Curve,-0.09
2006-09-27,T10Y2Y,10Y-2Y Curve,-0.06
2006-09-28,T10Y2Y,10Y-2Y Curve,-0.05
2006-09-29,T10Y2Y,10Y-2Y Curve,-0.07
2006-10-02,T10Y2Y,10Y-2Y Curve,-0.04
2006-10-03,T10Y2Y,10Y-2Y Curve,-0.05
2006-10-04,T10Y2Y,10Y-2Y Curve,-0.03
2006-10-05,T10Y2Y,10Y-2Y Curve,-0.04
2006-10-06,T10Y2Y,10Y-2Y Curve,-0.04
2006-10-10,T10Y2Y,10Y-2Y Curve,-0.07
2006-10-11,T10Y2Y,10Y-2Y Curve,-0.07
2006-10-12,T10Y2Y,10Y-2Y Curve,-0.06
2006-10-13,T10Y2Y,10Y-2Y Curve,-0.06
2006-10-16,T10Y2Y,10Y-2Y Curve,-0.06
2006-10-17,T10Y2Y,10Y-2Y Curve,-0.05
2006-10-18,T10Y2Y,10Y-2Y Curve,-0.08
2006-10-19,T10Y2Y,10Y-2Y Curve,-0.06
2006-10-20,T10Y2Y,10Y-2Y Curve,-0.08
2006-10-23,T10Y2Y,10Y-2Y Curve,-0.07
2006-10-24,T10Y2Y,10Y-2Y Curve,-0.08
2006-10-25,T10Y2Y,10Y-2Y Curve,-0.1
2006-10-26,T10Y2Y,10Y-2Y Curve,-0.08
2006-10-27,T10Y2Y,10Y-2Y Curve,-0.08
2006-10-30,T10Y2Y,10Y-2Y Curve,-0.1
2006-10-31,T10Y2Y,10Y-2Y Curve,-0.1
2006-11-01,T10Y2Y,10Y-2Y Curve,-0.09
2006-11-02,T10Y2Y,10Y-2Y Curve,-0.07
2006-11-03,T10Y2Y,10Y-2Y Curve,-0.1
2006-11-06,T10Y2Y,10Y-2Y Curve,-0.11
2006-11-07,T10Y2Y,10Y-2Y Curve,-0.11
2006-11-08,T10Y2Y,10Y-2Y Curve,-0.11
2006-11-09,T10Y2Y,10Y-2Y Curve,-0.13
2006-11-10,T10Y2Y,10Y-2Y Curve,-0.14
2006-11-13,T10Y2Y,10Y-2Y Curve,-0.15
2006-11-14,T10Y2Y,10Y-2Y Curve,-0.17
2006-11-15,T10Y2Y,10Y-2Y Curve,-0.19
2006-11-16,T10Y2Y,10Y-2Y Curve,-0.19
2006-11-17,T10Y2Y,10Y-2Y Curve,-0.15
2006-11-20,T10Y2Y,10Y-2Y Curve,-0.16
2006-11-21,T10Y2Y,10Y-2Y Curve,-0.17
2006-11-22,T10Y2Y,10Y-2Y Curve,-0.17
2006-11-24,T10Y2Y,10Y-2Y Curve,-0.18
2006-11-27,T10Y2Y,10Y-2Y Curve,-0.17
2006-11-28,T10Y2Y,10Y-2Y Curve,-0.16
2006-11-29,T10Y2Y,10Y-2Y Curve,-0.17
2006-11-30,T10Y2Y,10Y-2Y Curve,-0.16
2006-12-01,T10Y2Y,10Y-2Y Curve,-0.09
2006-12-04,T10Y2Y,10Y-2Y Curve,-0.09
2006-12-05,T10Y2Y,10Y-2Y Curve,-0.07
2006-12-06,T10Y2Y,10Y-2Y Curve,-0.11
2006-12-07,T10Y2Y,10Y-2Y Curve,-0.09
2006-12-08,T10Y2Y,10Y-2Y Curve,-0.12
2006-12-11,T10Y2Y,10Y-2Y Curve,-0.15
2006-12-12,T10Y2Y,10Y-2Y Curve,-0.12
2006-12-13,T10Y2Y,10Y-2Y Curve,-0.12
2006-12-14,T10Y2Y,10Y-2Y Curve,-0.13
2006-12-15,T10Y2Y,10Y-2Y Curve,-0.13
2006-12-18,T10Y2Y,10Y-2Y Curve,-0.11
2006-12-19,T10Y2Y,10Y-2Y Curve,-0.11
2006-12-20,T10Y2Y,10Y-2Y Curve,-0.11
2006-12-21,T10Y2Y,10Y-2Y Curve,-0.11
2006-12-22,T10Y2Y,10Y-2Y Curve,-0.08
2006-12-26,T10Y2Y,10Y-2Y Curve,-0.1
2006-12-27,T10Y2Y,10Y-2Y Curve,-0.11
2006-12-28,T10Y2Y,10Y-2Y Curve,-0.12
2006-12-29,T10Y2Y,10Y-2Y Curve,-0.11
2007-01-02,T10Y2Y,10Y-2Y Curve,-0.12
2007-01-03,T10Y2Y,10Y-2Y Curve,-0.09
2007-01-04,T10Y2Y,10Y-2Y Curve,-0.09
2007-01-05,T10Y2Y,10Y-2Y Curve,-0.11
2007-01-08,T10Y2Y,10Y-2Y Curve,-0.12
2007-01-09,T10Y2Y,10Y-2Y Curve,-0.13
2007-01-10,T10Y2Y,10Y-2Y Curve,-0.12
2007-01-11,T10Y2Y,10Y-2Y Curve,-0.12
2007-01-12,T10Y2Y,10Y-2Y Curve,-0.11
2007-01-16,T10Y2Y,10Y-2Y Curve,-0.11
2007-01-17,T10Y2Y,10Y-2Y Curve,-0.12
2007-01-18,T10Y2Y,10Y-2Y Curve,-0.14
2007-01-19,T10Y2Y,10Y-2Y Curve,-0.15
2007-01-22,T10Y2Y,10Y-2Y Curve,-0.15
2007-01-23,T10Y2Y,10Y-2Y Curve,-0.13
2007-01-24,T10Y2Y,10Y-2Y Curve,-0.12
2007-01-25,T10Y2Y,10Y-2Y Curve,-0.11
2007-01-26,T10Y2Y,10Y-2Y Curve,-0.11
2007-01-29,T10Y2Y,10Y-2Y Curve,-0.09
2007-01-30,T10Y2Y,10Y-2Y Curve,-0.1
2007-01-31,T10Y2Y,10Y-2Y Curve,-0.11
2007-02-01,T10Y2Y,10Y-2Y Curve,-0.12
2007-02-02,T10Y2Y,10Y-2Y Curve,-0.11
2007-02-05,T10Y2Y,10Y-2Y Curve,-0.11
2007-02-06,T10Y2Y,10Y-2Y Curve,-0.13
2007-02-07,T10Y2Y,10Y-2Y Curve,-0.13
2007-02-08,T10Y2Y,10Y-2Y Curve,-0.14
2007-02-09,T10Y2Y,10Y-2Y Curve,-0.13
2007-02-12,T10Y2Y,10Y-2Y Curve,-0.14
2007-02-13,T10Y2Y,10Y-2Y Curve,-0.13
2007-02-14,T10Y2Y,10Y-2Y Curve,-0.13
2007-02-15,T10Y2Y,10Y-2Y Curve,-0.13
2007-02-16,T10Y2Y,10Y-2Y Curve,-0.14
2007-02-20,T10Y2Y,10Y-2Y Curve,-0.13
2007-02-21,T10Y2Y,10Y-2Y Curve,-0.13
2007-02-22,T10Y2Y,10Y-2Y Curve,-0.14
2007-02-23,T10Y2Y,10Y-2Y Curve,-0.14
2007-02-26,T10Y2Y,10Y-2Y Curve,-0.14
2007-02-27,T10Y2Y,10Y-2Y Curve,-0.09
2007-02-28,T10Y2Y,10Y-2Y Curve,-0.09
2007-03-01,T10Y2Y,10Y-2Y Curve,-0.07
2007-03-02,T10Y2Y,10Y-2Y Curve,-0.04
2007-03-05,T10Y2Y,10Y-2Y Curve,-0.02
2007-03-06,T10Y2Y,10Y-2Y Curve,-0.05
2007-03-07,T10Y2Y,10Y-2Y Curve,-0.04
2007-03-08,T10Y2Y,10Y-2Y Curve,-0.05
2007-03-09,T10Y2Y,10Y-2Y Curve,-0.07
2007-03-12,T10Y2Y,10Y-2Y Curve,-0.06
2007-03-13,T10Y2Y,10Y-2Y Curve,-0.02
2007-03-14,T10Y2Y,10Y-2Y Curve,-0.01
2007-03-15,T10Y2Y,10Y-2Y Curve,-0.03
2007-03-16,T10Y2Y,10Y-2Y Curve,-0.03
2007-03-19,T10Y2Y,10Y-2Y Curve,-0.03
2007-03-20,T10Y2Y,10Y-2Y Curve,-0.04
2007-03-21,T10Y2Y,10Y-2Y Curve,0.02
2007-03-22,T10Y2Y,10Y-2Y Curve,0.02
2007-03-23,T10Y2Y,10Y-2Y Curve,0.02
2007-03-26,T10Y2Y,10Y-2Y Curve,0.04
2007-03-27,T10Y2Y,10Y-2Y Curve,0.04
2007-03-28,T10Y2Y,10Y-2Y Curve,0.09
2007-03-29,T10Y2Y,10Y-2Y Curve,0.06
2007-03-30,T10Y2Y,10Y-2Y Curve,0.07
2007-04-02,T10Y2Y,10Y-2Y Curve,0.05
2007-04-03,T10Y2Y,10Y-2Y Curve,0.04
2007-04-04,T10Y2Y,10Y-2Y Curve,0.05
2007-04-05,T10Y2Y,10Y-2Y Curve,0.05
2007-04-06,T10Y2Y,10Y-2Y Curve,0.01
2007-04-09,T10Y2Y,10Y-2Y Curve,0.02
2007-04-10,T10Y2Y,10Y-2Y Curve,0.02
2007-04-11,T10Y2Y,10Y-2Y Curve,0.01
2007-04-12,T10Y2Y,10Y-2Y Curve,0.01
2007-04-13,T10Y2Y,10Y-2Y Curve,0.0
2007-04-16,T10Y2Y,10Y-2Y Curve,0.0
2007-04-17,T10Y2Y,10Y-2Y Curve,0.01
2007-04-18,T10Y2Y,10Y-2Y Curve,0.02
2007-04-19,T10Y2Y,10Y-2Y Curve,0.04
2007-04-20,T10Y2Y,10Y-2Y Curve,0.04
2007-04-23,T10Y2Y,10Y-2Y Curve,0.04
2007-04-24,T10Y2Y,10Y-2Y Curve,0.05
2007-04-25,T10Y2Y,10Y-2Y Curve,0.03
2007-04-26,T10Y2Y,10Y-2Y Curve,0.02
2007-04-27,T10Y2Y,10Y-2Y Curve,0.04
2007-04-30,T10Y2Y,10Y-2Y Curve,0.03
2007-05-01,T10Y2Y,10Y-2Y Curve,0.01
2007-05-02,T10Y2Y,10Y-2Y Curve,0.0
2007-05-03,T10Y2Y,10Y-2Y Curve,-0.03
2007-05-04,T10Y2Y,10Y-2Y Curve,-0.03
2007-05-07,T10Y2Y,10Y-2Y Curve,-0.04
2007-05-08,T10Y2Y,10Y-2Y Curve,-0.05
2007-05-09,T10Y2Y,10Y-2Y Curve,-0.06
2007-05-10,T10Y2Y,10Y-2Y Curve,-0.05
2007-05-11,T10Y2Y,10Y-2Y Curve,-0.04
2007-05-14,T10Y2Y,10Y-2Y Curve,-0.04
2007-05-15,T10Y2Y,10Y-2Y Curve,-0.04
2007-05-16,T10Y2Y,10Y-2Y Curve,-0.02
2007-05-17,T10Y2Y,10Y-2Y Curve,-0.02
2007-05-18,T10Y2Y,10Y-2Y Curve,-0.01
2007-05-21,T10Y2Y,10Y-2Y Curve,-0.02
2007-05-22,T10Y2Y,10Y-2Y Curve,0.0
2007-05-23,T10Y2Y,10Y-2Y Curve,0.01
2007-05-24,T10Y2Y,10Y-2Y Curve,0.01
2007-05-25,T10Y2Y,10Y-2Y Curve,0.01
2007-05-29,T10Y2Y,10Y-2Y Curve,0.0
2007-05-30,T10Y2Y,10Y-2Y Curve,-0.01
2007-05-31,T10Y2Y,10Y-2Y Curve,-0.02
2007-06-01,T10Y2Y,10Y-2Y Curve,-0.02
2007-06-04,T10Y2Y,10Y-2Y Curve,-0.04
2007-06-05,T10Y2Y,10Y-2Y Curve,-0.01
2007-06-06,T10Y2Y,10Y-2Y Curve,0.0
2007-06-07,T10Y2Y,10Y-2Y Curve,0.08
2007-06-08,T10Y2Y,10Y-2Y Curve,0.11
2007-06-11,T10Y2Y,10Y-2Y Curve,0.13
2007-06-12,T10Y2Y,10Y-2Y Curve,0.18
2007-06-13,T10Y2Y,10Y-2Y Curve,0.12
2007-06-14,T10Y2Y,10Y-2Y Curve,0.13
2007-06-15,T10Y2Y,10Y-2Y Curve,0.11
2007-06-18,T10Y2Y,10Y-2Y Curve,0.14
2007-06-19,T10Y2Y,10Y-2Y Curve,0.15
2007-06-20,T10Y2Y,10Y-2Y Curve,0.17
2007-06-21,T10Y2Y,10Y-2Y Curve,0.18
2007-06-22,T10Y2Y,10Y-2Y Curve,0.22
2007-06-25,T10Y2Y,10Y-2Y Curve,0.22
2007-06-26,T10Y2Y,10Y-2Y Curve,0.2
2007-06-27,T10Y2Y,10Y-2Y Curve,0.18
2007-06-28,T10Y2Y,10Y-2Y Curve,0.16
2007-06-29,T10Y2Y,10Y-2Y Curve,0.16
2007-07-02,T10Y2Y,10Y-2Y Curve,0.14
2007-07-03,T10Y2Y,10Y-2Y Curve,0.16
2007-07-05,T10Y2Y,10Y-2Y Curve,0.17
2007-07-06,T10Y2Y,10Y-2Y Curve,0.2
2007-07-09,T10Y2Y,10Y-2Y Curve,0.19
2007-07-10,T10Y2Y,10Y-2Y Curve,0.18
2007-07-11,T10Y2Y,10Y-2Y Curve,0.2
2007-07-12,T10Y2Y,10Y-2Y Curve,0.19
2007-07-13,T10Y2Y,10Y-2Y Curve,0.17
2007-07-16,T10Y2Y,10Y-2Y Curve,0.16
2007-07-17,T10Y2Y,10Y-2Y Curve,0.17
2007-07-18,T10Y2Y,10Y-2Y Curve,0.18
2007-07-19,T10Y2Y,10Y-2Y Curve,0.17
2007-07-20,T10Y2Y,10Y-2Y Curve,0.17
2007-07-23,T10Y2Y,10Y-2Y Curve,0.17
2007-07-24,T10Y2Y,10Y-2Y Curve,0.17
2007-07-25,T10Y2Y,10Y-2Y Curve,0.18
2007-07-26,T10Y2Y,10Y-2Y Curve,0.23
2007-07-27,T10Y2Y,10Y-2Y Curve,0.24
2007-07-30,T10Y2Y,10Y-2Y Curve,0.23
2007-07-31,T10Y2Y,10Y-2Y Curve,0.22
2007-08-01,T10Y2Y,10Y-2Y Curve,0.2
2007-08-02,T10Y2Y,10Y-2Y Curve,0.18
2007-08-03,T10Y2Y,10Y-2Y Curve,0.25
2007-08-06,T10Y2Y,10Y-2Y Curve,0.26
2007-08-07,T10Y2Y,10Y-2Y Curve,0.21
2007-08-08,T10Y2Y,10Y-2Y Curve,0.2
2007-08-09,T10Y2Y,10Y-2Y Curve,0.3
2007-08-10,T10Y2Y,10Y-2Y Curve,0.34
2007-08-13,T10Y2Y,10Y-2Y Curve,0.32
2007-08-14,T10Y2Y,10Y-2Y Curve,0.34
2007-08-15,T10Y2Y,10Y-2Y Curve,0.42
2007-08-16,T10Y2Y,10Y-2Y Curve,0.52
2007-08-17,T10Y2Y,10Y-2Y Curve,0.5
2007-08-20,T10Y2Y,10Y-2Y Curve,0.53
2007-08-21,T10Y2Y,10Y-2Y Curve,0.55
2007-08-22,T10Y2Y,10Y-2Y Curve,0.48
2007-08-23,T10Y2Y,10Y-2Y Curve,0.42
2007-08-24,T10Y2Y,10Y-2Y Curve,0.33
2007-08-27,T10Y2Y,10Y-2Y Curve,0.32
2007-08-28,T10Y2Y,10Y-2Y Curve,0.4
2007-08-29,T10Y2Y,10Y-2Y Curve,0.43
2007-08-30,T10Y2Y,10Y-2Y Curve,0.43
2007-08-31,T10Y2Y,10Y-2Y Curve,0.39
2007-09-04,T10Y2Y,10Y-2Y Curve,0.43
2007-09-05,T10Y2Y,10Y-2Y Curve,0.45
2007-09-06,T10Y2Y,10Y-2Y Curve,0.43
2007-09-07,T10Y2Y,10Y-2Y Curve,0.48
2007-09-10,T10Y2Y,10Y-2Y Curve,0.47
2007-09-11,T10Y2Y,10Y-2Y Curve,0.42
2007-09-12,T10Y2Y,10Y-2Y Curve,0.46
2007-09-13,T10Y2Y,10Y-2Y Curve,0.41
2007-09-14,T10Y2Y,10Y-2Y Curve,0.42
2007-09-17,T10Y2Y,10Y-2Y Curve,0.4
2007-09-18,T10Y2Y,10Y-2Y Curve,0.5
2007-09-19,T10Y2Y,10Y-2Y Curve,0.53
2007-09-20,T10Y2Y,10Y-2Y Curve,0.59
2007-09-21,T10Y2Y,10Y-2Y Curve,0.58
2007-09-24,T10Y2Y,10Y-2Y Curve,0.58
2007-09-25,T10Y2Y,10Y-2Y Curve,0.63
2007-09-26,T10Y2Y,10Y-2Y Curve,0.66
2007-09-27,T10Y2Y,10Y-2Y Curve,0.63
2007-09-28,T10Y2Y,10Y-2Y Curve,0.62
2007-10-01,T10Y2Y,10Y-2Y Curve,0.54
2007-10-02,T10Y2Y,10Y-2Y Curve,0.56
2007-10-03,T10Y2Y,10Y-2Y Curve,0.53
2007-10-04,T10Y2Y,10Y-2Y Curve,0.54
2007-10-05,T10Y2Y,10Y-2Y Curve,0.57
2007-10-09,T10Y2Y,10Y-2Y Curve,0.52
2007-10-10,T10Y2Y,10Y-2Y Curve,0.5
2007-10-11,T10Y2Y,10Y-2Y Curve,0.53
2007-10-12,T10Y2Y,10Y-2Y Curve,0.47
2007-10-15,T10Y2Y,10Y-2Y Curve,0.47
2007-10-16,T10Y2Y,10Y-2Y Curve,0.54
2007-10-17,T10Y2Y,10Y-2Y Curve,0.57
2007-10-18,T10Y2Y,10Y-2Y Curve,0.59
2007-10-19,T10Y2Y,10Y-2Y Curve,0.61
2007-10-22,T10Y2Y,10Y-2Y Curve,0.57
2007-10-23,T10Y2Y,10Y-2Y Curve,0.6
2007-10-24,T10Y2Y,10Y-2Y Curve,0.62
2007-10-25,T10Y2Y,10Y-2Y Curve,0.63
2007-10-26,T10Y2Y,10Y-2Y Curve,0.64
2007-10-29,T10Y2Y,10Y-2Y Curve,0.6
2007-10-30,T10Y2Y,10Y-2Y Curve,0.58
2007-10-31,T10Y2Y,10Y-2Y Curve,0.54
2007-11-01,T10Y2Y,10Y-2Y Curve,0.59
2007-11-02,T10Y2Y,10Y-2Y Curve,0.65
2007-11-05,T10Y2Y,10Y-2Y Curve,0.66
2007-11-06,T10Y2Y,10Y-2Y Curve,0.68
2007-11-07,T10Y2Y,10Y-2Y Curve,0.73
2007-11-08,T10Y2Y,10Y-2Y Curve,0.81
2007-11-09,T10Y2Y,10Y-2Y Curve,0.81
2007-11-13,T10Y2Y,10Y-2Y Curve,0.72
2007-11-14,T10Y2Y,10Y-2Y Curve,0.71
2007-11-15,T10Y2Y,10Y-2Y Curve,0.82
2007-11-16,T10Y2Y,10Y-2Y Curve,0.82
2007-11-19,T10Y2Y,10Y-2Y Curve,0.89
2007-11-20,T10Y2Y,10Y-2Y Curve,0.92
2007-11-21,T10Y2Y,10Y-2Y Curve,1.01
2007-11-23,T10Y2Y,10Y-2Y Curve,0.94
2007-11-26,T10Y2Y,10Y-2Y Curve,0.91
2007-11-27,T10Y2Y,10Y-2Y Curve,0.9
2007-11-28,T10Y2Y,10Y-2Y Curve,0.86
2007-11-29,T10Y2Y,10Y-2Y Curve,0.88
2007-11-30,T10Y2Y,10Y-2Y Curve,0.93
2007-12-03,T10Y2Y,10Y-2Y Curve,0.99
2007-12-04,T10Y2Y,10Y-2Y Curve,0.99
2007-12-05,T10Y2Y,10Y-2Y Curve,1.02
2007-12-06,T10Y2Y,10Y-2Y Curve,0.99
2007-12-07,T10Y2Y,10Y-2Y Curve,1.0
2007-12-10,T10Y2Y,10Y-2Y Curve,0.98
2007-12-11,T10Y2Y,10Y-2Y Curve,1.04
2007-12-12,T10Y2Y,10Y-2Y Curve,0.98
2007-12-13,T10Y2Y,10Y-2Y Curve,0.97
2007-12-14,T10Y2Y,10Y-2Y Curve,0.93
2007-12-17,T10Y2Y,10Y-2Y Curve,0.96
2007-12-18,T10Y2Y,10Y-2Y Curve,0.95
2007-12-19,T10Y2Y,10Y-2Y Curve,0.94
2007-12-20,T10Y2Y,10Y-2Y Curve,0.95
2007-12-21,T10Y2Y,10Y-2Y Curve,0.99
2007-12-24,T10Y2Y,10Y-2Y Curve,0.99
2007-12-26,T10Y2Y,10Y-2Y Curve,0.99
2007-12-27,T10Y2Y,10Y-2Y Curve,0.97
2007-12-28,T10Y2Y,10Y-2Y Curve,0.99
2007-12-31,T10Y2Y,10Y-2Y Curve,0.99
2008-01-02,T10Y2Y,10Y-2Y Curve,1.03
2008-01-03,T10Y2Y,10Y-2Y Curve,1.08
2008-01-04,T10Y2Y,10Y-2Y Curve,1.14
2008-01-07,T10Y2Y,10Y-2Y Curve,1.1
2008-01-08,T10Y2Y,10Y-2Y Curve,1.1
2008-01-09,T10Y2Y,10Y-2Y Curve,1.13
2008-01-10,T10Y2Y,10Y-2Y Curve,1.2
2008-01-11,T10Y2Y,10Y-2Y Curve,1.23
2008-01-14,T10Y2Y,10Y-2Y Curve,1.23
2008-01-15,T10Y2Y,10Y-2Y Curve,1.19
2008-01-16,T10Y2Y,10Y-2Y Curve,1.23
2008-01-17,T10Y2Y,10Y-2Y Curve,1.22
2008-01-18,T10Y2Y,10Y-2Y Curve,1.3
2008-01-22,T10Y2Y,10Y-2Y Curve,1.44
2008-01-23,T10Y2Y,10Y-2Y Curve,1.42
2008-01-24,T10Y2Y,10Y-2Y Curve,1.43
2008-01-25,T10Y2Y,10Y-2Y Curve,1.38
2008-01-28,T10Y2Y,10Y-2Y Curve,1.41
2008-01-29,T10Y2Y,10Y-2Y Curve,1.4
2008-01-30,T10Y2Y,10Y-2Y Curve,1.48
2008-01-31,T10Y2Y,10Y-2Y Curve,1.5
2008-02-01,T10Y2Y,10Y-2Y Curve,1.53
2008-02-04,T10Y2Y,10Y-2Y Curve,1.6
2008-02-05,T10Y2Y,10Y-2Y Curve,1.68
2008-02-06,T10Y2Y,10Y-2Y Curve,1.65
2008-02-07,T10Y2Y,10Y-2Y Curve,1.75
2008-02-08,T10Y2Y,10Y-2Y Curve,1.71
2008-02-11,T10Y2Y,10Y-2Y Curve,1.69
2008-02-12,T10Y2Y,10Y-2Y Curve,1.72
2008-02-13,T10Y2Y,10Y-2Y Curve,1.79
2008-02-14,T10Y2Y,10Y-2Y Curve,1.92
2008-02-15,T10Y2Y,10Y-2Y Curve,1.85
2008-02-19,T10Y2Y,10Y-2Y Curve,1.83
2008-02-20,T10Y2Y,10Y-2Y Curve,1.79
2008-02-21,T10Y2Y,10Y-2Y Curve,1.79
2008-02-22,T10Y2Y,10Y-2Y Curve,1.81
2008-02-25,T10Y2Y,10Y-2Y Curve,1.78
2008-02-26,T10Y2Y,10Y-2Y Curve,1.84
2008-02-27,T10Y2Y,10Y-2Y Curve,1.84
2008-02-28,T10Y2Y,10Y-2Y Curve,1.84
2008-02-29,T10Y2Y,10Y-2Y Curve,1.88
2008-03-03,T10Y2Y,10Y-2Y Curve,1.93
2008-03-04,T10Y2Y,10Y-2Y Curve,1.98
2008-03-05,T10Y2Y,10Y-2Y Curve,2.04
2008-03-06,T10Y2Y,10Y-2Y Curve,2.09
2008-03-07,T10Y2Y,10Y-2Y Curve,2.03
2008-03-10,T10Y2Y,10Y-2Y Curve,1.99
2008-03-11,T10Y2Y,10Y-2Y Curve,1.86
2008-03-12,T10Y2Y,10Y-2Y Curve,1.86
2008-03-13,T10Y2Y,10Y-2Y Curve,1.93
2008-03-14,T10Y2Y,10Y-2Y Curve,1.97
2008-03-17,T10Y2Y,10Y-2Y Curve,1.99
2008-03-18,T10Y2Y,10Y-2Y Curve,1.9
2008-03-19,T10Y2Y,10Y-2Y Curve,1.84
2008-03-20,T10Y2Y,10Y-2Y Curve,1.75
2008-03-24,T10Y2Y,10Y-2Y Curve,1.72
2008-03-25,T10Y2Y,10Y-2Y Curve,1.72
2008-03-26,T10Y2Y,10Y-2Y Curve,1.8
2008-03-27,T10Y2Y,10Y-2Y Curve,1.83
2008-03-28,T10Y2Y,10Y-2Y Curve,1.8
2008-03-31,T10Y2Y,10Y-2Y Curve,1.83
2008-04-01,T10Y2Y,10Y-2Y Curve,1.77
2008-04-02,T10Y2Y,10Y-2Y Curve,1.72
2008-04-03,T10Y2Y,10Y-2Y Curve,1.7
2008-04-04,T10Y2Y,10Y-2Y Curve,1.67
2008-04-07,T10Y2Y,10Y-2Y Curve,1.62
2008-04-08,T10Y2Y,10Y-2Y Curve,1.71
2008-04-09,T10Y2Y,10Y-2Y Curve,1.72
2008-04-10,T10Y2Y,10Y-2Y Curve,1.71
2008-04-11,T10Y2Y,10Y-2Y Curve,1.73
2008-04-14,T10Y2Y,10Y-2Y Curve,1.75
2008-04-15,T10Y2Y,10Y-2Y Curve,1.76
2008-04-16,T10Y2Y,10Y-2Y Curve,1.74
2008-04-17,T10Y2Y,10Y-2Y Curve,1.62
2008-04-18,T10Y2Y,10Y-2Y Curve,1.58
2008-04-21,T10Y2Y,10Y-2Y Curve,1.55
2008-04-22,T10Y2Y,10Y-2Y Curve,1.5
2008-04-23,T10Y2Y,10Y-2Y Curve,1.55
2008-04-24,T10Y2Y,10Y-2Y Curve,1.46
2008-04-25,T10Y2Y,10Y-2Y Curve,1.47
2008-04-28,T10Y2Y,10Y-2Y Curve,1.5
2008-04-29,T10Y2Y,10Y-2Y Curve,1.5
2008-04-30,T10Y2Y,10Y-2Y Curve,1.48
2008-05-01,T10Y2Y,10Y-2Y Curve,1.41
2008-05-02,T10Y2Y,10Y-2Y Curve,1.42
2008-05-05,T10Y2Y,10Y-2Y Curve,1.46
2008-05-06,T10Y2Y,10Y-2Y Curve,1.55
2008-05-07,T10Y2Y,10Y-2Y Curve,1.56
2008-05-08,T10Y2Y,10Y-2Y Curve,1.54
2008-05-09,T10Y2Y,10Y-2Y Curve,1.52
2008-05-12,T10Y2Y,10Y-2Y Curve,1.48
2008-05-13,T10Y2Y,10Y-2Y Curve,1.43
2008-05-14,T10Y2Y,10Y-2Y Curve,1.39
2008-05-15,T10Y2Y,10Y-2Y Curve,1.38
2008-05-16,T10Y2Y,10Y-2Y Curve,1.38
2008-05-19,T10Y2Y,10Y-2Y Curve,1.41
2008-05-20,T10Y2Y,10Y-2Y Curve,1.44
2008-05-21,T10Y2Y,10Y-2Y Curve,1.4
2008-05-22,T10Y2Y,10Y-2Y Curve,1.36
2008-05-23,T10Y2Y,10Y-2Y Curve,1.39
2008-05-27,T10Y2Y,10Y-2Y Curve,1.38
2008-05-28,T10Y2Y,10Y-2Y Curve,1.41
2008-05-29,T10Y2Y,10Y-2Y Curve,1.41
2008-05-30,T10Y2Y,10Y-2Y Curve,1.4
2008-06-02,T10Y2Y,10Y-2Y Curve,1.47
2008-06-03,T10Y2Y,10Y-2Y Curve,1.47
2008-06-04,T10Y2Y,10Y-2Y Curve,1.51
2008-06-05,T10Y2Y,10Y-2Y Curve,1.54
2008-06-06,T10Y2Y,10Y-2Y Curve,1.54
2008-06-09,T10Y2Y,10Y-2Y Curve,1.29
2008-06-10,T10Y2Y,10Y-2Y Curve,1.2
2008-06-11,T10Y2Y,10Y-2Y Curve,1.27
2008-06-12,T10Y2Y,10Y-2Y Curve,1.2
2008-06-13,T10Y2Y,10Y-2Y Curve,1.22
2008-06-16,T10Y2Y,10Y-2Y Curve,1.23
2008-06-17,T10Y2Y,10Y-2Y Curve,1.29
2008-06-18,T10Y2Y,10Y-2Y Curve,1.27
2008-06-19,T10Y2Y,10Y-2Y Curve,1.23
2008-06-20,T10Y2Y,10Y-2Y Curve,1.28
2008-06-23,T10Y2Y,10Y-2Y Curve,1.21
2008-06-24,T10Y2Y,10Y-2Y Curve,1.23
2008-06-25,T10Y2Y,10Y-2Y Curve,1.3
2008-06-26,T10Y2Y,10Y-2Y Curve,1.39
2008-06-27,T10Y2Y,10Y-2Y Curve,1.34
2008-06-30,T10Y2Y,10Y-2Y Curve,1.36
2008-07-01,T10Y2Y,10Y-2Y Curve,1.38
2008-07-02,T10Y2Y,10Y-2Y Curve,1.39
2008-07-03,T10Y2Y,10Y-2Y Curve,1.45
2008-07-07,T10Y2Y,10Y-2Y Curve,1.48
2008-07-08,T10Y2Y,10Y-2Y Curve,1.44
2008-07-09,T10Y2Y,10Y-2Y Curve,1.44
2008-07-10,T10Y2Y,10Y-2Y Curve,1.39
2008-07-11,T10Y2Y,10Y-2Y Curve,1.37
2008-07-14,T10Y2Y,10Y-2Y Curve,1.43
2008-07-15,T10Y2Y,10Y-2Y Curve,1.48
2008-07-16,T10Y2Y,10Y-2Y Curve,1.53
2008-07-17,T10Y2Y,10Y-2Y Curve,1.49
2008-07-18,T10Y2Y,10Y-2Y Curve,1.45
2008-07-21,T10Y2Y,10Y-2Y Curve,1.43
2008-07-22,T10Y2Y,10Y-2Y Curve,1.4
2008-07-23,T10Y2Y,10Y-2Y Curve,1.35
2008-07-24,T10Y2Y,10Y-2Y Curve,1.42
2008-07-25,T10Y2Y,10Y-2Y Curve,1.43
2008-07-28,T10Y2Y,10Y-2Y Curve,1.47
2008-07-29,T10Y2Y,10Y-2Y Curve,1.44
2008-07-30,T10Y2Y,10Y-2Y Curve,1.43
2008-07-31,T10Y2Y,10Y-2Y Curve,1.47
2008-08-01,T10Y2Y,10Y-2Y Curve,1.46
2008-08-04,T10Y2Y,10Y-2Y Curve,1.45
2008-08-05,T10Y2Y,10Y-2Y Curve,1.5
2008-08-06,T10Y2Y,10Y-2Y Curve,1.5
2008-08-07,T10Y2Y,10Y-2Y Curve,1.49
2008-08-08,T10Y2Y,10Y-2Y Curve,1.43
2008-08-11,T10Y2Y,10Y-2Y Curve,1.43
2008-08-12,T10Y2Y,10Y-2Y Curve,1.46
2008-08-13,T10Y2Y,10Y-2Y Curve,1.44
2008-08-14,T10Y2Y,10Y-2Y Curve,1.44
2008-08-15,T10Y2Y,10Y-2Y Curve,1.44
2008-08-18,T10Y2Y,10Y-2Y Curve,1.47
2008-08-19,T10Y2Y,10Y-2Y Curve,1.51
2008-08-20,T10Y2Y,10Y-2Y Curve,1.54
2008-08-21,T10Y2Y,10Y-2Y Curve,1.51
2008-08-22,T10Y2Y,10Y-2Y Curve,1.45
2008-08-25,T10Y2Y,10Y-2Y Curve,1.46
2008-08-26,T10Y2Y,10Y-2Y Curve,1.44
2008-08-27,T10Y2Y,10Y-2Y Curve,1.46
2008-08-28,T10Y2Y,10Y-2Y Curve,1.42
2008-08-29,T10Y2Y,10Y-2Y Curve,1.47
2008-09-02,T10Y2Y,10Y-2Y Curve,1.48
2008-09-03,T10Y2Y,10Y-2Y Curve,1.45
2008-09-04,T10Y2Y,10Y-2Y Curve,1.44
2008-09-05,T10Y2Y,10Y-2Y Curve,1.43
2008-09-08,T10Y2Y,10Y-2Y Curve,1.36
2008-09-09,T10Y2Y,10Y-2Y Curve,1.39
2008-09-10,T10Y2Y,10Y-2Y Curve,1.43
2008-09-11,T10Y2Y,10Y-2Y Curve,1.46
2008-09-12,T10Y2Y,10Y-2Y Curve,1.51
2008-09-15,T10Y2Y,10Y-2Y Curve,1.69
2008-09-16,T10Y2Y,10Y-2Y Curve,1.59
2008-09-17,T10Y2Y,10Y-2Y Curve,1.77
2008-09-18,T10Y2Y,10Y-2Y Curve,1.76
2008-09-19,T10Y2Y,10Y-2Y Curve,1.62
2008-09-22,T10Y2Y,10Y-2Y Curve,1.7
2008-09-23,T10Y2Y,10Y-2Y Curve,1.74
2008-09-24,T10Y2Y,10Y-2Y Curve,1.77
2008-09-25,T10Y2Y,10Y-2Y Curve,1.72
2008-09-26,T10Y2Y,10Y-2Y Curve,1.74
2008-09-29,T10Y2Y,10Y-2Y Curve,1.91
2008-09-30,T10Y2Y,10Y-2Y Curve,1.85
2008-10-01,T10Y2Y,10Y-2Y Curve,1.95
2008-10-02,T10Y2Y,10Y-2Y Curve,2.04
2008-10-03,T10Y2Y,10Y-2Y Curve,2.03
2008-10-06,T10Y2Y,10Y-2Y Curve,2.05
2008-10-07,T10Y2Y,10Y-2Y Curve,2.03
2008-10-08,T10Y2Y,10Y-2Y Curve,2.07
2008-10-09,T10Y2Y,10Y-2Y Curve,2.19
2008-10-10,T10Y2Y,10Y-2Y Curve,2.27
2008-10-14,T10Y2Y,10Y-2Y Curve,2.26
2008-10-15,T10Y2Y,10Y-2Y Curve,2.4
2008-10-16,T10Y2Y,10Y-2Y Curve,2.38
2008-10-17,T10Y2Y,10Y-2Y Curve,2.34
2008-10-20,T10Y2Y,10Y-2Y Curve,2.2
2008-10-21,T10Y2Y,10Y-2Y Curve,2.18
2008-10-22,T10Y2Y,10Y-2Y Curve,2.12
2008-10-23,T10Y2Y,10Y-2Y Curve,2.09
2008-10-24,T10Y2Y,10Y-2Y Curve,2.19
2008-10-27,T10Y2Y,10Y-2Y Curve,2.2
2008-10-28,T10Y2Y,10Y-2Y Curve,2.24
2008-10-29,T10Y2Y,10Y-2Y Curve,2.35
2008-10-30,T10Y2Y,10Y-2Y Curve,2.41
2008-10-31,T10Y2Y,10Y-2Y Curve,2.45
2008-11-03,T10Y2Y,10Y-2Y Curve,2.51
2008-11-04,T10Y2Y,10Y-2Y Curve,2.42
2008-11-05,T10Y2Y,10Y-2Y Curve,2.37
2008-11-06,T10Y2Y,10Y-2Y Curve,2.47
2008-11-07,T10Y2Y,10Y-2Y Curve,2.5
2008-11-10,T10Y2Y,10Y-2Y Curve,2.55
2008-11-12,T10Y2Y,10Y-2Y Curve,2.56
2008-11-13,T10Y2Y,10Y-2Y Curve,2.6
2008-11-14,T10Y2Y,10Y-2Y Curve,2.5
2008-11-17,T10Y2Y,10Y-2Y Curve,2.46
2008-11-18,T10Y2Y,10Y-2Y Curve,2.38
2008-11-19,T10Y2Y,10Y-2Y Curve,2.29
2008-11-20,T10Y2Y,10Y-2Y Curve,2.1
2008-11-21,T10Y2Y,10Y-2Y Curve,2.11
2008-11-24,T10Y2Y,10Y-2Y Curve,2.04
2008-11-25,T10Y2Y,10Y-2Y Curve,1.96
2008-11-26,T10Y2Y,10Y-2Y Curve,1.9
2008-11-28,T10Y2Y,10Y-2Y Curve,1.93
2008-12-01,T10Y2Y,10Y-2Y Curve,1.82
2008-12-02,T10Y2Y,10Y-2Y Curve,1.78
2008-12-03,T10Y2Y,10Y-2Y Curve,1.8
2008-12-04,T10Y2Y,10Y-2Y Curve,1.73
2008-12-05,T10Y2Y,10Y-2Y Curve,1.74
2008-12-08,T10Y2Y,10Y-2Y Curve,1.8
2008-12-09,T10Y2Y,10Y-2Y Curve,1.83
2008-12-10,T10Y2Y,10Y-2Y Curve,1.83
2008-12-11,T10Y2Y,10Y-2Y Curve,1.85
2008-12-12,T10Y2Y,10Y-2Y Curve,1.82
2008-12-15,T10Y2Y,10Y-2Y Curve,1.78
2008-12-16,T10Y2Y,10Y-2Y Curve,1.72
2008-12-17,T10Y2Y,10Y-2Y Curve,1.47
2008-12-18,T10Y2Y,10Y-2Y Curve,1.4
2008-12-19,T10Y2Y,10Y-2Y Curve,1.39
2008-12-22,T10Y2Y,10Y-2Y Curve,1.29
2008-12-23,T10Y2Y,10Y-2Y Curve,1.28
2008-12-24,T10Y2Y,10Y-2Y Curve,1.3
2008-12-26,T10Y2Y,10Y-2Y Curve,1.27
2008-12-29,T10Y2Y,10Y-2Y Curve,1.35
2008-12-30,T10Y2Y,10Y-2Y Curve,1.36
2008-12-31,T10Y2Y,10Y-2Y Curve,1.49
2009-01-02,T10Y2Y,10Y-2Y Curve,1.58
2009-01-05,T10Y2Y,10Y-2Y Curve,1.71
2009-01-06,T10Y2Y,10Y-2Y Curve,1.71
2009-01-07,T10Y2Y,10Y-2Y Curve,1.7
2009-01-08,T10Y2Y,10Y-2Y Curve,1.64
2009-01-09,T10Y2Y,10Y-2Y Curve,1.68
2009-01-12,T10Y2Y,10Y-2Y Curve,1.6
2009-01-13,T10Y2Y,10Y-2Y Curve,1.57
2009-01-14,T10Y2Y,10Y-2Y Curve,1.51
2009-01-15,T10Y2Y,10Y-2Y Curve,1.5
2009-01-16,T10Y2Y,10Y-2Y Curve,1.63
2009-01-20,T10Y2Y,10Y-2Y Curve,1.67
2009-01-21,T10Y2Y,10Y-2Y Curve,1.78
2009-01-22,T10Y2Y,10Y-2Y Curve,1.87
2009-01-23,T10Y2Y,10Y-2Y Curve,1.82
2009-01-26,T10Y2Y,10Y-2Y Curve,1.85
2009-01-27,T10Y2Y,10Y-2Y Curve,1.72
2009-01-28,T10Y2Y,10Y-2Y Curve,1.82
2009-01-29,T10Y2Y,10Y-2Y Curve,1.92
2009-01-30,T10Y2Y,10Y-2Y Curve,1.93
2009-02-02,T10Y2Y,10Y-2Y Curve,1.87
2009-02-03,T10Y2Y,10Y-2Y Curve,1.93
2009-02-04,T10Y2Y,10Y-2Y Curve,1.97
2009-02-05,T10Y2Y,10Y-2Y Curve,1.97
2009-02-06,T10Y2Y,10Y-2Y Curve,2.06
2009-02-09,T10Y2Y,10Y-2Y Curve,2.02
2009-02-10,T10Y2Y,10Y-2Y Curve,1.98
2009-02-11,T10Y2Y,10Y-2Y Curve,1.85
2009-02-12,T10Y2Y,10Y-2Y Curve,1.86
2009-02-13,T10Y2Y,10Y-2Y Curve,1.92
2009-02-17,T10Y2Y,10Y-2Y Curve,1.77
2009-02-18,T10Y2Y,10Y-2Y Curve,1.77
2009-02-19,T10Y2Y,10Y-2Y Curve,1.84
2009-02-20,T10Y2Y,10Y-2Y Curve,1.82
2009-02-23,T10Y2Y,10Y-2Y Curve,1.82
2009-02-24,T10Y2Y,10Y-2Y Curve,1.77
2009-02-25,T10Y2Y,10Y-2Y Curve,1.86
2009-02-26,T10Y2Y,10Y-2Y Curve,1.9
2009-02-27,T10Y2Y,10Y-2Y Curve,2.02
2009-03-02,T10Y2Y,10Y-2Y Curve,2.02
2009-03-03,T10Y2Y,10Y-2Y Curve,2.02
2009-03-04,T10Y2Y,10Y-2Y Curve,2.04
2009-03-05,T10Y2Y,10Y-2Y Curve,1.93
2009-03-06,T10Y2Y,10Y-2Y Curve,1.92
2009-03-09,T10Y2Y,10Y-2Y Curve,1.93
2009-03-10,T10Y2Y,10Y-2Y Curve,1.98
2009-03-11,T10Y2Y,10Y-2Y Curve,1.92
2009-03-12,T10Y2Y,10Y-2Y Curve,1.86
2009-03-13,T10Y2Y,10Y-2Y Curve,1.91
2009-03-16,T10Y2Y,10Y-2Y Curve,1.97
2009-03-17,T10Y2Y,10Y-2Y Curve,1.97
2009-03-18,T10Y2Y,10Y-2Y Curve,1.69
2009-03-19,T10Y2Y,10Y-2Y Curve,1.74
2009-03-20,T10Y2Y,10Y-2Y Curve,1.76
2009-03-23,T10Y2Y,10Y-2Y Curve,1.75
2009-03-24,T10Y2Y,10Y-2Y Curve,1.75
2009-03-25,T10Y2Y,10Y-2Y Curve,1.85
2009-03-26,T10Y2Y,10Y-2Y Curve,1.86
2009-03-27,T10Y2Y,10Y-2Y Curve,1.88
2009-03-30,T10Y2Y,10Y-2Y Curve,1.89
2009-03-31,T10Y2Y,10Y-2Y Curve,1.9
2009-04-01,T10Y2Y,10Y-2Y Curve,1.85
2009-04-02,T10Y2Y,10Y-2Y Curve,1.89
2009-04-03,T10Y2Y,10Y-2Y Curve,1.95
2009-04-06,T10Y2Y,10Y-2Y Curve,2.01
2009-04-07,T10Y2Y,10Y-2Y Curve,2.02
2009-04-08,T10Y2Y,10Y-2Y Curve,1.93
2009-04-09,T10Y2Y,10Y-2Y Curve,2.0
2009-04-13,T10Y2Y,10Y-2Y Curve,1.99
2009-04-14,T10Y2Y,10Y-2Y Curve,1.94
2009-04-15,T10Y2Y,10Y-2Y Curve,1.96
2009-04-16,T10Y2Y,10Y-2Y Curve,1.95
2009-04-17,T10Y2Y,10Y-2Y Curve,1.99
2009-04-20,T10Y2Y,10Y-2Y Curve,1.95
2009-04-21,T10Y2Y,10Y-2Y Curve,1.98
2009-04-22,T10Y2Y,10Y-2Y Curve,1.98
2009-04-23,T10Y2Y,10Y-2Y Curve,1.99
2009-04-24,T10Y2Y,10Y-2Y Curve,2.04
2009-04-27,T10Y2Y,10Y-2Y Curve,2.05
2009-04-28,T10Y2Y,10Y-2Y Curve,2.1
2009-04-29,T10Y2Y,10Y-2Y Curve,2.18
2009-04-30,T10Y2Y,10Y-2Y Curve,2.25
2009-05-01,T10Y2Y,10Y-2Y Curve,2.29
2009-05-04,T10Y2Y,10Y-2Y Curve,2.25
2009-05-05,T10Y2Y,10Y-2Y Curve,2.22
2009-05-06,T10Y2Y,10Y-2Y Curve,2.22
2009-05-07,T10Y2Y,10Y-2Y Curve,2.29
2009-05-08,T10Y2Y,10Y-2Y Curve,2.29
2009-05-11,T10Y2Y,10Y-2Y Curve,2.25
2009-05-12,T10Y2Y,10Y-2Y Curve,2.27
2009-05-13,T10Y2Y,10Y-2Y Curve,2.22
2009-05-14,T10Y2Y,10Y-2Y Curve,2.23
2009-05-15,T10Y2Y,10Y-2Y Curve,2.26
2009-05-18,T10Y2Y,10Y-2Y Curve,2.29
2009-05-19,T10Y2Y,10Y-2Y Curve,2.34
2009-05-20,T10Y2Y,10Y-2Y Curve,2.32
2009-05-21,T10Y2Y,10Y-2Y Curve,2.46
2009-05-22,T10Y2Y,10Y-2Y Curve,2.53
2009-05-26,T10Y2Y,10Y-2Y Curve,2.54
2009-05-27,T10Y2Y,10Y-2Y Curve,2.75
2009-05-28,T10Y2Y,10Y-2Y Curve,2.7
2009-05-29,T10Y2Y,10Y-2Y Curve,2.55
2009-06-01,T10Y2Y,10Y-2Y Curve,2.74
2009-06-02,T10Y2Y,10Y-2Y Curve,2.69
2009-06-03,T10Y2Y,10Y-2Y Curve,2.65
2009-06-04,T10Y2Y,10Y-2Y Curve,2.76
2009-06-05,T10Y2Y,10Y-2Y Curve,2.52
2009-06-08,T10Y2Y,10Y-2Y Curve,2.49
2009-06-09,T10Y2Y,10Y-2Y Curve,2.53
2009-06-10,T10Y2Y,10Y-2Y Curve,2.6
2009-06-11,T10Y2Y,10Y-2Y Curve,2.53
2009-06-12,T10Y2Y,10Y-2Y Curve,2.51
2009-06-15,T10Y2Y,10Y-2Y Curve,2.5
2009-06-16,T10Y2Y,10Y-2Y Curve,2.44
2009-06-17,T10Y2Y,10Y-2Y Curve,2.49
2009-06-18,T10Y2Y,10Y-2Y Curve,2.58
2009-06-19,T10Y2Y,10Y-2Y Curve,2.54
2009-06-22,T10Y2Y,10Y-2Y Curve,2.55
2009-06-23,T10Y2Y,10Y-2Y Curve,2.51
2009-06-24,T10Y2Y,10Y-2Y Curve,2.53
2009-06-25,T10Y2Y,10Y-2Y Curve,2.43
2009-06-26,T10Y2Y,10Y-2Y Curve,2.42
2009-06-29,T10Y2Y,10Y-2Y Curve,2.4
2009-06-30,T10Y2Y,10Y-2Y Curve,2.42
2009-07-01,T10Y2Y,10Y-2Y Curve,2.5
2009-07-02,T10Y2Y,10Y-2Y Curve,2.53
2009-07-06,T10Y2Y,10Y-2Y Curve,2.56
2009-07-07,T10Y2Y,10Y-2Y Curve,2.49
2009-07-08,T10Y2Y,10Y-2Y Curve,2.42
2009-07-09,T10Y2Y,10Y-2Y Curve,2.5
2009-07-10,T10Y2Y,10Y-2Y Curve,2.41
2009-07-13,T10Y2Y,10Y-2Y Curve,2.46
2009-07-14,T10Y2Y,10Y-2Y Curve,2.53
2009-07-15,T10Y2Y,10Y-2Y Curve,2.6
2009-07-16,T10Y2Y,10Y-2Y Curve,2.59
2009-07-17,T10Y2Y,10Y-2Y Curve,2.65
2009-07-20,T10Y2Y,10Y-2Y Curve,2.62
2009-07-21,T10Y2Y,10Y-2Y Curve,2.54
2009-07-22,T10Y2Y,10Y-2Y Curve,2.6
2009-07-23,T10Y2Y,10Y-2Y Curve,2.64
2009-07-24,T10Y2Y,10Y-2Y Curve,2.65
2009-07-27,T10Y2Y,10Y-2Y Curve,2.67
2009-07-28,T10Y2Y,10Y-2Y Curve,2.6
2009-07-29,T10Y2Y,10Y-2Y Curve,2.52
2009-07-30,T10Y2Y,10Y-2Y Curve,2.48
2009-07-31,T10Y2Y,10Y-2Y Curve,2.39
2009-08-03,T10Y2Y,10Y-2Y Curve,2.48
2009-08-04,T10Y2Y,10Y-2Y Curve,2.5
2009-08-05,T10Y2Y,10Y-2Y Curve,2.57
2009-08-06,T10Y2Y,10Y-2Y Curve,2.57
2009-08-07,T10Y2Y,10Y-2Y Curve,2.57
2009-08-10,T10Y2Y,10Y-2Y Curve,2.56
2009-08-11,T10Y2Y,10Y-2Y Curve,2.5
2009-08-12,T10Y2Y,10Y-2Y Curve,2.54
2009-08-13,T10Y2Y,10Y-2Y Curve,2.47
2009-08-14,T10Y2Y,10Y-2Y Curve,2.48
2009-08-17,T10Y2Y,10Y-2Y Curve,2.44
2009-08-18,T10Y2Y,10Y-2Y Curve,2.45
2009-08-19,T10Y2Y,10Y-2Y Curve,2.44
2009-08-20,T10Y2Y,10Y-2Y Curve,2.39
2009-08-21,T10Y2Y,10Y-2Y Curve,2.43
2009-08-24,T10Y2Y,10Y-2Y Curve,2.43
2009-08-25,T10Y2Y,10Y-2Y Curve,2.4
2009-08-26,T10Y2Y,10Y-2Y Curve,2.38
2009-08-27,T10Y2Y,10Y-2Y Curve,2.43
2009-08-28,T10Y2Y,10Y-2Y Curve,2.45
2009-08-31,T10Y2Y,10Y-2Y Curve,2.43
2009-09-01,T10Y2Y,10Y-2Y Curve,2.46
2009-09-02,T10Y2Y,10Y-2Y Curve,2.4
2009-09-03,T10Y2Y,10Y-2Y Curve,2.42
2009-09-04,T10Y2Y,10Y-2Y Curve,2.51
2009-09-08,T10Y2Y,10Y-2Y Curve,2.54
2009-09-09,T10Y2Y,10Y-2Y Curve,2.55
2009-09-10,T10Y2Y,10Y-2Y Curve,2.46
2009-09-11,T10Y2Y,10Y-2Y Curve,2.44
2009-09-14,T10Y2Y,10Y-2Y Curve,2.48
2009-09-15,T10Y2Y,10Y-2Y Curve,2.51
2009-09-16,T10Y2Y,10Y-2Y Curve,2.47
2009-09-17,T10Y2Y,10Y-2Y Curve,2.44
2009-09-18,T10Y2Y,10Y-2Y Curve,2.46
2009-09-21,T10Y2Y,10Y-2Y Curve,2.47
2009-09-22,T10Y2Y,10Y-2Y Curve,2.44
2009-09-23,T10Y2Y,10Y-2Y Curve,2.48
2009-09-24,T10Y2Y,10Y-2Y Curve,2.47
2009-09-25,T10Y2Y,10Y-2Y Curve,2.36
2009-09-28,T10Y2Y,10Y-2Y Curve,2.33
2009-09-29,T10Y2Y,10Y-2Y Curve,2.31
2009-09-30,T10Y2Y,10Y-2Y Curve,2.36
2009-10-01,T10Y2Y,10Y-2Y Curve,2.34
2009-10-02,T10Y2Y,10Y-2Y Curve,2.36
2009-10-05,T10Y2Y,10Y-2Y Curve,2.36
2009-10-06,T10Y2Y,10Y-2Y Curve,2.36
2009-10-07,T10Y2Y,10Y-2Y Curve,2.34
2009-10-08,T10Y2Y,10Y-2Y Curve,2.37
2009-10-09,T10Y2Y,10Y-2Y Curve,2.42
2009-10-13,T10Y2Y,10Y-2Y Curve,2.43
2009-10-14,T10Y2Y,10Y-2Y Curve,2.49
2009-10-15,T10Y2Y,10Y-2Y Curve,2.52
2009-10-16,T10Y2Y,10Y-2Y Curve,2.46
2009-10-19,T10Y2Y,10Y-2Y Curve,2.42
2009-10-20,T10Y2Y,10Y-2Y Curve,2.4
2009-10-21,T10Y2Y,10Y-2Y Curve,2.42
2009-10-22,T10Y2Y,10Y-2Y Curve,2.47
2009-10-23,T10Y2Y,10Y-2Y Curve,2.47
2009-10-26,T10Y2Y,10Y-2Y Curve,2.53
2009-10-27,T10Y2Y,10Y-2Y Curve,2.5
2009-10-28,T10Y2Y,10Y-2Y Curve,2.49
2009-10-29,T10Y2Y,10Y-2Y Curve,2.55
2009-10-30,T10Y2Y,10Y-2Y Curve,2.51
2009-11-02,T10Y2Y,10Y-2Y Curve,2.53
2009-11-03,T10Y2Y,10Y-2Y Curve,2.58
2009-11-04,T10Y2Y,10Y-2Y Curve,2.66
2009-11-05,T10Y2Y,10Y-2Y Curve,2.67
2009-11-06,T10Y2Y,10Y-2Y Curve,2.68
2009-11-09,T10Y2Y,10Y-2Y Curve,2.65
2009-11-10,T10Y2Y,10Y-2Y Curve,2.65
2009-11-12,T10Y2Y,10Y-2Y Curve,2.63
2009-11-13,T10Y2Y,10Y-2Y Curve,2.61
2009-11-16,T10Y2Y,10Y-2Y Curve,2.55
2009-11-17,T10Y2Y,10Y-2Y Curve,2.55
2009-11-18,T10Y2Y,10Y-2Y Curve,2.59
2009-11-19,T10Y2Y,10Y-2Y Curve,2.62
2009-11-20,T10Y2Y,10Y-2Y Curve,2.61
2009-11-23,T10Y2Y,10Y-2Y Curve,2.6
2009-11-24,T10Y2Y,10Y-2Y Curve,2.59
2009-11-25,T10Y2Y,10Y-2Y Curve,2.55
2009-11-27,T10Y2Y,10Y-2Y Curve,2.53
2009-11-30,T10Y2Y,10Y-2Y Curve,2.54
2009-12-01,T10Y2Y,10Y-2Y Curve,2.61
2009-12-02,T10Y2Y,10Y-2Y Curve,2.6
2009-12-03,T10Y2Y,10Y-2Y Curve,2.65
2009-12-04,T10Y2Y,10Y-2Y Curve,2.64
2009-12-07,T10Y2Y,10Y-2Y Curve,2.66
2009-12-08,T10Y2Y,10Y-2Y Curve,2.67
2009-12-09,T10Y2Y,10Y-2Y Curve,2.69
2009-12-10,T10Y2Y,10Y-2Y Curve,2.71
2009-12-11,T10Y2Y,10Y-2Y Curve,2.72
2009-12-14,T10Y2Y,10Y-2Y Curve,2.69
2009-12-15,T10Y2Y,10Y-2Y Curve,2.72
2009-12-16,T10Y2Y,10Y-2Y Curve,2.76
2009-12-17,T10Y2Y,10Y-2Y Curve,2.73
2009-12-18,T10Y2Y,10Y-2Y Curve,2.73
2009-12-21,T10Y2Y,10Y-2Y Curve,2.8
2009-12-22,T10Y2Y,10Y-2Y Curve,2.81
2009-12-23,T10Y2Y,10Y-2Y Curve,2.81
2009-12-24,T10Y2Y,10Y-2Y Curve,2.82
2009-12-28,T10Y2Y,10Y-2Y Curve,2.76
2009-12-29,T10Y2Y,10Y-2Y Curve,2.73
2009-12-30,T10Y2Y,10Y-2Y Curve,2.72
2009-12-31,T10Y2Y,10Y-2Y Curve,2.71
2010-01-04,T10Y2Y,10Y-2Y Curve,2.76
2010-01-05,T10Y2Y,10Y-2Y Curve,2.76
2010-01-06,T10Y2Y,10Y-2Y Curve,2.84
2010-01-07,T10Y2Y,10Y-2Y Curve,2.82
2010-01-08,T10Y2Y,10Y-2Y Curve,2.87
2010-01-11,T10Y2Y,10Y-2Y Curve,2.9
2010-01-12,T10Y2Y,10Y-2Y Curve,2.82
2010-01-13,T10Y2Y,10Y-2Y Curve,2.83
2010-01-14,T10Y2Y,10Y-2Y Curve,2.82
2010-01-15,T10Y2Y,10Y-2Y Curve,2.81
2010-01-19,T10Y2Y,10Y-2Y Curve,2.8
2010-01-20,T10Y2Y,10Y-2Y Curve,2.76
2010-01-21,T10Y2Y,10Y-2Y Curve,2.75
2010-01-22,T10Y2Y,10Y-2Y Curve,2.78
2010-01-25,T10Y2Y,10Y-2Y Curve,2.8
2010-01-26,T10Y2Y,10Y-2Y Curve,2.78
2010-01-27,T10Y2Y,10Y-2Y Curve,2.76
2010-01-28,T10Y2Y,10Y-2Y Curve,2.81
2010-01-29,T10Y2Y,10Y-2Y Curve,2.81
2010-02-01,T10Y2Y,10Y-2Y Curve,2.82
2010-02-02,T10Y2Y,10Y-2Y Curve,2.81
2010-02-03,T10Y2Y,10Y-2Y Curve,2.85
2010-02-04,T10Y2Y,10Y-2Y Curve,2.82
2010-02-05,T10Y2Y,10Y-2Y Curve,2.82
2010-02-08,T10Y2Y,10Y-2Y Curve,2.83
2010-02-09,T10Y2Y,10Y-2Y Curve,2.83
2010-02-10,T10Y2Y,10Y-2Y Curve,2.81
2010-02-11,T10Y2Y,10Y-2Y Curve,2.82
2010-02-12,T10Y2Y,10Y-2Y Curve,2.85
2010-02-16,T10Y2Y,10Y-2Y Curve,2.84
2010-02-17,T10Y2Y,10Y-2Y Curve,2.87
2010-02-18,T10Y2Y,10Y-2Y Curve,2.89
2010-02-19,T10Y2Y,10Y-2Y Curve,2.83
2010-02-22,T10Y2Y,10Y-2Y Curve,2.89
2010-02-23,T10Y2Y,10Y-2Y Curve,2.82
2010-02-24,T10Y2Y,10Y-2Y Curve,2.83
2010-02-25,T10Y2Y,10Y-2Y Curve,2.82
2010-02-26,T10Y2Y,10Y-2Y Curve,2.8
2010-03-01,T10Y2Y,10Y-2Y Curve,2.81
2010-03-02,T10Y2Y,10Y-2Y Curve,2.82
2010-03-03,T10Y2Y,10Y-2Y Curve,2.81
2010-03-04,T10Y2Y,10Y-2Y Curve,2.75
2010-03-05,T10Y2Y,10Y-2Y Curve,2.78
2010-03-08,T10Y2Y,10Y-2Y Curve,2.82
2010-03-09,T10Y2Y,10Y-2Y Curve,2.82
2010-03-10,T10Y2Y,10Y-2Y Curve,2.81
2010-03-11,T10Y2Y,10Y-2Y Curve,2.76
2010-03-12,T10Y2Y,10Y-2Y Curve,2.74
2010-03-15,T10Y2Y,10Y-2Y Curve,2.75
2010-03-16,T10Y2Y,10Y-2Y Curve,2.73
2010-03-17,T10Y2Y,10Y-2Y Curve,2.7
2010-03-18,T10Y2Y,10Y-2Y Curve,2.7
2010-03-19,T10Y2Y,10Y-2Y Curve,2.68
2010-03-22,T10Y2Y,10Y-2Y Curve,2.66
2010-03-23,T10Y2Y,10Y-2Y Curve,2.67
2010-03-24,T10Y2Y,10Y-2Y Curve,2.76
2010-03-25,T10Y2Y,10Y-2Y Curve,2.81
2010-03-26,T10Y2Y,10Y-2Y Curve,2.82
2010-03-29,T10Y2Y,10Y-2Y Curve,2.84
2010-03-30,T10Y2Y,10Y-2Y Curve,2.82
2010-03-31,T10Y2Y,10Y-2Y Curve,2.82
2010-04-01,T10Y2Y,10Y-2Y Curve,2.84
2010-04-02,T10Y2Y,10Y-2Y Curve,2.85
2010-04-05,T10Y2Y,10Y-2Y Curve,2.83
2010-04-06,T10Y2Y,10Y-2Y Curve,2.84
2010-04-07,T10Y2Y,10Y-2Y Curve,2.83
2010-04-08,T10Y2Y,10Y-2Y Curve,2.82
2010-04-09,T10Y2Y,10Y-2Y Curve,2.82
2010-04-12,T10Y2Y,10Y-2Y Curve,2.8
2010-04-13,T10Y2Y,10Y-2Y Curve,2.77
2010-04-14,T10Y2Y,10Y-2Y Curve,2.81
2010-04-15,T10Y2Y,10Y-2Y Curve,2.82
2010-04-16,T10Y2Y,10Y-2Y Curve,2.81
2010-04-19,T10Y2Y,10Y-2Y Curve,2.82
2010-04-20,T10Y2Y,10Y-2Y Curve,2.77
2010-04-21,T10Y2Y,10Y-2Y Curve,2.74
2010-04-22,T10Y2Y,10Y-2Y Curve,2.73
2010-04-23,T10Y2Y,10Y-2Y Curve,2.74
2010-04-26,T10Y2Y,10Y-2Y Curve,2.74
2010-04-27,T10Y2Y,10Y-2Y Curve,2.68
2010-04-28,T10Y2Y,10Y-2Y Curve,2.77
2010-04-29,T10Y2Y,10Y-2Y Curve,2.75
2010-04-30,T10Y2Y,10Y-2Y Curve,2.72
2010-05-03,T10Y2Y,10Y-2Y Curve,2.72
2010-05-04,T10Y2Y,10Y-2Y Curve,2.67
2010-05-05,T10Y2Y,10Y-2Y Curve,2.7
2010-05-06,T10Y2Y,10Y-2Y Curve,2.66
2010-05-07,T10Y2Y,10Y-2Y Curve,2.62
2010-05-10,T10Y2Y,10Y-2Y Curve,2.7
2010-05-11,T10Y2Y,10Y-2Y Curve,2.71
2010-05-12,T10Y2Y,10Y-2Y Curve,2.67
2010-05-13,T10Y2Y,10Y-2Y Curve,2.68
2010-05-14,T10Y2Y,10Y-2Y Curve,2.65
2010-05-17,T10Y2Y,10Y-2Y Curve,2.66
2010-05-18,T10Y2Y,10Y-2Y Curve,2.62
2010-05-19,T10Y2Y,10Y-2Y Curve,2.56
2010-05-20,T10Y2Y,10Y-2Y Curve,2.49
2010-05-21,T10Y2Y,10Y-2Y Curve,2.44
2010-05-24,T10Y2Y,10Y-2Y Curve,2.46
2010-05-25,T10Y2Y,10Y-2Y Curve,2.37
2010-05-26,T10Y2Y,10Y-2Y Curve,2.39
2010-05-27,T10Y2Y,10Y-2Y Curve,2.47
2010-05-28,T10Y2Y,10Y-2Y Curve,2.55
2010-06-01,T10Y2Y,10Y-2Y Curve,2.51
2010-06-02,T10Y2Y,10Y-2Y Curve,2.53
2010-06-03,T10Y2Y,10Y-2Y Curve,2.57
2010-06-04,T10Y2Y,10Y-2Y Curve,2.48
2010-06-07,T10Y2Y,10Y-2Y Curve,2.43
2010-06-08,T10Y2Y,10Y-2Y Curve,2.44
2010-06-09,T10Y2Y,10Y-2Y Curve,2.46
2010-06-10,T10Y2Y,10Y-2Y Curve,2.54
2010-06-11,T10Y2Y,10Y-2Y Curve,2.49
2010-06-14,T10Y2Y,10Y-2Y Curve,2.51
2010-06-15,T10Y2Y,10Y-2Y Curve,2.53
2010-06-16,T10Y2Y,10Y-2Y Curve,2.52
2010-06-17,T10Y2Y,10Y-2Y Curve,2.49
2010-06-18,T10Y2Y,10Y-2Y Curve,2.5
2010-06-21,T10Y2Y,10Y-2Y Curve,2.52
2010-06-22,T10Y2Y,10Y-2Y Curve,2.47
2010-06-23,T10Y2Y,10Y-2Y Curve,2.47
2010-06-24,T10Y2Y,10Y-2Y Curve,2.47
2010-06-25,T10Y2Y,10Y-2Y Curve,2.47
2010-06-28,T10Y2Y,10Y-2Y Curve,2.43
2010-06-29,T10Y2Y,10Y-2Y Curve,2.36
2010-06-30,T10Y2Y,10Y-2Y Curve,2.36
2010-07-01,T10Y2Y,10Y-2Y Curve,2.33
2010-07-02,T10Y2Y,10Y-2Y Curve,2.37
2010-07-06,T10Y2Y,10Y-2Y Curve,2.33
2010-07-07,T10Y2Y,10Y-2Y Curve,2.37
2010-07-08,T10Y2Y,10Y-2Y Curve,2.41
2010-07-09,T10Y2Y,10Y-2Y Curve,2.44
2010-07-12,T10Y2Y,10Y-2Y Curve,2.43
2010-07-13,T10Y2Y,10Y-2Y Curve,2.48
2010-07-14,T10Y2Y,10Y-2Y Curve,2.45
2010-07-15,T10Y2Y,10Y-2Y Curve,2.39
2010-07-16,T10Y2Y,10Y-2Y Curve,2.35
2010-07-19,T10Y2Y,10Y-2Y Curve,2.38
2010-07-20,T10Y2Y,10Y-2Y Curve,2.37
2010-07-21,T10Y2Y,10Y-2Y Curve,2.32
2010-07-22,T10Y2Y,10Y-2Y Curve,2.36
2010-07-23,T10Y2Y,10Y-2Y Curve,2.42
2010-07-26,T10Y2Y,10Y-2Y Curve,2.41
2010-07-27,T10Y2Y,10Y-2Y Curve,2.43
2010-07-28,T10Y2Y,10Y-2Y Curve,2.42
2010-07-29,T10Y2Y,10Y-2Y Curve,2.44
2010-07-30,T10Y2Y,10Y-2Y Curve,2.39
2010-08-02,T10Y2Y,10Y-2Y Curve,2.43
2010-08-03,T10Y2Y,10Y-2Y Curve,2.41
2010-08-04,T10Y2Y,10Y-2Y Curve,2.42
2010-08-05,T10Y2Y,10Y-2Y Curve,2.41
2010-08-06,T10Y2Y,10Y-2Y Curve,2.36
2010-08-09,T10Y2Y,10Y-2Y Curve,2.32
2010-08-10,T10Y2Y,10Y-2Y Curve,2.27
2010-08-11,T10Y2Y,10Y-2Y Curve,2.18
2010-08-12,T10Y2Y,10Y-2Y Curve,2.19
2010-08-13,T10Y2Y,10Y-2Y Curve,2.14
2010-08-16,T10Y2Y,10Y-2Y Curve,2.07
2010-08-17,T10Y2Y,10Y-2Y Curve,2.12
2010-08-18,T10Y2Y,10Y-2Y Curve,2.13
2010-08-19,T10Y2Y,10Y-2Y Curve,2.09
2010-08-20,T10Y2Y,10Y-2Y Curve,2.13
2010-08-23,T10Y2Y,10Y-2Y Curve,2.11
2010-08-24,T10Y2Y,10Y-2Y Curve,2.0
2010-08-25,T10Y2Y,10Y-2Y Curve,2.01
2010-08-26,T10Y2Y,10Y-2Y Curve,1.99
2010-08-27,T10Y2Y,10Y-2Y Curve,2.1
2010-08-30,T10Y2Y,10Y-2Y Curve,2.04
2010-08-31,T10Y2Y,10Y-2Y Curve,2.0
2010-09-01,T10Y2Y,10Y-2Y Curve,2.08
2010-09-02,T10Y2Y,10Y-2Y Curve,2.13
2010-09-03,T10Y2Y,10Y-2Y Curve,2.2
2010-09-07,T10Y2Y,10Y-2Y Curve,2.12
2010-09-08,T10Y2Y,10Y-2Y Curve,2.14
2010-09-09,T10Y2Y,10Y-2Y Curve,2.2
2010-09-10,T10Y2Y,10Y-2Y Curve,2.23
2010-09-13,T10Y2Y,10Y-2Y Curve,2.21
2010-09-14,T10Y2Y,10Y-2Y Curve,2.18
2010-09-15,T10Y2Y,10Y-2Y Curve,2.24
2010-09-16,T10Y2Y,10Y-2Y Curve,2.29
2010-09-17,T10Y2Y,10Y-2Y Curve,2.27
2010-09-20,T10Y2Y,10Y-2Y Curve,2.25
2010-09-21,T10Y2Y,10Y-2Y Curve,2.18
2010-09-22,T10Y2Y,10Y-2Y Curve,2.12
2010-09-23,T10Y2Y,10Y-2Y Curve,2.11
2010-09-24,T10Y2Y,10Y-2Y Curve,2.17
2010-09-27,T10Y2Y,10Y-2Y Curve,2.1
2010-09-28,T10Y2Y,10Y-2Y Curve,2.11
2010-09-29,T10Y2Y,10Y-2Y Curve,2.08
2010-09-30,T10Y2Y,10Y-2Y Curve,2.11
2010-10-01,T10Y2Y,10Y-2Y Curve,2.12
2010-10-04,T10Y2Y,10Y-2Y Curve,2.09
2010-10-05,T10Y2Y,10Y-2Y Curve,2.09
2010-10-06,T10Y2Y,10Y-2Y Curve,2.03
2010-10-07,T10Y2Y,10Y-2Y Curve,2.05
2010-10-08,T10Y2Y,10Y-2Y Curve,2.06
2010-10-12,T10Y2Y,10Y-2Y Curve,2.07
2010-10-13,T10Y2Y,10Y-2Y Curve,2.09
2010-10-14,T10Y2Y,10Y-2Y Curve,2.14
2010-10-15,T10Y2Y,10Y-2Y Curve,2.22
2010-10-18,T10Y2Y,10Y-2Y Curve,2.14
2010-10-19,T10Y2Y,10Y-2Y Curve,2.13
2010-10-20,T10Y2Y,10Y-2Y Curve,2.16
2010-10-21,T10Y2Y,10Y-2Y Curve,2.2
2010-10-22,T10Y2Y,10Y-2Y Curve,2.24
2010-10-25,T10Y2Y,10Y-2Y Curve,2.22
2010-10-26,T10Y2Y,10Y-2Y Curve,2.27
2010-10-27,T10Y2Y,10Y-2Y Curve,2.35
2010-10-28,T10Y2Y,10Y-2Y Curve,2.32
2010-10-29,T10Y2Y,10Y-2Y Curve,2.29
2010-11-01,T10Y2Y,10Y-2Y Curve,2.32
2010-11-02,T10Y2Y,10Y-2Y Curve,2.29
2010-11-03,T10Y2Y,10Y-2Y Curve,2.33
2010-11-04,T10Y2Y,10Y-2Y Curve,2.2
2010-11-05,T10Y2Y,10Y-2Y Curve,2.2
2010-11-08,T10Y2Y,10Y-2Y Curve,2.19
2010-11-09,T10Y2Y,10Y-2Y Curve,2.26
2010-11-10,T10Y2Y,10Y-2Y Curve,2.21
2010-11-12,T10Y2Y,10Y-2Y Curve,2.25
2010-11-15,T10Y2Y,10Y-2Y Curve,2.39
2010-11-16,T10Y2Y,10Y-2Y Curve,2.34
2010-11-17,T10Y2Y,10Y-2Y Curve,2.39
2010-11-18,T10Y2Y,10Y-2Y Curve,2.38
2010-11-19,T10Y2Y,10Y-2Y Curve,2.36
2010-11-22,T10Y2Y,10Y-2Y Curve,2.31
2010-11-23,T10Y2Y,10Y-2Y Curve,2.32
2010-11-24,T10Y2Y,10Y-2Y Curve,2.4
2010-11-26,T10Y2Y,10Y-2Y Curve,2.36
2010-11-29,T10Y2Y,10Y-2Y Curve,2.32
2010-11-30,T10Y2Y,10Y-2Y Curve,2.36
2010-12-01,T10Y2Y,10Y-2Y Curve,2.44
2010-12-02,T10Y2Y,10Y-2Y Curve,2.46
2010-12-03,T10Y2Y,10Y-2Y Curve,2.54
2010-12-06,T10Y2Y,10Y-2Y Curve,2.53
2010-12-07,T10Y2Y,10Y-2Y Curve,2.61
2010-12-08,T10Y2Y,10Y-2Y Curve,2.63
2010-12-09,T10Y2Y,10Y-2Y Curve,2.59
2010-12-10,T10Y2Y,10Y-2Y Curve,2.68
2010-12-13,T10Y2Y,10Y-2Y Curve,2.68
2010-12-14,T10Y2Y,10Y-2Y Curve,2.83
2010-12-15,T10Y2Y,10Y-2Y Curve,2.85
2010-12-16,T10Y2Y,10Y-2Y Curve,2.81
2010-12-17,T10Y2Y,10Y-2Y Curve,2.72
2010-12-20,T10Y2Y,10Y-2Y Curve,2.74
2010-12-21,T10Y2Y,10Y-2Y Curve,2.72
2010-12-22,T10Y2Y,10Y-2Y Curve,2.71
2010-12-23,T10Y2Y,10Y-2Y Curve,2.74
2010-12-27,T10Y2Y,10Y-2Y Curve,2.65
2010-12-28,T10Y2Y,10Y-2Y Curve,2.75
2010-12-29,T10Y2Y,10Y-2Y Curve,2.71
2010-12-30,T10Y2Y,10Y-2Y Curve,2.72
2010-12-31,T10Y2Y,10Y-2Y Curve,2.69
2011-01-03,T10Y2Y,10Y-2Y Curve,2.75
2011-01-04,T10Y2Y,10Y-2Y Curve,2.73
2011-01-05,T10Y2Y,10Y-2Y Curve,2.79
2011-01-06,T10Y2Y,10Y-2Y Curve,2.76
2011-01-07,T10Y2Y,10Y-2Y Curve,2.74
2011-01-10,T10Y2Y,10Y-2Y Curve,2.73
2011-01-11,T10Y2Y,10Y-2Y Curve,2.77
2011-01-12,T10Y2Y,10Y-2Y Curve,2.79
2011-01-13,T10Y2Y,10Y-2Y Curve,2.75
2011-01-14,T10Y2Y,10Y-2Y Curve,2.76
2011-01-18,T10Y2Y,10Y-2Y Curve,2.79
2011-01-19,T10Y2Y,10Y-2Y Curve,2.77
2011-01-20,T10Y2Y,10Y-2Y Curve,2.82
2011-01-21,T10Y2Y,10Y-2Y Curve,2.81
2011-01-24,T10Y2Y,10Y-2Y Curve,2.78
2011-01-25,T10Y2Y,10Y-2Y Curve,2.73
2011-01-26,T10Y2Y,10Y-2Y Curve,2.83
2011-01-27,T10Y2Y,10Y-2Y Curve,2.83
2011-01-28,T10Y2Y,10Y-2Y Curve,2.82
2011-01-31,T10Y2Y,10Y-2Y Curve,2.84
2011-02-01,T10Y2Y,10Y-2Y Curve,2.87
2011-02-02,T10Y2Y,10Y-2Y Curve,2.85
2011-02-03,T10Y2Y,10Y-2Y Curve,2.87
2011-02-04,T10Y2Y,10Y-2Y Curve,2.91
2011-02-07,T10Y2Y,10Y-2Y Curve,2.9
2011-02-08,T10Y2Y,10Y-2Y Curve,2.89
2011-02-09,T10Y2Y,10Y-2Y Curve,2.84
2011-02-10,T10Y2Y,10Y-2Y Curve,2.85
2011-02-11,T10Y2Y,10Y-2Y Curve,2.79
2011-02-14,T10Y2Y,10Y-2Y Curve,2.75
2011-02-15,T10Y2Y,10Y-2Y Curve,2.77
2011-02-16,T10Y2Y,10Y-2Y Curve,2.76
2011-02-17,T10Y2Y,10Y-2Y Curve,2.78
2011-02-18,T10Y2Y,10Y-2Y Curve,2.81
2011-02-22,T10Y2Y,10Y-2Y Curve,2.72
2011-02-23,T10Y2Y,10Y-2Y Curve,2.75
2011-02-24,T10Y2Y,10Y-2Y Curve,2.73
2011-02-25,T10Y2Y,10Y-2Y Curve,2.7
2011-02-28,T10Y2Y,10Y-2Y Curve,2.73
2011-03-01,T10Y2Y,10Y-2Y Curve,2.75
2011-03-02,T10Y2Y,10Y-2Y Curve,2.77
2011-03-03,T10Y2Y,10Y-2Y Curve,2.79
2011-03-04,T10Y2Y,10Y-2Y Curve,2.81
2011-03-07,T10Y2Y,10Y-2Y Curve,2.81
2011-03-08,T10Y2Y,10Y-2Y Curve,2.83
2011-03-09,T10Y2Y,10Y-2Y Curve,2.78
2011-03-10,T10Y2Y,10Y-2Y Curve,2.72
2011-03-11,T10Y2Y,10Y-2Y Curve,2.76
2011-03-14,T10Y2Y,10Y-2Y Curve,2.75
2011-03-15,T10Y2Y,10Y-2Y Curve,2.7
2011-03-16,T10Y2Y,10Y-2Y Curve,2.64
2011-03-17,T10Y2Y,10Y-2Y Curve,2.65
2011-03-18,T10Y2Y,10Y-2Y Curve,2.67
2011-03-21,T10Y2Y,10Y-2Y Curve,2.67
2011-03-22,T10Y2Y,10Y-2Y Curve,2.66
2011-03-23,T10Y2Y,10Y-2Y Curve,2.67
2011-03-24,T10Y2Y,10Y-2Y Curve,2.7
2011-03-25,T10Y2Y,10Y-2Y Curve,2.67
2011-03-28,T10Y2Y,10Y-2Y Curve,2.66
2011-03-29,T10Y2Y,10Y-2Y Curve,2.69
2011-03-30,T10Y2Y,10Y-2Y Curve,2.67
2011-03-31,T10Y2Y,10Y-2Y Curve,2.67
2011-04-01,T10Y2Y,10Y-2Y Curve,2.66
2011-04-04,T10Y2Y,10Y-2Y Curve,2.68
2011-04-05,T10Y2Y,10Y-2Y Curve,2.66
2011-04-06,T10Y2Y,10Y-2Y Curve,2.71
2011-04-07,T10Y2Y,10Y-2Y Curve,2.77
2011-04-08,T10Y2Y,10Y-2Y Curve,2.76
2011-04-11,T10Y2Y,10Y-2Y Curve,2.74
2011-04-12,T10Y2Y,10Y-2Y Curve,2.75
2011-04-13,T10Y2Y,10Y-2Y Curve,2.74
2011-04-14,T10Y2Y,10Y-2Y Curve,2.74
2011-04-15,T10Y2Y,10Y-2Y Curve,2.72
2011-04-18,T10Y2Y,10Y-2Y Curve,2.71
2011-04-19,T10Y2Y,10Y-2Y Curve,2.71
2011-04-20,T10Y2Y,10Y-2Y Curve,2.74
2011-04-21,T10Y2Y,10Y-2Y Curve,2.74
2011-04-25,T10Y2Y,10Y-2Y Curve,2.72
2011-04-26,T10Y2Y,10Y-2Y Curve,2.69
2011-04-27,T10Y2Y,10Y-2Y Curve,2.74
2011-04-28,T10Y2Y,10Y-2Y Curve,2.72
2011-04-29,T10Y2Y,10Y-2Y Curve,2.71
2011-05-02,T10Y2Y,10Y-2Y Curve,2.7
2011-05-03,T10Y2Y,10Y-2Y Curve,2.67
2011-05-04,T10Y2Y,10Y-2Y Curve,2.65
2011-05-05,T10Y2Y,10Y-2Y Curve,2.6
2011-05-06,T10Y2Y,10Y-2Y Curve,2.62
2011-05-09,T10Y2Y,10Y-2Y Curve,2.6
2011-05-10,T10Y2Y,10Y-2Y Curve,2.64
2011-05-11,T10Y2Y,10Y-2Y Curve,2.63
2011-05-12,T10Y2Y,10Y-2Y Curve,2.65
2011-05-13,T10Y2Y,10Y-2Y Curve,2.61
2011-05-16,T10Y2Y,10Y-2Y Curve,2.61
2011-05-17,T10Y2Y,10Y-2Y Curve,2.57
2011-05-18,T10Y2Y,10Y-2Y Curve,2.6
2011-05-19,T10Y2Y,10Y-2Y Curve,2.62
2011-05-20,T10Y2Y,10Y-2Y Curve,2.6
2011-05-23,T10Y2Y,10Y-2Y Curve,2.58
2011-05-24,T10Y2Y,10Y-2Y Curve,2.56
2011-05-25,T10Y2Y,10Y-2Y Curve,2.59
2011-05-26,T10Y2Y,10Y-2Y Curve,2.59
2011-05-27,T10Y2Y,10Y-2Y Curve,2.59
2011-05-31,T10Y2Y,10Y-2Y Curve,2.6
2011-06-01,T10Y2Y,10Y-2Y Curve,2.52
2011-06-02,T10Y2Y,10Y-2Y Curve,2.59
2011-06-03,T10Y2Y,10Y-2Y Curve,2.57
2011-06-06,T10Y2Y,10Y-2Y Curve,2.58
2011-06-07,T10Y2Y,10Y-2Y Curve,2.62
2011-06-08,T10Y2Y,10Y-2Y Curve,2.59
2011-06-09,T10Y2Y,10Y-2Y Curve,2.58
2011-06-10,T10Y2Y,10Y-2Y Curve,2.58
2011-06-13,T10Y2Y,10Y-2Y Curve,2.6
2011-06-14,T10Y2Y,10Y-2Y Curve,2.66
2011-06-15,T10Y2Y,10Y-2Y Curve,2.6
2011-06-16,T10Y2Y,10Y-2Y Curve,2.55
2011-06-17,T10Y2Y,10Y-2Y Curve,2.56
2011-06-20,T10Y2Y,10Y-2Y Curve,2.59
2011-06-21,T10Y2Y,10Y-2Y Curve,2.59
2011-06-22,T10Y2Y,10Y-2Y Curve,2.62
2011-06-23,T10Y2Y,10Y-2Y Curve,2.58
2011-06-24,T10Y2Y,10Y-2Y Curve,2.53
2011-06-27,T10Y2Y,10Y-2Y Curve,2.54
2011-06-28,T10Y2Y,10Y-2Y Curve,2.57
2011-06-29,T10Y2Y,10Y-2Y Curve,2.67
2011-06-30,T10Y2Y,10Y-2Y Curve,2.73
2011-07-01,T10Y2Y,10Y-2Y Curve,2.72
2011-07-05,T10Y2Y,10Y-2Y Curve,2.72
2011-07-06,T10Y2Y,10Y-2Y Curve,2.69
2011-07-07,T10Y2Y,10Y-2Y Curve,2.68
2011-07-08,T10Y2Y,10Y-2Y Curve,2.63
2011-07-11,T10Y2Y,10Y-2Y Curve,2.57
2011-07-12,T10Y2Y,10Y-2Y Curve,2.55
2011-07-13,T10Y2Y,10Y-2Y Curve,2.55
2011-07-14,T10Y2Y,10Y-2Y Curve,2.6
2011-07-15,T10Y2Y,10Y-2Y Curve,2.57
2011-07-18,T10Y2Y,10Y-2Y Curve,2.57
2011-07-19,T10Y2Y,10Y-2Y Curve,2.52
2011-07-20,T10Y2Y,10Y-2Y Curve,2.56
2011-07-21,T10Y2Y,10Y-2Y Curve,2.63
2011-07-22,T10Y2Y,10Y-2Y Curve,2.59
2011-07-25,T10Y2Y,10Y-2Y Curve,2.61
2011-07-26,T10Y2Y,10Y-2Y Curve,2.58
2011-07-27,T10Y2Y,10Y-2Y Curve,2.57
2011-07-28,T10Y2Y,10Y-2Y Curve,2.56
2011-07-29,T10Y2Y,10Y-2Y Curve,2.46
2011-08-01,T10Y2Y,10Y-2Y Curve,2.39
2011-08-02,T10Y2Y,10Y-2Y Curve,2.33
2011-08-03,T10Y2Y,10Y-2Y Curve,2.31
2011-08-04,T10Y2Y,10Y-2Y Curve,2.2
2011-08-05,T10Y2Y,10Y-2Y Curve,2.3
2011-08-08,T10Y2Y,10Y-2Y Curve,2.13
2011-08-09,T10Y2Y,10Y-2Y Curve,2.01
2011-08-10,T10Y2Y,10Y-2Y Curve,1.98
2011-08-11,T10Y2Y,10Y-2Y Curve,2.15
2011-08-12,T10Y2Y,10Y-2Y Curve,2.04
2011-08-15,T10Y2Y,10Y-2Y Curve,2.1
2011-08-16,T10Y2Y,10Y-2Y Curve,2.03
2011-08-17,T10Y2Y,10Y-2Y Curve,1.98
2011-08-18,T10Y2Y,10Y-2Y Curve,1.88
2011-08-19,T10Y2Y,10Y-2Y Curve,1.87
2011-08-22,T10Y2Y,10Y-2Y Curve,1.88
2011-08-23,T10Y2Y,10Y-2Y Curve,1.93
2011-08-24,T10Y2Y,10Y-2Y Curve,2.06
2011-08-25,T10Y2Y,10Y-2Y Curve,2.01
2011-08-26,T10Y2Y,10Y-2Y Curve,1.99
2011-08-29,T10Y2Y,10Y-2Y Curve,2.08
2011-08-30,T10Y2Y,10Y-2Y Curve,1.99
2011-08-31,T10Y2Y,10Y-2Y Curve,2.03
2011-09-01,T10Y2Y,10Y-2Y Curve,1.96
2011-09-02,T10Y2Y,10Y-2Y Curve,1.82
2011-09-06,T10Y2Y,10Y-2Y Curve,1.77
2011-09-07,T10Y2Y,10Y-2Y Curve,1.84
2011-09-08,T10Y2Y,10Y-2Y Curve,1.81
2011-09-09,T10Y2Y,10Y-2Y Curve,1.76
2011-09-12,T10Y2Y,10Y-2Y Curve,1.73
2011-09-13,T10Y2Y,10Y-2Y Curve,1.79
2011-09-14,T10Y2Y,10Y-2Y Curve,1.84
2011-09-15,T10Y2Y,10Y-2Y Curve,1.88
2011-09-16,T10Y2Y,10Y-2Y Curve,1.9
2011-09-19,T10Y2Y,10Y-2Y Curve,1.81
2011-09-20,T10Y2Y,10Y-2Y Curve,1.77
2011-09-21,T10Y2Y,10Y-2Y Curve,1.67
2011-09-22,T10Y2Y,10Y-2Y Curve,1.52
2011-09-23,T10Y2Y,10Y-2Y Curve,1.61
2011-09-26,T10Y2Y,10Y-2Y Curve,1.66
2011-09-27,T10Y2Y,10Y-2Y Curve,1.75
2011-09-28,T10Y2Y,10Y-2Y Curve,1.76
2011-09-29,T10Y2Y,10Y-2Y Curve,1.72
2011-09-30,T10Y2Y,10Y-2Y Curve,1.67
2011-10-03,T10Y2Y,10Y-2Y Curve,1.56
2011-10-04,T10Y2Y,10Y-2Y Curve,1.56
2011-10-05,T10Y2Y,10Y-2Y Curve,1.67
2011-10-06,T10Y2Y,10Y-2Y Curve,1.72
2011-10-07,T10Y2Y,10Y-2Y Curve,1.8
2011-10-11,T10Y2Y,10Y-2Y Curve,1.86
2011-10-12,T10Y2Y,10Y-2Y Curve,1.95
2011-10-13,T10Y2Y,10Y-2Y Curve,1.9
2011-10-14,T10Y2Y,10Y-2Y Curve,1.98
2011-10-17,T10Y2Y,10Y-2Y Curve,1.9
2011-10-18,T10Y2Y,10Y-2Y Curve,1.91
2011-10-19,T10Y2Y,10Y-2Y Curve,1.9
2011-10-20,T10Y2Y,10Y-2Y Curve,1.92
2011-10-21,T10Y2Y,10Y-2Y Curve,1.93
2011-10-24,T10Y2Y,10Y-2Y Curve,1.95
2011-10-25,T10Y2Y,10Y-2Y Curve,1.88
2011-10-26,T10Y2Y,10Y-2Y Curve,1.95
2011-10-27,T10Y2Y,10Y-2Y Curve,2.11
2011-10-28,T10Y2Y,10Y-2Y Curve,2.06
2011-10-31,T10Y2Y,10Y-2Y Curve,1.92
2011-11-01,T10Y2Y,10Y-2Y Curve,1.78
2011-11-02,T10Y2Y,10Y-2Y Curve,1.8
2011-11-03,T10Y2Y,10Y-2Y Curve,1.85
2011-11-04,T10Y2Y,10Y-2Y Curve,1.84
2011-11-07,T10Y2Y,10Y-2Y Curve,1.79
2011-11-08,T10Y2Y,10Y-2Y Curve,1.85
2011-11-09,T10Y2Y,10Y-2Y Curve,1.76
2011-11-10,T10Y2Y,10Y-2Y Curve,1.8
2011-11-14,T10Y2Y,10Y-2Y Curve,1.8
2011-11-15,T10Y2Y,10Y-2Y Curve,1.8
2011-11-16,T10Y2Y,10Y-2Y Curve,1.75
2011-11-17,T10Y2Y,10Y-2Y Curve,1.69
2011-11-18,T10Y2Y,10Y-2Y Curve,1.72
2011-11-21,T10Y2Y,10Y-2Y Curve,1.7
2011-11-22,T10Y2Y,10Y-2Y Curve,1.68
2011-11-23,T10Y2Y,10Y-2Y Curve,1.63
2011-11-25,T10Y2Y,10Y-2Y Curve,1.69
2011-11-28,T10Y2Y,10Y-2Y Curve,1.71
2011-11-29,T10Y2Y,10Y-2Y Curve,1.73
2011-11-30,T10Y2Y,10Y-2Y Curve,1.83
2011-12-01,T10Y2Y,10Y-2Y Curve,1.84
2011-12-02,T10Y2Y,10Y-2Y Curve,1.8
2011-12-05,T10Y2Y,10Y-2Y Curve,1.77
2011-12-06,T10Y2Y,10Y-2Y Curve,1.83
2011-12-07,T10Y2Y,10Y-2Y Curve,1.78
2011-12-08,T10Y2Y,10Y-2Y Curve,1.77
2011-12-09,T10Y2Y,10Y-2Y Curve,1.85
2011-12-12,T10Y2Y,10Y-2Y Curve,1.79
2011-12-13,T10Y2Y,10Y-2Y Curve,1.72
2011-12-14,T10Y2Y,10Y-2Y Curve,1.67
2011-12-15,T10Y2Y,10Y-2Y Curve,1.66
2011-12-16,T10Y2Y,10Y-2Y Curve,1.62
2011-12-19,T10Y2Y,10Y-2Y Curve,1.58
2011-12-20,T10Y2Y,10Y-2Y Curve,1.68
2011-12-21,T10Y2Y,10Y-2Y Curve,1.7
2011-12-22,T10Y2Y,10Y-2Y Curve,1.69
2011-12-23,T10Y2Y,10Y-2Y Curve,1.75
2011-12-27,T10Y2Y,10Y-2Y Curve,1.72
2011-12-28,T10Y2Y,10Y-2Y Curve,1.65
2011-12-29,T10Y2Y,10Y-2Y Curve,1.63
2011-12-30,T10Y2Y,10Y-2Y Curve,1.64
2012-01-03,T10Y2Y,10Y-2Y Curve,1.7
2012-01-04,T10Y2Y,10Y-2Y Curve,1.75
2012-01-05,T10Y2Y,10Y-2Y Curve,1.75
2012-01-06,T10Y2Y,10Y-2Y Curve,1.73
2012-01-09,T10Y2Y,10Y-2Y Curve,1.72
2012-01-10,T10Y2Y,10Y-2Y Curve,1.76
2012-01-11,T10Y2Y,10Y-2Y Curve,1.69
2012-01-12,T10Y2Y,10Y-2Y Curve,1.72
2012-01-13,T10Y2Y,10Y-2Y Curve,1.65
2012-01-17,T10Y2Y,10Y-2Y Curve,1.66
2012-01-18,T10Y2Y,10Y-2Y Curve,1.68
2012-01-19,T10Y2Y,10Y-2Y Curve,1.75
2012-01-20,T10Y2Y,10Y-2Y Curve,1.79
2012-01-23,T10Y2Y,10Y-2Y Curve,1.83
2012-01-24,T10Y2Y,10Y-2Y Curve,1.84
2012-01-25,T10Y2Y,10Y-2Y Curve,1.79
2012-01-26,T10Y2Y,10Y-2Y Curve,1.74
2012-01-27,T10Y2Y,10Y-2Y Curve,1.71
2012-01-30,T10Y2Y,10Y-2Y Curve,1.65
2012-01-31,T10Y2Y,10Y-2Y Curve,1.61
2012-02-01,T10Y2Y,10Y-2Y Curve,1.64
2012-02-02,T10Y2Y,10Y-2Y Curve,1.63
2012-02-03,T10Y2Y,10Y-2Y Curve,1.74
2012-02-06,T10Y2Y,10Y-2Y Curve,1.69
2012-02-07,T10Y2Y,10Y-2Y Curve,1.75
2012-02-08,T10Y2Y,10Y-2Y Curve,1.74
2012-02-09,T10Y2Y,10Y-2Y Curve,1.77
2012-02-10,T10Y2Y,10Y-2Y Curve,1.69
2012-02-13,T10Y2Y,10Y-2Y Curve,1.7
2012-02-14,T10Y2Y,10Y-2Y Curve,1.63
2012-02-15,T10Y2Y,10Y-2Y Curve,1.64
2012-02-16,T10Y2Y,10Y-2Y Curve,1.7
2012-02-17,T10Y2Y,10Y-2Y Curve,1.72
2012-02-21,T10Y2Y,10Y-2Y Curve,1.74
2012-02-22,T10Y2Y,10Y-2Y Curve,1.72
2012-02-23,T10Y2Y,10Y-2Y Curve,1.68
2012-02-24,T10Y2Y,10Y-2Y Curve,1.67
2012-02-27,T10Y2Y,10Y-2Y Curve,1.62
2012-02-28,T10Y2Y,10Y-2Y Curve,1.64
2012-02-29,T10Y2Y,10Y-2Y Curve,1.68
2012-03-01,T10Y2Y,10Y-2Y Curve,1.73
2012-03-02,T10Y2Y,10Y-2Y Curve,1.71
2012-03-05,T10Y2Y,10Y-2Y Curve,1.69
2012-03-06,T10Y2Y,10Y-2Y Curve,1.66
2012-03-07,T10Y2Y,10Y-2Y Curve,1.68
2012-03-08,T10Y2Y,10Y-2Y Curve,1.71
2012-03-09,T10Y2Y,10Y-2Y Curve,1.71
2012-03-12,T10Y2Y,10Y-2Y Curve,1.71
2012-03-13,T10Y2Y,10Y-2Y Curve,1.79
2012-03-14,T10Y2Y,10Y-2Y Curve,1.89
2012-03-15,T10Y2Y,10Y-2Y Curve,1.92
2012-03-16,T10Y2Y,10Y-2Y Curve,1.94
2012-03-19,T10Y2Y,10Y-2Y Curve,2.0
2012-03-20,T10Y2Y,10Y-2Y Curve,1.97
2012-03-21,T10Y2Y,10Y-2Y Curve,1.92
2012-03-22,T10Y2Y,10Y-2Y Curve,1.92
2012-03-23,T10Y2Y,10Y-2Y Curve,1.88
2012-03-26,T10Y2Y,10Y-2Y Curve,1.9
2012-03-27,T10Y2Y,10Y-2Y Curve,1.87
2012-03-28,T10Y2Y,10Y-2Y Curve,1.87
2012-03-29,T10Y2Y,10Y-2Y Curve,1.85
2012-03-30,T10Y2Y,10Y-2Y Curve,1.9
2012-04-02,T10Y2Y,10Y-2Y Curve,1.89
2012-04-03,T10Y2Y,10Y-2Y Curve,1.94
2012-04-04,T10Y2Y,10Y-2Y Curve,1.9
2012-04-05,T10Y2Y,10Y-2Y Curve,1.84
2012-04-06,T10Y2Y,10Y-2Y Curve,1.75
2012-04-09,T10Y2Y,10Y-2Y Curve,1.74
2012-04-10,T10Y2Y,10Y-2Y Curve,1.73
2012-04-11,T10Y2Y,10Y-2Y Curve,1.75
2012-04-12,T10Y2Y,10Y-2Y Curve,1.79
2012-04-13,T10Y2Y,10Y-2Y Curve,1.75
2012-04-16,T10Y2Y,10Y-2Y Curve,1.73
2012-04-17,T10Y2Y,10Y-2Y Curve,1.76
2012-04-18,T10Y2Y,10Y-2Y Curve,1.73
2012-04-19,T10Y2Y,10Y-2Y Curve,1.71
2012-04-20,T10Y2Y,10Y-2Y Curve,1.7
2012-04-23,T10Y2Y,10Y-2Y Curve,1.69
2012-04-24,T10Y2Y,10Y-2Y Curve,1.73
2012-04-25,T10Y2Y,10Y-2Y Curve,1.75
2012-04-26,T10Y2Y,10Y-2Y Curve,1.72
2012-04-27,T10Y2Y,10Y-2Y Curve,1.7
2012-04-30,T10Y2Y,10Y-2Y Curve,1.68
2012-05-01,T10Y2Y,10Y-2Y Curve,1.71
2012-05-02,T10Y2Y,10Y-2Y Curve,1.69
2012-05-03,T10Y2Y,10Y-2Y Curve,1.68
2012-05-04,T10Y2Y,10Y-2Y Curve,1.64
2012-05-07,T10Y2Y,10Y-2Y Curve,1.65
2012-05-08,T10Y2Y,10Y-2Y Curve,1.61
2012-05-09,T10Y2Y,10Y-2Y Curve,1.6
2012-05-10,T10Y2Y,10Y-2Y Curve,1.62
2012-05-11,T10Y2Y,10Y-2Y Curve,1.57
2012-05-14,T10Y2Y,10Y-2Y Curve,1.49
2012-05-15,T10Y2Y,10Y-2Y Curve,1.47
2012-05-16,T10Y2Y,10Y-2Y Curve,1.46
2012-05-17,T10Y2Y,10Y-2Y Curve,1.38
2012-05-18,T10Y2Y,10Y-2Y Curve,1.39
2012-05-21,T10Y2Y,10Y-2Y Curve,1.45
2012-05-22,T10Y2Y,10Y-2Y Curve,1.49
2012-05-23,T10Y2Y,10Y-2Y Curve,1.45
2012-05-24,T10Y2Y,10Y-2Y Curve,1.48
2012-05-25,T10Y2Y,10Y-2Y Curve,1.45
2012-05-29,T10Y2Y,10Y-2Y Curve,1.44
2012-05-30,T10Y2Y,10Y-2Y Curve,1.36
2012-05-31,T10Y2Y,10Y-2Y Curve,1.32
2012-06-01,T10Y2Y,10Y-2Y Curve,1.22
2012-06-04,T10Y2Y,10Y-2Y Curve,1.28
2012-06-05,T10Y2Y,10Y-2Y Curve,1.32
2012-06-06,T10Y2Y,10Y-2Y Curve,1.4
2012-06-07,T10Y2Y,10Y-2Y Curve,1.39
2012-06-08,T10Y2Y,10Y-2Y Curve,1.37
2012-06-11,T10Y2Y,10Y-2Y Curve,1.33
2012-06-12,T10Y2Y,10Y-2Y Curve,1.37
2012-06-13,T10Y2Y,10Y-2Y Curve,1.31
2012-06-14,T10Y2Y,10Y-2Y Curve,1.34
2012-06-15,T10Y2Y,10Y-2Y Curve,1.31
2012-06-18,T10Y2Y,10Y-2Y Curve,1.3
2012-06-19,T10Y2Y,10Y-2Y Curve,1.34
2012-06-20,T10Y2Y,10Y-2Y Curve,1.33
2012-06-21,T10Y2Y,10Y-2Y Curve,1.31
2012-06-22,T10Y2Y,10Y-2Y Curve,1.38
2012-06-25,T10Y2Y,10Y-2Y Curve,1.32
2012-06-26,T10Y2Y,10Y-2Y Curve,1.35
2012-06-27,T10Y2Y,10Y-2Y Curve,1.34
2012-06-28,T10Y2Y,10Y-2Y Curve,1.29
2012-06-29,T10Y2Y,10Y-2Y Curve,1.34
2012-07-02,T10Y2Y,10Y-2Y Curve,1.31
2012-07-03,T10Y2Y,10Y-2Y Curve,1.35
2012-07-05,T10Y2Y,10Y-2Y Curve,1.34
2012-07-06,T10Y2Y,10Y-2Y Curve,1.3
2012-07-09,T10Y2Y,10Y-2Y Curve,1.26
2012-07-10,T10Y2Y,10Y-2Y Curve,1.26
2012-07-11,T10Y2Y,10Y-2Y Curve,1.27
2012-07-12,T10Y2Y,10Y-2Y Curve,1.25
2012-07-13,T10Y2Y,10Y-2Y Curve,1.27
2012-07-16,T10Y2Y,10Y-2Y Curve,1.26
2012-07-17,T10Y2Y,10Y-2Y Curve,1.28
2012-07-18,T10Y2Y,10Y-2Y Curve,1.3
2012-07-19,T10Y2Y,10Y-2Y Curve,1.32
2012-07-20,T10Y2Y,10Y-2Y Curve,1.27
2012-07-23,T10Y2Y,10Y-2Y Curve,1.25
2012-07-24,T10Y2Y,10Y-2Y Curve,1.22
2012-07-25,T10Y2Y,10Y-2Y Curve,1.21
2012-07-26,T10Y2Y,10Y-2Y Curve,1.22
2012-07-27,T10Y2Y,10Y-2Y Curve,1.33
2012-07-30,T10Y2Y,10Y-2Y Curve,1.3
2012-07-31,T10Y2Y,10Y-2Y Curve,1.28
2012-08-01,T10Y2Y,10Y-2Y Curve,1.32
2012-08-02,T10Y2Y,10Y-2Y Curve,1.27
2012-08-03,T10Y2Y,10Y-2Y Curve,1.36
2012-08-06,T10Y2Y,10Y-2Y Curve,1.35
2012-08-07,T10Y2Y,10Y-2Y Curve,1.39
2012-08-08,T10Y2Y,10Y-2Y Curve,1.39
2012-08-09,T10Y2Y,10Y-2Y Curve,1.4
2012-08-10,T10Y2Y,10Y-2Y Curve,1.38
2012-08-13,T10Y2Y,10Y-2Y Curve,1.38
2012-08-14,T10Y2Y,10Y-2Y Curve,1.46
2012-08-15,T10Y2Y,10Y-2Y Curve,1.53
2012-08-16,T10Y2Y,10Y-2Y Curve,1.54
2012-08-17,T10Y2Y,10Y-2Y Curve,1.52
2012-08-20,T10Y2Y,10Y-2Y Curve,1.53
2012-08-21,T10Y2Y,10Y-2Y Curve,1.49
2012-08-22,T10Y2Y,10Y-2Y Curve,1.45
2012-08-23,T10Y2Y,10Y-2Y Curve,1.42
2012-08-24,T10Y2Y,10Y-2Y Curve,1.4
2012-08-27,T10Y2Y,10Y-2Y Curve,1.37
2012-08-28,T10Y2Y,10Y-2Y Curve,1.37
2012-08-29,T10Y2Y,10Y-2Y Curve,1.39
2012-08-30,T10Y2Y,10Y-2Y Curve,1.36
2012-08-31,T10Y2Y,10Y-2Y Curve,1.35
2012-09-04,T10Y2Y,10Y-2Y Curve,1.36
2012-09-05,T10Y2Y,10Y-2Y Curve,1.35
2012-09-06,T10Y2Y,10Y-2Y Curve,1.41
2012-09-07,T10Y2Y,10Y-2Y Curve,1.42
2012-09-10,T10Y2Y,10Y-2Y Curve,1.43
2012-09-11,T10Y2Y,10Y-2Y Curve,1.45
2012-09-12,T10Y2Y,10Y-2Y Curve,1.52
2012-09-13,T10Y2Y,10Y-2Y Curve,1.51
2012-09-14,T10Y2Y,10Y-2Y Curve,1.61
2012-09-17,T10Y2Y,10Y-2Y Curve,1.6
2012-09-18,T10Y2Y,10Y-2Y Curve,1.57
2012-09-19,T10Y2Y,10Y-2Y Curve,1.52
2012-09-20,T10Y2Y,10Y-2Y Curve,1.53
2012-09-21,T10Y2Y,10Y-2Y Curve,1.5
2012-09-24,T10Y2Y,10Y-2Y Curve,1.47
2012-09-25,T10Y2Y,10Y-2Y Curve,1.43
2012-09-26,T10Y2Y,10Y-2Y Curve,1.38
2012-09-27,T10Y2Y,10Y-2Y Curve,1.41
2012-09-28,T10Y2Y,10Y-2Y Curve,1.42
2012-10-01,T10Y2Y,10Y-2Y Curve,1.39
2012-10-02,T10Y2Y,10Y-2Y Curve,1.41
2012-10-03,T10Y2Y,10Y-2Y Curve,1.41
2012-10-04,T10Y2Y,10Y-2Y Curve,1.47
2012-10-05,T10Y2Y,10Y-2Y Curve,1.48
2012-10-09,T10Y2Y,10Y-2Y Curve,1.49
2012-10-10,T10Y2Y,10Y-2Y Curve,1.45
2012-10-11,T10Y2Y,10Y-2Y Curve,1.42
2012-10-12,T10Y2Y,10Y-2Y Curve,1.42
2012-10-15,T10Y2Y,10Y-2Y Curve,1.43
2012-10-16,T10Y2Y,10Y-2Y Curve,1.48
2012-10-17,T10Y2Y,10Y-2Y Curve,1.53
2012-10-18,T10Y2Y,10Y-2Y Curve,1.57
2012-10-19,T10Y2Y,10Y-2Y Curve,1.49
2012-10-22,T10Y2Y,10Y-2Y Curve,1.51
2012-10-23,T10Y2Y,10Y-2Y Curve,1.5
2012-10-24,T10Y2Y,10Y-2Y Curve,1.51
2012-10-25,T10Y2Y,10Y-2Y Curve,1.55
2012-10-26,T10Y2Y,10Y-2Y Curve,1.48
2012-10-29,T10Y2Y,10Y-2Y Curve,1.44
2012-10-31,T10Y2Y,10Y-2Y Curve,1.42
2012-11-01,T10Y2Y,10Y-2Y Curve,1.45
2012-11-02,T10Y2Y,10Y-2Y Curve,1.47
2012-11-05,T10Y2Y,10Y-2Y Curve,1.44
2012-11-06,T10Y2Y,10Y-2Y Curve,1.48
2012-11-07,T10Y2Y,10Y-2Y Curve,1.41
2012-11-08,T10Y2Y,10Y-2Y Curve,1.35
2012-11-09,T10Y2Y,10Y-2Y Curve,1.34
2012-11-13,T10Y2Y,10Y-2Y Curve,1.32
2012-11-14,T10Y2Y,10Y-2Y Curve,1.34
2012-11-15,T10Y2Y,10Y-2Y Curve,1.34
2012-11-16,T10Y2Y,10Y-2Y Curve,1.34
2012-11-19,T10Y2Y,10Y-2Y Curve,1.36
2012-11-20,T10Y2Y,10Y-2Y Curve,1.39
2012-11-21,T10Y2Y,10Y-2Y Curve,1.42
2012-11-23,T10Y2Y,10Y-2Y Curve,1.41
2012-11-26,T10Y2Y,10Y-2Y Curve,1.39
2012-11-27,T10Y2Y,10Y-2Y Curve,1.37
2012-11-28,T10Y2Y,10Y-2Y Curve,1.36
2012-11-29,T10Y2Y,10Y-2Y Curve,1.37
2012-11-30,T10Y2Y,10Y-2Y Curve,1.37
2012-12-03,T10Y2Y,10Y-2Y Curve,1.38
2012-12-04,T10Y2Y,10Y-2Y Curve,1.37
2012-12-05,T10Y2Y,10Y-2Y Curve,1.35
2012-12-06,T10Y2Y,10Y-2Y Curve,1.34
2012-12-07,T10Y2Y,10Y-2Y Curve,1.39
2012-12-10,T10Y2Y,10Y-2Y Curve,1.39
2012-12-11,T10Y2Y,10Y-2Y Curve,1.42
2012-12-12,T10Y2Y,10Y-2Y Curve,1.47
2012-12-13,T10Y2Y,10Y-2Y Curve,1.47
2012-12-14,T10Y2Y,10Y-2Y Curve,1.48
2012-12-17,T10Y2Y,10Y-2Y Curve,1.53
2012-12-18,T10Y2Y,10Y-2Y Curve,1.56
2012-12-19,T10Y2Y,10Y-2Y Curve,1.54
2012-12-20,T10Y2Y,10Y-2Y Curve,1.53
2012-12-21,T10Y2Y,10Y-2Y Curve,1.51
2012-12-24,T10Y2Y,10Y-2Y Curve,1.53
2012-12-26,T10Y2Y,10Y-2Y Curve,1.51
2012-12-27,T10Y2Y,10Y-2Y Curve,1.48
2012-12-28,T10Y2Y,10Y-2Y Curve,1.46
2012-12-31,T10Y2Y,10Y-2Y Curve,1.53
2013-01-02,T10Y2Y,10Y-2Y Curve,1.59
2013-01-03,T10Y2Y,10Y-2Y Curve,1.65
2013-01-04,T10Y2Y,10Y-2Y Curve,1.66
2013-01-07,T10Y2Y,10Y-2Y Curve,1.65
2013-01-08,T10Y2Y,10Y-2Y Curve,1.64
2013-01-09,T10Y2Y,10Y-2Y Curve,1.64
2013-01-10,T10Y2Y,10Y-2Y Curve,1.65
2013-01-11,T10Y2Y,10Y-2Y Curve,1.63
2013-01-14,T10Y2Y,10Y-2Y Curve,1.63
2013-01-15,T10Y2Y,10Y-2Y Curve,1.6
2013-01-16,T10Y2Y,10Y-2Y Curve,1.58
2013-01-17,T10Y2Y,10Y-2Y Curve,1.61
2013-01-18,T10Y2Y,10Y-2Y Curve,1.61
2013-01-22,T10Y2Y,10Y-2Y Curve,1.6
2013-01-23,T10Y2Y,10Y-2Y Curve,1.6
2013-01-24,T10Y2Y,10Y-2Y Curve,1.65
2013-01-25,T10Y2Y,10Y-2Y Curve,1.7
2013-01-28,T10Y2Y,10Y-2Y Curve,1.71
2013-01-29,T10Y2Y,10Y-2Y Curve,1.73
2013-01-30,T10Y2Y,10Y-2Y Curve,1.76
2013-01-31,T10Y2Y,10Y-2Y Curve,1.75
2013-02-01,T10Y2Y,10Y-2Y Curve,1.77
2013-02-04,T10Y2Y,10Y-2Y Curve,1.75
2013-02-05,T10Y2Y,10Y-2Y Curve,1.77
2013-02-06,T10Y2Y,10Y-2Y Curve,1.73
2013-02-07,T10Y2Y,10Y-2Y Curve,1.74
2013-02-08,T10Y2Y,10Y-2Y Curve,1.74
2013-02-11,T10Y2Y,10Y-2Y Curve,1.72
2013-02-12,T10Y2Y,10Y-2Y Curve,1.73
2013-02-13,T10Y2Y,10Y-2Y Curve,1.76
2013-02-14,T10Y2Y,10Y-2Y Curve,1.73
2013-02-15,T10Y2Y,10Y-2Y Curve,1.72
2013-02-19,T10Y2Y,10Y-2Y Curve,1.74
2013-02-20,T10Y2Y,10Y-2Y Curve,1.75
2013-02-21,T10Y2Y,10Y-2Y Curve,1.73
2013-02-22,T10Y2Y,10Y-2Y Curve,1.7
2013-02-25,T10Y2Y,10Y-2Y Curve,1.63
2013-02-26,T10Y2Y,10Y-2Y Curve,1.63
2013-02-27,T10Y2Y,10Y-2Y Curve,1.64
2013-02-28,T10Y2Y,10Y-2Y Curve,1.64
2013-03-01,T10Y2Y,10Y-2Y Curve,1.61
2013-03-04,T10Y2Y,10Y-2Y Curve,1.64
2013-03-05,T10Y2Y,10Y-2Y Curve,1.65
2013-03-06,T10Y2Y,10Y-2Y Curve,1.7
2013-03-07,T10Y2Y,10Y-2Y Curve,1.75
2013-03-08,T10Y2Y,10Y-2Y Curve,1.79
2013-03-11,T10Y2Y,10Y-2Y Curve,1.8
2013-03-12,T10Y2Y,10Y-2Y Curve,1.76
2013-03-13,T10Y2Y,10Y-2Y Curve,1.77
2013-03-14,T10Y2Y,10Y-2Y Curve,1.77
2013-03-15,T10Y2Y,10Y-2Y Curve,1.76
2013-03-18,T10Y2Y,10Y-2Y Curve,1.7
2013-03-19,T10Y2Y,10Y-2Y Curve,1.68
2013-03-20,T10Y2Y,10Y-2Y Curve,1.7
2013-03-21,T10Y2Y,10Y-2Y Curve,1.68
2013-03-22,T10Y2Y,10Y-2Y Curve,1.67
2013-03-25,T10Y2Y,10Y-2Y Curve,1.69
2013-03-26,T10Y2Y,10Y-2Y Curve,1.67
2013-03-27,T10Y2Y,10Y-2Y Curve,1.62
2013-03-28,T10Y2Y,10Y-2Y Curve,1.62
2013-04-01,T10Y2Y,10Y-2Y Curve,1.63
2013-04-02,T10Y2Y,10Y-2Y Curve,1.63
2013-04-03,T10Y2Y,10Y-2Y Curve,1.59
2013-04-04,T10Y2Y,10Y-2Y Curve,1.56
2013-04-05,T10Y2Y,10Y-2Y Curve,1.48
2013-04-08,T10Y2Y,10Y-2Y Curve,1.52
2013-04-09,T10Y2Y,10Y-2Y Curve,1.54
2013-04-10,T10Y2Y,10Y-2Y Curve,1.6
2013-04-11,T10Y2Y,10Y-2Y Curve,1.58
2013-04-12,T10Y2Y,10Y-2Y Curve,1.53
2013-04-15,T10Y2Y,10Y-2Y Curve,1.5
2013-04-16,T10Y2Y,10Y-2Y Curve,1.51
2013-04-17,T10Y2Y,10Y-2Y Curve,1.49
2013-04-18,T10Y2Y,10Y-2Y Curve,1.48
2013-04-19,T10Y2Y,10Y-2Y Curve,1.49
2013-04-22,T10Y2Y,10Y-2Y Curve,1.48
2013-04-23,T10Y2Y,10Y-2Y Curve,1.51
2013-04-24,T10Y2Y,10Y-2Y Curve,1.5
2013-04-25,T10Y2Y,10Y-2Y Curve,1.51
2013-04-26,T10Y2Y,10Y-2Y Curve,1.48
2013-04-29,T10Y2Y,10Y-2Y Curve,1.5
2013-04-30,T10Y2Y,10Y-2Y Curve,1.48
2013-05-01,T10Y2Y,10Y-2Y Curve,1.46
2013-05-02,T10Y2Y,10Y-2Y Curve,1.46
2013-05-03,T10Y2Y,10Y-2Y Curve,1.56
2013-05-06,T10Y2Y,10Y-2Y Curve,1.58
2013-05-07,T10Y2Y,10Y-2Y Curve,1.6
2013-05-08,T10Y2Y,10Y-2Y Curve,1.59
2013-05-09,T10Y2Y,10Y-2Y Curve,1.59
2013-05-10,T10Y2Y,10Y-2Y Curve,1.64
2013-05-13,T10Y2Y,10Y-2Y Curve,1.68
2013-05-14,T10Y2Y,10Y-2Y Curve,1.7
2013-05-15,T10Y2Y,10Y-2Y Curve,1.68
2013-05-16,T10Y2Y,10Y-2Y Curve,1.64
2013-05-17,T10Y2Y,10Y-2Y Curve,1.69
2013-05-20,T10Y2Y,10Y-2Y Curve,1.71
2013-05-21,T10Y2Y,10Y-2Y Curve,1.68
2013-05-22,T10Y2Y,10Y-2Y Curve,1.77
2013-05-23,T10Y2Y,10Y-2Y Curve,1.76
2013-05-24,T10Y2Y,10Y-2Y Curve,1.75
2013-05-28,T10Y2Y,10Y-2Y Curve,1.86
2013-05-29,T10Y2Y,10Y-2Y Curve,1.83
2013-05-30,T10Y2Y,10Y-2Y Curve,1.82
2013-05-31,T10Y2Y,10Y-2Y Curve,1.86
2013-06-03,T10Y2Y,10Y-2Y Curve,1.83
2013-06-04,T10Y2Y,10Y-2Y Curve,1.82
2013-06-05,T10Y2Y,10Y-2Y Curve,1.8
2013-06-06,T10Y2Y,10Y-2Y Curve,1.78
2013-06-07,T10Y2Y,10Y-2Y Curve,1.85
2013-06-10,T10Y2Y,10Y-2Y Curve,1.9
2013-06-11,T10Y2Y,10Y-2Y Curve,1.86
2013-06-12,T10Y2Y,10Y-2Y Curve,1.91
2013-06-13,T10Y2Y,10Y-2Y Curve,1.87
2013-06-14,T10Y2Y,10Y-2Y Curve,1.85
2013-06-17,T10Y2Y,10Y-2Y Curve,1.92
2013-06-18,T10Y2Y,10Y-2Y Curve,1.93
2013-06-19,T10Y2Y,10Y-2Y Curve,2.02
2013-06-20,T10Y2Y,10Y-2Y Curve,2.08
2013-06-21,T10Y2Y,10Y-2Y Curve,2.14
2013-06-24,T10Y2Y,10Y-2Y Curve,2.15
2013-06-25,T10Y2Y,10Y-2Y Curve,2.17
2013-06-26,T10Y2Y,10Y-2Y Curve,2.16
2013-06-27,T10Y2Y,10Y-2Y Curve,2.13
2013-06-28,T10Y2Y,10Y-2Y Curve,2.16
2013-07-01,T10Y2Y,10Y-2Y Curve,2.16
2013-07-02,T10Y2Y,10Y-2Y Curve,2.14
2013-07-03,T10Y2Y,10Y-2Y Curve,2.16
2013-07-05,T10Y2Y,10Y-2Y Curve,2.33
2013-07-08,T10Y2Y,10Y-2Y Curve,2.28
2013-07-09,T10Y2Y,10Y-2Y Curve,2.28
2013-07-10,T10Y2Y,10Y-2Y Curve,2.32
2013-07-11,T10Y2Y,10Y-2Y Curve,2.26
2013-07-12,T10Y2Y,10Y-2Y Curve,2.24
2013-07-15,T10Y2Y,10Y-2Y Curve,2.23
2013-07-16,T10Y2Y,10Y-2Y Curve,2.21
2013-07-17,T10Y2Y,10Y-2Y Curve,2.2
2013-07-18,T10Y2Y,10Y-2Y Curve,2.24
2013-07-19,T10Y2Y,10Y-2Y Curve,2.18
2013-07-22,T10Y2Y,10Y-2Y Curve,2.18
2013-07-23,T10Y2Y,10Y-2Y Curve,2.2
2013-07-24,T10Y2Y,10Y-2Y Curve,2.27
2013-07-25,T10Y2Y,10Y-2Y Curve,2.29
2013-07-26,T10Y2Y,10Y-2Y Curve,2.27
2013-07-29,T10Y2Y,10Y-2Y Curve,2.28
2013-07-30,T10Y2Y,10Y-2Y Curve,2.3
2013-07-31,T10Y2Y,10Y-2Y Curve,2.29
2013-08-01,T10Y2Y,10Y-2Y Curve,2.39
2013-08-02,T10Y2Y,10Y-2Y Curve,2.33
2013-08-05,T10Y2Y,10Y-2Y Curve,2.35
2013-08-06,T10Y2Y,10Y-2Y Curve,2.35
2013-08-07,T10Y2Y,10Y-2Y Curve,2.29
2013-08-08,T10Y2Y,10Y-2Y Curve,2.28
2013-08-09,T10Y2Y,10Y-2Y Curve,2.25
2013-08-12,T10Y2Y,10Y-2Y Curve,2.29
2013-08-13,T10Y2Y,10Y-2Y Curve,2.37
2013-08-14,T10Y2Y,10Y-2Y Curve,2.37
2013-08-15,T10Y2Y,10Y-2Y Curve,2.41
2013-08-16,T10Y2Y,10Y-2Y Curve,2.48
2013-08-19,T10Y2Y,10Y-2Y Curve,2.52
2013-08-20,T10Y2Y,10Y-2Y Curve,2.46
2013-08-21,T10Y2Y,10Y-2Y Curve,2.49
2013-08-22,T10Y2Y,10Y-2Y Curve,2.48
2013-08-23,T10Y2Y,10Y-2Y Curve,2.42
2013-08-26,T10Y2Y,10Y-2Y Curve,2.38
2013-08-27,T10Y2Y,10Y-2Y Curve,2.34
2013-08-28,T10Y2Y,10Y-2Y Curve,2.38
2013-08-29,T10Y2Y,10Y-2Y Curve,2.36
2013-08-30,T10Y2Y,10Y-2Y Curve,2.39
2013-09-03,T10Y2Y,10Y-2Y Curve,2.43
2013-09-04,T10Y2Y,10Y-2Y Curve,2.44
2013-09-05,T10Y2Y,10Y-2Y Curve,2.46
2013-09-06,T10Y2Y,10Y-2Y Curve,2.48
2013-09-09,T10Y2Y,10Y-2Y Curve,2.45
2013-09-10,T10Y2Y,10Y-2Y Curve,2.46
2013-09-11,T10Y2Y,10Y-2Y Curve,2.46
2013-09-12,T10Y2Y,10Y-2Y Curve,2.47
2013-09-13,T10Y2Y,10Y-2Y Curve,2.45
2013-09-16,T10Y2Y,10Y-2Y Curve,2.47
2013-09-17,T10Y2Y,10Y-2Y Curve,2.47
2013-09-18,T10Y2Y,10Y-2Y Curve,2.35
2013-09-19,T10Y2Y,10Y-2Y Curve,2.42
2013-09-20,T10Y2Y,10Y-2Y Curve,2.41
2013-09-23,T10Y2Y,10Y-2Y Curve,2.37
2013-09-24,T10Y2Y,10Y-2Y Curve,2.32
2013-09-25,T10Y2Y,10Y-2Y Curve,2.27
2013-09-26,T10Y2Y,10Y-2Y Curve,2.32
2013-09-27,T10Y2Y,10Y-2Y Curve,2.3
2013-09-30,T10Y2Y,10Y-2Y Curve,2.31
2013-10-01,T10Y2Y,10Y-2Y Curve,2.33
2013-10-02,T10Y2Y,10Y-2Y Curve,2.32
2013-10-03,T10Y2Y,10Y-2Y Curve,2.29
2013-10-04,T10Y2Y,10Y-2Y Curve,2.33
2013-10-07,T10Y2Y,10Y-2Y Curve,2.28
2013-10-08,T10Y2Y,10Y-2Y Curve,2.26
2013-10-09,T10Y2Y,10Y-2Y Curve,2.31
2013-10-10,T10Y2Y,10Y-2Y Curve,2.36
2013-10-11,T10Y2Y,10Y-2Y Curve,2.35
2013-10-15,T10Y2Y,10Y-2Y Curve,2.38
2013-10-16,T10Y2Y,10Y-2Y Curve,2.35
2013-10-17,T10Y2Y,10Y-2Y Curve,2.28
2013-10-18,T10Y2Y,10Y-2Y Curve,2.27
2013-10-21,T10Y2Y,10Y-2Y Curve,2.3
2013-10-22,T10Y2Y,10Y-2Y Curve,2.23
2013-10-23,T10Y2Y,10Y-2Y Curve,2.2
2013-10-24,T10Y2Y,10Y-2Y Curve,2.2
2013-10-25,T10Y2Y,10Y-2Y Curve,2.21
2013-10-28,T10Y2Y,10Y-2Y Curve,2.22
2013-10-29,T10Y2Y,10Y-2Y Curve,2.22
2013-10-30,T10Y2Y,10Y-2Y Curve,2.22
2013-10-31,T10Y2Y,10Y-2Y Curve,2.26
2013-11-01,T10Y2Y,10Y-2Y Curve,2.32
2013-11-04,T10Y2Y,10Y-2Y Curve,2.31
2013-11-05,T10Y2Y,10Y-2Y Curve,2.37
2013-11-06,T10Y2Y,10Y-2Y Curve,2.37
2013-11-07,T10Y2Y,10Y-2Y Curve,2.34
2013-11-08,T10Y2Y,10Y-2Y Curve,2.45
2013-11-12,T10Y2Y,10Y-2Y Curve,2.46
2013-11-13,T10Y2Y,10Y-2Y Curve,2.43
2013-11-14,T10Y2Y,10Y-2Y Curve,2.4
2013-11-15,T10Y2Y,10Y-2Y Curve,2.4
2013-11-18,T10Y2Y,10Y-2Y Curve,2.36
2013-11-19,T10Y2Y,10Y-2Y Curve,2.42
2013-11-20,T10Y2Y,10Y-2Y Curve,2.52
2013-11-21,T10Y2Y,10Y-2Y Curve,2.5
2013-11-22,T10Y2Y,10Y-2Y Curve,2.44
2013-11-25,T10Y2Y,10Y-2Y Curve,2.44
2013-11-26,T10Y2Y,10Y-2Y Curve,2.42
2013-11-27,T10Y2Y,10Y-2Y Curve,2.46
2013-11-29,T10Y2Y,10Y-2Y Curve,2.47
2013-12-02,T10Y2Y,10Y-2Y Curve,2.51
2013-12-03,T10Y2Y,10Y-2Y Curve,2.51
2013-12-04,T10Y2Y,10Y-2Y Curve,2.54
2013-12-05,T10Y2Y,10Y-2Y Curve,2.58
2013-12-06,T10Y2Y,10Y-2Y Curve,2.58
2013-12-09,T10Y2Y,10Y-2Y Curve,2.56
2013-12-10,T10Y2Y,10Y-2Y Curve,2.51
2013-12-11,T10Y2Y,10Y-2Y Curve,2.55
2013-12-12,T10Y2Y,10Y-2Y Curve,2.55
2013-12-13,T10Y2Y,10Y-2Y Curve,2.54
2013-12-16,T10Y2Y,10Y-2Y Curve,2.55
2013-12-17,T10Y2Y,10Y-2Y Curve,2.51
2013-12-18,T10Y2Y,10Y-2Y Curve,2.57
2013-12-19,T10Y2Y,10Y-2Y Curve,2.59
2013-12-20,T10Y2Y,10Y-2Y Curve,2.52
2013-12-23,T10Y2Y,10Y-2Y Curve,2.56
2013-12-24,T10Y2Y,10Y-2Y Curve,2.61
2013-12-26,T10Y2Y,10Y-2Y Curve,2.58
2013-12-27,T10Y2Y,10Y-2Y Curve,2.62
2013-12-30,T10Y2Y,10Y-2Y Curve,2.6
2013-12-31,T10Y2Y,10Y-2Y Curve,2.66
2014-01-02,T10Y2Y,10Y-2Y Curve,2.61
2014-01-03,T10Y2Y,10Y-2Y Curve,2.6
2014-01-06,T10Y2Y,10Y-2Y Curve,2.58
2014-01-07,T10Y2Y,10Y-2Y Curve,2.56
2014-01-08,T10Y2Y,10Y-2Y Curve,2.58
2014-01-09,T10Y2Y,10Y-2Y Curve,2.53
2014-01-10,T10Y2Y,10Y-2Y Curve,2.49
2014-01-13,T10Y2Y,10Y-2Y Curve,2.45
2014-01-14,T10Y2Y,10Y-2Y Curve,2.49
2014-01-15,T10Y2Y,10Y-2Y Curve,2.49
2014-01-16,T10Y2Y,10Y-2Y Curve,2.45
2014-01-17,T10Y2Y,10Y-2Y Curve,2.44
2014-01-21,T10Y2Y,10Y-2Y Curve,2.45
2014-01-22,T10Y2Y,10Y-2Y Curve,2.43
2014-01-23,T10Y2Y,10Y-2Y Curve,2.4
2014-01-24,T10Y2Y,10Y-2Y Curve,2.38
2014-01-27,T10Y2Y,10Y-2Y Curve,2.41
2014-01-28,T10Y2Y,10Y-2Y Curve,2.39
2014-01-29,T10Y2Y,10Y-2Y Curve,2.33
2014-01-30,T10Y2Y,10Y-2Y Curve,2.36
2014-01-31,T10Y2Y,10Y-2Y Curve,2.33
2014-02-03,T10Y2Y,10Y-2Y Curve,2.31
2014-02-04,T10Y2Y,10Y-2Y Curve,2.33
2014-02-05,T10Y2Y,10Y-2Y Curve,2.38
2014-02-06,T10Y2Y,10Y-2Y Curve,2.4
2014-02-07,T10Y2Y,10Y-2Y Curve,2.41
2014-02-10,T10Y2Y,10Y-2Y Curve,2.38
2014-02-11,T10Y2Y,10Y-2Y Curve,2.4
2014-02-12,T10Y2Y,10Y-2Y Curve,2.45
2014-02-13,T10Y2Y,10Y-2Y Curve,2.41
2014-02-14,T10Y2Y,10Y-2Y Curve,2.43
2014-02-18,T10Y2Y,10Y-2Y Curve,2.4
2014-02-19,T10Y2Y,10Y-2Y Curve,2.4
2014-02-20,T10Y2Y,10Y-2Y Curve,2.42
2014-02-21,T10Y2Y,10Y-2Y Curve,2.4
2014-02-24,T10Y2Y,10Y-2Y Curve,2.4
2014-02-25,T10Y2Y,10Y-2Y Curve,2.36
2014-02-26,T10Y2Y,10Y-2Y Curve,2.34
2014-02-27,T10Y2Y,10Y-2Y Curve,2.32
2014-02-28,T10Y2Y,10Y-2Y Curve,2.33
2014-03-03,T10Y2Y,10Y-2Y Curve,2.28
2014-03-04,T10Y2Y,10Y-2Y Curve,2.37
2014-03-05,T10Y2Y,10Y-2Y Curve,2.37
2014-03-06,T10Y2Y,10Y-2Y Curve,2.37
2014-03-07,T10Y2Y,10Y-2Y Curve,2.42
2014-03-10,T10Y2Y,10Y-2Y Curve,2.42
2014-03-11,T10Y2Y,10Y-2Y Curve,2.4
2014-03-12,T10Y2Y,10Y-2Y Curve,2.36
2014-03-13,T10Y2Y,10Y-2Y Curve,2.32
2014-03-14,T10Y2Y,10Y-2Y Curve,2.29
2014-03-17,T10Y2Y,10Y-2Y Curve,2.32
2014-03-18,T10Y2Y,10Y-2Y Curve,2.32
2014-03-19,T10Y2Y,10Y-2Y Curve,2.31
2014-03-20,T10Y2Y,10Y-2Y Curve,2.34
2014-03-21,T10Y2Y,10Y-2Y Curve,2.3
2014-03-24,T10Y2Y,10Y-2Y Curve,2.27
2014-03-25,T10Y2Y,10Y-2Y Curve,2.28
2014-03-26,T10Y2Y,10Y-2Y Curve,2.26
2014-03-27,T10Y2Y,10Y-2Y Curve,2.24
2014-03-28,T10Y2Y,10Y-2Y Curve,2.28
2014-03-31,T10Y2Y,10Y-2Y Curve,2.29
2014-04-01,T10Y2Y,10Y-2Y Curve,2.33
2014-04-02,T10Y2Y,10Y-2Y Curve,2.35
2014-04-03,T10Y2Y,10Y-2Y Curve,2.34
2014-04-04,T10Y2Y,10Y-2Y Curve,2.31
2014-04-07,T10Y2Y,10Y-2Y Curve,2.3
2014-04-08,T10Y2Y,10Y-2Y Curve,2.29
2014-04-09,T10Y2Y,10Y-2Y Curve,2.34
2014-04-10,T10Y2Y,10Y-2Y Curve,2.28
2014-04-11,T10Y2Y,10Y-2Y Curve,2.26
2014-04-14,T10Y2Y,10Y-2Y Curve,2.28
2014-04-15,T10Y2Y,10Y-2Y Curve,2.25
2014-04-16,T10Y2Y,10Y-2Y Curve,2.26
2014-04-17,T10Y2Y,10Y-2Y Curve,2.3
2014-04-21,T10Y2Y,10Y-2Y Curve,2.31
2014-04-22,T10Y2Y,10Y-2Y Curve,2.28
2014-04-23,T10Y2Y,10Y-2Y Curve,2.27
2014-04-24,T10Y2Y,10Y-2Y Curve,2.27
2014-04-25,T10Y2Y,10Y-2Y Curve,2.25
2014-04-28,T10Y2Y,10Y-2Y Curve,2.26
2014-04-29,T10Y2Y,10Y-2Y Curve,2.27
2014-04-30,T10Y2Y,10Y-2Y Curve,2.25
2014-05-01,T10Y2Y,10Y-2Y Curve,2.22
2014-05-02,T10Y2Y,10Y-2Y Curve,2.18
2014-05-05,T10Y2Y,10Y-2Y Curve,2.2
2014-05-06,T10Y2Y,10Y-2Y Curve,2.18
2014-05-07,T10Y2Y,10Y-2Y Curve,2.21
2014-05-08,T10Y2Y,10Y-2Y Curve,2.21
2014-05-09,T10Y2Y,10Y-2Y Curve,2.22
2014-05-12,T10Y2Y,10Y-2Y Curve,2.25
2014-05-13,T10Y2Y,10Y-2Y Curve,2.22
2014-05-14,T10Y2Y,10Y-2Y Curve,2.15
2014-05-15,T10Y2Y,10Y-2Y Curve,2.12
2014-05-16,T10Y2Y,10Y-2Y Curve,2.14
2014-05-19,T10Y2Y,10Y-2Y Curve,2.18
2014-05-20,T10Y2Y,10Y-2Y Curve,2.17
2014-05-21,T10Y2Y,10Y-2Y Curve,2.17
2014-05-22,T10Y2Y,10Y-2Y Curve,2.19
2014-05-23,T10Y2Y,10Y-2Y Curve,2.17
2014-05-27,T10Y2Y,10Y-2Y Curve,2.13
2014-05-28,T10Y2Y,10Y-2Y Curve,2.07
2014-05-29,T10Y2Y,10Y-2Y Curve,2.08
2014-05-30,T10Y2Y,10Y-2Y Curve,2.11
2014-06-02,T10Y2Y,10Y-2Y Curve,2.15
2014-06-03,T10Y2Y,10Y-2Y Curve,2.19
2014-06-04,T10Y2Y,10Y-2Y Curve,2.2
2014-06-05,T10Y2Y,10Y-2Y Curve,2.19
2014-06-06,T10Y2Y,10Y-2Y Curve,2.19
2014-06-09,T10Y2Y,10Y-2Y Curve,2.19
2014-06-10,T10Y2Y,10Y-2Y Curve,2.19
2014-06-11,T10Y2Y,10Y-2Y Curve,2.21
2014-06-12,T10Y2Y,10Y-2Y Curve,2.16
2014-06-13,T10Y2Y,10Y-2Y Curve,2.15
2014-06-16,T10Y2Y,10Y-2Y Curve,2.12
2014-06-17,T10Y2Y,10Y-2Y Curve,2.15
2014-06-18,T10Y2Y,10Y-2Y Curve,2.13
2014-06-19,T10Y2Y,10Y-2Y Curve,2.16
2014-06-20,T10Y2Y,10Y-2Y Curve,2.13
2014-06-23,T10Y2Y,10Y-2Y Curve,2.15
2014-06-24,T10Y2Y,10Y-2Y Curve,2.1
2014-06-25,T10Y2Y,10Y-2Y Curve,2.09
2014-06-26,T10Y2Y,10Y-2Y Curve,2.07
2014-06-27,T10Y2Y,10Y-2Y Curve,2.09
2014-06-30,T10Y2Y,10Y-2Y Curve,2.06
2014-07-01,T10Y2Y,10Y-2Y Curve,2.11
2014-07-02,T10Y2Y,10Y-2Y Curve,2.15
2014-07-03,T10Y2Y,10Y-2Y Curve,2.13
2014-07-07,T10Y2Y,10Y-2Y Curve,2.11
2014-07-08,T10Y2Y,10Y-2Y Curve,2.07
2014-07-09,T10Y2Y,10Y-2Y Curve,2.06
2014-07-10,T10Y2Y,10Y-2Y Curve,2.09
2014-07-11,T10Y2Y,10Y-2Y Curve,2.05
2014-07-14,T10Y2Y,10Y-2Y Curve,2.07
2014-07-15,T10Y2Y,10Y-2Y Curve,2.07
2014-07-16,T10Y2Y,10Y-2Y Curve,2.05
2014-07-17,T10Y2Y,10Y-2Y Curve,2.0
2014-07-18,T10Y2Y,10Y-2Y Curve,1.99
2014-07-21,T10Y2Y,10Y-2Y Curve,1.98
2014-07-22,T10Y2Y,10Y-2Y Curve,1.99
2014-07-23,T10Y2Y,10Y-2Y Curve,1.98
2014-07-24,T10Y2Y,10Y-2Y Curve,1.99
2014-07-25,T10Y2Y,10Y-2Y Curve,1.95
2014-07-28,T10Y2Y,10Y-2Y Curve,1.96
2014-07-29,T10Y2Y,10Y-2Y Curve,1.93
2014-07-30,T10Y2Y,10Y-2Y Curve,2.01
2014-07-31,T10Y2Y,10Y-2Y Curve,2.05
2014-08-01,T10Y2Y,10Y-2Y Curve,2.05
2014-08-04,T10Y2Y,10Y-2Y Curve,2.04
2014-08-05,T10Y2Y,10Y-2Y Curve,2.02
2014-08-06,T10Y2Y,10Y-2Y Curve,2.01
2014-08-07,T10Y2Y,10Y-2Y Curve,1.99
2014-08-08,T10Y2Y,10Y-2Y Curve,1.99
2014-08-11,T10Y2Y,10Y-2Y Curve,1.97
2014-08-12,T10Y2Y,10Y-2Y Curve,2.01
2014-08-13,T10Y2Y,10Y-2Y Curve,2.0
2014-08-14,T10Y2Y,10Y-2Y Curve,1.98
2014-08-15,T10Y2Y,10Y-2Y Curve,1.92
2014-08-18,T10Y2Y,10Y-2Y Curve,1.95
2014-08-19,T10Y2Y,10Y-2Y Curve,1.94
2014-08-20,T10Y2Y,10Y-2Y Curve,1.94
2014-08-21,T10Y2Y,10Y-2Y Curve,1.92
2014-08-22,T10Y2Y,10Y-2Y Curve,1.87
2014-08-25,T10Y2Y,10Y-2Y Curve,1.86
2014-08-26,T10Y2Y,10Y-2Y Curve,1.87
2014-08-27,T10Y2Y,10Y-2Y Curve,1.86
2014-08-28,T10Y2Y,10Y-2Y Curve,1.84
2014-08-29,T10Y2Y,10Y-2Y Curve,1.87
2014-09-02,T10Y2Y,10Y-2Y Curve,1.89
2014-09-03,T10Y2Y,10Y-2Y Curve,1.89
2014-09-04,T10Y2Y,10Y-2Y Curve,1.91
2014-09-05,T10Y2Y,10Y-2Y Curve,1.94
2014-09-08,T10Y2Y,10Y-2Y Curve,1.94
2014-09-09,T10Y2Y,10Y-2Y Curve,1.94
2014-09-10,T10Y2Y,10Y-2Y Curve,1.96
2014-09-11,T10Y2Y,10Y-2Y Curve,1.96
2014-09-12,T10Y2Y,10Y-2Y Curve,2.04
2014-09-15,T10Y2Y,10Y-2Y Curve,2.02
2014-09-16,T10Y2Y,10Y-2Y Curve,2.05
2014-09-17,T10Y2Y,10Y-2Y Curve,2.03
2014-09-18,T10Y2Y,10Y-2Y Curve,2.04
2014-09-19,T10Y2Y,10Y-2Y Curve,2.0
2014-09-22,T10Y2Y,10Y-2Y Curve,1.99
2014-09-23,T10Y2Y,10Y-2Y Curve,1.97
2014-09-24,T10Y2Y,10Y-2Y Curve,1.98
2014-09-25,T10Y2Y,10Y-2Y Curve,1.96
2014-09-26,T10Y2Y,10Y-2Y Curve,1.95
2014-09-29,T10Y2Y,10Y-2Y Curve,1.92
2014-09-30,T10Y2Y,10Y-2Y Curve,1.94
2014-10-01,T10Y2Y,10Y-2Y Curve,1.89
2014-10-02,T10Y2Y,10Y-2Y Curve,1.91
2014-10-03,T10Y2Y,10Y-2Y Curve,1.88
2014-10-06,T10Y2Y,10Y-2Y Curve,1.89
2014-10-07,T10Y2Y,10Y-2Y Curve,1.84
2014-10-08,T10Y2Y,10Y-2Y Curve,1.89
2014-10-09,T10Y2Y,10Y-2Y Curve,1.88
2014-10-10,T10Y2Y,10Y-2Y Curve,1.86
2014-10-14,T10Y2Y,10Y-2Y Curve,1.82
2014-10-15,T10Y2Y,10Y-2Y Curve,1.81
2014-10-16,T10Y2Y,10Y-2Y Curve,1.82
2014-10-17,T10Y2Y,10Y-2Y Curve,1.83
2014-10-20,T10Y2Y,10Y-2Y Curve,1.83
2014-10-21,T10Y2Y,10Y-2Y Curve,1.85
2014-10-22,T10Y2Y,10Y-2Y Curve,1.84
2014-10-23,T10Y2Y,10Y-2Y Curve,1.88
2014-10-24,T10Y2Y,10Y-2Y Curve,1.88
2014-10-27,T10Y2Y,10Y-2Y Curve,1.86
2014-10-28,T10Y2Y,10Y-2Y Curve,1.88
2014-10-29,T10Y2Y,10Y-2Y Curve,1.86
2014-10-30,T10Y2Y,10Y-2Y Curve,1.84
2014-10-31,T10Y2Y,10Y-2Y Curve,1.85
2014-11-03,T10Y2Y,10Y-2Y Curve,1.84
2014-11-04,T10Y2Y,10Y-2Y Curve,1.83
2014-11-05,T10Y2Y,10Y-2Y Curve,1.84
2014-11-06,T10Y2Y,10Y-2Y Curve,1.85
2014-11-07,T10Y2Y,10Y-2Y Curve,1.81
2014-11-10,T10Y2Y,10Y-2Y Curve,1.83
2014-11-12,T10Y2Y,10Y-2Y Curve,1.82
2014-11-13,T10Y2Y,10Y-2Y Curve,1.82
2014-11-14,T10Y2Y,10Y-2Y Curve,1.78
2014-11-17,T10Y2Y,10Y-2Y Curve,1.8
2014-11-18,T10Y2Y,10Y-2Y Curve,1.79
2014-11-19,T10Y2Y,10Y-2Y Curve,1.82
2014-11-20,T10Y2Y,10Y-2Y Curve,1.81
2014-11-21,T10Y2Y,10Y-2Y Curve,1.78
2014-11-24,T10Y2Y,10Y-2Y Curve,1.77
2014-11-25,T10Y2Y,10Y-2Y Curve,1.76
2014-11-26,T10Y2Y,10Y-2Y Curve,1.71
2014-11-28,T10Y2Y,10Y-2Y Curve,1.71
2014-12-01,T10Y2Y,10Y-2Y Curve,1.73
2014-12-02,T10Y2Y,10Y-2Y Curve,1.73
2014-12-03,T10Y2Y,10Y-2Y Curve,1.72
2014-12-04,T10Y2Y,10Y-2Y Curve,1.7
2014-12-05,T10Y2Y,10Y-2Y Curve,1.66
2014-12-08,T10Y2Y,10Y-2Y Curve,1.62
2014-12-09,T10Y2Y,10Y-2Y Curve,1.58
2014-12-10,T10Y2Y,10Y-2Y Curve,1.59
2014-12-11,T10Y2Y,10Y-2Y Curve,1.57
2014-12-12,T10Y2Y,10Y-2Y Curve,1.54
2014-12-15,T10Y2Y,10Y-2Y Curve,1.52
2014-12-16,T10Y2Y,10Y-2Y Curve,1.49
2014-12-17,T10Y2Y,10Y-2Y Curve,1.52
2014-12-18,T10Y2Y,10Y-2Y Curve,1.55
2014-12-19,T10Y2Y,10Y-2Y Curve,1.5
2014-12-22,T10Y2Y,10Y-2Y Curve,1.46
2014-12-23,T10Y2Y,10Y-2Y Curve,1.53
2014-12-24,T10Y2Y,10Y-2Y Curve,1.54
2014-12-26,T10Y2Y,10Y-2Y Curve,1.52
2014-12-29,T10Y2Y,10Y-2Y Curve,1.5
2014-12-30,T10Y2Y,10Y-2Y Curve,1.51
2014-12-31,T10Y2Y,10Y-2Y Curve,1.5
2015-01-02,T10Y2Y,10Y-2Y Curve,1.46
2015-01-05,T10Y2Y,10Y-2Y Curve,1.36
2015-01-06,T10Y2Y,10Y-2Y Curve,1.32
2015-01-07,T10Y2Y,10Y-2Y Curve,1.34
2015-01-08,T10Y2Y,10Y-2Y Curve,1.41
2015-01-09,T10Y2Y,10Y-2Y Curve,1.39
2015-01-12,T10Y2Y,10Y-2Y Curve,1.36
2015-01-13,T10Y2Y,10Y-2Y Curve,1.37
2015-01-14,T10Y2Y,10Y-2Y Curve,1.35
2015-01-15,T10Y2Y,10Y-2Y Curve,1.33
2015-01-16,T10Y2Y,10Y-2Y Curve,1.34
2015-01-20,T10Y2Y,10Y-2Y Curve,1.29
2015-01-21,T10Y2Y,10Y-2Y Curve,1.34
2015-01-22,T10Y2Y,10Y-2Y Curve,1.37
2015-01-23,T10Y2Y,10Y-2Y Curve,1.29
2015-01-26,T10Y2Y,10Y-2Y Curve,1.29
2015-01-27,T10Y2Y,10Y-2Y Curve,1.29
2015-01-28,T10Y2Y,10Y-2Y Curve,1.23
2015-01-29,T10Y2Y,10Y-2Y Curve,1.26
2015-01-30,T10Y2Y,10Y-2Y Curve,1.21
2015-02-02,T10Y2Y,10Y-2Y Curve,1.19
2015-02-03,T10Y2Y,10Y-2Y Curve,1.27
2015-02-04,T10Y2Y,10Y-2Y Curve,1.29
2015-02-05,T10Y2Y,10Y-2Y Curve,1.31
2015-02-06,T10Y2Y,10Y-2Y Curve,1.3
2015-02-09,T10Y2Y,10Y-2Y Curve,1.31
2015-02-10,T10Y2Y,10Y-2Y Curve,1.34
2015-02-11,T10Y2Y,10Y-2Y Curve,1.33
2015-02-12,T10Y2Y,10Y-2Y Curve,1.38
2015-02-13,T10Y2Y,10Y-2Y Curve,1.36
2015-02-17,T10Y2Y,10Y-2Y Curve,1.44
2015-02-18,T10Y2Y,10Y-2Y Curve,1.45
2015-02-19,T10Y2Y,10Y-2Y Curve,1.44
2015-02-20,T10Y2Y,10Y-2Y Curve,1.46
2015-02-23,T10Y2Y,10Y-2Y Curve,1.42
2015-02-24,T10Y2Y,10Y-2Y Curve,1.39
2015-02-25,T10Y2Y,10Y-2Y Curve,1.35
2015-02-26,T10Y2Y,10Y-2Y Curve,1.37
2015-02-27,T10Y2Y,10Y-2Y Curve,1.37
2015-03-02,T10Y2Y,10Y-2Y Curve,1.42
2015-03-03,T10Y2Y,10Y-2Y Curve,1.44
2015-03-04,T10Y2Y,10Y-2Y Curve,1.46
2015-03-05,T10Y2Y,10Y-2Y Curve,1.46
2015-03-06,T10Y2Y,10Y-2Y Curve,1.51
2015-03-09,T10Y2Y,10Y-2Y Curve,1.5
2015-03-10,T10Y2Y,10Y-2Y Curve,1.44
2015-03-11,T10Y2Y,10Y-2Y Curve,1.41
2015-03-12,T10Y2Y,10Y-2Y Curve,1.43
2015-03-13,T10Y2Y,10Y-2Y Curve,1.45
2015-03-16,T10Y2Y,10Y-2Y Curve,1.44
2015-03-17,T10Y2Y,10Y-2Y Curve,1.36
2015-03-18,T10Y2Y,10Y-2Y Curve,1.36
2015-03-19,T10Y2Y,10Y-2Y Curve,1.35
2015-03-20,T10Y2Y,10Y-2Y Curve,1.33
2015-03-23,T10Y2Y,10Y-2Y Curve,1.32
2015-03-24,T10Y2Y,10Y-2Y Curve,1.3
2015-03-25,T10Y2Y,10Y-2Y Curve,1.34
2015-03-26,T10Y2Y,10Y-2Y Curve,1.4
2015-03-27,T10Y2Y,10Y-2Y Curve,1.37
2015-03-30,T10Y2Y,10Y-2Y Curve,1.38
2015-03-31,T10Y2Y,10Y-2Y Curve,1.38
2015-04-01,T10Y2Y,10Y-2Y Curve,1.32
2015-04-02,T10Y2Y,10Y-2Y Curve,1.37
2015-04-03,T10Y2Y,10Y-2Y Curve,1.36
2015-04-06,T10Y2Y,10Y-2Y Curve,1.41
2015-04-07,T10Y2Y,10Y-2Y Curve,1.37
2015-04-08,T10Y2Y,10Y-2Y Curve,1.38
2015-04-09,T10Y2Y,10Y-2Y Curve,1.41
2015-04-10,T10Y2Y,10Y-2Y Curve,1.39
2015-04-13,T10Y2Y,10Y-2Y Curve,1.4
2015-04-14,T10Y2Y,10Y-2Y Curve,1.37
2015-04-15,T10Y2Y,10Y-2Y Curve,1.4
2015-04-16,T10Y2Y,10Y-2Y Curve,1.4
2015-04-17,T10Y2Y,10Y-2Y Curve,1.36
2015-04-20,T10Y2Y,10Y-2Y Curve,1.35
2015-04-21,T10Y2Y,10Y-2Y Curve,1.37
2015-04-22,T10Y2Y,10Y-2Y Curve,1.42
2015-04-23,T10Y2Y,10Y-2Y Curve,1.41
2015-04-24,T10Y2Y,10Y-2Y Curve,1.39
2015-04-27,T10Y2Y,10Y-2Y Curve,1.4
2015-04-28,T10Y2Y,10Y-2Y Curve,1.44
2015-04-29,T10Y2Y,10Y-2Y Curve,1.5
2015-04-30,T10Y2Y,10Y-2Y Curve,1.47
2015-05-01,T10Y2Y,10Y-2Y Curve,1.52
2015-05-04,T10Y2Y,10Y-2Y Curve,1.56
2015-05-05,T10Y2Y,10Y-2Y Curve,1.57
2015-05-06,T10Y2Y,10Y-2Y Curve,1.6
2015-05-07,T10Y2Y,10Y-2Y Curve,1.55
2015-05-08,T10Y2Y,10Y-2Y Curve,1.57
2015-05-11,T10Y2Y,10Y-2Y Curve,1.66
2015-05-12,T10Y2Y,10Y-2Y Curve,1.67
2015-05-13,T10Y2Y,10Y-2Y Curve,1.68
2015-05-14,T10Y2Y,10Y-2Y Curve,1.67
2015-05-15,T10Y2Y,10Y-2Y Curve,1.59
2015-05-18,T10Y2Y,10Y-2Y Curve,1.65
2015-05-19,T10Y2Y,10Y-2Y Curve,1.64
2015-05-20,T10Y2Y,10Y-2Y Curve,1.66
2015-05-21,T10Y2Y,10Y-2Y Curve,1.59
2015-05-22,T10Y2Y,10Y-2Y Curve,1.57
2015-05-26,T10Y2Y,10Y-2Y Curve,1.5
2015-05-27,T10Y2Y,10Y-2Y Curve,1.5
2015-05-28,T10Y2Y,10Y-2Y Curve,1.51
2015-05-29,T10Y2Y,10Y-2Y Curve,1.51
2015-06-01,T10Y2Y,10Y-2Y Curve,1.55
2015-06-02,T10Y2Y,10Y-2Y Curve,1.63
2015-06-03,T10Y2Y,10Y-2Y Curve,1.69
2015-06-04,T10Y2Y,10Y-2Y Curve,1.65
2015-06-05,T10Y2Y,10Y-2Y Curve,1.68
2015-06-08,T10Y2Y,10Y-2Y Curve,1.69
2015-06-09,T10Y2Y,10Y-2Y Curve,1.7
2015-06-10,T10Y2Y,10Y-2Y Curve,1.75
2015-06-11,T10Y2Y,10Y-2Y Curve,1.66
2015-06-12,T10Y2Y,10Y-2Y Curve,1.65
2015-06-15,T10Y2Y,10Y-2Y Curve,1.64
2015-06-16,T10Y2Y,10Y-2Y Curve,1.61
2015-06-17,T10Y2Y,10Y-2Y Curve,1.65
2015-06-18,T10Y2Y,10Y-2Y Curve,1.69
2015-06-19,T10Y2Y,10Y-2Y Curve,1.61
2015-06-22,T10Y2Y,10Y-2Y Curve,1.69
2015-06-23,T10Y2Y,10Y-2Y Curve,1.72
2015-06-24,T10Y2Y,10Y-2Y Curve,1.7
2015-06-25,T10Y2Y,10Y-2Y Curve,1.72
2015-06-26,T10Y2Y,10Y-2Y Curve,1.77
2015-06-29,T10Y2Y,10Y-2Y Curve,1.69
2015-06-30,T10Y2Y,10Y-2Y Curve,1.71
2015-07-01,T10Y2Y,10Y-2Y Curve,1.74
2015-07-02,T10Y2Y,10Y-2Y Curve,1.76
2015-07-06,T10Y2Y,10Y-2Y Curve,1.7
2015-07-07,T10Y2Y,10Y-2Y Curve,1.69
2015-07-08,T10Y2Y,10Y-2Y Curve,1.67
2015-07-09,T10Y2Y,10Y-2Y Curve,1.72
2015-07-10,T10Y2Y,10Y-2Y Curve,1.77
2015-07-13,T10Y2Y,10Y-2Y Curve,1.75
2015-07-14,T10Y2Y,10Y-2Y Curve,1.75
2015-07-15,T10Y2Y,10Y-2Y Curve,1.72
2015-07-16,T10Y2Y,10Y-2Y Curve,1.69
2015-07-17,T10Y2Y,10Y-2Y Curve,1.66
2015-07-20,T10Y2Y,10Y-2Y Curve,1.67
2015-07-21,T10Y2Y,10Y-2Y Curve,1.64
2015-07-22,T10Y2Y,10Y-2Y Curve,1.58
2015-07-23,T10Y2Y,10Y-2Y Curve,1.57
2015-07-24,T10Y2Y,10Y-2Y Curve,1.57
2015-07-27,T10Y2Y,10Y-2Y Curve,1.55
2015-07-28,T10Y2Y,10Y-2Y Curve,1.57
2015-07-29,T10Y2Y,10Y-2Y Curve,1.59
2015-07-30,T10Y2Y,10Y-2Y Curve,1.56
2015-07-31,T10Y2Y,10Y-2Y Curve,1.53
2015-08-03,T10Y2Y,10Y-2Y Curve,1.48
2015-08-04,T10Y2Y,10Y-2Y Curve,1.49
2015-08-05,T10Y2Y,10Y-2Y Curve,1.55
2015-08-06,T10Y2Y,10Y-2Y Curve,1.52
2015-08-07,T10Y2Y,10Y-2Y Curve,1.45
2015-08-10,T10Y2Y,10Y-2Y Curve,1.51
2015-08-11,T10Y2Y,10Y-2Y Curve,1.47
2015-08-12,T10Y2Y,10Y-2Y Curve,1.47
2015-08-13,T10Y2Y,10Y-2Y Curve,1.47
2015-08-14,T10Y2Y,10Y-2Y Curve,1.47
2015-08-17,T10Y2Y,10Y-2Y Curve,1.44
2015-08-18,T10Y2Y,10Y-2Y Curve,1.46
2015-08-19,T10Y2Y,10Y-2Y Curve,1.45
2015-08-20,T10Y2Y,10Y-2Y Curve,1.4
2015-08-21,T10Y2Y,10Y-2Y Curve,1.41
2015-08-24,T10Y2Y,10Y-2Y Curve,1.42
2015-08-25,T10Y2Y,10Y-2Y Curve,1.45
2015-08-26,T10Y2Y,10Y-2Y Curve,1.51
2015-08-27,T10Y2Y,10Y-2Y Curve,1.5
2015-08-28,T10Y2Y,10Y-2Y Curve,1.47
2015-08-31,T10Y2Y,10Y-2Y Curve,1.47
2015-09-01,T10Y2Y,10Y-2Y Curve,1.47
2015-09-02,T10Y2Y,10Y-2Y Curve,1.48
2015-09-03,T10Y2Y,10Y-2Y Curve,1.47
2015-09-04,T10Y2Y,10Y-2Y Curve,1.42
2015-09-08,T10Y2Y,10Y-2Y Curve,1.46
2015-09-09,T10Y2Y,10Y-2Y Curve,1.46
2015-09-10,T10Y2Y,10Y-2Y Curve,1.48
2015-09-11,T10Y2Y,10Y-2Y Curve,1.49
2015-09-14,T10Y2Y,10Y-2Y Curve,1.45
2015-09-15,T10Y2Y,10Y-2Y Curve,1.46
2015-09-16,T10Y2Y,10Y-2Y Curve,1.48
2015-09-17,T10Y2Y,10Y-2Y Curve,1.51
2015-09-18,T10Y2Y,10Y-2Y Curve,1.44
2015-09-21,T10Y2Y,10Y-2Y Curve,1.48
2015-09-22,T10Y2Y,10Y-2Y Curve,1.45
2015-09-23,T10Y2Y,10Y-2Y Curve,1.46
2015-09-24,T10Y2Y,10Y-2Y Curve,1.46
2015-09-25,T10Y2Y,10Y-2Y Curve,1.47
2015-09-28,T10Y2Y,10Y-2Y Curve,1.43
2015-09-29,T10Y2Y,10Y-2Y Curve,1.41
2015-09-30,T10Y2Y,10Y-2Y Curve,1.42
2015-10-01,T10Y2Y,10Y-2Y Curve,1.41
2015-10-02,T10Y2Y,10Y-2Y Curve,1.41
2015-10-05,T10Y2Y,10Y-2Y Curve,1.46
2015-10-06,T10Y2Y,10Y-2Y Curve,1.44
2015-10-07,T10Y2Y,10Y-2Y Curve,1.43
2015-10-08,T10Y2Y,10Y-2Y Curve,1.47
2015-10-09,T10Y2Y,10Y-2Y Curve,1.47
2015-10-13,T10Y2Y,10Y-2Y Curve,1.42
2015-10-14,T10Y2Y,10Y-2Y Curve,1.42
2015-10-15,T10Y2Y,10Y-2Y Curve,1.43
2015-10-16,T10Y2Y,10Y-2Y Curve,1.43
2015-10-19,T10Y2Y,10Y-2Y Curve,1.43
2015-10-20,T10Y2Y,10Y-2Y Curve,1.42
2015-10-21,T10Y2Y,10Y-2Y Curve,1.4
2015-10-22,T10Y2Y,10Y-2Y Curve,1.43
2015-10-23,T10Y2Y,10Y-2Y Curve,1.43
2015-10-26,T10Y2Y,10Y-2Y Curve,1.41
2015-10-27,T10Y2Y,10Y-2Y Curve,1.4
2015-10-28,T10Y2Y,10Y-2Y Curve,1.37
2015-10-29,T10Y2Y,10Y-2Y Curve,1.44
2015-10-30,T10Y2Y,10Y-2Y Curve,1.41
2015-11-02,T10Y2Y,10Y-2Y Curve,1.43
2015-11-03,T10Y2Y,10Y-2Y Curve,1.43
2015-11-04,T10Y2Y,10Y-2Y Curve,1.41
2015-11-05,T10Y2Y,10Y-2Y Curve,1.41
2015-11-06,T10Y2Y,10Y-2Y Curve,1.44
2015-11-09,T10Y2Y,10Y-2Y Curve,1.47
2015-11-10,T10Y2Y,10Y-2Y Curve,1.45
2015-11-12,T10Y2Y,10Y-2Y Curve,1.43
2015-11-13,T10Y2Y,10Y-2Y Curve,1.42
2015-11-16,T10Y2Y,10Y-2Y Curve,1.39
2015-11-17,T10Y2Y,10Y-2Y Curve,1.39
2015-11-18,T10Y2Y,10Y-2Y Curve,1.37
2015-11-19,T10Y2Y,10Y-2Y Curve,1.33
2015-11-20,T10Y2Y,10Y-2Y Curve,1.33
2015-11-23,T10Y2Y,10Y-2Y Curve,1.31
2015-11-24,T10Y2Y,10Y-2Y Curve,1.31
2015-11-25,T10Y2Y,10Y-2Y Curve,1.3
2015-11-27,T10Y2Y,10Y-2Y Curve,1.3
2015-11-30,T10Y2Y,10Y-2Y Curve,1.27
2015-12-01,T10Y2Y,10Y-2Y Curve,1.24
2015-12-02,T10Y2Y,10Y-2Y Curve,1.24
2015-12-03,T10Y2Y,10Y-2Y Curve,1.37
2015-12-04,T10Y2Y,10Y-2Y Curve,1.32
2015-12-07,T10Y2Y,10Y-2Y Curve,1.29
2015-12-08,T10Y2Y,10Y-2Y Curve,1.3
2015-12-09,T10Y2Y,10Y-2Y Curve,1.29
2015-12-10,T10Y2Y,10Y-2Y Curve,1.29
2015-12-11,T10Y2Y,10Y-2Y Curve,1.25
2015-12-14,T10Y2Y,10Y-2Y Curve,1.26
2015-12-15,T10Y2Y,10Y-2Y Curve,1.3
2015-12-16,T10Y2Y,10Y-2Y Curve,1.28
2015-12-17,T10Y2Y,10Y-2Y Curve,1.24
2015-12-18,T10Y2Y,10Y-2Y Curve,1.22
2015-12-21,T10Y2Y,10Y-2Y Curve,1.24
2015-12-22,T10Y2Y,10Y-2Y Curve,1.25
2015-12-23,T10Y2Y,10Y-2Y Curve,1.26
2015-12-24,T10Y2Y,10Y-2Y Curve,1.22
2015-12-28,T10Y2Y,10Y-2Y Curve,1.19
2015-12-29,T10Y2Y,10Y-2Y Curve,1.23
2015-12-30,T10Y2Y,10Y-2Y Curve,1.23
2015-12-31,T10Y2Y,10Y-2Y Curve,1.21
2016-01-04,T10Y2Y,10Y-2Y Curve,1.22
2016-01-05,T10Y2Y,10Y-2Y Curve,1.21
2016-01-06,T10Y2Y,10Y-2Y Curve,1.19
2016-01-07,T10Y2Y,10Y-2Y Curve,1.2
2016-01-08,T10Y2Y,10Y-2Y Curve,1.19
2016-01-11,T10Y2Y,10Y-2Y Curve,1.23
2016-01-12,T10Y2Y,10Y-2Y Curve,1.19
2016-01-13,T10Y2Y,10Y-2Y Curve,1.17
2016-01-14,T10Y2Y,10Y-2Y Curve,1.2
2016-01-15,T10Y2Y,10Y-2Y Curve,1.18
2016-01-19,T10Y2Y,10Y-2Y Curve,1.18
2016-01-20,T10Y2Y,10Y-2Y Curve,1.16
2016-01-21,T10Y2Y,10Y-2Y Curve,1.18
2016-01-22,T10Y2Y,10Y-2Y Curve,1.19
2016-01-25,T10Y2Y,10Y-2Y Curve,1.15
2016-01-26,T10Y2Y,10Y-2Y Curve,1.16
2016-01-27,T10Y2Y,10Y-2Y Curve,1.18
2016-01-28,T10Y2Y,10Y-2Y Curve,1.17
2016-01-29,T10Y2Y,10Y-2Y Curve,1.18
2016-02-01,T10Y2Y,10Y-2Y Curve,1.16
2016-02-02,T10Y2Y,10Y-2Y Curve,1.12
2016-02-03,T10Y2Y,10Y-2Y Curve,1.16
2016-02-04,T10Y2Y,10Y-2Y Curve,1.17
2016-02-05,T10Y2Y,10Y-2Y Curve,1.12
2016-02-08,T10Y2Y,10Y-2Y Curve,1.09
2016-02-09,T10Y2Y,10Y-2Y Curve,1.05
2016-02-10,T10Y2Y,10Y-2Y Curve,1.0
2016-02-11,T10Y2Y,10Y-2Y Curve,0.99
2016-02-12,T10Y2Y,10Y-2Y Curve,1.03
2016-02-16,T10Y2Y,10Y-2Y Curve,1.04
2016-02-17,T10Y2Y,10Y-2Y Curve,1.07
2016-02-18,T10Y2Y,10Y-2Y Curve,1.04
2016-02-19,T10Y2Y,10Y-2Y Curve,1.0
2016-02-22,T10Y2Y,10Y-2Y Curve,0.99
2016-02-23,T10Y2Y,10Y-2Y Curve,0.98
2016-02-24,T10Y2Y,10Y-2Y Curve,1.0
2016-02-25,T10Y2Y,10Y-2Y Curve,0.99
2016-02-26,T10Y2Y,10Y-2Y Curve,0.96
2016-02-29,T10Y2Y,10Y-2Y Curve,0.96
2016-03-01,T10Y2Y,10Y-2Y Curve,0.98
2016-03-02,T10Y2Y,10Y-2Y Curve,0.99
2016-03-03,T10Y2Y,10Y-2Y Curve,0.98
2016-03-04,T10Y2Y,10Y-2Y Curve,1.0
2016-03-07,T10Y2Y,10Y-2Y Curve,1.0
2016-03-08,T10Y2Y,10Y-2Y Curve,0.95
2016-03-09,T10Y2Y,10Y-2Y Curve,1.0
2016-03-10,T10Y2Y,10Y-2Y Curve,1.0
2016-03-11,T10Y2Y,10Y-2Y Curve,1.01
2016-03-14,T10Y2Y,10Y-2Y Curve,1.0
2016-03-15,T10Y2Y,10Y-2Y Curve,0.99
2016-03-16,T10Y2Y,10Y-2Y Curve,1.07
2016-03-17,T10Y2Y,10Y-2Y Curve,1.04
2016-03-18,T10Y2Y,10Y-2Y Curve,1.04
2016-03-21,T10Y2Y,10Y-2Y Curve,1.05
2016-03-22,T10Y2Y,10Y-2Y Curve,1.03
2016-03-23,T10Y2Y,10Y-2Y Curve,1.01
2016-03-24,T10Y2Y,10Y-2Y Curve,1.02
2016-03-28,T10Y2Y,10Y-2Y Curve,1.0
2016-03-29,T10Y2Y,10Y-2Y Curve,1.03
2016-03-30,T10Y2Y,10Y-2Y Curve,1.07
2016-03-31,T10Y2Y,10Y-2Y Curve,1.05
2016-04-01,T10Y2Y,10Y-2Y Curve,1.03
2016-04-04,T10Y2Y,10Y-2Y Curve,1.03
2016-04-05,T10Y2Y,10Y-2Y Curve,1.01
2016-04-06,T10Y2Y,10Y-2Y Curve,1.03
2016-04-07,T10Y2Y,10Y-2Y Curve,1.0
2016-04-08,T10Y2Y,10Y-2Y Curve,1.02
2016-04-11,T10Y2Y,10Y-2Y Curve,1.03
2016-04-12,T10Y2Y,10Y-2Y Curve,1.05
2016-04-13,T10Y2Y,10Y-2Y Curve,1.02
2016-04-14,T10Y2Y,10Y-2Y Curve,1.03
2016-04-15,T10Y2Y,10Y-2Y Curve,1.02
2016-04-18,T10Y2Y,10Y-2Y Curve,1.03
2016-04-19,T10Y2Y,10Y-2Y Curve,1.02
2016-04-20,T10Y2Y,10Y-2Y Curve,1.05
2016-04-21,T10Y2Y,10Y-2Y Curve,1.06
2016-04-22,T10Y2Y,10Y-2Y Curve,1.05
2016-04-25,T10Y2Y,10Y-2Y Curve,1.06
2016-04-26,T10Y2Y,10Y-2Y Curve,1.08
2016-04-27,T10Y2Y,10Y-2Y Curve,1.04
2016-04-28,T10Y2Y,10Y-2Y Curve,1.06
2016-04-29,T10Y2Y,10Y-2Y Curve,1.06
2016-05-02,T10Y2Y,10Y-2Y Curve,1.08
2016-05-03,T10Y2Y,10Y-2Y Curve,1.06
2016-05-04,T10Y2Y,10Y-2Y Curve,1.04
2016-05-05,T10Y2Y,10Y-2Y Curve,1.04
2016-05-06,T10Y2Y,10Y-2Y Curve,1.05
2016-05-09,T10Y2Y,10Y-2Y Curve,1.05
2016-05-10,T10Y2Y,10Y-2Y Curve,1.05
2016-05-11,T10Y2Y,10Y-2Y Curve,0.99
2016-05-12,T10Y2Y,10Y-2Y Curve,0.99
2016-05-13,T10Y2Y,10Y-2Y Curve,0.95
2016-05-16,T10Y2Y,10Y-2Y Curve,0.96
2016-05-17,T10Y2Y,10Y-2Y Curve,0.94
2016-05-18,T10Y2Y,10Y-2Y Curve,0.97
2016-05-19,T10Y2Y,10Y-2Y Curve,0.96
2016-05-20,T10Y2Y,10Y-2Y Curve,0.96
2016-05-23,T10Y2Y,10Y-2Y Curve,0.93
2016-05-24,T10Y2Y,10Y-2Y Curve,0.94
2016-05-25,T10Y2Y,10Y-2Y Curve,0.95
2016-05-26,T10Y2Y,10Y-2Y Curve,0.96
2016-05-27,T10Y2Y,10Y-2Y Curve,0.95
2016-05-31,T10Y2Y,10Y-2Y Curve,0.97
2016-06-01,T10Y2Y,10Y-2Y Curve,0.94
2016-06-02,T10Y2Y,10Y-2Y Curve,0.92
2016-06-03,T10Y2Y,10Y-2Y Curve,0.93
2016-06-06,T10Y2Y,10Y-2Y Curve,0.93
2016-06-07,T10Y2Y,10Y-2Y Curve,0.94
2016-06-08,T10Y2Y,10Y-2Y Curve,0.93
2016-06-09,T10Y2Y,10Y-2Y Curve,0.91
2016-06-10,T10Y2Y,10Y-2Y Curve,0.91
2016-06-13,T10Y2Y,10Y-2Y Curve,0.89
2016-06-14,T10Y2Y,10Y-2Y Curve,0.88
2016-06-15,T10Y2Y,10Y-2Y Curve,0.91
2016-06-16,T10Y2Y,10Y-2Y Curve,0.87
2016-06-17,T10Y2Y,10Y-2Y Curve,0.92
2016-06-20,T10Y2Y,10Y-2Y Curve,0.93
2016-06-21,T10Y2Y,10Y-2Y Curve,0.95
2016-06-22,T10Y2Y,10Y-2Y Curve,0.94
2016-06-23,T10Y2Y,10Y-2Y Curve,0.96
2016-06-24,T10Y2Y,10Y-2Y Curve,0.93
2016-06-27,T10Y2Y,10Y-2Y Curve,0.85
2016-06-28,T10Y2Y,10Y-2Y Curve,0.85
2016-06-29,T10Y2Y,10Y-2Y Curve,0.88
2016-06-30,T10Y2Y,10Y-2Y Curve,0.91
2016-07-01,T10Y2Y,10Y-2Y Curve,0.87
2016-07-05,T10Y2Y,10Y-2Y Curve,0.81
2016-07-06,T10Y2Y,10Y-2Y Curve,0.8
2016-07-07,T10Y2Y,10Y-2Y Curve,0.82
2016-07-08,T10Y2Y,10Y-2Y Curve,0.76
2016-07-11,T10Y2Y,10Y-2Y Curve,0.77
2016-07-12,T10Y2Y,10Y-2Y Curve,0.84
2016-07-13,T10Y2Y,10Y-2Y Curve,0.8
2016-07-14,T10Y2Y,10Y-2Y Curve,0.85
2016-07-15,T10Y2Y,10Y-2Y Curve,0.89
2016-07-18,T10Y2Y,10Y-2Y Curve,0.91
2016-07-19,T10Y2Y,10Y-2Y Curve,0.86
2016-07-20,T10Y2Y,10Y-2Y Curve,0.86
2016-07-21,T10Y2Y,10Y-2Y Curve,0.87
2016-07-22,T10Y2Y,10Y-2Y Curve,0.86
2016-07-25,T10Y2Y,10Y-2Y Curve,0.86
2016-07-26,T10Y2Y,10Y-2Y Curve,0.82
2016-07-27,T10Y2Y,10Y-2Y Curve,0.79
2016-07-28,T10Y2Y,10Y-2Y Curve,0.8
2016-07-29,T10Y2Y,10Y-2Y Curve,0.79
2016-08-01,T10Y2Y,10Y-2Y Curve,0.84
2016-08-02,T10Y2Y,10Y-2Y Curve,0.88
2016-08-03,T10Y2Y,10Y-2Y Curve,0.88
2016-08-04,T10Y2Y,10Y-2Y Curve,0.87
2016-08-05,T10Y2Y,10Y-2Y Curve,0.87
2016-08-08,T10Y2Y,10Y-2Y Curve,0.85
2016-08-09,T10Y2Y,10Y-2Y Curve,0.84
2016-08-10,T10Y2Y,10Y-2Y Curve,0.81
2016-08-11,T10Y2Y,10Y-2Y Curve,0.81
2016-08-12,T10Y2Y,10Y-2Y Curve,0.8
2016-08-15,T10Y2Y,10Y-2Y Curve,0.83
2016-08-16,T10Y2Y,10Y-2Y Curve,0.81
2016-08-17,T10Y2Y,10Y-2Y Curve,0.82
2016-08-18,T10Y2Y,10Y-2Y Curve,0.82
2016-08-19,T10Y2Y,10Y-2Y Curve,0.82
2016-08-22,T10Y2Y,10Y-2Y Curve,0.79
2016-08-23,T10Y2Y,10Y-2Y Curve,0.81
2016-08-24,T10Y2Y,10Y-2Y Curve,0.8
2016-08-25,T10Y2Y,10Y-2Y Curve,0.8
2016-08-26,T10Y2Y,10Y-2Y Curve,0.78
2016-08-29,T10Y2Y,10Y-2Y Curve,0.76
2016-08-30,T10Y2Y,10Y-2Y Curve,0.77
2016-08-31,T10Y2Y,10Y-2Y Curve,0.78
2016-09-01,T10Y2Y,10Y-2Y Curve,0.79
2016-09-02,T10Y2Y,10Y-2Y Curve,0.8
2016-09-06,T10Y2Y,10Y-2Y Curve,0.81
2016-09-07,T10Y2Y,10Y-2Y Curve,0.8
2016-09-08,T10Y2Y,10Y-2Y Curve,0.83
2016-09-09,T10Y2Y,10Y-2Y Curve,0.88
2016-09-12,T10Y2Y,10Y-2Y Curve,0.89
2016-09-13,T10Y2Y,10Y-2Y Curve,0.93
2016-09-14,T10Y2Y,10Y-2Y Curve,0.93
2016-09-15,T10Y2Y,10Y-2Y Curve,0.97
2016-09-16,T10Y2Y,10Y-2Y Curve,0.93
2016-09-19,T10Y2Y,10Y-2Y Curve,0.91
2016-09-20,T10Y2Y,10Y-2Y Curve,0.9
2016-09-21,T10Y2Y,10Y-2Y Curve,0.87
2016-09-22,T10Y2Y,10Y-2Y Curve,0.84
2016-09-23,T10Y2Y,10Y-2Y Curve,0.85
2016-09-26,T10Y2Y,10Y-2Y Curve,0.83
2016-09-27,T10Y2Y,10Y-2Y Curve,0.81
2016-09-28,T10Y2Y,10Y-2Y Curve,0.82
2016-09-29,T10Y2Y,10Y-2Y Curve,0.83
2016-09-30,T10Y2Y,10Y-2Y Curve,0.83
2016-10-03,T10Y2Y,10Y-2Y Curve,0.83
2016-10-04,T10Y2Y,10Y-2Y Curve,0.87
2016-10-05,T10Y2Y,10Y-2Y Curve,0.87
2016-10-06,T10Y2Y,10Y-2Y Curve,0.89
2016-10-07,T10Y2Y,10Y-2Y Curve,0.9
2016-10-11,T10Y2Y,10Y-2Y Curve,0.9
2016-10-12,T10Y2Y,10Y-2Y Curve,0.92
2016-10-13,T10Y2Y,10Y-2Y Curve,0.9
2016-10-14,T10Y2Y,10Y-2Y Curve,0.96
2016-10-17,T10Y2Y,10Y-2Y Curve,0.96
2016-10-18,T10Y2Y,10Y-2Y Curve,0.93
2016-10-19,T10Y2Y,10Y-2Y Curve,0.95
2016-10-20,T10Y2Y,10Y-2Y Curve,0.92
2016-10-21,T10Y2Y,10Y-2Y Curve,0.9
2016-10-24,T10Y2Y,10Y-2Y Curve,0.93
2016-10-25,T10Y2Y,10Y-2Y Curve,0.91
2016-10-26,T10Y2Y,10Y-2Y Curve,0.93
2016-10-27,T10Y2Y,10Y-2Y Curve,0.98
2016-10-28,T10Y2Y,10Y-2Y Curve,1.0
2016-10-31,T10Y2Y,10Y-2Y Curve,0.98
2016-11-01,T10Y2Y,10Y-2Y Curve,1.0
2016-11-02,T10Y2Y,10Y-2Y Curve,1.0
2016-11-03,T10Y2Y,10Y-2Y Curve,1.01
2016-11-04,T10Y2Y,10Y-2Y Curve,0.99
2016-11-07,T10Y2Y,10Y-2Y Curve,1.01
2016-11-08,T10Y2Y,10Y-2Y Curve,1.01
2016-11-09,T10Y2Y,10Y-2Y Curve,1.17
2016-11-10,T10Y2Y,10Y-2Y Curve,1.23
2016-11-14,T10Y2Y,10Y-2Y Curve,1.23
2016-11-15,T10Y2Y,10Y-2Y Curve,1.21
2016-11-16,T10Y2Y,10Y-2Y Curve,1.22
2016-11-17,T10Y2Y,10Y-2Y Curve,1.25
2016-11-18,T10Y2Y,10Y-2Y Curve,1.27
2016-11-21,T10Y2Y,10Y-2Y Curve,1.25
2016-11-22,T10Y2Y,10Y-2Y Curve,1.24
2016-11-23,T10Y2Y,10Y-2Y Curve,1.24
2016-11-25,T10Y2Y,10Y-2Y Curve,1.24
2016-11-28,T10Y2Y,10Y-2Y Curve,1.21
2016-11-29,T10Y2Y,10Y-2Y Curve,1.21
2016-11-30,T10Y2Y,10Y-2Y Curve,1.26
2016-12-01,T10Y2Y,10Y-2Y Curve,1.31
2016-12-02,T10Y2Y,10Y-2Y Curve,1.29
2016-12-05,T10Y2Y,10Y-2Y Curve,1.26
2016-12-06,T10Y2Y,10Y-2Y Curve,1.27
2016-12-07,T10Y2Y,10Y-2Y Curve,1.24
2016-12-08,T10Y2Y,10Y-2Y Curve,1.28
2016-12-09,T10Y2Y,10Y-2Y Curve,1.32
2016-12-12,T10Y2Y,10Y-2Y Curve,1.34
2016-12-13,T10Y2Y,10Y-2Y Curve,1.31
2016-12-14,T10Y2Y,10Y-2Y Curve,1.27
2016-12-15,T10Y2Y,10Y-2Y Curve,1.31
2016-12-16,T10Y2Y,10Y-2Y Curve,1.32
2016-12-19,T10Y2Y,10Y-2Y Curve,1.3
2016-12-20,T10Y2Y,10Y-2Y Curve,1.32
2016-12-21,T10Y2Y,10Y-2Y Curve,1.34
2016-12-22,T10Y2Y,10Y-2Y Curve,1.33
2016-12-23,T10Y2Y,10Y-2Y Curve,1.33
2016-12-27,T10Y2Y,10Y-2Y Curve,1.29
2016-12-28,T10Y2Y,10Y-2Y Curve,1.25
2016-12-29,T10Y2Y,10Y-2Y Curve,1.27
2016-12-30,T10Y2Y,10Y-2Y Curve,1.25
2017-01-03,T10Y2Y,10Y-2Y Curve,1.23
2017-01-04,T10Y2Y,10Y-2Y Curve,1.22
2017-01-05,T10Y2Y,10Y-2Y Curve,1.2
2017-01-06,T10Y2Y,10Y-2Y Curve,1.2
2017-01-09,T10Y2Y,10Y-2Y Curve,1.17
2017-01-10,T10Y2Y,10Y-2Y Curve,1.19
2017-01-11,T10Y2Y,10Y-2Y Curve,1.18
2017-01-12,T10Y2Y,10Y-2Y Curve,1.18
2017-01-13,T10Y2Y,10Y-2Y Curve,1.19
2017-01-17,T10Y2Y,10Y-2Y Curve,1.16
2017-01-18,T10Y2Y,10Y-2Y Curve,1.19
2017-01-19,T10Y2Y,10Y-2Y Curve,1.22
2017-01-20,T10Y2Y,10Y-2Y Curve,1.28
2017-01-23,T10Y2Y,10Y-2Y Curve,1.25
2017-01-24,T10Y2Y,10Y-2Y Curve,1.26
2017-01-25,T10Y2Y,10Y-2Y Curve,1.3
2017-01-26,T10Y2Y,10Y-2Y Curve,1.3
2017-01-27,T10Y2Y,10Y-2Y Curve,1.27
2017-01-30,T10Y2Y,10Y-2Y Curve,1.27
2017-01-31,T10Y2Y,10Y-2Y Curve,1.26
2017-02-01,T10Y2Y,10Y-2Y Curve,1.26
2017-02-02,T10Y2Y,10Y-2Y Curve,1.27
2017-02-03,T10Y2Y,10Y-2Y Curve,1.28
2017-02-06,T10Y2Y,10Y-2Y Curve,1.26
2017-02-07,T10Y2Y,10Y-2Y Curve,1.24
2017-02-08,T10Y2Y,10Y-2Y Curve,1.19
2017-02-09,T10Y2Y,10Y-2Y Curve,1.2
2017-02-10,T10Y2Y,10Y-2Y Curve,1.21
2017-02-13,T10Y2Y,10Y-2Y Curve,1.23
2017-02-14,T10Y2Y,10Y-2Y Curve,1.22
2017-02-15,T10Y2Y,10Y-2Y Curve,1.24
2017-02-16,T10Y2Y,10Y-2Y Curve,1.23
2017-02-17,T10Y2Y,10Y-2Y Curve,1.21
2017-02-21,T10Y2Y,10Y-2Y Curve,1.21
2017-02-22,T10Y2Y,10Y-2Y Curve,1.2
2017-02-23,T10Y2Y,10Y-2Y Curve,1.2
2017-02-24,T10Y2Y,10Y-2Y Curve,1.19
2017-02-27,T10Y2Y,10Y-2Y Curve,1.16
2017-02-28,T10Y2Y,10Y-2Y Curve,1.14
2017-03-01,T10Y2Y,10Y-2Y Curve,1.17
2017-03-02,T10Y2Y,10Y-2Y Curve,1.17
2017-03-03,T10Y2Y,10Y-2Y Curve,1.17
2017-03-06,T10Y2Y,10Y-2Y Curve,1.18
2017-03-07,T10Y2Y,10Y-2Y Curve,1.2
2017-03-08,T10Y2Y,10Y-2Y Curve,1.21
2017-03-09,T10Y2Y,10Y-2Y Curve,1.23
2017-03-10,T10Y2Y,10Y-2Y Curve,1.22
2017-03-13,T10Y2Y,10Y-2Y Curve,1.22
2017-03-14,T10Y2Y,10Y-2Y Curve,1.2
2017-03-15,T10Y2Y,10Y-2Y Curve,1.18
2017-03-16,T10Y2Y,10Y-2Y Curve,1.18
2017-03-17,T10Y2Y,10Y-2Y Curve,1.17
2017-03-20,T10Y2Y,10Y-2Y Curve,1.17
2017-03-21,T10Y2Y,10Y-2Y Curve,1.16
2017-03-22,T10Y2Y,10Y-2Y Curve,1.13
2017-03-23,T10Y2Y,10Y-2Y Curve,1.15
2017-03-24,T10Y2Y,10Y-2Y Curve,1.14
2017-03-27,T10Y2Y,10Y-2Y Curve,1.11
2017-03-28,T10Y2Y,10Y-2Y Curve,1.12
2017-03-29,T10Y2Y,10Y-2Y Curve,1.13
2017-03-30,T10Y2Y,10Y-2Y Curve,1.14
2017-03-31,T10Y2Y,10Y-2Y Curve,1.13
2017-04-03,T10Y2Y,10Y-2Y Curve,1.11
2017-04-04,T10Y2Y,10Y-2Y Curve,1.11
2017-04-05,T10Y2Y,10Y-2Y Curve,1.1
2017-04-06,T10Y2Y,10Y-2Y Curve,1.1
2017-04-07,T10Y2Y,10Y-2Y Curve,1.09
2017-04-10,T10Y2Y,10Y-2Y Curve,1.08
2017-04-11,T10Y2Y,10Y-2Y Curve,1.08
2017-04-12,T10Y2Y,10Y-2Y Curve,1.04
2017-04-13,T10Y2Y,10Y-2Y Curve,1.03
2017-04-17,T10Y2Y,10Y-2Y Curve,1.05
2017-04-18,T10Y2Y,10Y-2Y Curve,1.0
2017-04-19,T10Y2Y,10Y-2Y Curve,1.02
2017-04-20,T10Y2Y,10Y-2Y Curve,1.03
2017-04-21,T10Y2Y,10Y-2Y Curve,1.04
2017-04-24,T10Y2Y,10Y-2Y Curve,1.03
2017-04-25,T10Y2Y,10Y-2Y Curve,1.06
2017-04-26,T10Y2Y,10Y-2Y Curve,1.04
2017-04-27,T10Y2Y,10Y-2Y Curve,1.05
2017-04-28,T10Y2Y,10Y-2Y Curve,1.01
2017-05-01,T10Y2Y,10Y-2Y Curve,1.05
2017-05-02,T10Y2Y,10Y-2Y Curve,1.02
2017-05-03,T10Y2Y,10Y-2Y Curve,1.03
2017-05-04,T10Y2Y,10Y-2Y Curve,1.04
2017-05-05,T10Y2Y,10Y-2Y Curve,1.04
2017-05-08,T10Y2Y,10Y-2Y Curve,1.06
2017-05-09,T10Y2Y,10Y-2Y Curve,1.05
2017-05-10,T10Y2Y,10Y-2Y Curve,1.06
2017-05-11,T10Y2Y,10Y-2Y Curve,1.04
2017-05-12,T10Y2Y,10Y-2Y Curve,1.04
2017-05-15,T10Y2Y,10Y-2Y Curve,1.03
2017-05-16,T10Y2Y,10Y-2Y Curve,1.04
2017-05-17,T10Y2Y,10Y-2Y Curve,0.96
2017-05-18,T10Y2Y,10Y-2Y Curve,0.96
2017-05-19,T10Y2Y,10Y-2Y Curve,0.95
2017-05-22,T10Y2Y,10Y-2Y Curve,0.96
2017-05-23,T10Y2Y,10Y-2Y Curve,0.98
2017-05-24,T10Y2Y,10Y-2Y Curve,0.97
2017-05-25,T10Y2Y,10Y-2Y Curve,0.95
2017-05-26,T10Y2Y,10Y-2Y Curve,0.95
2017-05-30,T10Y2Y,10Y-2Y Curve,0.93
2017-05-31,T10Y2Y,10Y-2Y Curve,0.93
2017-06-01,T10Y2Y,10Y-2Y Curve,0.93
2017-06-02,T10Y2Y,10Y-2Y Curve,0.87
2017-06-05,T10Y2Y,10Y-2Y Curve,0.86
2017-06-06,T10Y2Y,10Y-2Y Curve,0.84
2017-06-07,T10Y2Y,10Y-2Y Curve,0.86
2017-06-08,T10Y2Y,10Y-2Y Curve,0.86
2017-06-09,T10Y2Y,10Y-2Y Curve,0.86
2017-06-12,T10Y2Y,10Y-2Y Curve,0.86
2017-06-13,T10Y2Y,10Y-2Y Curve,0.83
2017-06-14,T10Y2Y,10Y-2Y Curve,0.8
2017-06-15,T10Y2Y,10Y-2Y Curve,0.81
2017-06-16,T10Y2Y,10Y-2Y Curve,0.84
2017-06-19,T10Y2Y,10Y-2Y Curve,0.83
2017-06-20,T10Y2Y,10Y-2Y Curve,0.8
2017-06-21,T10Y2Y,10Y-2Y Curve,0.8
2017-06-22,T10Y2Y,10Y-2Y Curve,0.81
2017-06-23,T10Y2Y,10Y-2Y Curve,0.81
2017-06-26,T10Y2Y,10Y-2Y Curve,0.78
2017-06-27,T10Y2Y,10Y-2Y Curve,0.83
2017-06-28,T10Y2Y,10Y-2Y Curve,0.88
2017-06-29,T10Y2Y,10Y-2Y Curve,0.89
2017-06-30,T10Y2Y,10Y-2Y Curve,0.93
2017-07-03,T10Y2Y,10Y-2Y Curve,0.94
2017-07-05,T10Y2Y,10Y-2Y Curve,0.92
2017-07-06,T10Y2Y,10Y-2Y Curve,0.97
2017-07-07,T10Y2Y,10Y-2Y Curve,0.99
2017-07-10,T10Y2Y,10Y-2Y Curve,0.98
2017-07-11,T10Y2Y,10Y-2Y Curve,1.0
2017-07-12,T10Y2Y,10Y-2Y Curve,0.98
2017-07-13,T10Y2Y,10Y-2Y Curve,0.98
2017-07-14,T10Y2Y,10Y-2Y Curve,0.98
2017-07-17,T10Y2Y,10Y-2Y Curve,0.95
2017-07-18,T10Y2Y,10Y-2Y Curve,0.91
2017-07-19,T10Y2Y,10Y-2Y Curve,0.9
2017-07-20,T10Y2Y,10Y-2Y Curve,0.9
2017-07-21,T10Y2Y,10Y-2Y Curve,0.88
2017-07-24,T10Y2Y,10Y-2Y Curve,0.89
2017-07-25,T10Y2Y,10Y-2Y Curve,0.93
2017-07-26,T10Y2Y,10Y-2Y Curve,0.93
2017-07-27,T10Y2Y,10Y-2Y Curve,0.96
2017-07-28,T10Y2Y,10Y-2Y Curve,0.96
2017-07-31,T10Y2Y,10Y-2Y Curve,0.96
2017-08-01,T10Y2Y,10Y-2Y Curve,0.92
2017-08-02,T10Y2Y,10Y-2Y Curve,0.91
2017-08-03,T10Y2Y,10Y-2Y Curve,0.9
2017-08-04,T10Y2Y,10Y-2Y Curve,0.91
2017-08-07,T10Y2Y,10Y-2Y Curve,0.9
2017-08-08,T10Y2Y,10Y-2Y Curve,0.93
2017-08-09,T10Y2Y,10Y-2Y Curve,0.91
2017-08-10,T10Y2Y,10Y-2Y Curve,0.87
2017-08-11,T10Y2Y,10Y-2Y Curve,0.89
2017-08-14,T10Y2Y,10Y-2Y Curve,0.89
2017-08-15,T10Y2Y,10Y-2Y Curve,0.92
2017-08-16,T10Y2Y,10Y-2Y Curve,0.9
2017-08-17,T10Y2Y,10Y-2Y Curve,0.87
2017-08-18,T10Y2Y,10Y-2Y Curve,0.86
2017-08-21,T10Y2Y,10Y-2Y Curve,0.86
2017-08-22,T10Y2Y,10Y-2Y Curve,0.89
2017-08-23,T10Y2Y,10Y-2Y Curve,0.85
2017-08-24,T10Y2Y,10Y-2Y Curve,0.86
2017-08-25,T10Y2Y,10Y-2Y Curve,0.82
2017-08-28,T10Y2Y,10Y-2Y Curve,0.83
2017-08-29,T10Y2Y,10Y-2Y Curve,0.8
2017-08-30,T10Y2Y,10Y-2Y Curve,0.82
2017-08-31,T10Y2Y,10Y-2Y Curve,0.79
2017-09-01,T10Y2Y,10Y-2Y Curve,0.81
2017-09-05,T10Y2Y,10Y-2Y Curve,0.77
2017-09-06,T10Y2Y,10Y-2Y Curve,0.8
2017-09-07,T10Y2Y,10Y-2Y Curve,0.78
2017-09-08,T10Y2Y,10Y-2Y Curve,0.79
2017-09-11,T10Y2Y,10Y-2Y Curve,0.82
2017-09-12,T10Y2Y,10Y-2Y Curve,0.84
2017-09-13,T10Y2Y,10Y-2Y Curve,0.85
2017-09-14,T10Y2Y,10Y-2Y Curve,0.83
2017-09-15,T10Y2Y,10Y-2Y Curve,0.81
2017-09-18,T10Y2Y,10Y-2Y Curve,0.83
2017-09-19,T10Y2Y,10Y-2Y Curve,0.84
2017-09-20,T10Y2Y,10Y-2Y Curve,0.83
2017-09-21,T10Y2Y,10Y-2Y Curve,0.82
2017-09-22,T10Y2Y,10Y-2Y Curve,0.8
2017-09-25,T10Y2Y,10Y-2Y Curve,0.78
2017-09-26,T10Y2Y,10Y-2Y Curve,0.79
2017-09-27,T10Y2Y,10Y-2Y Curve,0.84
2017-09-28,T10Y2Y,10Y-2Y Curve,0.86
2017-09-29,T10Y2Y,10Y-2Y Curve,0.86
2017-10-02,T10Y2Y,10Y-2Y Curve,0.85
2017-10-03,T10Y2Y,10Y-2Y Curve,0.86
2017-10-04,T10Y2Y,10Y-2Y Curve,0.86
2017-10-05,T10Y2Y,10Y-2Y Curve,0.86
2017-10-06,T10Y2Y,10Y-2Y Curve,0.83
2017-10-10,T10Y2Y,10Y-2Y Curve,0.84
2017-10-11,T10Y2Y,10Y-2Y Curve,0.84
2017-10-12,T10Y2Y,10Y-2Y Curve,0.82
2017-10-13,T10Y2Y,10Y-2Y Curve,0.77
2017-10-16,T10Y2Y,10Y-2Y Curve,0.76
2017-10-17,T10Y2Y,10Y-2Y Curve,0.76
2017-10-18,T10Y2Y,10Y-2Y Curve,0.75
2017-10-19,T10Y2Y,10Y-2Y Curve,0.75
2017-10-20,T10Y2Y,10Y-2Y Curve,0.79
2017-10-23,T10Y2Y,10Y-2Y Curve,0.8
2017-10-24,T10Y2Y,10Y-2Y Curve,0.82
2017-10-25,T10Y2Y,10Y-2Y Curve,0.83
2017-10-26,T10Y2Y,10Y-2Y Curve,0.83
2017-10-27,T10Y2Y,10Y-2Y Curve,0.83
2017-10-30,T10Y2Y,10Y-2Y Curve,0.79
2017-10-31,T10Y2Y,10Y-2Y Curve,0.78
2017-11-01,T10Y2Y,10Y-2Y Curve,0.76
2017-11-02,T10Y2Y,10Y-2Y Curve,0.74
2017-11-03,T10Y2Y,10Y-2Y Curve,0.71
2017-11-06,T10Y2Y,10Y-2Y Curve,0.71
2017-11-07,T10Y2Y,10Y-2Y Curve,0.69
2017-11-08,T10Y2Y,10Y-2Y Curve,0.67
2017-11-09,T10Y2Y,10Y-2Y Curve,0.7
2017-11-10,T10Y2Y,10Y-2Y Curve,0.73
2017-11-13,T10Y2Y,10Y-2Y Curve,0.7
2017-11-14,T10Y2Y,10Y-2Y Curve,0.7
2017-11-15,T10Y2Y,10Y-2Y Curve,0.65
2017-11-16,T10Y2Y,10Y-2Y Curve,0.65
2017-11-17,T10Y2Y,10Y-2Y Curve,0.62
2017-11-20,T10Y2Y,10Y-2Y Curve,0.6
2017-11-21,T10Y2Y,10Y-2Y Curve,0.59
2017-11-22,T10Y2Y,10Y-2Y Curve,0.58
2017-11-24,T10Y2Y,10Y-2Y Curve,0.59
2017-11-27,T10Y2Y,10Y-2Y Curve,0.58
2017-11-28,T10Y2Y,10Y-2Y Curve,0.59
2017-11-29,T10Y2Y,10Y-2Y Curve,0.59
2017-11-30,T10Y2Y,10Y-2Y Curve,0.64
2017-12-01,T10Y2Y,10Y-2Y Curve,0.59
2017-12-04,T10Y2Y,10Y-2Y Curve,0.57
2017-12-05,T10Y2Y,10Y-2Y Curve,0.53
2017-12-06,T10Y2Y,10Y-2Y Curve,0.55
2017-12-07,T10Y2Y,10Y-2Y Curve,0.57
2017-12-08,T10Y2Y,10Y-2Y Curve,0.58
2017-12-11,T10Y2Y,10Y-2Y Curve,0.57
2017-12-12,T10Y2Y,10Y-2Y Curve,0.57
2017-12-13,T10Y2Y,10Y-2Y Curve,0.57
2017-12-14,T10Y2Y,10Y-2Y Curve,0.53
2017-12-15,T10Y2Y,10Y-2Y Curve,0.51
2017-12-18,T10Y2Y,10Y-2Y Curve,0.55
2017-12-19,T10Y2Y,10Y-2Y Curve,0.59
2017-12-20,T10Y2Y,10Y-2Y Curve,0.62
2017-12-21,T10Y2Y,10Y-2Y Curve,0.59
2017-12-22,T10Y2Y,10Y-2Y Curve,0.57
2017-12-26,T10Y2Y,10Y-2Y Curve,0.55
2017-12-27,T10Y2Y,10Y-2Y Curve,0.53
2017-12-28,T10Y2Y,10Y-2Y Curve,0.52
2017-12-29,T10Y2Y,10Y-2Y Curve,0.51
2018-01-02,T10Y2Y,10Y-2Y Curve,0.54
2018-01-03,T10Y2Y,10Y-2Y Curve,0.5
2018-01-04,T10Y2Y,10Y-2Y Curve,0.5
2018-01-05,T10Y2Y,10Y-2Y Curve,0.51
2018-01-08,T10Y2Y,10Y-2Y Curve,0.53
2018-01-09,T10Y2Y,10Y-2Y Curve,0.57
2018-01-10,T10Y2Y,10Y-2Y Curve,0.57
2018-01-11,T10Y2Y,10Y-2Y Curve,0.56
2018-01-12,T10Y2Y,10Y-2Y Curve,0.56
2018-01-16,T10Y2Y,10Y-2Y Curve,0.51
2018-01-17,T10Y2Y,10Y-2Y Curve,0.52
2018-01-18,T10Y2Y,10Y-2Y Curve,0.57
2018-01-19,T10Y2Y,10Y-2Y Curve,0.58
2018-01-22,T10Y2Y,10Y-2Y Curve,0.58
2018-01-23,T10Y2Y,10Y-2Y Curve,0.57
2018-01-24,T10Y2Y,10Y-2Y Curve,0.57
2018-01-25,T10Y2Y,10Y-2Y Curve,0.55
2018-01-26,T10Y2Y,10Y-2Y Curve,0.53
2018-01-29,T10Y2Y,10Y-2Y Curve,0.59
2018-01-30,T10Y2Y,10Y-2Y Curve,0.6
2018-01-31,T10Y2Y,10Y-2Y Curve,0.58
2018-02-01,T10Y2Y,10Y-2Y Curve,0.62
2018-02-02,T10Y2Y,10Y-2Y Curve,0.69
2018-02-05,T10Y2Y,10Y-2Y Curve,0.69
2018-02-06,T10Y2Y,10Y-2Y Curve,0.69
2018-02-07,T10Y2Y,10Y-2Y Curve,0.69
2018-02-08,T10Y2Y,10Y-2Y Curve,0.72
2018-02-09,T10Y2Y,10Y-2Y Curve,0.78
2018-02-12,T10Y2Y,10Y-2Y Curve,0.77
2018-02-13,T10Y2Y,10Y-2Y Curve,0.73
2018-02-14,T10Y2Y,10Y-2Y Curve,0.74
2018-02-15,T10Y2Y,10Y-2Y Curve,0.71
2018-02-16,T10Y2Y,10Y-2Y Curve,0.66
2018-02-20,T10Y2Y,10Y-2Y Curve,0.63
2018-02-21,T10Y2Y,10Y-2Y Curve,0.68
2018-02-22,T10Y2Y,10Y-2Y Curve,0.67
2018-02-23,T10Y2Y,10Y-2Y Curve,0.63
2018-02-26,T10Y2Y,10Y-2Y Curve,0.64
2018-02-27,T10Y2Y,10Y-2Y Curve,0.63
2018-02-28,T10Y2Y,10Y-2Y Curve,0.62
2018-03-01,T10Y2Y,10Y-2Y Curve,0.59
2018-03-02,T10Y2Y,10Y-2Y Curve,0.61
2018-03-05,T10Y2Y,10Y-2Y Curve,0.64
2018-03-06,T10Y2Y,10Y-2Y Curve,0.63
2018-03-07,T10Y2Y,10Y-2Y Curve,0.64
2018-03-08,T10Y2Y,10Y-2Y Curve,0.61
2018-03-09,T10Y2Y,10Y-2Y Curve,0.63
2018-03-12,T10Y2Y,10Y-2Y Curve,0.6
2018-03-13,T10Y2Y,10Y-2Y Curve,0.58
2018-03-14,T10Y2Y,10Y-2Y Curve,0.55
2018-03-15,T10Y2Y,10Y-2Y Curve,0.53
2018-03-16,T10Y2Y,10Y-2Y Curve,0.54
2018-03-19,T10Y2Y,10Y-2Y Curve,0.54
2018-03-20,T10Y2Y,10Y-2Y Curve,0.55
2018-03-21,T10Y2Y,10Y-2Y Curve,0.58
2018-03-22,T10Y2Y,10Y-2Y Curve,0.54
2018-03-23,T10Y2Y,10Y-2Y Curve,0.54
2018-03-26,T10Y2Y,10Y-2Y Curve,0.52
2018-03-27,T10Y2Y,10Y-2Y Curve,0.52
2018-03-28,T10Y2Y,10Y-2Y Curve,0.49
2018-03-29,T10Y2Y,10Y-2Y Curve,0.47
2018-04-02,T10Y2Y,10Y-2Y Curve,0.48
2018-04-03,T10Y2Y,10Y-2Y Curve,0.51
2018-04-04,T10Y2Y,10Y-2Y Curve,0.51
2018-04-05,T10Y2Y,10Y-2Y Curve,0.53
2018-04-06,T10Y2Y,10Y-2Y Curve,0.5
2018-04-09,T10Y2Y,10Y-2Y Curve,0.49
2018-04-10,T10Y2Y,10Y-2Y Curve,0.48
2018-04-11,T10Y2Y,10Y-2Y Curve,0.47
2018-04-12,T10Y2Y,10Y-2Y Curve,0.49
2018-04-13,T10Y2Y,10Y-2Y Curve,0.45
2018-04-16,T10Y2Y,10Y-2Y Curve,0.44
2018-04-17,T10Y2Y,10Y-2Y Curve,0.41
2018-04-18,T10Y2Y,10Y-2Y Curve,0.45
2018-04-19,T10Y2Y,10Y-2Y Curve,0.48
2018-04-20,T10Y2Y,10Y-2Y Curve,0.5
2018-04-23,T10Y2Y,10Y-2Y Curve,0.49
2018-04-24,T10Y2Y,10Y-2Y Curve,0.52
2018-04-25,T10Y2Y,10Y-2Y Curve,0.54
2018-04-26,T10Y2Y,10Y-2Y Curve,0.51
2018-04-27,T10Y2Y,10Y-2Y Curve,0.47
2018-04-30,T10Y2Y,10Y-2Y Curve,0.46
2018-05-01,T10Y2Y,10Y-2Y Curve,0.47
2018-05-02,T10Y2Y,10Y-2Y Curve,0.48
2018-05-03,T10Y2Y,10Y-2Y Curve,0.45
2018-05-04,T10Y2Y,10Y-2Y Curve,0.44
2018-05-07,T10Y2Y,10Y-2Y Curve,0.46
2018-05-08,T10Y2Y,10Y-2Y Curve,0.46
2018-05-09,T10Y2Y,10Y-2Y Curve,0.46
2018-05-10,T10Y2Y,10Y-2Y Curve,0.43
2018-05-11,T10Y2Y,10Y-2Y Curve,0.43
2018-05-14,T10Y2Y,10Y-2Y Curve,0.45
2018-05-15,T10Y2Y,10Y-2Y Curve,0.5
2018-05-16,T10Y2Y,10Y-2Y Curve,0.51
2018-05-17,T10Y2Y,10Y-2Y Curve,0.54
2018-05-18,T10Y2Y,10Y-2Y Curve,0.51
2018-05-21,T10Y2Y,10Y-2Y Curve,0.48
2018-05-22,T10Y2Y,10Y-2Y Curve,0.47
2018-05-23,T10Y2Y,10Y-2Y Curve,0.48
2018-05-24,T10Y2Y,10Y-2Y Curve,0.48
2018-05-25,T10Y2Y,10Y-2Y Curve,0.45
2018-05-29,T10Y2Y,10Y-2Y Curve,0.45
2018-05-30,T10Y2Y,10Y-2Y Curve,0.42
2018-05-31,T10Y2Y,10Y-2Y Curve,0.43
2018-06-01,T10Y2Y,10Y-2Y Curve,0.42
2018-06-04,T10Y2Y,10Y-2Y Curve,0.42
2018-06-05,T10Y2Y,10Y-2Y Curve,0.43
2018-06-06,T10Y2Y,10Y-2Y Curve,0.45
2018-06-07,T10Y2Y,10Y-2Y Curve,0.43
2018-06-08,T10Y2Y,10Y-2Y Curve,0.43
2018-06-11,T10Y2Y,10Y-2Y Curve,0.44
2018-06-12,T10Y2Y,10Y-2Y Curve,0.42
2018-06-13,T10Y2Y,10Y-2Y Curve,0.39
2018-06-14,T10Y2Y,10Y-2Y Curve,0.35
2018-06-15,T10Y2Y,10Y-2Y Curve,0.38
2018-06-18,T10Y2Y,10Y-2Y Curve,0.36
2018-06-19,T10Y2Y,10Y-2Y Curve,0.35
2018-06-20,T10Y2Y,10Y-2Y Curve,0.37
2018-06-21,T10Y2Y,10Y-2Y Curve,0.34
2018-06-22,T10Y2Y,10Y-2Y Curve,0.34
2018-06-25,T10Y2Y,10Y-2Y Curve,0.33
2018-06-26,T10Y2Y,10Y-2Y Curve,0.35
2018-06-27,T10Y2Y,10Y-2Y Curve,0.31
2018-06-28,T10Y2Y,10Y-2Y Curve,0.32
2018-06-29,T10Y2Y,10Y-2Y Curve,0.33
2018-07-02,T10Y2Y,10Y-2Y Curve,0.3
2018-07-03,T10Y2Y,10Y-2Y Curve,0.3
2018-07-05,T10Y2Y,10Y-2Y Curve,0.29
2018-07-06,T10Y2Y,10Y-2Y Curve,0.29
2018-07-09,T10Y2Y,10Y-2Y Curve,0.29
2018-07-10,T10Y2Y,10Y-2Y Curve,0.28
2018-07-11,T10Y2Y,10Y-2Y Curve,0.27
2018-07-12,T10Y2Y,10Y-2Y Curve,0.25
2018-07-13,T10Y2Y,10Y-2Y Curve,0.24
2018-07-16,T10Y2Y,10Y-2Y Curve,0.26
2018-07-17,T10Y2Y,10Y-2Y Curve,0.24
2018-07-18,T10Y2Y,10Y-2Y Curve,0.28
2018-07-19,T10Y2Y,10Y-2Y Curve,0.24
2018-07-20,T10Y2Y,10Y-2Y Curve,0.29
2018-07-23,T10Y2Y,10Y-2Y Curve,0.32
2018-07-24,T10Y2Y,10Y-2Y Curve,0.32
2018-07-25,T10Y2Y,10Y-2Y Curve,0.28
2018-07-26,T10Y2Y,10Y-2Y Curve,0.29
2018-07-27,T10Y2Y,10Y-2Y Curve,0.29
2018-07-30,T10Y2Y,10Y-2Y Curve,0.32
2018-07-31,T10Y2Y,10Y-2Y Curve,0.29
2018-08-01,T10Y2Y,10Y-2Y Curve,0.33
2018-08-02,T10Y2Y,10Y-2Y Curve,0.32
2018-08-03,T10Y2Y,10Y-2Y Curve,0.32
2018-08-06,T10Y2Y,10Y-2Y Curve,0.3
2018-08-07,T10Y2Y,10Y-2Y Curve,0.3
2018-08-08,T10Y2Y,10Y-2Y Curve,0.28
2018-08-09,T10Y2Y,10Y-2Y Curve,0.29
2018-08-10,T10Y2Y,10Y-2Y Curve,0.26
2018-08-13,T10Y2Y,10Y-2Y Curve,0.27
2018-08-14,T10Y2Y,10Y-2Y Curve,0.26
2018-08-15,T10Y2Y,10Y-2Y Curve,0.25
2018-08-16,T10Y2Y,10Y-2Y Curve,0.24
2018-08-17,T10Y2Y,10Y-2Y Curve,0.26
2018-08-20,T10Y2Y,10Y-2Y Curve,0.22
2018-08-21,T10Y2Y,10Y-2Y Curve,0.24
2018-08-22,T10Y2Y,10Y-2Y Curve,0.22
2018-08-23,T10Y2Y,10Y-2Y Curve,0.21
2018-08-24,T10Y2Y,10Y-2Y Curve,0.19
2018-08-27,T10Y2Y,10Y-2Y Curve,0.18
2018-08-28,T10Y2Y,10Y-2Y Curve,0.21
2018-08-29,T10Y2Y,10Y-2Y Curve,0.22
2018-08-30,T10Y2Y,10Y-2Y Curve,0.22
2018-08-31,T10Y2Y,10Y-2Y Curve,0.24
2018-09-04,T10Y2Y,10Y-2Y Curve,0.24
2018-09-05,T10Y2Y,10Y-2Y Curve,0.24
2018-09-06,T10Y2Y,10Y-2Y Curve,0.24
2018-09-07,T10Y2Y,10Y-2Y Curve,0.23
2018-09-10,T10Y2Y,10Y-2Y Curve,0.21
2018-09-11,T10Y2Y,10Y-2Y Curve,0.22
2018-09-12,T10Y2Y,10Y-2Y Curve,0.23
2018-09-13,T10Y2Y,10Y-2Y Curve,0.21
2018-09-14,T10Y2Y,10Y-2Y Curve,0.21
2018-09-17,T10Y2Y,10Y-2Y Curve,0.21
2018-09-18,T10Y2Y,10Y-2Y Curve,0.24
2018-09-19,T10Y2Y,10Y-2Y Curve,0.27
2018-09-20,T10Y2Y,10Y-2Y Curve,0.26
2018-09-21,T10Y2Y,10Y-2Y Curve,0.26
2018-09-24,T10Y2Y,10Y-2Y Curve,0.25
2018-09-25,T10Y2Y,10Y-2Y Curve,0.27
2018-09-26,T10Y2Y,10Y-2Y Curve,0.23
2018-09-27,T10Y2Y,10Y-2Y Curve,0.23
2018-09-28,T10Y2Y,10Y-2Y Curve,0.24
2018-10-01,T10Y2Y,10Y-2Y Curve,0.27
2018-10-02,T10Y2Y,10Y-2Y Curve,0.23
2018-10-03,T10Y2Y,10Y-2Y Curve,0.3
2018-10-04,T10Y2Y,10Y-2Y Curve,0.32
2018-10-05,T10Y2Y,10Y-2Y Curve,0.35
2018-10-09,T10Y2Y,10Y-2Y Curve,0.33
2018-10-10,T10Y2Y,10Y-2Y Curve,0.34
2018-10-11,T10Y2Y,10Y-2Y Curve,0.29
2018-10-12,T10Y2Y,10Y-2Y Curve,0.3
2018-10-15,T10Y2Y,10Y-2Y Curve,0.31
2018-10-16,T10Y2Y,10Y-2Y Curve,0.29
2018-10-17,T10Y2Y,10Y-2Y Curve,0.3
2018-10-18,T10Y2Y,10Y-2Y Curve,0.3
2018-10-19,T10Y2Y,10Y-2Y Curve,0.28
2018-10-22,T10Y2Y,10Y-2Y Curve,0.28
2018-10-23,T10Y2Y,10Y-2Y Curve,0.28
2018-10-24,T10Y2Y,10Y-2Y Curve,0.26
2018-10-25,T10Y2Y,10Y-2Y Curve,0.28
2018-10-26,T10Y2Y,10Y-2Y Curve,0.27
2018-10-29,T10Y2Y,10Y-2Y Curve,0.27
2018-10-30,T10Y2Y,10Y-2Y Curve,0.28
2018-10-31,T10Y2Y,10Y-2Y Curve,0.28
2018-11-01,T10Y2Y,10Y-2Y Curve,0.3
2018-11-02,T10Y2Y,10Y-2Y Curve,0.31
2018-11-05,T10Y2Y,10Y-2Y Curve,0.29
2018-11-06,T10Y2Y,10Y-2Y Curve,0.29
2018-11-07,T10Y2Y,10Y-2Y Curve,0.26
2018-11-08,T10Y2Y,10Y-2Y Curve,0.26
2018-11-09,T10Y2Y,10Y-2Y Curve,0.25
2018-11-13,T10Y2Y,10Y-2Y Curve,0.25
2018-11-14,T10Y2Y,10Y-2Y Curve,0.26
2018-11-15,T10Y2Y,10Y-2Y Curve,0.25
2018-11-16,T10Y2Y,10Y-2Y Curve,0.27
2018-11-19,T10Y2Y,10Y-2Y Curve,0.27
2018-11-20,T10Y2Y,10Y-2Y Curve,0.27
2018-11-21,T10Y2Y,10Y-2Y Curve,0.25
2018-11-23,T10Y2Y,10Y-2Y Curve,0.24
2018-11-26,T10Y2Y,10Y-2Y Curve,0.23
2018-11-27,T10Y2Y,10Y-2Y Curve,0.23
2018-11-28,T10Y2Y,10Y-2Y Curve,0.25
2018-11-29,T10Y2Y,10Y-2Y Curve,0.22
2018-11-30,T10Y2Y,10Y-2Y Curve,0.21
2018-12-03,T10Y2Y,10Y-2Y Curve,0.15
2018-12-04,T10Y2Y,10Y-2Y Curve,0.11
2018-12-06,T10Y2Y,10Y-2Y Curve,0.12
2018-12-07,T10Y2Y,10Y-2Y Curve,0.13
2018-12-10,T10Y2Y,10Y-2Y Curve,0.13
2018-12-11,T10Y2Y,10Y-2Y Curve,0.11
2018-12-12,T10Y2Y,10Y-2Y Curve,0.14
2018-12-13,T10Y2Y,10Y-2Y Curve,0.16
2018-12-14,T10Y2Y,10Y-2Y Curve,0.16
2018-12-17,T10Y2Y,10Y-2Y Curve,0.16
2018-12-18,T10Y2Y,10Y-2Y Curve,0.17
2018-12-19,T10Y2Y,10Y-2Y Curve,0.14
2018-12-20,T10Y2Y,10Y-2Y Curve,0.12
2018-12-21,T10Y2Y,10Y-2Y Curve,0.16
2018-12-24,T10Y2Y,10Y-2Y Curve,0.19
2018-12-26,T10Y2Y,10Y-2Y Curve,0.2
2018-12-27,T10Y2Y,10Y-2Y Curve,0.21
2018-12-28,T10Y2Y,10Y-2Y Curve,0.2
2018-12-31,T10Y2Y,10Y-2Y Curve,0.21
2019-01-02,T10Y2Y,10Y-2Y Curve,0.16
2019-01-03,T10Y2Y,10Y-2Y Curve,0.17
2019-01-04,T10Y2Y,10Y-2Y Curve,0.17
2019-01-07,T10Y2Y,10Y-2Y Curve,0.17
2019-01-08,T10Y2Y,10Y-2Y Curve,0.15
2019-01-09,T10Y2Y,10Y-2Y Curve,0.18
2019-01-10,T10Y2Y,10Y-2Y Curve,0.18
2019-01-11,T10Y2Y,10Y-2Y Curve,0.16
2019-01-14,T10Y2Y,10Y-2Y Curve,0.18
2019-01-15,T10Y2Y,10Y-2Y Curve,0.19
2019-01-16,T10Y2Y,10Y-2Y Curve,0.18
2019-01-17,T10Y2Y,10Y-2Y Curve,0.19
2019-01-18,T10Y2Y,10Y-2Y Curve,0.17
2019-01-22,T10Y2Y,10Y-2Y Curve,0.16
2019-01-23,T10Y2Y,10Y-2Y Curve,0.18
2019-01-24,T10Y2Y,10Y-2Y Curve,0.16
2019-01-25,T10Y2Y,10Y-2Y Curve,0.16
2019-01-28,T10Y2Y,10Y-2Y Curve,0.15
2019-01-29,T10Y2Y,10Y-2Y Curve,0.16
2019-01-30,T10Y2Y,10Y-2Y Curve,0.18
2019-01-31,T10Y2Y,10Y-2Y Curve,0.18
2019-02-01,T10Y2Y,10Y-2Y Curve,0.18
2019-02-04,T10Y2Y,10Y-2Y Curve,0.2
2019-02-05,T10Y2Y,10Y-2Y Curve,0.18
2019-02-06,T10Y2Y,10Y-2Y Curve,0.18
2019-02-07,T10Y2Y,10Y-2Y Curve,0.17
2019-02-08,T10Y2Y,10Y-2Y Curve,0.18
2019-02-11,T10Y2Y,10Y-2Y Curve,0.17
2019-02-12,T10Y2Y,10Y-2Y Curve,0.18
2019-02-13,T10Y2Y,10Y-2Y Curve,0.18
2019-02-14,T10Y2Y,10Y-2Y Curve,0.16
2019-02-15,T10Y2Y,10Y-2Y Curve,0.14
2019-02-19,T10Y2Y,10Y-2Y Curve,0.15
2019-02-20,T10Y2Y,10Y-2Y Curve,0.15
2019-02-21,T10Y2Y,10Y-2Y Curve,0.16
2019-02-22,T10Y2Y,10Y-2Y Curve,0.17
2019-02-25,T10Y2Y,10Y-2Y Curve,0.16
2019-02-26,T10Y2Y,10Y-2Y Curve,0.16
2019-02-27,T10Y2Y,10Y-2Y Curve,0.19
2019-02-28,T10Y2Y,10Y-2Y Curve,0.21
2019-03-01,T10Y2Y,10Y-2Y Curve,0.21
2019-03-04,T10Y2Y,10Y-2Y Curve,0.17
2019-03-05,T10Y2Y,10Y-2Y Curve,0.17
2019-03-06,T10Y2Y,10Y-2Y Curve,0.17
2019-03-07,T10Y2Y,10Y-2Y Curve,0.17
2019-03-08,T10Y2Y,10Y-2Y Curve,0.17
2019-03-11,T10Y2Y,10Y-2Y Curve,0.17
2019-03-12,T10Y2Y,10Y-2Y Curve,0.16
2019-03-13,T10Y2Y,10Y-2Y Curve,0.16
2019-03-14,T10Y2Y,10Y-2Y Curve,0.17
2019-03-15,T10Y2Y,10Y-2Y Curve,0.16
2019-03-18,T10Y2Y,10Y-2Y Curve,0.15
2019-03-19,T10Y2Y,10Y-2Y Curve,0.15
2019-03-20,T10Y2Y,10Y-2Y Curve,0.14
2019-03-21,T10Y2Y,10Y-2Y Curve,0.13
2019-03-22,T10Y2Y,10Y-2Y Curve,0.13
2019-03-25,T10Y2Y,10Y-2Y Curve,0.17
2019-03-26,T10Y2Y,10Y-2Y Curve,0.17
2019-03-27,T10Y2Y,10Y-2Y Curve,0.17
2019-03-28,T10Y2Y,10Y-2Y Curve,0.16
2019-03-29,T10Y2Y,10Y-2Y Curve,0.14
2019-04-01,T10Y2Y,10Y-2Y Curve,0.16
2019-04-02,T10Y2Y,10Y-2Y Curve,0.18
2019-04-03,T10Y2Y,10Y-2Y Curve,0.19
2019-04-04,T10Y2Y,10Y-2Y Curve,0.18
2019-04-05,T10Y2Y,10Y-2Y Curve,0.15
2019-04-08,T10Y2Y,10Y-2Y Curve,0.16
2019-04-09,T10Y2Y,10Y-2Y Curve,0.16
2019-04-10,T10Y2Y,10Y-2Y Curve,0.17
2019-04-11,T10Y2Y,10Y-2Y Curve,0.16
2019-04-12,T10Y2Y,10Y-2Y Curve,0.16
2019-04-15,T10Y2Y,10Y-2Y Curve,0.15
2019-04-16,T10Y2Y,10Y-2Y Curve,0.19
2019-04-17,T10Y2Y,10Y-2Y Curve,0.19
2019-04-18,T10Y2Y,10Y-2Y Curve,0.19
2019-04-22,T10Y2Y,10Y-2Y Curve,0.21
2019-04-23,T10Y2Y,10Y-2Y Curve,0.21
2019-04-24,T10Y2Y,10Y-2Y Curve,0.21
2019-04-25,T10Y2Y,10Y-2Y Curve,0.21
2019-04-26,T10Y2Y,10Y-2Y Curve,0.23
2019-04-29,T10Y2Y,10Y-2Y Curve,0.24
2019-04-30,T10Y2Y,10Y-2Y Curve,0.24
2019-05-01,T10Y2Y,10Y-2Y Curve,0.21
2019-05-02,T10Y2Y,10Y-2Y Curve,0.2
2019-05-03,T10Y2Y,10Y-2Y Curve,0.21
2019-05-06,T10Y2Y,10Y-2Y Curve,0.2
2019-05-07,T10Y2Y,10Y-2Y Curve,0.17
2019-05-08,T10Y2Y,10Y-2Y Curve,0.19
2019-05-09,T10Y2Y,10Y-2Y Curve,0.19
2019-05-10,T10Y2Y,10Y-2Y Curve,0.21
2019-05-13,T10Y2Y,10Y-2Y Curve,0.22
2019-05-14,T10Y2Y,10Y-2Y Curve,0.22
2019-05-15,T10Y2Y,10Y-2Y Curve,0.21
2019-05-16,T10Y2Y,10Y-2Y Curve,0.2
2019-05-17,T10Y2Y,10Y-2Y Curve,0.19
2019-05-20,T10Y2Y,10Y-2Y Curve,0.2
2019-05-21,T10Y2Y,10Y-2Y Curve,0.17
2019-05-22,T10Y2Y,10Y-2Y Curve,0.16
2019-05-23,T10Y2Y,10Y-2Y Curve,0.19
2019-05-24,T10Y2Y,10Y-2Y Curve,0.16
2019-05-28,T10Y2Y,10Y-2Y Curve,0.14
2019-05-29,T10Y2Y,10Y-2Y Curve,0.16
2019-05-30,T10Y2Y,10Y-2Y Curve,0.16
2019-05-31,T10Y2Y,10Y-2Y Curve,0.19
2019-06-03,T10Y2Y,10Y-2Y Curve,0.25
2019-06-04,T10Y2Y,10Y-2Y Curve,0.24
2019-06-05,T10Y2Y,10Y-2Y Curve,0.29
2019-06-06,T10Y2Y,10Y-2Y Curve,0.24
2019-06-07,T10Y2Y,10Y-2Y Curve,0.24
2019-06-10,T10Y2Y,10Y-2Y Curve,0.25
2019-06-11,T10Y2Y,10Y-2Y Curve,0.22
2019-06-12,T10Y2Y,10Y-2Y Curve,0.25
2019-06-13,T10Y2Y,10Y-2Y Curve,0.27
2019-06-14,T10Y2Y,10Y-2Y Curve,0.25
2019-06-17,T10Y2Y,10Y-2Y Curve,0.23
2019-06-18,T10Y2Y,10Y-2Y Curve,0.2
2019-06-19,T10Y2Y,10Y-2Y Curve,0.29
2019-06-20,T10Y2Y,10Y-2Y Curve,0.29
2019-06-21,T10Y2Y,10Y-2Y Curve,0.3
2019-06-24,T10Y2Y,10Y-2Y Curve,0.3
2019-06-25,T10Y2Y,10Y-2Y Curve,0.29
2019-06-26,T10Y2Y,10Y-2Y Curve,0.28
2019-06-27,T10Y2Y,10Y-2Y Curve,0.27
2019-06-28,T10Y2Y,10Y-2Y Curve,0.25
2019-07-01,T10Y2Y,10Y-2Y Curve,0.25
2019-07-02,T10Y2Y,10Y-2Y Curve,0.21
2019-07-03,T10Y2Y,10Y-2Y Curve,0.19
2019-07-05,T10Y2Y,10Y-2Y Curve,0.17
2019-07-08,T10Y2Y,10Y-2Y Curve,0.17
2019-07-09,T10Y2Y,10Y-2Y Curve,0.15
2019-07-10,T10Y2Y,10Y-2Y Curve,0.25
2019-07-11,T10Y2Y,10Y-2Y Curve,0.28
2019-07-12,T10Y2Y,10Y-2Y Curve,0.28
2019-07-15,T10Y2Y,10Y-2Y Curve,0.26
2019-07-16,T10Y2Y,10Y-2Y Curve,0.26
2019-07-17,T10Y2Y,10Y-2Y Curve,0.23
2019-07-18,T10Y2Y,10Y-2Y Curve,0.27
2019-07-19,T10Y2Y,10Y-2Y Curve,0.25
2019-07-22,T10Y2Y,10Y-2Y Curve,0.25
2019-07-23,T10Y2Y,10Y-2Y Curve,0.25
2019-07-24,T10Y2Y,10Y-2Y Curve,0.22
2019-07-25,T10Y2Y,10Y-2Y Curve,0.22
2019-07-26,T10Y2Y,10Y-2Y Curve,0.22
2019-07-29,T10Y2Y,10Y-2Y Curve,0.21
2019-07-30,T10Y2Y,10Y-2Y Curve,0.21
2019-07-31,T10Y2Y,10Y-2Y Curve,0.13
2019-08-01,T10Y2Y,10Y-2Y Curve,0.17
2019-08-02,T10Y2Y,10Y-2Y Curve,0.14
2019-08-05,T10Y2Y,10Y-2Y Curve,0.16
2019-08-06,T10Y2Y,10Y-2Y Curve,0.13
2019-08-07,T10Y2Y,10Y-2Y Curve,0.12
2019-08-08,T10Y2Y,10Y-2Y Curve,0.1
2019-08-09,T10Y2Y,10Y-2Y Curve,0.11
2019-08-12,T10Y2Y,10Y-2Y Curve,0.07
2019-08-13,T10Y2Y,10Y-2Y Curve,0.02
2019-08-14,T10Y2Y,10Y-2Y Curve,0.01
2019-08-15,T10Y2Y,10Y-2Y Curve,0.04
2019-08-16,T10Y2Y,10Y-2Y Curve,0.07
2019-08-19,T10Y2Y,10Y-2Y Curve,0.07
2019-08-20,T10Y2Y,10Y-2Y Curve,0.05
2019-08-21,T10Y2Y,10Y-2Y Curve,0.03
2019-08-22,T10Y2Y,10Y-2Y Curve,0.01
2019-08-23,T10Y2Y,10Y-2Y Curve,0.01
2019-08-26,T10Y2Y,10Y-2Y Curve,0.0
2019-08-27,T10Y2Y,10Y-2Y Curve,-0.04
2019-08-28,T10Y2Y,10Y-2Y Curve,-0.03
2019-08-29,T10Y2Y,10Y-2Y Curve,-0.03
2019-08-30,T10Y2Y,10Y-2Y Curve,0.0
2019-09-03,T10Y2Y,10Y-2Y Curve,0.0
2019-09-04,T10Y2Y,10Y-2Y Curve,0.04
2019-09-05,T10Y2Y,10Y-2Y Curve,0.02
2019-09-06,T10Y2Y,10Y-2Y Curve,0.02
2019-09-09,T10Y2Y,10Y-2Y Curve,0.05
2019-09-10,T10Y2Y,10Y-2Y Curve,0.05
2019-09-11,T10Y2Y,10Y-2Y Curve,0.07
2019-09-12,T10Y2Y,10Y-2Y Curve,0.07
2019-09-13,T10Y2Y,10Y-2Y Curve,0.11
2019-09-16,T10Y2Y,10Y-2Y Curve,0.1
2019-09-17,T10Y2Y,10Y-2Y Curve,0.09
2019-09-18,T10Y2Y,10Y-2Y Curve,0.03
2019-09-19,T10Y2Y,10Y-2Y Curve,0.05
2019-09-20,T10Y2Y,10Y-2Y Curve,0.05
2019-09-23,T10Y2Y,10Y-2Y Curve,0.04
2019-09-24,T10Y2Y,10Y-2Y Curve,0.04
2019-09-25,T10Y2Y,10Y-2Y Curve,0.05
2019-09-26,T10Y2Y,10Y-2Y Curve,0.04
2019-09-27,T10Y2Y,10Y-2Y Curve,0.06
2019-09-30,T10Y2Y,10Y-2Y Curve,0.05
2019-10-01,T10Y2Y,10Y-2Y Curve,0.09
2019-10-02,T10Y2Y,10Y-2Y Curve,0.12
2019-10-03,T10Y2Y,10Y-2Y Curve,0.15
2019-10-04,T10Y2Y,10Y-2Y Curve,0.12
2019-10-07,T10Y2Y,10Y-2Y Curve,0.1
2019-10-08,T10Y2Y,10Y-2Y Curve,0.12
2019-10-09,T10Y2Y,10Y-2Y Curve,0.12
2019-10-10,T10Y2Y,10Y-2Y Curve,0.14
2019-10-11,T10Y2Y,10Y-2Y Curve,0.13
2019-10-15,T10Y2Y,10Y-2Y Curve,0.16
2019-10-16,T10Y2Y,10Y-2Y Curve,0.17
2019-10-17,T10Y2Y,10Y-2Y Curve,0.16
2019-10-18,T10Y2Y,10Y-2Y Curve,0.18
2019-10-21,T10Y2Y,10Y-2Y Curve,0.18
2019-10-22,T10Y2Y,10Y-2Y Curve,0.18
2019-10-23,T10Y2Y,10Y-2Y Curve,0.19
2019-10-24,T10Y2Y,10Y-2Y Curve,0.19
2019-10-25,T10Y2Y,10Y-2Y Curve,0.17
2019-10-28,T10Y2Y,10Y-2Y Curve,0.21
2019-10-29,T10Y2Y,10Y-2Y Curve,0.2
2019-10-30,T10Y2Y,10Y-2Y Curve,0.17
2019-10-31,T10Y2Y,10Y-2Y Curve,0.17
2019-11-01,T10Y2Y,10Y-2Y Curve,0.17
2019-11-04,T10Y2Y,10Y-2Y Curve,0.19
2019-11-05,T10Y2Y,10Y-2Y Curve,0.23
2019-11-06,T10Y2Y,10Y-2Y Curve,0.2
2019-11-07,T10Y2Y,10Y-2Y Curve,0.24
2019-11-08,T10Y2Y,10Y-2Y Curve,0.26
2019-11-12,T10Y2Y,10Y-2Y Curve,0.26
2019-11-13,T10Y2Y,10Y-2Y Curve,0.25
2019-11-14,T10Y2Y,10Y-2Y Curve,0.24
2019-11-15,T10Y2Y,10Y-2Y Curve,0.23
2019-11-18,T10Y2Y,10Y-2Y Curve,0.21
2019-11-19,T10Y2Y,10Y-2Y Curve,0.19
2019-11-20,T10Y2Y,10Y-2Y Curve,0.17
2019-11-21,T10Y2Y,10Y-2Y Curve,0.17
2019-11-22,T10Y2Y,10Y-2Y Curve,0.16
2019-11-25,T10Y2Y,10Y-2Y Curve,0.15
2019-11-26,T10Y2Y,10Y-2Y Curve,0.16
2019-11-27,T10Y2Y,10Y-2Y Curve,0.14
2019-11-29,T10Y2Y,10Y-2Y Curve,0.17
2019-12-02,T10Y2Y,10Y-2Y Curve,0.22
2019-12-03,T10Y2Y,10Y-2Y Curve,0.19
2019-12-04,T10Y2Y,10Y-2Y Curve,0.19
2019-12-05,T10Y2Y,10Y-2Y Curve,0.22
2019-12-06,T10Y2Y,10Y-2Y Curve,0.23
2019-12-09,T10Y2Y,10Y-2Y Curve,0.2
2019-12-10,T10Y2Y,10Y-2Y Curve,0.2
2019-12-11,T10Y2Y,10Y-2Y Curve,0.18
2019-12-12,T10Y2Y,10Y-2Y Curve,0.24
2019-12-13,T10Y2Y,10Y-2Y Curve,0.21
2019-12-16,T10Y2Y,10Y-2Y Curve,0.24
2019-12-17,T10Y2Y,10Y-2Y Curve,0.26
2019-12-18,T10Y2Y,10Y-2Y Curve,0.29
2019-12-19,T10Y2Y,10Y-2Y Curve,0.3
2019-12-20,T10Y2Y,10Y-2Y Curve,0.29
2019-12-23,T10Y2Y,10Y-2Y Curve,0.29
2019-12-24,T10Y2Y,10Y-2Y Curve,0.28
2019-12-26,T10Y2Y,10Y-2Y Curve,0.26
2019-12-27,T10Y2Y,10Y-2Y Curve,0.29
2019-12-30,T10Y2Y,10Y-2Y Curve,0.32
2019-12-31,T10Y2Y,10Y-2Y Curve,0.34
2020-01-02,T10Y2Y,10Y-2Y Curve,0.3
2020-01-03,T10Y2Y,10Y-2Y Curve,0.27
2020-01-06,T10Y2Y,10Y-2Y Curve,0.27
2020-01-07,T10Y2Y,10Y-2Y Curve,0.29
2020-01-08,T10Y2Y,10Y-2Y Curve,0.29
2020-01-09,T10Y2Y,10Y-2Y Curve,0.27
2020-01-10,T10Y2Y,10Y-2Y Curve,0.27
2020-01-13,T10Y2Y,10Y-2Y Curve,0.27
2020-01-14,T10Y2Y,10Y-2Y Curve,0.24
2020-01-15,T10Y2Y,10Y-2Y Curve,0.23
2020-01-16,T10Y2Y,10Y-2Y Curve,0.23
2020-01-17,T10Y2Y,10Y-2Y Curve,0.26
2020-01-21,T10Y2Y,10Y-2Y Curve,0.25
2020-01-22,T10Y2Y,10Y-2Y Curve,0.24
2020-01-23,T10Y2Y,10Y-2Y Curve,0.23
2020-01-24,T10Y2Y,10Y-2Y Curve,0.21
2020-01-27,T10Y2Y,10Y-2Y Curve,0.17
2020-01-28,T10Y2Y,10Y-2Y Curve,0.2
2020-01-29,T10Y2Y,10Y-2Y Curve,0.18
2020-01-30,T10Y2Y,10Y-2Y Curve,0.16
2020-01-31,T10Y2Y,10Y-2Y Curve,0.18
2020-02-03,T10Y2Y,10Y-2Y Curve,0.18
2020-02-04,T10Y2Y,10Y-2Y Curve,0.2
2020-02-05,T10Y2Y,10Y-2Y Curve,0.22
2020-02-06,T10Y2Y,10Y-2Y Curve,0.21
2020-02-07,T10Y2Y,10Y-2Y Curve,0.18
2020-02-10,T10Y2Y,10Y-2Y Curve,0.19
2020-02-11,T10Y2Y,10Y-2Y Curve,0.18
2020-02-12,T10Y2Y,10Y-2Y Curve,0.18
2020-02-13,T10Y2Y,10Y-2Y Curve,0.17
2020-02-14,T10Y2Y,10Y-2Y Curve,0.17
2020-02-18,T10Y2Y,10Y-2Y Curve,0.14
2020-02-19,T10Y2Y,10Y-2Y Curve,0.14
2020-02-20,T10Y2Y,10Y-2Y Curve,0.13
2020-02-21,T10Y2Y,10Y-2Y Curve,0.12
2020-02-24,T10Y2Y,10Y-2Y Curve,0.12
2020-02-25,T10Y2Y,10Y-2Y Curve,0.13
2020-02-26,T10Y2Y,10Y-2Y Curve,0.17
2020-02-27,T10Y2Y,10Y-2Y Curve,0.19
2020-02-28,T10Y2Y,10Y-2Y Curve,0.27
2020-03-02,T10Y2Y,10Y-2Y Curve,0.26
2020-03-03,T10Y2Y,10Y-2Y Curve,0.31
2020-03-04,T10Y2Y,10Y-2Y Curve,0.35
2020-03-05,T10Y2Y,10Y-2Y Curve,0.33
2020-03-06,T10Y2Y,10Y-2Y Curve,0.25
2020-03-09,T10Y2Y,10Y-2Y Curve,0.16
2020-03-10,T10Y2Y,10Y-2Y Curve,0.26
2020-03-11,T10Y2Y,10Y-2Y Curve,0.32
2020-03-12,T10Y2Y,10Y-2Y Curve,0.38
2020-03-13,T10Y2Y,10Y-2Y Curve,0.45
2020-03-16,T10Y2Y,10Y-2Y Curve,0.37
2020-03-17,T10Y2Y,10Y-2Y Curve,0.55
2020-03-18,T10Y2Y,10Y-2Y Curve,0.64
2020-03-19,T10Y2Y,10Y-2Y Curve,0.68
2020-03-20,T10Y2Y,10Y-2Y Curve,0.55
2020-03-23,T10Y2Y,10Y-2Y Curve,0.48
2020-03-24,T10Y2Y,10Y-2Y Curve,0.46
2020-03-25,T10Y2Y,10Y-2Y Curve,0.54
2020-03-26,T10Y2Y,10Y-2Y Curve,0.53
2020-03-27,T10Y2Y,10Y-2Y Curve,0.47
2020-03-30,T10Y2Y,10Y-2Y Curve,0.47
2020-03-31,T10Y2Y,10Y-2Y Curve,0.47
2020-04-01,T10Y2Y,10Y-2Y Curve,0.39
2020-04-02,T10Y2Y,10Y-2Y Curve,0.4
2020-04-03,T10Y2Y,10Y-2Y Curve,0.39
2020-04-06,T10Y2Y,10Y-2Y Curve,0.4
2020-04-07,T10Y2Y,10Y-2Y Curve,0.47
2020-04-08,T10Y2Y,10Y-2Y Curve,0.5
2020-04-09,T10Y2Y,10Y-2Y Curve,0.5
2020-04-13,T10Y2Y,10Y-2Y Curve,0.51
2020-04-14,T10Y2Y,10Y-2Y Curve,0.53
2020-04-15,T10Y2Y,10Y-2Y Curve,0.43
2020-04-16,T10Y2Y,10Y-2Y Curve,0.41
2020-04-17,T10Y2Y,10Y-2Y Curve,0.45
2020-04-20,T10Y2Y,10Y-2Y Curve,0.43
2020-04-21,T10Y2Y,10Y-2Y Curve,0.38
2020-04-22,T10Y2Y,10Y-2Y Curve,0.41
2020-04-23,T10Y2Y,10Y-2Y Curve,0.39
2020-04-24,T10Y2Y,10Y-2Y Curve,0.38
2020-04-27,T10Y2Y,10Y-2Y Curve,0.43
2020-04-28,T10Y2Y,10Y-2Y Curve,0.42
2020-04-29,T10Y2Y,10Y-2Y Curve,0.43
2020-04-30,T10Y2Y,10Y-2Y Curve,0.44
2020-05-01,T10Y2Y,10Y-2Y Curve,0.44
2020-05-04,T10Y2Y,10Y-2Y Curve,0.45
2020-05-05,T10Y2Y,10Y-2Y Curve,0.47
2020-05-06,T10Y2Y,10Y-2Y Curve,0.55
2020-05-07,T10Y2Y,10Y-2Y Curve,0.5
2020-05-08,T10Y2Y,10Y-2Y Curve,0.53
2020-05-11,T10Y2Y,10Y-2Y Curve,0.56
2020-05-12,T10Y2Y,10Y-2Y Curve,0.52
2020-05-13,T10Y2Y,10Y-2Y Curve,0.48
2020-05-14,T10Y2Y,10Y-2Y Curve,0.47
2020-05-15,T10Y2Y,10Y-2Y Curve,0.48
2020-05-18,T10Y2Y,10Y-2Y Curve,0.55
2020-05-19,T10Y2Y,10Y-2Y Curve,0.53
2020-05-20,T10Y2Y,10Y-2Y Curve,0.52
2020-05-21,T10Y2Y,10Y-2Y Curve,0.51
2020-05-22,T10Y2Y,10Y-2Y Curve,0.49
2020-05-26,T10Y2Y,10Y-2Y Curve,0.51
2020-05-27,T10Y2Y,10Y-2Y Curve,0.49
2020-05-28,T10Y2Y,10Y-2Y Curve,0.53
2020-05-29,T10Y2Y,10Y-2Y Curve,0.49
2020-06-01,T10Y2Y,10Y-2Y Curve,0.52
2020-06-02,T10Y2Y,10Y-2Y Curve,0.51
2020-06-03,T10Y2Y,10Y-2Y Curve,0.58
2020-06-04,T10Y2Y,10Y-2Y Curve,0.63
2020-06-05,T10Y2Y,10Y-2Y Curve,0.69
2020-06-08,T10Y2Y,10Y-2Y Curve,0.66
2020-06-09,T10Y2Y,10Y-2Y Curve,0.64
2020-06-10,T10Y2Y,10Y-2Y Curve,0.58
2020-06-11,T10Y2Y,10Y-2Y Curve,0.47
2020-06-12,T10Y2Y,10Y-2Y Curve,0.52
2020-06-15,T10Y2Y,10Y-2Y Curve,0.52
2020-06-16,T10Y2Y,10Y-2Y Curve,0.54
2020-06-17,T10Y2Y,10Y-2Y Curve,0.55
2020-06-18,T10Y2Y,10Y-2Y Curve,0.52
2020-06-19,T10Y2Y,10Y-2Y Curve,0.51
2020-06-22,T10Y2Y,10Y-2Y Curve,0.52
2020-06-23,T10Y2Y,10Y-2Y Curve,0.54
2020-06-24,T10Y2Y,10Y-2Y Curve,0.5
2020-06-25,T10Y2Y,10Y-2Y Curve,0.51
2020-06-26,T10Y2Y,10Y-2Y Curve,0.47
2020-06-29,T10Y2Y,10Y-2Y Curve,0.48
2020-06-30,T10Y2Y,10Y-2Y Curve,0.5
2020-07-01,T10Y2Y,10Y-2Y Curve,0.52
2020-07-02,T10Y2Y,10Y-2Y Curve,0.52
2020-07-06,T10Y2Y,10Y-2Y Curve,0.53
2020-07-07,T10Y2Y,10Y-2Y Curve,0.49
2020-07-08,T10Y2Y,10Y-2Y Curve,0.51
2020-07-09,T10Y2Y,10Y-2Y Curve,0.46
2020-07-10,T10Y2Y,10Y-2Y Curve,0.49
2020-07-13,T10Y2Y,10Y-2Y Curve,0.48
2020-07-14,T10Y2Y,10Y-2Y Curve,0.49
2020-07-15,T10Y2Y,10Y-2Y Curve,0.48
2020-07-16,T10Y2Y,10Y-2Y Curve,0.46
2020-07-17,T10Y2Y,10Y-2Y Curve,0.5
2020-07-20,T10Y2Y,10Y-2Y Curve,0.46
2020-07-21,T10Y2Y,10Y-2Y Curve,0.47
2020-07-22,T10Y2Y,10Y-2Y Curve,0.46
2020-07-23,T10Y2Y,10Y-2Y Curve,0.43
2020-07-24,T10Y2Y,10Y-2Y Curve,0.45
2020-07-27,T10Y2Y,10Y-2Y Curve,0.47
2020-07-28,T10Y2Y,10Y-2Y Curve,0.45
2020-07-29,T10Y2Y,10Y-2Y Curve,0.46
2020-07-30,T10Y2Y,10Y-2Y Curve,0.44
2020-07-31,T10Y2Y,10Y-2Y Curve,0.44
2020-08-03,T10Y2Y,10Y-2Y Curve,0.45
2020-08-04,T10Y2Y,10Y-2Y Curve,0.41
2020-08-05,T10Y2Y,10Y-2Y Curve,0.44
2020-08-06,T10Y2Y,10Y-2Y Curve,0.44
2020-08-07,T10Y2Y,10Y-2Y Curve,0.44
2020-08-10,T10Y2Y,10Y-2Y Curve,0.45
2020-08-11,T10Y2Y,10Y-2Y Curve,0.48
2020-08-12,T10Y2Y,10Y-2Y Curve,0.53
2020-08-13,T10Y2Y,10Y-2Y Curve,0.55
2020-08-14,T10Y2Y,10Y-2Y Curve,0.57
2020-08-17,T10Y2Y,10Y-2Y Curve,0.55
2020-08-18,T10Y2Y,10Y-2Y Curve,0.53
2020-08-19,T10Y2Y,10Y-2Y Curve,0.54
2020-08-20,T10Y2Y,10Y-2Y Curve,0.52
2020-08-21,T10Y2Y,10Y-2Y Curve,0.48
2020-08-24,T10Y2Y,10Y-2Y Curve,0.51
2020-08-25,T10Y2Y,10Y-2Y Curve,0.54
2020-08-26,T10Y2Y,10Y-2Y Curve,0.53
2020-08-27,T10Y2Y,10Y-2Y Curve,0.58
2020-08-28,T10Y2Y,10Y-2Y Curve,0.6
2020-08-31,T10Y2Y,10Y-2Y Curve,0.58
2020-09-01,T10Y2Y,10Y-2Y Curve,0.55
2020-09-02,T10Y2Y,10Y-2Y Curve,0.52
2020-09-03,T10Y2Y,10Y-2Y Curve,0.5
2020-09-04,T10Y2Y,10Y-2Y Curve,0.58
2020-09-08,T10Y2Y,10Y-2Y Curve,0.55
2020-09-09,T10Y2Y,10Y-2Y Curve,0.57
2020-09-10,T10Y2Y,10Y-2Y Curve,0.54
2020-09-11,T10Y2Y,10Y-2Y Curve,0.54
2020-09-14,T10Y2Y,10Y-2Y Curve,0.54
2020-09-15,T10Y2Y,10Y-2Y Curve,0.54
2020-09-16,T10Y2Y,10Y-2Y Curve,0.55
2020-09-17,T10Y2Y,10Y-2Y Curve,0.56
2020-09-18,T10Y2Y,10Y-2Y Curve,0.56
2020-09-21,T10Y2Y,10Y-2Y Curve,0.54
2020-09-22,T10Y2Y,10Y-2Y Curve,0.55
2020-09-23,T10Y2Y,10Y-2Y Curve,0.54
2020-09-24,T10Y2Y,10Y-2Y Curve,0.53
2020-09-25,T10Y2Y,10Y-2Y Curve,0.54
2020-09-28,T10Y2Y,10Y-2Y Curve,0.53
2020-09-29,T10Y2Y,10Y-2Y Curve,0.55
2020-09-30,T10Y2Y,10Y-2Y Curve,0.56
2020-10-01,T10Y2Y,10Y-2Y Curve,0.54
2020-10-02,T10Y2Y,10Y-2Y Curve,0.57
2020-10-05,T10Y2Y,10Y-2Y Curve,0.64
2020-10-06,T10Y2Y,10Y-2Y Curve,0.62
2020-10-07,T10Y2Y,10Y-2Y Curve,0.65
2020-10-08,T10Y2Y,10Y-2Y Curve,0.65
2020-10-09,T10Y2Y,10Y-2Y Curve,0.63
2020-10-13,T10Y2Y,10Y-2Y Curve,0.58
2020-10-14,T10Y2Y,10Y-2Y Curve,0.59
2020-10-15,T10Y2Y,10Y-2Y Curve,0.6
2020-10-16,T10Y2Y,10Y-2Y Curve,0.62
2020-10-19,T10Y2Y,10Y-2Y Curve,0.62
2020-10-20,T10Y2Y,10Y-2Y Curve,0.67
2020-10-21,T10Y2Y,10Y-2Y Curve,0.69
2020-10-22,T10Y2Y,10Y-2Y Curve,0.71
2020-10-23,T10Y2Y,10Y-2Y Curve,0.67
2020-10-26,T10Y2Y,10Y-2Y Curve,0.65
2020-10-27,T10Y2Y,10Y-2Y Curve,0.63
2020-10-28,T10Y2Y,10Y-2Y Curve,0.63
2020-10-29,T10Y2Y,10Y-2Y Curve,0.69
2020-10-30,T10Y2Y,10Y-2Y Curve,0.74
2020-11-02,T10Y2Y,10Y-2Y Curve,0.71
2020-11-03,T10Y2Y,10Y-2Y Curve,0.73
2020-11-04,T10Y2Y,10Y-2Y Curve,0.64
2020-11-05,T10Y2Y,10Y-2Y Curve,0.65
2020-11-06,T10Y2Y,10Y-2Y Curve,0.67
2020-11-09,T10Y2Y,10Y-2Y Curve,0.79
2020-11-10,T10Y2Y,10Y-2Y Curve,0.79
2020-11-12,T10Y2Y,10Y-2Y Curve,0.71
2020-11-13,T10Y2Y,10Y-2Y Curve,0.72
2020-11-16,T10Y2Y,10Y-2Y Curve,0.72
2020-11-17,T10Y2Y,10Y-2Y Curve,0.69
2020-11-18,T10Y2Y,10Y-2Y Curve,0.72
2020-11-19,T10Y2Y,10Y-2Y Curve,0.68
2020-11-20,T10Y2Y,10Y-2Y Curve,0.67
2020-11-23,T10Y2Y,10Y-2Y Curve,0.7
2020-11-24,T10Y2Y,10Y-2Y Curve,0.72
2020-11-25,T10Y2Y,10Y-2Y Curve,0.71
2020-11-27,T10Y2Y,10Y-2Y Curve,0.68
2020-11-30,T10Y2Y,10Y-2Y Curve,0.68
2020-12-01,T10Y2Y,10Y-2Y Curve,0.75
2020-12-02,T10Y2Y,10Y-2Y Curve,0.79
2020-12-03,T10Y2Y,10Y-2Y Curve,0.76
2020-12-04,T10Y2Y,10Y-2Y Curve,0.81
2020-12-07,T10Y2Y,10Y-2Y Curve,0.8
2020-12-08,T10Y2Y,10Y-2Y Curve,0.78
2020-12-09,T10Y2Y,10Y-2Y Curve,0.79
2020-12-10,T10Y2Y,10Y-2Y Curve,0.78
2020-12-11,T10Y2Y,10Y-2Y Curve,0.79
2020-12-14,T10Y2Y,10Y-2Y Curve,0.77
2020-12-15,T10Y2Y,10Y-2Y Curve,0.81
2020-12-16,T10Y2Y,10Y-2Y Curve,0.79
2020-12-17,T10Y2Y,10Y-2Y Curve,0.81
2020-12-18,T10Y2Y,10Y-2Y Curve,0.82
2020-12-21,T10Y2Y,10Y-2Y Curve,0.82
2020-12-22,T10Y2Y,10Y-2Y Curve,0.8
2020-12-23,T10Y2Y,10Y-2Y Curve,0.83
2020-12-24,T10Y2Y,10Y-2Y Curve,0.81
2020-12-28,T10Y2Y,10Y-2Y Curve,0.81
2020-12-29,T10Y2Y,10Y-2Y Curve,0.82
2020-12-30,T10Y2Y,10Y-2Y Curve,0.81
2020-12-31,T10Y2Y,10Y-2Y Curve,0.8
2021-01-04,T10Y2Y,10Y-2Y Curve,0.82
2021-01-05,T10Y2Y,10Y-2Y Curve,0.83
2021-01-06,T10Y2Y,10Y-2Y Curve,0.9
2021-01-07,T10Y2Y,10Y-2Y Curve,0.94
2021-01-08,T10Y2Y,10Y-2Y Curve,0.99
2021-01-11,T10Y2Y,10Y-2Y Curve,1.01
2021-01-12,T10Y2Y,10Y-2Y Curve,1.01
2021-01-13,T10Y2Y,10Y-2Y Curve,0.96
2021-01-14,T10Y2Y,10Y-2Y Curve,0.99
2021-01-15,T10Y2Y,10Y-2Y Curve,0.98
2021-01-19,T10Y2Y,10Y-2Y Curve,0.96
2021-01-20,T10Y2Y,10Y-2Y Curve,0.97
2021-01-21,T10Y2Y,10Y-2Y Curve,0.99
2021-01-22,T10Y2Y,10Y-2Y Curve,0.97
2021-01-25,T10Y2Y,10Y-2Y Curve,0.92
2021-01-26,T10Y2Y,10Y-2Y Curve,0.94
2021-01-27,T10Y2Y,10Y-2Y Curve,0.92
2021-01-28,T10Y2Y,10Y-2Y Curve,0.95
2021-01-29,T10Y2Y,10Y-2Y Curve,1.0
2021-02-01,T10Y2Y,10Y-2Y Curve,0.98
2021-02-02,T10Y2Y,10Y-2Y Curve,1.01
2021-02-03,T10Y2Y,10Y-2Y Curve,1.04
2021-02-04,T10Y2Y,10Y-2Y Curve,1.04
2021-02-05,T10Y2Y,10Y-2Y Curve,1.1
2021-02-08,T10Y2Y,10Y-2Y Curve,1.08
2021-02-09,T10Y2Y,10Y-2Y Curve,1.07
2021-02-10,T10Y2Y,10Y-2Y Curve,1.04
2021-02-11,T10Y2Y,10Y-2Y Curve,1.05
2021-02-12,T10Y2Y,10Y-2Y Curve,1.09
2021-02-16,T10Y2Y,10Y-2Y Curve,1.17
2021-02-17,T10Y2Y,10Y-2Y Curve,1.18
2021-02-18,T10Y2Y,10Y-2Y Curve,1.18
2021-02-19,T10Y2Y,10Y-2Y Curve,1.23
2021-02-22,T10Y2Y,10Y-2Y Curve,1.26
2021-02-23,T10Y2Y,10Y-2Y Curve,1.26
2021-02-24,T10Y2Y,10Y-2Y Curve,1.26
2021-02-25,T10Y2Y,10Y-2Y Curve,1.37
2021-02-26,T10Y2Y,10Y-2Y Curve,1.3
2021-03-01,T10Y2Y,10Y-2Y Curve,1.32
2021-03-02,T10Y2Y,10Y-2Y Curve,1.29
2021-03-03,T10Y2Y,10Y-2Y Curve,1.33
2021-03-04,T10Y2Y,10Y-2Y Curve,1.4
2021-03-05,T10Y2Y,10Y-2Y Curve,1.42
2021-03-08,T10Y2Y,10Y-2Y Curve,1.42
2021-03-09,T10Y2Y,10Y-2Y Curve,1.38
2021-03-10,T10Y2Y,10Y-2Y Curve,1.37
2021-03-11,T10Y2Y,10Y-2Y Curve,1.4
2021-03-12,T10Y2Y,10Y-2Y Curve,1.5
2021-03-15,T10Y2Y,10Y-2Y Curve,1.48
2021-03-16,T10Y2Y,10Y-2Y Curve,1.47
2021-03-17,T10Y2Y,10Y-2Y Curve,1.5
2021-03-18,T10Y2Y,10Y-2Y Curve,1.55
2021-03-19,T10Y2Y,10Y-2Y Curve,1.58
2021-03-22,T10Y2Y,10Y-2Y Curve,1.54
2021-03-23,T10Y2Y,10Y-2Y Curve,1.48
2021-03-24,T10Y2Y,10Y-2Y Curve,1.48
2021-03-25,T10Y2Y,10Y-2Y Curve,1.49
2021-03-26,T10Y2Y,10Y-2Y Curve,1.53
2021-03-29,T10Y2Y,10Y-2Y Curve,1.59
2021-03-30,T10Y2Y,10Y-2Y Curve,1.57
2021-03-31,T10Y2Y,10Y-2Y Curve,1.58
2021-04-01,T10Y2Y,10Y-2Y Curve,1.52
2021-04-02,T10Y2Y,10Y-2Y Curve,1.53
2021-04-05,T10Y2Y,10Y-2Y Curve,1.56
2021-04-06,T10Y2Y,10Y-2Y Curve,1.51
2021-04-07,T10Y2Y,10Y-2Y Curve,1.52
2021-04-08,T10Y2Y,10Y-2Y Curve,1.5
2021-04-09,T10Y2Y,10Y-2Y Curve,1.51
2021-04-12,T10Y2Y,10Y-2Y Curve,1.51
2021-04-13,T10Y2Y,10Y-2Y Curve,1.48
2021-04-14,T10Y2Y,10Y-2Y Curve,1.48
2021-04-15,T10Y2Y,10Y-2Y Curve,1.4
2021-04-16,T10Y2Y,10Y-2Y Curve,1.43
2021-04-19,T10Y2Y,10Y-2Y Curve,1.45
2021-04-20,T10Y2Y,10Y-2Y Curve,1.43
2021-04-21,T10Y2Y,10Y-2Y Curve,1.42
2021-04-22,T10Y2Y,10Y-2Y Curve,1.41
2021-04-23,T10Y2Y,10Y-2Y Curve,1.42
2021-04-26,T10Y2Y,10Y-2Y Curve,1.4
2021-04-27,T10Y2Y,10Y-2Y Curve,1.46
2021-04-28,T10Y2Y,10Y-2Y Curve,1.46
2021-04-29,T10Y2Y,10Y-2Y Curve,1.49
2021-04-30,T10Y2Y,10Y-2Y Curve,1.49
2021-05-03,T10Y2Y,10Y-2Y Curve,1.47
2021-05-04,T10Y2Y,10Y-2Y Curve,1.45
2021-05-05,T10Y2Y,10Y-2Y Curve,1.43
2021-05-06,T10Y2Y,10Y-2Y Curve,1.42
2021-05-07,T10Y2Y,10Y-2Y Curve,1.46
2021-05-10,T10Y2Y,10Y-2Y Curve,1.47
2021-05-11,T10Y2Y,10Y-2Y Curve,1.48
2021-05-12,T10Y2Y,10Y-2Y Curve,1.53
2021-05-13,T10Y2Y,10Y-2Y Curve,1.5
2021-05-14,T10Y2Y,10Y-2Y Curve,1.47
2021-05-17,T10Y2Y,10Y-2Y Curve,1.48
2021-05-18,T10Y2Y,10Y-2Y Curve,1.48
2021-05-19,T10Y2Y,10Y-2Y Curve,1.52
2021-05-20,T10Y2Y,10Y-2Y Curve,1.48
2021-05-21,T10Y2Y,10Y-2Y Curve,1.46
2021-05-24,T10Y2Y,10Y-2Y Curve,1.46
2021-05-25,T10Y2Y,10Y-2Y Curve,1.41
2021-05-26,T10Y2Y,10Y-2Y Curve,1.44
2021-05-27,T10Y2Y,10Y-2Y Curve,1.47
2021-05-28,T10Y2Y,10Y-2Y Curve,1.44
2021-06-01,T10Y2Y,10Y-2Y Curve,1.46
2021-06-02,T10Y2Y,10Y-2Y Curve,1.46
2021-06-03,T10Y2Y,10Y-2Y Curve,1.47
2021-06-04,T10Y2Y,10Y-2Y Curve,1.42
2021-06-07,T10Y2Y,10Y-2Y Curve,1.41
2021-06-08,T10Y2Y,10Y-2Y Curve,1.39
2021-06-09,T10Y2Y,10Y-2Y Curve,1.34
2021-06-10,T10Y2Y,10Y-2Y Curve,1.31
2021-06-11,T10Y2Y,10Y-2Y Curve,1.31
2021-06-14,T10Y2Y,10Y-2Y Curve,1.35
2021-06-15,T10Y2Y,10Y-2Y Curve,1.35
2021-06-16,T10Y2Y,10Y-2Y Curve,1.36
2021-06-17,T10Y2Y,10Y-2Y Curve,1.29
2021-06-18,T10Y2Y,10Y-2Y Curve,1.19
2021-06-21,T10Y2Y,10Y-2Y Curve,1.23
2021-06-22,T10Y2Y,10Y-2Y Curve,1.23
2021-06-23,T10Y2Y,10Y-2Y Curve,1.24
2021-06-24,T10Y2Y,10Y-2Y Curve,1.23
2021-06-25,T10Y2Y,10Y-2Y Curve,1.26
2021-06-28,T10Y2Y,10Y-2Y Curve,1.24
2021-06-29,T10Y2Y,10Y-2Y Curve,1.22
2021-06-30,T10Y2Y,10Y-2Y Curve,1.2
2021-07-01,T10Y2Y,10Y-2Y Curve,1.23
2021-07-02,T10Y2Y,10Y-2Y Curve,1.2
2021-07-06,T10Y2Y,10Y-2Y Curve,1.15
2021-07-07,T10Y2Y,10Y-2Y Curve,1.11
2021-07-08,T10Y2Y,10Y-2Y Curve,1.11
2021-07-09,T10Y2Y,10Y-2Y Curve,1.14
2021-07-12,T10Y2Y,10Y-2Y Curve,1.15
2021-07-13,T10Y2Y,10Y-2Y Curve,1.16
2021-07-14,T10Y2Y,10Y-2Y Curve,1.14
2021-07-15,T10Y2Y,10Y-2Y Curve,1.08
2021-07-16,T10Y2Y,10Y-2Y Curve,1.06
2021-07-19,T10Y2Y,10Y-2Y Curve,0.98
2021-07-20,T10Y2Y,10Y-2Y Curve,1.03
2021-07-21,T10Y2Y,10Y-2Y Curve,1.08
2021-07-22,T10Y2Y,10Y-2Y Curve,1.07
2021-07-23,T10Y2Y,10Y-2Y Curve,1.08
2021-07-26,T10Y2Y,10Y-2Y Curve,1.07
2021-07-27,T10Y2Y,10Y-2Y Curve,1.05
2021-07-28,T10Y2Y,10Y-2Y Curve,1.06
2021-07-29,T10Y2Y,10Y-2Y Curve,1.08
2021-07-30,T10Y2Y,10Y-2Y Curve,1.05
2021-08-02,T10Y2Y,10Y-2Y Curve,1.03
2021-08-03,T10Y2Y,10Y-2Y Curve,1.02
2021-08-04,T10Y2Y,10Y-2Y Curve,1.02
2021-08-05,T10Y2Y,10Y-2Y Curve,1.02
2021-08-06,T10Y2Y,10Y-2Y Curve,1.1
2021-08-09,T10Y2Y,10Y-2Y Curve,1.1
2021-08-10,T10Y2Y,10Y-2Y Curve,1.12
2021-08-11,T10Y2Y,10Y-2Y Curve,1.12
2021-08-12,T10Y2Y,10Y-2Y Curve,1.13
2021-08-13,T10Y2Y,10Y-2Y Curve,1.06
2021-08-16,T10Y2Y,10Y-2Y Curve,1.05
2021-08-17,T10Y2Y,10Y-2Y Curve,1.03
2021-08-18,T10Y2Y,10Y-2Y Curve,1.04
2021-08-19,T10Y2Y,10Y-2Y Curve,1.02
2021-08-20,T10Y2Y,10Y-2Y Curve,1.03
2021-08-23,T10Y2Y,10Y-2Y Curve,1.02
2021-08-24,T10Y2Y,10Y-2Y Curve,1.05
2021-08-25,T10Y2Y,10Y-2Y Curve,1.12
2021-08-26,T10Y2Y,10Y-2Y Curve,1.09
2021-08-27,T10Y2Y,10Y-2Y Curve,1.09
2021-08-30,T10Y2Y,10Y-2Y Curve,1.09
2021-08-31,T10Y2Y,10Y-2Y Curve,1.1
2021-09-01,T10Y2Y,10Y-2Y Curve,1.11
2021-09-02,T10Y2Y,10Y-2Y Curve,1.09
2021-09-03,T10Y2Y,10Y-2Y Curve,1.12
2021-09-07,T10Y2Y,10Y-2Y Curve,1.16
2021-09-08,T10Y2Y,10Y-2Y Curve,1.13
2021-09-09,T10Y2Y,10Y-2Y Curve,1.07
2021-09-10,T10Y2Y,10Y-2Y Curve,1.12
2021-09-13,T10Y2Y,10Y-2Y Curve,1.12
2021-09-14,T10Y2Y,10Y-2Y Curve,1.07
2021-09-15,T10Y2Y,10Y-2Y Curve,1.1
2021-09-16,T10Y2Y,10Y-2Y Curve,1.11
2021-09-17,T10Y2Y,10Y-2Y Curve,1.14
2021-09-20,T10Y2Y,10Y-2Y Curve,1.08
2021-09-21,T10Y2Y,10Y-2Y Curve,1.11
2021-09-22,T10Y2Y,10Y-2Y Curve,1.07
2021-09-23,T10Y2Y,10Y-2Y Curve,1.14
2021-09-24,T10Y2Y,10Y-2Y Curve,1.18
2021-09-27,T10Y2Y,10Y-2Y Curve,1.17
2021-09-28,T10Y2Y,10Y-2Y Curve,1.23
2021-09-29,T10Y2Y,10Y-2Y Curve,1.25
2021-09-30,T10Y2Y,10Y-2Y Curve,1.24
2021-10-01,T10Y2Y,10Y-2Y Curve,1.21
2021-10-04,T10Y2Y,10Y-2Y Curve,1.22
2021-10-05,T10Y2Y,10Y-2Y Curve,1.26
2021-10-06,T10Y2Y,10Y-2Y Curve,1.23
2021-10-07,T10Y2Y,10Y-2Y Curve,1.26
2021-10-08,T10Y2Y,10Y-2Y Curve,1.29
2021-10-12,T10Y2Y,10Y-2Y Curve,1.24
2021-10-13,T10Y2Y,10Y-2Y Curve,1.19
2021-10-14,T10Y2Y,10Y-2Y Curve,1.16
2021-10-15,T10Y2Y,10Y-2Y Curve,1.18
2021-10-18,T10Y2Y,10Y-2Y Curve,1.15
2021-10-19,T10Y2Y,10Y-2Y Curve,1.24
2021-10-20,T10Y2Y,10Y-2Y Curve,1.25
2021-10-21,T10Y2Y,10Y-2Y Curve,1.23
2021-10-22,T10Y2Y,10Y-2Y Curve,1.18
2021-10-25,T10Y2Y,10Y-2Y Curve,1.17
2021-10-26,T10Y2Y,10Y-2Y Curve,1.16
2021-10-27,T10Y2Y,10Y-2Y Curve,1.04
2021-10-28,T10Y2Y,10Y-2Y Curve,1.07
2021-10-29,T10Y2Y,10Y-2Y Curve,1.07
2021-11-01,T10Y2Y,10Y-2Y Curve,1.08
2021-11-02,T10Y2Y,10Y-2Y Curve,1.1
2021-11-03,T10Y2Y,10Y-2Y Curve,1.13
2021-11-04,T10Y2Y,10Y-2Y Curve,1.12
2021-11-05,T10Y2Y,10Y-2Y Curve,1.06
2021-11-08,T10Y2Y,10Y-2Y Curve,1.06
2021-11-09,T10Y2Y,10Y-2Y Curve,1.05
2021-11-10,T10Y2Y,10Y-2Y Curve,1.05
2021-11-12,T10Y2Y,10Y-2Y Curve,1.05
2021-11-15,T10Y2Y,10Y-2Y Curve,1.1
2021-11-16,T10Y2Y,10Y-2Y Curve,1.09
2021-11-17,T10Y2Y,10Y-2Y Curve,1.08
2021-11-18,T10Y2Y,10Y-2Y Curve,1.07
2021-11-19,T10Y2Y,10Y-2Y Curve,1.02
2021-11-22,T10Y2Y,10Y-2Y Curve,1.0
2021-11-23,T10Y2Y,10Y-2Y Curve,1.07
2021-11-24,T10Y2Y,10Y-2Y Curve,1.0
2021-11-26,T10Y2Y,10Y-2Y Curve,0.98
2021-11-29,T10Y2Y,10Y-2Y Curve,1.01
2021-11-30,T10Y2Y,10Y-2Y Curve,0.91
2021-12-01,T10Y2Y,10Y-2Y Curve,0.87
2021-12-02,T10Y2Y,10Y-2Y Curve,0.81
2021-12-03,T10Y2Y,10Y-2Y Curve,0.75
2021-12-06,T10Y2Y,10Y-2Y Curve,0.78
2021-12-07,T10Y2Y,10Y-2Y Curve,0.78
2021-12-08,T10Y2Y,10Y-2Y Curve,0.84
2021-12-09,T10Y2Y,10Y-2Y Curve,0.79
2021-12-10,T10Y2Y,10Y-2Y Curve,0.81
2021-12-13,T10Y2Y,10Y-2Y Curve,0.76
2021-12-14,T10Y2Y,10Y-2Y Curve,0.77
2021-12-15,T10Y2Y,10Y-2Y Curve,0.78
2021-12-16,T10Y2Y,10Y-2Y Curve,0.8
2021-12-17,T10Y2Y,10Y-2Y Curve,0.75
2021-12-20,T10Y2Y,10Y-2Y Curve,0.78
2021-12-21,T10Y2Y,10Y-2Y Curve,0.78
2021-12-22,T10Y2Y,10Y-2Y Curve,0.78
2021-12-23,T10Y2Y,10Y-2Y Curve,0.79
2021-12-27,T10Y2Y,10Y-2Y Curve,0.72
2021-12-28,T10Y2Y,10Y-2Y Curve,0.75
2021-12-29,T10Y2Y,10Y-2Y Curve,0.8
2021-12-30,T10Y2Y,10Y-2Y Curve,0.79
2021-12-31,T10Y2Y,10Y-2Y Curve,0.79
2022-01-03,T10Y2Y,10Y-2Y Curve,0.85
2022-01-04,T10Y2Y,10Y-2Y Curve,0.89
2022-01-05,T10Y2Y,10Y-2Y Curve,0.88
2022-01-06,T10Y2Y,10Y-2Y Curve,0.85
2022-01-07,T10Y2Y,10Y-2Y Curve,0.89
2022-01-10,T10Y2Y,10Y-2Y Curve,0.86
2022-01-11,T10Y2Y,10Y-2Y Curve,0.85
2022-01-12,T10Y2Y,10Y-2Y Curve,0.82
2022-01-13,T10Y2Y,10Y-2Y Curve,0.79
2022-01-14,T10Y2Y,10Y-2Y Curve,0.79
2022-01-18,T10Y2Y,10Y-2Y Curve,0.81
2022-01-19,T10Y2Y,10Y-2Y Curve,0.79
2022-01-20,T10Y2Y,10Y-2Y Curve,0.75
2022-01-21,T10Y2Y,10Y-2Y Curve,0.74
2022-01-24,T10Y2Y,10Y-2Y Curve,0.76
2022-01-25,T10Y2Y,10Y-2Y Curve,0.76
2022-01-26,T10Y2Y,10Y-2Y Curve,0.72
2022-01-27,T10Y2Y,10Y-2Y Curve,0.63
2022-01-28,T10Y2Y,10Y-2Y Curve,0.63
2022-01-31,T10Y2Y,10Y-2Y Curve,0.61
2022-02-01,T10Y2Y,10Y-2Y Curve,0.63
2022-02-02,T10Y2Y,10Y-2Y Curve,0.62
2022-02-03,T10Y2Y,10Y-2Y Curve,0.63
2022-02-04,T10Y2Y,10Y-2Y Curve,0.62
2022-02-07,T10Y2Y,10Y-2Y Curve,0.62
2022-02-08,T10Y2Y,10Y-2Y Curve,0.61
2022-02-09,T10Y2Y,10Y-2Y Curve,0.58
2022-02-10,T10Y2Y,10Y-2Y Curve,0.42
2022-02-11,T10Y2Y,10Y-2Y Curve,0.42
2022-02-14,T10Y2Y,10Y-2Y Curve,0.4
2022-02-15,T10Y2Y,10Y-2Y Curve,0.47
2022-02-16,T10Y2Y,10Y-2Y Curve,0.51
2022-02-17,T10Y2Y,10Y-2Y Curve,0.48
2022-02-18,T10Y2Y,10Y-2Y Curve,0.45
2022-02-22,T10Y2Y,10Y-2Y Curve,0.38
2022-02-23,T10Y2Y,10Y-2Y Curve,0.41
2022-02-24,T10Y2Y,10Y-2Y Curve,0.42
2022-02-25,T10Y2Y,10Y-2Y Curve,0.42
2022-02-28,T10Y2Y,10Y-2Y Curve,0.39
2022-03-01,T10Y2Y,10Y-2Y Curve,0.41
2022-03-02,T10Y2Y,10Y-2Y Curve,0.36
2022-03-03,T10Y2Y,10Y-2Y Curve,0.33
2022-03-04,T10Y2Y,10Y-2Y Curve,0.24
2022-03-07,T10Y2Y,10Y-2Y Curve,0.23
2022-03-08,T10Y2Y,10Y-2Y Curve,0.23
2022-03-09,T10Y2Y,10Y-2Y Curve,0.26
2022-03-10,T10Y2Y,10Y-2Y Curve,0.26
2022-03-11,T10Y2Y,10Y-2Y Curve,0.25
2022-03-14,T10Y2Y,10Y-2Y Curve,0.27
2022-03-15,T10Y2Y,10Y-2Y Curve,0.3
2022-03-16,T10Y2Y,10Y-2Y Curve,0.24
2022-03-17,T10Y2Y,10Y-2Y Curve,0.26
2022-03-18,T10Y2Y,10Y-2Y Curve,0.17
2022-03-21,T10Y2Y,10Y-2Y Curve,0.18
2022-03-22,T10Y2Y,10Y-2Y Curve,0.2
2022-03-23,T10Y2Y,10Y-2Y Curve,0.19
2022-03-24,T10Y2Y,10Y-2Y Curve,0.21
2022-03-25,T10Y2Y,10Y-2Y Curve,0.18
2022-03-28,T10Y2Y,10Y-2Y Curve,0.11
2022-03-29,T10Y2Y,10Y-2Y Curve,0.06
2022-03-30,T10Y2Y,10Y-2Y Curve,0.04
2022-03-31,T10Y2Y,10Y-2Y Curve,0.04
2022-04-01,T10Y2Y,10Y-2Y Curve,-0.05
2022-04-04,T10Y2Y,10Y-2Y Curve,-0.01
2022-04-05,T10Y2Y,10Y-2Y Curve,0.03
2022-04-06,T10Y2Y,10Y-2Y Curve,0.11
2022-04-07,T10Y2Y,10Y-2Y Curve,0.19
2022-04-08,T10Y2Y,10Y-2Y Curve,0.19
2022-04-11,T10Y2Y,10Y-2Y Curve,0.29
2022-04-12,T10Y2Y,10Y-2Y Curve,0.33
2022-04-13,T10Y2Y,10Y-2Y Curve,0.33
2022-04-14,T10Y2Y,10Y-2Y Curve,0.36
2022-04-18,T10Y2Y,10Y-2Y Curve,0.39
2022-04-19,T10Y2Y,10Y-2Y Curve,0.32
2022-04-20,T10Y2Y,10Y-2Y Curve,0.25
2022-04-21,T10Y2Y,10Y-2Y Curve,0.22
2022-04-22,T10Y2Y,10Y-2Y Curve,0.18
2022-04-25,T10Y2Y,10Y-2Y Curve,0.18
2022-04-26,T10Y2Y,10Y-2Y Curve,0.23
2022-04-27,T10Y2Y,10Y-2Y Curve,0.24
2022-04-28,T10Y2Y,10Y-2Y Curve,0.22
2022-04-29,T10Y2Y,10Y-2Y Curve,0.19
2022-05-02,T10Y2Y,10Y-2Y Curve,0.26
2022-05-03,T10Y2Y,10Y-2Y Curve,0.19
2022-05-04,T10Y2Y,10Y-2Y Curve,0.27
2022-05-05,T10Y2Y,10Y-2Y Curve,0.34
2022-05-06,T10Y2Y,10Y-2Y Curve,0.4
2022-05-09,T10Y2Y,10Y-2Y Curve,0.44
2022-05-10,T10Y2Y,10Y-2Y Curve,0.37
2022-05-11,T10Y2Y,10Y-2Y Curve,0.25
2022-05-12,T10Y2Y,10Y-2Y Curve,0.28
2022-05-13,T10Y2Y,10Y-2Y Curve,0.32
2022-05-16,T10Y2Y,10Y-2Y Curve,0.3
2022-05-17,T10Y2Y,10Y-2Y Curve,0.27
2022-05-18,T10Y2Y,10Y-2Y Curve,0.21
2022-05-19,T10Y2Y,10Y-2Y Curve,0.21
2022-05-20,T10Y2Y,10Y-2Y Curve,0.18
2022-05-23,T10Y2Y,10Y-2Y Curve,0.21
2022-05-24,T10Y2Y,10Y-2Y Curve,0.26
2022-05-25,T10Y2Y,10Y-2Y Curve,0.27
2022-05-26,T10Y2Y,10Y-2Y Curve,0.29
2022-05-27,T10Y2Y,10Y-2Y Curve,0.27
2022-05-31,T10Y2Y,10Y-2Y Curve,0.32
2022-06-01,T10Y2Y,10Y-2Y Curve,0.28
2022-06-02,T10Y2Y,10Y-2Y Curve,0.27
2022-06-03,T10Y2Y,10Y-2Y Curve,0.3
2022-06-06,T10Y2Y,10Y-2Y Curve,0.31
2022-06-07,T10Y2Y,10Y-2Y Curve,0.23
2022-06-08,T10Y2Y,10Y-2Y Curve,0.25
2022-06-09,T10Y2Y,10Y-2Y Curve,0.21
2022-06-10,T10Y2Y,10Y-2Y Curve,0.09
2022-06-13,T10Y2Y,10Y-2Y Curve,0.03
2022-06-14,T10Y2Y,10Y-2Y Curve,0.04
2022-06-15,T10Y2Y,10Y-2Y Curve,0.13
2022-06-16,T10Y2Y,10Y-2Y Curve,0.14
2022-06-17,T10Y2Y,10Y-2Y Curve,0.08
2022-06-21,T10Y2Y,10Y-2Y Curve,0.1
2022-06-22,T10Y2Y,10Y-2Y Curve,0.1
2022-06-23,T10Y2Y,10Y-2Y Curve,0.08
2022-06-24,T10Y2Y,10Y-2Y Curve,0.09
2022-06-27,T10Y2Y,10Y-2Y Curve,0.12
2022-06-28,T10Y2Y,10Y-2Y Curve,0.1
2022-06-29,T10Y2Y,10Y-2Y Curve,0.04
2022-06-30,T10Y2Y,10Y-2Y Curve,0.06
2022-07-01,T10Y2Y,10Y-2Y Curve,0.04
2022-07-05,T10Y2Y,10Y-2Y Curve,0.0
2022-07-06,T10Y2Y,10Y-2Y Curve,-0.04
2022-07-07,T10Y2Y,10Y-2Y Curve,-0.02
2022-07-08,T10Y2Y,10Y-2Y Curve,-0.03
2022-07-11,T10Y2Y,10Y-2Y Curve,-0.08
2022-07-12,T10Y2Y,10Y-2Y Curve,-0.07
2022-07-13,T10Y2Y,10Y-2Y Curve,-0.22
2022-07-14,T10Y2Y,10Y-2Y Curve,-0.19
2022-07-15,T10Y2Y,10Y-2Y Curve,-0.2
2022-07-18,T10Y2Y,10Y-2Y Curve,-0.19
2022-07-19,T10Y2Y,10Y-2Y Curve,-0.22
2022-07-20,T10Y2Y,10Y-2Y Curve,-0.21
2022-07-21,T10Y2Y,10Y-2Y Curve,-0.19
2022-07-22,T10Y2Y,10Y-2Y Curve,-0.21
2022-07-25,T10Y2Y,10Y-2Y Curve,-0.19
2022-07-26,T10Y2Y,10Y-2Y Curve,-0.21
2022-07-27,T10Y2Y,10Y-2Y Curve,-0.18
2022-07-28,T10Y2Y,10Y-2Y Curve,-0.17
2022-07-29,T10Y2Y,10Y-2Y Curve,-0.22
2022-08-01,T10Y2Y,10Y-2Y Curve,-0.3
2022-08-02,T10Y2Y,10Y-2Y Curve,-0.31
2022-08-03,T10Y2Y,10Y-2Y Curve,-0.37
2022-08-04,T10Y2Y,10Y-2Y Curve,-0.35
2022-08-05,T10Y2Y,10Y-2Y Curve,-0.41
2022-08-08,T10Y2Y,10Y-2Y Curve,-0.44
2022-08-09,T10Y2Y,10Y-2Y Curve,-0.48
2022-08-10,T10Y2Y,10Y-2Y Curve,-0.45
2022-08-11,T10Y2Y,10Y-2Y Curve,-0.36
2022-08-12,T10Y2Y,10Y-2Y Curve,-0.41
2022-08-15,T10Y2Y,10Y-2Y Curve,-0.41
2022-08-16,T10Y2Y,10Y-2Y Curve,-0.43
2022-08-17,T10Y2Y,10Y-2Y Curve,-0.39
2022-08-18,T10Y2Y,10Y-2Y Curve,-0.34
2022-08-19,T10Y2Y,10Y-2Y Curve,-0.27
2022-08-22,T10Y2Y,10Y-2Y Curve,-0.29
2022-08-23,T10Y2Y,10Y-2Y Curve,-0.24
2022-08-24,T10Y2Y,10Y-2Y Curve,-0.25
2022-08-25,T10Y2Y,10Y-2Y Curve,-0.32
2022-08-26,T10Y2Y,10Y-2Y Curve,-0.33
2022-08-29,T10Y2Y,10Y-2Y Curve,-0.3
2022-08-30,T10Y2Y,10Y-2Y Curve,-0.35
2022-08-31,T10Y2Y,10Y-2Y Curve,-0.3
2022-09-01,T10Y2Y,10Y-2Y Curve,-0.25
2022-09-02,T10Y2Y,10Y-2Y Curve,-0.2
2022-09-06,T10Y2Y,10Y-2Y Curve,-0.17
2022-09-07,T10Y2Y,10Y-2Y Curve,-0.18
2022-09-08,T10Y2Y,10Y-2Y Curve,-0.19
2022-09-09,T10Y2Y,10Y-2Y Curve,-0.23
2022-09-12,T10Y2Y,10Y-2Y Curve,-0.21
2022-09-13,T10Y2Y,10Y-2Y Curve,-0.33
2022-09-14,T10Y2Y,10Y-2Y Curve,-0.37
2022-09-15,T10Y2Y,10Y-2Y Curve,-0.42
2022-09-16,T10Y2Y,10Y-2Y Curve,-0.4
2022-09-19,T10Y2Y,10Y-2Y Curve,-0.46
2022-09-20,T10Y2Y,10Y-2Y Curve,-0.39
2022-09-21,T10Y2Y,10Y-2Y Curve,-0.51
2022-09-22,T10Y2Y,10Y-2Y Curve,-0.41
2022-09-23,T10Y2Y,10Y-2Y Curve,-0.51
2022-09-26,T10Y2Y,10Y-2Y Curve,-0.39
2022-09-27,T10Y2Y,10Y-2Y Curve,-0.33
2022-09-28,T10Y2Y,10Y-2Y Curve,-0.35
2022-09-29,T10Y2Y,10Y-2Y Curve,-0.4
2022-09-30,T10Y2Y,10Y-2Y Curve,-0.39
2022-10-03,T10Y2Y,10Y-2Y Curve,-0.45
2022-10-04,T10Y2Y,10Y-2Y Curve,-0.48
2022-10-05,T10Y2Y,10Y-2Y Curve,-0.39
2022-10-06,T10Y2Y,10Y-2Y Curve,-0.4
2022-10-07,T10Y2Y,10Y-2Y Curve,-0.41
2022-10-11,T10Y2Y,10Y-2Y Curve,-0.37
2022-10-12,T10Y2Y,10Y-2Y Curve,-0.37
2022-10-13,T10Y2Y,10Y-2Y Curve,-0.5
2022-10-14,T10Y2Y,10Y-2Y Curve,-0.48
2022-10-17,T10Y2Y,10Y-2Y Curve,-0.43
2022-10-18,T10Y2Y,10Y-2Y Curve,-0.42
2022-10-19,T10Y2Y,10Y-2Y Curve,-0.41
2022-10-20,T10Y2Y,10Y-2Y Curve,-0.38
2022-10-21,T10Y2Y,10Y-2Y Curve,-0.28
2022-10-24,T10Y2Y,10Y-2Y Curve,-0.25
2022-10-25,T10Y2Y,10Y-2Y Curve,-0.32
2022-10-26,T10Y2Y,10Y-2Y Curve,-0.35
2022-10-27,T10Y2Y,10Y-2Y Curve,-0.34
2022-10-28,T10Y2Y,10Y-2Y Curve,-0.39
2022-10-31,T10Y2Y,10Y-2Y Curve,-0.41
2022-11-01,T10Y2Y,10Y-2Y Curve,-0.47
2022-11-02,T10Y2Y,10Y-2Y Curve,-0.51
2022-11-03,T10Y2Y,10Y-2Y Curve,-0.57
2022-11-04,T10Y2Y,10Y-2Y Curve,-0.49
2022-11-07,T10Y2Y,10Y-2Y Curve,-0.5
2022-11-08,T10Y2Y,10Y-2Y Curve,-0.53
2022-11-09,T10Y2Y,10Y-2Y Curve,-0.49
2022-11-10,T10Y2Y,10Y-2Y Curve,-0.52
2022-11-14,T10Y2Y,10Y-2Y Curve,-0.52
2022-11-15,T10Y2Y,10Y-2Y Curve,-0.57
2022-11-16,T10Y2Y,10Y-2Y Curve,-0.68
2022-11-17,T10Y2Y,10Y-2Y Curve,-0.66
2022-11-18,T10Y2Y,10Y-2Y Curve,-0.69
2022-11-21,T10Y2Y,10Y-2Y Curve,-0.65
2022-11-22,T10Y2Y,10Y-2Y Curve,-0.71
2022-11-23,T10Y2Y,10Y-2Y Curve,-0.75
2022-11-25,T10Y2Y,10Y-2Y Curve,-0.74
2022-11-28,T10Y2Y,10Y-2Y Curve,-0.77
2022-11-29,T10Y2Y,10Y-2Y Curve,-0.73
2022-11-30,T10Y2Y,10Y-2Y Curve,-0.7
2022-12-01,T10Y2Y,10Y-2Y Curve,-0.72
2022-12-02,T10Y2Y,10Y-2Y Curve,-0.77
2022-12-05,T10Y2Y,10Y-2Y Curve,-0.81
2022-12-06,T10Y2Y,10Y-2Y Curve,-0.83
2022-12-07,T10Y2Y,10Y-2Y Curve,-0.84
2022-12-08,T10Y2Y,10Y-2Y Curve,-0.83
2022-12-09,T10Y2Y,10Y-2Y Curve,-0.76
2022-12-12,T10Y2Y,10Y-2Y Curve,-0.78
2022-12-13,T10Y2Y,10Y-2Y Curve,-0.71
2022-12-14,T10Y2Y,10Y-2Y Curve,-0.74
2022-12-15,T10Y2Y,10Y-2Y Curve,-0.79
2022-12-16,T10Y2Y,10Y-2Y Curve,-0.69
2022-12-19,T10Y2Y,10Y-2Y Curve,-0.68
2022-12-20,T10Y2Y,10Y-2Y Curve,-0.56
2022-12-21,T10Y2Y,10Y-2Y Curve,-0.53
2022-12-22,T10Y2Y,10Y-2Y Curve,-0.57
2022-12-23,T10Y2Y,10Y-2Y Curve,-0.56
2022-12-27,T10Y2Y,10Y-2Y Curve,-0.48
2022-12-28,T10Y2Y,10Y-2Y Curve,-0.43
2022-12-29,T10Y2Y,10Y-2Y Curve,-0.51
2022-12-30,T10Y2Y,10Y-2Y Curve,-0.53
2023-01-03,T10Y2Y,10Y-2Y Curve,-0.61
2023-01-04,T10Y2Y,10Y-2Y Curve,-0.67
2023-01-05,T10Y2Y,10Y-2Y Curve,-0.74
2023-01-06,T10Y2Y,10Y-2Y Curve,-0.69
2023-01-09,T10Y2Y,10Y-2Y Curve,-0.66
2023-01-10,T10Y2Y,10Y-2Y Curve,-0.63
2023-01-11,T10Y2Y,10Y-2Y Curve,-0.66
2023-01-12,T10Y2Y,10Y-2Y Curve,-0.69
2023-01-13,T10Y2Y,10Y-2Y Curve,-0.73
2023-01-17,T10Y2Y,10Y-2Y Curve,-0.65
2023-01-18,T10Y2Y,10Y-2Y Curve,-0.69
2023-01-19,T10Y2Y,10Y-2Y Curve,-0.7
2023-01-20,T10Y2Y,10Y-2Y Curve,-0.66
2023-01-23,T10Y2Y,10Y-2Y Curve,-0.69
2023-01-24,T10Y2Y,10Y-2Y Curve,-0.66
2023-01-25,T10Y2Y,10Y-2Y Curve,-0.65
2023-01-26,T10Y2Y,10Y-2Y Curve,-0.68
2023-01-27,T10Y2Y,10Y-2Y Curve,-0.67
2023-01-30,T10Y2Y,10Y-2Y Curve,-0.7
2023-01-31,T10Y2Y,10Y-2Y Curve,-0.69
2023-02-01,T10Y2Y,10Y-2Y Curve,-0.7
2023-02-02,T10Y2Y,10Y-2Y Curve,-0.69
2023-02-03,T10Y2Y,10Y-2Y Curve,-0.77
2023-02-06,T10Y2Y,10Y-2Y Curve,-0.81
2023-02-07,T10Y2Y,10Y-2Y Curve,-0.8
2023-02-08,T10Y2Y,10Y-2Y Curve,-0.82
2023-02-09,T10Y2Y,10Y-2Y Curve,-0.81
2023-02-10,T10Y2Y,10Y-2Y Curve,-0.76
2023-02-13,T10Y2Y,10Y-2Y Curve,-0.8
2023-02-14,T10Y2Y,10Y-2Y Curve,-0.83
2023-02-15,T10Y2Y,10Y-2Y Curve,-0.81
2023-02-16,T10Y2Y,10Y-2Y Curve,-0.76
2023-02-17,T10Y2Y,10Y-2Y Curve,-0.78
2023-02-21,T10Y2Y,10Y-2Y Curve,-0.72
2023-02-22,T10Y2Y,10Y-2Y Curve,-0.73
2023-02-23,T10Y2Y,10Y-2Y Curve,-0.78
2023-02-24,T10Y2Y,10Y-2Y Curve,-0.83
2023-02-27,T10Y2Y,10Y-2Y Curve,-0.86
2023-02-28,T10Y2Y,10Y-2Y Curve,-0.89
2023-03-01,T10Y2Y,10Y-2Y Curve,-0.88
2023-03-02,T10Y2Y,10Y-2Y Curve,-0.81
2023-03-03,T10Y2Y,10Y-2Y Curve,-0.89
2023-03-06,T10Y2Y,10Y-2Y Curve,-0.91
2023-03-07,T10Y2Y,10Y-2Y Curve,-1.03
2023-03-08,T10Y2Y,10Y-2Y Curve,-1.07
2023-03-09,T10Y2Y,10Y-2Y Curve,-0.97
2023-03-10,T10Y2Y,10Y-2Y Curve,-0.9
2023-03-13,T10Y2Y,10Y-2Y Curve,-0.48
2023-03-14,T10Y2Y,10Y-2Y Curve,-0.56
2023-03-15,T10Y2Y,10Y-2Y Curve,-0.42
2023-03-16,T10Y2Y,10Y-2Y Curve,-0.58
2023-03-17,T10Y2Y,10Y-2Y Curve,-0.42
2023-03-20,T10Y2Y,10Y-2Y Curve,-0.45
2023-03-21,T10Y2Y,10Y-2Y Curve,-0.58
2023-03-22,T10Y2Y,10Y-2Y Curve,-0.48
2023-03-23,T10Y2Y,10Y-2Y Curve,-0.38
2023-03-24,T10Y2Y,10Y-2Y Curve,-0.38
2023-03-27,T10Y2Y,10Y-2Y Curve,-0.41
2023-03-28,T10Y2Y,10Y-2Y Curve,-0.47
2023-03-29,T10Y2Y,10Y-2Y Curve,-0.51
2023-03-30,T10Y2Y,10Y-2Y Curve,-0.55
2023-03-31,T10Y2Y,10Y-2Y Curve,-0.58
2023-04-03,T10Y2Y,10Y-2Y Curve,-0.54
2023-04-04,T10Y2Y,10Y-2Y Curve,-0.49
2023-04-05,T10Y2Y,10Y-2Y Curve,-0.49
2023-04-06,T10Y2Y,10Y-2Y Curve,-0.52
2023-04-07,T10Y2Y,10Y-2Y Curve,-0.58
2023-04-10,T10Y2Y,10Y-2Y Curve,-0.59
2023-04-11,T10Y2Y,10Y-2Y Curve,-0.6
2023-04-12,T10Y2Y,10Y-2Y Curve,-0.54
2023-04-13,T10Y2Y,10Y-2Y Curve,-0.51
2023-04-14,T10Y2Y,10Y-2Y Curve,-0.56
2023-04-17,T10Y2Y,10Y-2Y Curve,-0.58
2023-04-18,T10Y2Y,10Y-2Y Curve,-0.61
2023-04-19,T10Y2Y,10Y-2Y Curve,-0.64
2023-04-20,T10Y2Y,10Y-2Y Curve,-0.6
2023-04-21,T10Y2Y,10Y-2Y Curve,-0.6
2023-04-24,T10Y2Y,10Y-2Y Curve,-0.6
2023-04-25,T10Y2Y,10Y-2Y Curve,-0.46
2023-04-26,T10Y2Y,10Y-2Y Curve,-0.47
2023-04-27,T10Y2Y,10Y-2Y Curve,-0.54
2023-04-28,T10Y2Y,10Y-2Y Curve,-0.6
2023-05-01,T10Y2Y,10Y-2Y Curve,-0.55
2023-05-02,T10Y2Y,10Y-2Y Curve,-0.53
2023-05-03,T10Y2Y,10Y-2Y Curve,-0.51
2023-05-04,T10Y2Y,10Y-2Y Curve,-0.38
2023-05-05,T10Y2Y,10Y-2Y Curve,-0.48
2023-05-08,T10Y2Y,10Y-2Y Curve,-0.48
2023-05-09,T10Y2Y,10Y-2Y Curve,-0.48
2023-05-10,T10Y2Y,10Y-2Y Curve,-0.47
2023-05-11,T10Y2Y,10Y-2Y Curve,-0.5
2023-05-12,T10Y2Y,10Y-2Y Curve,-0.52
2023-05-15,T10Y2Y,10Y-2Y Curve,-0.49
2023-05-16,T10Y2Y,10Y-2Y Curve,-0.52
2023-05-17,T10Y2Y,10Y-2Y Curve,-0.55
2023-05-18,T10Y2Y,10Y-2Y Curve,-0.59
2023-05-19,T10Y2Y,10Y-2Y Curve,-0.58
2023-05-22,T10Y2Y,10Y-2Y Curve,-0.57
2023-05-23,T10Y2Y,10Y-2Y Curve,-0.56
2023-05-24,T10Y2Y,10Y-2Y Curve,-0.58
2023-05-25,T10Y2Y,10Y-2Y Curve,-0.67
2023-05-26,T10Y2Y,10Y-2Y Curve,-0.74
2023-05-30,T10Y2Y,10Y-2Y Curve,-0.77
2023-05-31,T10Y2Y,10Y-2Y Curve,-0.76
2023-06-01,T10Y2Y,10Y-2Y Curve,-0.72
2023-06-02,T10Y2Y,10Y-2Y Curve,-0.81
2023-06-05,T10Y2Y,10Y-2Y Curve,-0.77
2023-06-06,T10Y2Y,10Y-2Y Curve,-0.81
2023-06-07,T10Y2Y,10Y-2Y Curve,-0.77
2023-06-08,T10Y2Y,10Y-2Y Curve,-0.79
2023-06-09,T10Y2Y,10Y-2Y Curve,-0.84
2023-06-12,T10Y2Y,10Y-2Y Curve,-0.82
2023-06-13,T10Y2Y,10Y-2Y Curve,-0.83
2023-06-14,T10Y2Y,10Y-2Y Curve,-0.91
2023-06-15,T10Y2Y,10Y-2Y Curve,-0.9
2023-06-16,T10Y2Y,10Y-2Y Curve,-0.93
2023-06-20,T10Y2Y,10Y-2Y Curve,-0.94
2023-06-21,T10Y2Y,10Y-2Y Curve,-0.96
2023-06-22,T10Y2Y,10Y-2Y Curve,-0.97
2023-06-23,T10Y2Y,10Y-2Y Curve,-0.97
2023-06-26,T10Y2Y,10Y-2Y Curve,-0.93
2023-06-27,T10Y2Y,10Y-2Y Curve,-0.97
2023-06-28,T10Y2Y,10Y-2Y Curve,-1.0
2023-06-29,T10Y2Y,10Y-2Y Curve,-1.02
2023-06-30,T10Y2Y,10Y-2Y Curve,-1.06
2023-07-03,T10Y2Y,10Y-2Y Curve,-1.08
2023-07-05,T10Y2Y,10Y-2Y Curve,-0.99
2023-07-06,T10Y2Y,10Y-2Y Curve,-0.94
2023-07-07,T10Y2Y,10Y-2Y Curve,-0.88
2023-07-10,T10Y2Y,10Y-2Y Curve,-0.84
2023-07-11,T10Y2Y,10Y-2Y Curve,-0.89
2023-07-12,T10Y2Y,10Y-2Y Curve,-0.86
2023-07-13,T10Y2Y,10Y-2Y Curve,-0.83
2023-07-14,T10Y2Y,10Y-2Y Curve,-0.91
2023-07-17,T10Y2Y,10Y-2Y Curve,-0.93
2023-07-18,T10Y2Y,10Y-2Y Curve,-0.94
2023-07-19,T10Y2Y,10Y-2Y Curve,-0.99
2023-07-20,T10Y2Y,10Y-2Y Curve,-0.95
2023-07-21,T10Y2Y,10Y-2Y Curve,-0.98
2023-07-24,T10Y2Y,10Y-2Y Curve,-0.95
2023-07-25,T10Y2Y,10Y-2Y Curve,-0.94
2023-07-26,T10Y2Y,10Y-2Y Curve,-0.96
2023-07-27,T10Y2Y,10Y-2Y Curve,-0.9
2023-07-28,T10Y2Y,10Y-2Y Curve,-0.91
2023-07-31,T10Y2Y,10Y-2Y Curve,-0.91
2023-08-01,T10Y2Y,10Y-2Y Curve,-0.87
2023-08-02,T10Y2Y,10Y-2Y Curve,-0.8
2023-08-03,T10Y2Y,10Y-2Y Curve,-0.7
2023-08-04,T10Y2Y,10Y-2Y Curve,-0.73
2023-08-07,T10Y2Y,10Y-2Y Curve,-0.67
2023-08-08,T10Y2Y,10Y-2Y Curve,-0.72
2023-08-09,T10Y2Y,10Y-2Y Curve,-0.79
2023-08-10,T10Y2Y,10Y-2Y Curve,-0.73
2023-08-11,T10Y2Y,10Y-2Y Curve,-0.73
2023-08-14,T10Y2Y,10Y-2Y Curve,-0.77
2023-08-15,T10Y2Y,10Y-2Y Curve,-0.71
2023-08-16,T10Y2Y,10Y-2Y Curve,-0.69
2023-08-17,T10Y2Y,10Y-2Y Curve,-0.64
2023-08-18,T10Y2Y,10Y-2Y Curve,-0.66
2023-08-21,T10Y2Y,10Y-2Y Curve,-0.63
2023-08-22,T10Y2Y,10Y-2Y Curve,-0.68
2023-08-23,T10Y2Y,10Y-2Y Curve,-0.76
2023-08-24,T10Y2Y,10Y-2Y Curve,-0.75
2023-08-25,T10Y2Y,10Y-2Y Curve,-0.78
2023-08-28,T10Y2Y,10Y-2Y Curve,-0.78
2023-08-29,T10Y2Y,10Y-2Y Curve,-0.75
2023-08-30,T10Y2Y,10Y-2Y Curve,-0.78
2023-08-31,T10Y2Y,10Y-2Y Curve,-0.76
2023-09-01,T10Y2Y,10Y-2Y Curve,-0.69
2023-09-05,T10Y2Y,10Y-2Y Curve,-0.67
2023-09-06,T10Y2Y,10Y-2Y Curve,-0.71
2023-09-07,T10Y2Y,10Y-2Y Curve,-0.67
2023-09-08,T10Y2Y,10Y-2Y Curve,-0.72
2023-09-11,T10Y2Y,10Y-2Y Curve,-0.68
2023-09-12,T10Y2Y,10Y-2Y Curve,-0.71
2023-09-13,T10Y2Y,10Y-2Y Curve,-0.71
2023-09-14,T10Y2Y,10Y-2Y Curve,-0.71
2023-09-15,T10Y2Y,10Y-2Y Curve,-0.69
2023-09-18,T10Y2Y,10Y-2Y Curve,-0.73
2023-09-19,T10Y2Y,10Y-2Y Curve,-0.71
2023-09-20,T10Y2Y,10Y-2Y Curve,-0.77
2023-09-21,T10Y2Y,10Y-2Y Curve,-0.63
2023-09-22,T10Y2Y,10Y-2Y Curve,-0.66
2023-09-25,T10Y2Y,10Y-2Y Curve,-0.54
2023-09-26,T10Y2Y,10Y-2Y Curve,-0.48
2023-09-27,T10Y2Y,10Y-2Y Curve,-0.49
2023-09-28,T10Y2Y,10Y-2Y Curve,-0.45
2023-09-29,T10Y2Y,10Y-2Y Curve,-0.44
2023-10-02,T10Y2Y,10Y-2Y Curve,-0.43
2023-10-03,T10Y2Y,10Y-2Y Curve,-0.34
2023-10-04,T10Y2Y,10Y-2Y Curve,-0.32
2023-10-05,T10Y2Y,10Y-2Y Curve,-0.31
2023-10-06,T10Y2Y,10Y-2Y Curve,-0.3
2023-10-10,T10Y2Y,10Y-2Y Curve,-0.3
2023-10-11,T10Y2Y,10Y-2Y Curve,-0.41
2023-10-12,T10Y2Y,10Y-2Y Curve,-0.36
2023-10-13,T10Y2Y,10Y-2Y Curve,-0.41
2023-10-16,T10Y2Y,10Y-2Y Curve,-0.38
2023-10-17,T10Y2Y,10Y-2Y Curve,-0.36
2023-10-18,T10Y2Y,10Y-2Y Curve,-0.28
2023-10-19,T10Y2Y,10Y-2Y Curve,-0.16
2023-10-20,T10Y2Y,10Y-2Y Curve,-0.14
2023-10-23,T10Y2Y,10Y-2Y Curve,-0.19
2023-10-24,T10Y2Y,10Y-2Y Curve,-0.19
2023-10-25,T10Y2Y,10Y-2Y Curve,-0.13
2023-10-26,T10Y2Y,10Y-2Y Curve,-0.16
2023-10-27,T10Y2Y,10Y-2Y Curve,-0.15
2023-10-30,T10Y2Y,10Y-2Y Curve,-0.15
2023-10-31,T10Y2Y,10Y-2Y Curve,-0.19
2023-11-01,T10Y2Y,10Y-2Y Curve,-0.18
2023-11-02,T10Y2Y,10Y-2Y Curve,-0.31
2023-11-03,T10Y2Y,10Y-2Y Curve,-0.26
2023-11-06,T10Y2Y,10Y-2Y Curve,-0.26
2023-11-07,T10Y2Y,10Y-2Y Curve,-0.33
2023-11-08,T10Y2Y,10Y-2Y Curve,-0.44
2023-11-09,T10Y2Y,10Y-2Y Curve,-0.41
2023-11-10,T10Y2Y,10Y-2Y Curve,-0.43
2023-11-13,T10Y2Y,10Y-2Y Curve,-0.39
2023-11-14,T10Y2Y,10Y-2Y Curve,-0.36
2023-11-15,T10Y2Y,10Y-2Y Curve,-0.37
2023-11-16,T10Y2Y,10Y-2Y Curve,-0.38
2023-11-17,T10Y2Y,10Y-2Y Curve,-0.44
2023-11-20,T10Y2Y,10Y-2Y Curve,-0.47
2023-11-21,T10Y2Y,10Y-2Y Curve,-0.45
2023-11-22,T10Y2Y,10Y-2Y Curve,-0.47
2023-11-24,T10Y2Y,10Y-2Y Curve,-0.45
2023-11-27,T10Y2Y,10Y-2Y Curve,-0.45
2023-11-28,T10Y2Y,10Y-2Y Curve,-0.39
2023-11-29,T10Y2Y,10Y-2Y Curve,-0.37
2023-11-30,T10Y2Y,10Y-2Y Curve,-0.36
2023-12-01,T10Y2Y,10Y-2Y Curve,-0.34
2023-12-04,T10Y2Y,10Y-2Y Curve,-0.36
2023-12-05,T10Y2Y,10Y-2Y Curve,-0.39
2023-12-06,T10Y2Y,10Y-2Y Curve,-0.48
2023-12-07,T10Y2Y,10Y-2Y Curve,-0.44
2023-12-08,T10Y2Y,10Y-2Y Curve,-0.48
2023-12-11,T10Y2Y,10Y-2Y Curve,-0.48
2023-12-12,T10Y2Y,10Y-2Y Curve,-0.53
2023-12-13,T10Y2Y,10Y-2Y Curve,-0.42
2023-12-14,T10Y2Y,10Y-2Y Curve,-0.45
2023-12-15,T10Y2Y,10Y-2Y Curve,-0.53
2023-12-18,T10Y2Y,10Y-2Y Curve,-0.48
2023-12-19,T10Y2Y,10Y-2Y Curve,-0.48
2023-12-20,T10Y2Y,10Y-2Y Curve,-0.48
2023-12-21,T10Y2Y,10Y-2Y Curve,-0.44
2023-12-22,T10Y2Y,10Y-2Y Curve,-0.41
2023-12-26,T10Y2Y,10Y-2Y Curve,-0.37
2023-12-27,T10Y2Y,10Y-2Y Curve,-0.41
2023-12-28,T10Y2Y,10Y-2Y Curve,-0.42
2023-12-29,T10Y2Y,10Y-2Y Curve,-0.35
2024-01-02,T10Y2Y,10Y-2Y Curve,-0.38
2024-01-03,T10Y2Y,10Y-2Y Curve,-0.42
2024-01-04,T10Y2Y,10Y-2Y Curve,-0.39
2024-01-05,T10Y2Y,10Y-2Y Curve,-0.35
2024-01-08,T10Y2Y,10Y-2Y Curve,-0.35
2024-01-09,T10Y2Y,10Y-2Y Curve,-0.34
2024-01-10,T10Y2Y,10Y-2Y Curve,-0.33
2024-01-11,T10Y2Y,10Y-2Y Curve,-0.28
2024-01-12,T10Y2Y,10Y-2Y Curve,-0.18
2024-01-16,T10Y2Y,10Y-2Y Curve,-0.15
2024-01-17,T10Y2Y,10Y-2Y Curve,-0.24
2024-01-18,T10Y2Y,10Y-2Y Curve,-0.2
2024-01-19,T10Y2Y,10Y-2Y Curve,-0.24
2024-01-22,T10Y2Y,10Y-2Y Curve,-0.26
2024-01-23,T10Y2Y,10Y-2Y Curve,-0.17
2024-01-24,T10Y2Y,10Y-2Y Curve,-0.16
2024-01-25,T10Y2Y,10Y-2Y Curve,-0.14
2024-01-26,T10Y2Y,10Y-2Y Curve,-0.19
2024-01-29,T10Y2Y,10Y-2Y Curve,-0.21
2024-01-30,T10Y2Y,10Y-2Y Curve,-0.3
2024-01-31,T10Y2Y,10Y-2Y Curve,-0.28
2024-02-01,T10Y2Y,10Y-2Y Curve,-0.33
2024-02-02,T10Y2Y,10Y-2Y Curve,-0.33
2024-02-05,T10Y2Y,10Y-2Y Curve,-0.29
2024-02-06,T10Y2Y,10Y-2Y Curve,-0.3
2024-02-07,T10Y2Y,10Y-2Y Curve,-0.32
2024-02-08,T10Y2Y,10Y-2Y Curve,-0.31
2024-02-09,T10Y2Y,10Y-2Y Curve,-0.31
2024-02-12,T10Y2Y,10Y-2Y Curve,-0.29
2024-02-13,T10Y2Y,10Y-2Y Curve,-0.33
2024-02-14,T10Y2Y,10Y-2Y Curve,-0.29
2024-02-15,T10Y2Y,10Y-2Y Curve,-0.32
2024-02-16,T10Y2Y,10Y-2Y Curve,-0.34
2024-02-20,T10Y2Y,10Y-2Y Curve,-0.32
2024-02-21,T10Y2Y,10Y-2Y Curve,-0.32
2024-02-22,T10Y2Y,10Y-2Y Curve,-0.36
2024-02-23,T10Y2Y,10Y-2Y Curve,-0.41
2024-02-26,T10Y2Y,10Y-2Y Curve,-0.41
2024-02-27,T10Y2Y,10Y-2Y Curve,-0.39
2024-02-28,T10Y2Y,10Y-2Y Curve,-0.37
2024-02-29,T10Y2Y,10Y-2Y Curve,-0.39
2024-03-01,T10Y2Y,10Y-2Y Curve,-0.35
2024-03-04,T10Y2Y,10Y-2Y Curve,-0.39
2024-03-05,T10Y2Y,10Y-2Y Curve,-0.41
2024-03-06,T10Y2Y,10Y-2Y Curve,-0.44
2024-03-07,T10Y2Y,10Y-2Y Curve,-0.41
2024-03-08,T10Y2Y,10Y-2Y Curve,-0.39
2024-03-11,T10Y2Y,10Y-2Y Curve,-0.41
2024-03-12,T10Y2Y,10Y-2Y Curve,-0.42
2024-03-13,T10Y2Y,10Y-2Y Curve,-0.42
2024-03-14,T10Y2Y,10Y-2Y Curve,-0.39
2024-03-15,T10Y2Y,10Y-2Y Curve,-0.41
2024-03-18,T10Y2Y,10Y-2Y Curve,-0.39
2024-03-19,T10Y2Y,10Y-2Y Curve,-0.38
2024-03-20,T10Y2Y,10Y-2Y Curve,-0.32
2024-03-21,T10Y2Y,10Y-2Y Curve,-0.35
2024-03-22,T10Y2Y,10Y-2Y Curve,-0.37
2024-03-25,T10Y2Y,10Y-2Y Curve,-0.29
2024-03-26,T10Y2Y,10Y-2Y Curve,-0.32
2024-03-27,T10Y2Y,10Y-2Y Curve,-0.34
2024-03-28,T10Y2Y,10Y-2Y Curve,-0.39
2024-04-01,T10Y2Y,10Y-2Y Curve,-0.39
2024-04-02,T10Y2Y,10Y-2Y Curve,-0.34
2024-04-03,T10Y2Y,10Y-2Y Curve,-0.32
2024-04-04,T10Y2Y,10Y-2Y Curve,-0.34
2024-04-05,T10Y2Y,10Y-2Y Curve,-0.34
2024-04-08,T10Y2Y,10Y-2Y Curve,-0.36
2024-04-09,T10Y2Y,10Y-2Y Curve,-0.38
2024-04-10,T10Y2Y,10Y-2Y Curve,-0.42
2024-04-11,T10Y2Y,10Y-2Y Curve,-0.37
2024-04-12,T10Y2Y,10Y-2Y Curve,-0.38
2024-04-15,T10Y2Y,10Y-2Y Curve,-0.3
2024-04-16,T10Y2Y,10Y-2Y Curve,-0.3
2024-04-17,T10Y2Y,10Y-2Y Curve,-0.34
2024-04-18,T10Y2Y,10Y-2Y Curve,-0.34
2024-04-19,T10Y2Y,10Y-2Y Curve,-0.35
2024-04-22,T10Y2Y,10Y-2Y Curve,-0.35
2024-04-23,T10Y2Y,10Y-2Y Curve,-0.25
2024-04-24,T10Y2Y,10Y-2Y Curve,-0.24
2024-04-25,T10Y2Y,10Y-2Y Curve,-0.26
2024-04-26,T10Y2Y,10Y-2Y Curve,-0.29
2024-04-29,T10Y2Y,10Y-2Y Curve,-0.34
2024-04-30,T10Y2Y,10Y-2Y Curve,-0.35
2024-05-01,T10Y2Y,10Y-2Y Curve,-0.33
2024-05-02,T10Y2Y,10Y-2Y Curve,-0.29
2024-05-03,T10Y2Y,10Y-2Y Curve,-0.31
2024-05-06,T10Y2Y,10Y-2Y Curve,-0.33
2024-05-07,T10Y2Y,10Y-2Y Curve,-0.35
2024-05-08,T10Y2Y,10Y-2Y Curve,-0.36
2024-05-09,T10Y2Y,10Y-2Y Curve,-0.35
2024-05-10,T10Y2Y,10Y-2Y Curve,-0.37
2024-05-13,T10Y2Y,10Y-2Y Curve,-0.37
2024-05-14,T10Y2Y,10Y-2Y Curve,-0.36
2024-05-15,T10Y2Y,10Y-2Y Curve,-0.37
2024-05-16,T10Y2Y,10Y-2Y Curve,-0.4
2024-05-17,T10Y2Y,10Y-2Y Curve,-0.41
2024-05-20,T10Y2Y,10Y-2Y Curve,-0.38
2024-05-21,T10Y2Y,10Y-2Y Curve,-0.41
2024-05-22,T10Y2Y,10Y-2Y Curve,-0.43
2024-05-23,T10Y2Y,10Y-2Y Curve,-0.44
2024-05-24,T10Y2Y,10Y-2Y Curve,-0.47
2024-05-28,T10Y2Y,10Y-2Y Curve,-0.4
2024-05-29,T10Y2Y,10Y-2Y Curve,-0.35
2024-05-30,T10Y2Y,10Y-2Y Curve,-0.37
2024-05-31,T10Y2Y,10Y-2Y Curve,-0.38
2024-06-03,T10Y2Y,10Y-2Y Curve,-0.41
2024-06-04,T10Y2Y,10Y-2Y Curve,-0.44
2024-06-05,T10Y2Y,10Y-2Y Curve,-0.43
2024-06-06,T10Y2Y,10Y-2Y Curve,-0.44
2024-06-07,T10Y2Y,10Y-2Y Curve,-0.44
2024-06-10,T10Y2Y,10Y-2Y Curve,-0.4
2024-06-11,T10Y2Y,10Y-2Y Curve,-0.42
2024-06-12,T10Y2Y,10Y-2Y Curve,-0.44
2024-06-13,T10Y2Y,10Y-2Y Curve,-0.44
2024-06-14,T10Y2Y,10Y-2Y Curve,-0.47
2024-06-17,T10Y2Y,10Y-2Y Curve,-0.47
2024-06-18,T10Y2Y,10Y-2Y Curve,-0.47
2024-06-20,T10Y2Y,10Y-2Y Curve,-0.45
2024-06-21,T10Y2Y,10Y-2Y Curve,-0.45
2024-06-24,T10Y2Y,10Y-2Y Curve,-0.46
2024-06-25,T10Y2Y,10Y-2Y Curve,-0.42
2024-06-26,T10Y2Y,10Y-2Y Curve,-0.39
2024-06-27,T10Y2Y,10Y-2Y Curve,-0.41
2024-06-28,T10Y2Y,10Y-2Y Curve,-0.35
2024-07-01,T10Y2Y,10Y-2Y Curve,-0.29
2024-07-02,T10Y2Y,10Y-2Y Curve,-0.31
2024-07-03,T10Y2Y,10Y-2Y Curve,-0.35
2024-07-05,T10Y2Y,10Y-2Y Curve,-0.32
2024-07-08,T10Y2Y,10Y-2Y Curve,-0.34
2024-07-09,T10Y2Y,10Y-2Y Curve,-0.32
2024-07-10,T10Y2Y,10Y-2Y Curve,-0.34
2024-07-11,T10Y2Y,10Y-2Y Curve,-0.3
2024-07-12,T10Y2Y,10Y-2Y Curve,-0.27
2024-07-15,T10Y2Y,10Y-2Y Curve,-0.21
2024-07-16,T10Y2Y,10Y-2Y Curve,-0.26
2024-07-17,T10Y2Y,10Y-2Y Curve,-0.26
2024-07-18,T10Y2Y,10Y-2Y Curve,-0.26
2024-07-19,T10Y2Y,10Y-2Y Curve,-0.24
2024-07-22,T10Y2Y,10Y-2Y Curve,-0.24
2024-07-23,T10Y2Y,10Y-2Y Curve,-0.15
2024-07-24,T10Y2Y,10Y-2Y Curve,-0.09
2024-07-25,T10Y2Y,10Y-2Y Curve,-0.14
2024-07-26,T10Y2Y,10Y-2Y Curve,-0.16
2024-07-29,T10Y2Y,10Y-2Y Curve,-0.19
2024-07-30,T10Y2Y,10Y-2Y Curve,-0.2
2024-07-31,T10Y2Y,10Y-2Y Curve,-0.2
2024-08-01,T10Y2Y,10Y-2Y Curve,-0.17
2024-08-02,T10Y2Y,10Y-2Y Curve,-0.08
2024-08-05,T10Y2Y,10Y-2Y Curve,-0.11
2024-08-06,T10Y2Y,10Y-2Y Curve,-0.09
2024-08-07,T10Y2Y,10Y-2Y Curve,-0.04
2024-08-08,T10Y2Y,10Y-2Y Curve,-0.05
2024-08-09,T10Y2Y,10Y-2Y Curve,-0.11
2024-08-12,T10Y2Y,10Y-2Y Curve,-0.11
2024-08-13,T10Y2Y,10Y-2Y Curve,-0.08
2024-08-14,T10Y2Y,10Y-2Y Curve,-0.11
2024-08-15,T10Y2Y,10Y-2Y Curve,-0.16
2024-08-16,T10Y2Y,10Y-2Y Curve,-0.17
2024-08-19,T10Y2Y,10Y-2Y Curve,-0.2
2024-08-20,T10Y2Y,10Y-2Y Curve,-0.17
2024-08-21,T10Y2Y,10Y-2Y Curve,-0.13
2024-08-22,T10Y2Y,10Y-2Y Curve,-0.13
2024-08-23,T10Y2Y,10Y-2Y Curve,-0.09
2024-08-26,T10Y2Y,10Y-2Y Curve,-0.09
2024-08-27,T10Y2Y,10Y-2Y Curve,0.0
2024-08-28,T10Y2Y,10Y-2Y Curve,0.01
2024-08-29,T10Y2Y,10Y-2Y Curve,0.0
2024-08-30,T10Y2Y,10Y-2Y Curve,0.0
2024-09-03,T10Y2Y,10Y-2Y Curve,-0.04
2024-09-04,T10Y2Y,10Y-2Y Curve,0.01
2024-09-05,T10Y2Y,10Y-2Y Curve,-0.02
2024-09-06,T10Y2Y,10Y-2Y Curve,0.06
2024-09-09,T10Y2Y,10Y-2Y Curve,0.02
2024-09-10,T10Y2Y,10Y-2Y Curve,0.06
2024-09-11,T10Y2Y,10Y-2Y Curve,0.03
2024-09-12,T10Y2Y,10Y-2Y Curve,0.04
2024-09-13,T10Y2Y,10Y-2Y Curve,0.09
2024-09-16,T10Y2Y,10Y-2Y Curve,0.07
2024-09-17,T10Y2Y,10Y-2Y Curve,0.06
2024-09-18,T10Y2Y,10Y-2Y Curve,0.09
2024-09-19,T10Y2Y,10Y-2Y Curve,0.14
2024-09-20,T10Y2Y,10Y-2Y Curve,0.18
2024-09-23,T10Y2Y,10Y-2Y Curve,0.18
2024-09-24,T10Y2Y,10Y-2Y Curve,0.25
2024-09-25,T10Y2Y,10Y-2Y Curve,0.26
2024-09-26,T10Y2Y,10Y-2Y Curve,0.19
2024-09-27,T10Y2Y,10Y-2Y Curve,0.2
2024-09-30,T10Y2Y,10Y-2Y Curve,0.15
2024-10-01,T10Y2Y,10Y-2Y Curve,0.13
2024-10-02,T10Y2Y,10Y-2Y Curve,0.16
2024-10-03,T10Y2Y,10Y-2Y Curve,0.15
2024-10-04,T10Y2Y,10Y-2Y Curve,0.05
2024-10-07,T10Y2Y,10Y-2Y Curve,0.04
2024-10-08,T10Y2Y,10Y-2Y Curve,0.06
2024-10-09,T10Y2Y,10Y-2Y Curve,0.07
2024-10-10,T10Y2Y,10Y-2Y Curve,0.11
2024-10-11,T10Y2Y,10Y-2Y Curve,0.13
2024-10-15,T10Y2Y,10Y-2Y Curve,0.08
2024-10-16,T10Y2Y,10Y-2Y Curve,0.09
2024-10-17,T10Y2Y,10Y-2Y Curve,0.13
2024-10-18,T10Y2Y,10Y-2Y Curve,0.13
2024-10-21,T10Y2Y,10Y-2Y Curve,0.17
2024-10-22,T10Y2Y,10Y-2Y Curve,0.17
2024-10-23,T10Y2Y,10Y-2Y Curve,0.17
2024-10-24,T10Y2Y,10Y-2Y Curve,0.14
2024-10-25,T10Y2Y,10Y-2Y Curve,0.14
2024-10-28,T10Y2Y,10Y-2Y Curve,0.16
2024-10-29,T10Y2Y,10Y-2Y Curve,0.17
2024-10-30,T10Y2Y,10Y-2Y Curve,0.14
2024-10-31,T10Y2Y,10Y-2Y Curve,0.12
2024-11-01,T10Y2Y,10Y-2Y Curve,0.16
2024-11-04,T10Y2Y,10Y-2Y Curve,0.14
2024-11-05,T10Y2Y,10Y-2Y Curve,0.07
2024-11-06,T10Y2Y,10Y-2Y Curve,0.15
2024-11-07,T10Y2Y,10Y-2Y Curve,0.1
2024-11-08,T10Y2Y,10Y-2Y Curve,0.04
2024-11-12,T10Y2Y,10Y-2Y Curve,0.09
2024-11-13,T10Y2Y,10Y-2Y Curve,0.17
2024-11-14,T10Y2Y,10Y-2Y Curve,0.09
2024-11-15,T10Y2Y,10Y-2Y Curve,0.12
2024-11-18,T10Y2Y,10Y-2Y Curve,0.13
2024-11-19,T10Y2Y,10Y-2Y Curve,0.12
2024-11-20,T10Y2Y,10Y-2Y Curve,0.1
2024-11-21,T10Y2Y,10Y-2Y Curve,0.09
2024-11-22,T10Y2Y,10Y-2Y Curve,0.04
2024-11-25,T10Y2Y,10Y-2Y Curve,0.06
2024-11-26,T10Y2Y,10Y-2Y Curve,0.09
2024-11-27,T10Y2Y,10Y-2Y Curve,0.06
2024-11-29,T10Y2Y,10Y-2Y Curve,0.05
2024-12-02,T10Y2Y,10Y-2Y Curve,0.02
2024-12-03,T10Y2Y,10Y-2Y Curve,0.06
2024-12-04,T10Y2Y,10Y-2Y Curve,0.06
2024-12-05,T10Y2Y,10Y-2Y Curve,0.02
2024-12-06,T10Y2Y,10Y-2Y Curve,0.05
2024-12-09,T10Y2Y,10Y-2Y Curve,0.07
2024-12-10,T10Y2Y,10Y-2Y Curve,0.07
2024-12-11,T10Y2Y,10Y-2Y Curve,0.11
2024-12-12,T10Y2Y,10Y-2Y Curve,0.14
2024-12-13,T10Y2Y,10Y-2Y Curve,0.15
2024-12-16,T10Y2Y,10Y-2Y Curve,0.14
2024-12-17,T10Y2Y,10Y-2Y Curve,0.15
2024-12-18,T10Y2Y,10Y-2Y Curve,0.15
2024-12-19,T10Y2Y,10Y-2Y Curve,0.25
2024-12-20,T10Y2Y,10Y-2Y Curve,0.22
2024-12-23,T10Y2Y,10Y-2Y Curve,0.29
2024-12-24,T10Y2Y,10Y-2Y Curve,0.3
2024-12-26,T10Y2Y,10Y-2Y Curve,0.28
2024-12-27,T10Y2Y,10Y-2Y Curve,0.31
2024-12-30,T10Y2Y,10Y-2Y Curve,0.31
2024-12-31,T10Y2Y,10Y-2Y Curve,0.33
2025-01-02,T10Y2Y,10Y-2Y Curve,0.32
2025-01-03,T10Y2Y,10Y-2Y Curve,0.32
2025-01-06,T10Y2Y,10Y-2Y Curve,0.34
2025-01-07,T10Y2Y,10Y-2Y Curve,0.37
2025-01-08,T10Y2Y,10Y-2Y Curve,0.39
2025-01-09,T10Y2Y,10Y-2Y Curve,0.41
2025-01-10,T10Y2Y,10Y-2Y Curve,0.37
2025-01-13,T10Y2Y,10Y-2Y Curve,0.39
2025-01-14,T10Y2Y,10Y-2Y Curve,0.41
2025-01-15,T10Y2Y,10Y-2Y Curve,0.39
2025-01-16,T10Y2Y,10Y-2Y Curve,0.38
2025-01-17,T10Y2Y,10Y-2Y Curve,0.34
2025-01-21,T10Y2Y,10Y-2Y Curve,0.28
2025-01-22,T10Y2Y,10Y-2Y Curve,0.31
2025-01-23,T10Y2Y,10Y-2Y Curve,0.36
2025-01-24,T10Y2Y,10Y-2Y Curve,0.36
2025-01-27,T10Y2Y,10Y-2Y Curve,0.36
2025-01-28,T10Y2Y,10Y-2Y Curve,0.36
2025-01-29,T10Y2Y,10Y-2Y Curve,0.34
2025-01-30,T10Y2Y,10Y-2Y Curve,0.34
2025-01-31,T10Y2Y,10Y-2Y Curve,0.36
2025-02-03,T10Y2Y,10Y-2Y Curve,0.28
2025-02-04,T10Y2Y,10Y-2Y Curve,0.31
2025-02-05,T10Y2Y,10Y-2Y Curve,0.26
2025-02-06,T10Y2Y,10Y-2Y Curve,0.24
2025-02-07,T10Y2Y,10Y-2Y Curve,0.2
2025-02-10,T10Y2Y,10Y-2Y Curve,0.23
2025-02-11,T10Y2Y,10Y-2Y Curve,0.25
2025-02-12,T10Y2Y,10Y-2Y Curve,0.26
2025-02-13,T10Y2Y,10Y-2Y Curve,0.21
2025-02-14,T10Y2Y,10Y-2Y Curve,0.21
2025-02-18,T10Y2Y,10Y-2Y Curve,0.26
2025-02-19,T10Y2Y,10Y-2Y Curve,0.25
2025-02-20,T10Y2Y,10Y-2Y Curve,0.22
2025-02-21,T10Y2Y,10Y-2Y Curve,0.23
2025-02-24,T10Y2Y,10Y-2Y Curve,0.27
2025-02-25,T10Y2Y,10Y-2Y Curve,0.23
2025-02-26,T10Y2Y,10Y-2Y Curve,0.2
2025-02-27,T10Y2Y,10Y-2Y Curve,0.22
2025-02-28,T10Y2Y,10Y-2Y Curve,0.25
2025-03-03,T10Y2Y,10Y-2Y Curve,0.2
2025-03-04,T10Y2Y,10Y-2Y Curve,0.26
2025-03-05,T10Y2Y,10Y-2Y Curve,0.29
2025-03-06,T10Y2Y,10Y-2Y Curve,0.33
2025-03-07,T10Y2Y,10Y-2Y Curve,0.33
2025-03-10,T10Y2Y,10Y-2Y Curve,0.33
2025-03-11,T10Y2Y,10Y-2Y Curve,0.34
2025-03-12,T10Y2Y,10Y-2Y Curve,0.31
2025-03-13,T10Y2Y,10Y-2Y Curve,0.33
2025-03-14,T10Y2Y,10Y-2Y Curve,0.29
2025-03-17,T10Y2Y,10Y-2Y Curve,0.25
2025-03-18,T10Y2Y,10Y-2Y Curve,0.25
2025-03-19,T10Y2Y,10Y-2Y Curve,0.26
2025-03-20,T10Y2Y,10Y-2Y Curve,0.29
2025-03-21,T10Y2Y,10Y-2Y Curve,0.31
2025-03-24,T10Y2Y,10Y-2Y Curve,0.3
2025-03-25,T10Y2Y,10Y-2Y Curve,0.35
2025-03-26,T10Y2Y,10Y-2Y Curve,0.37
2025-03-27,T10Y2Y,10Y-2Y Curve,0.41
2025-03-28,T10Y2Y,10Y-2Y Curve,0.38
2025-03-31,T10Y2Y,10Y-2Y Curve,0.34
2025-04-01,T10Y2Y,10Y-2Y Curve,0.3
2025-04-02,T10Y2Y,10Y-2Y Curve,0.29
2025-04-03,T10Y2Y,10Y-2Y Curve,0.35
2025-04-04,T10Y2Y,10Y-2Y Curve,0.33
2025-04-07,T10Y2Y,10Y-2Y Curve,0.42
2025-04-08,T10Y2Y,10Y-2Y Curve,0.55
2025-04-09,T10Y2Y,10Y-2Y Curve,0.43
2025-04-10,T10Y2Y,10Y-2Y Curve,0.56
2025-04-11,T10Y2Y,10Y-2Y Curve,0.52
2025-04-14,T10Y2Y,10Y-2Y Curve,0.54
2025-04-15,T10Y2Y,10Y-2Y Curve,0.51
2025-04-16,T10Y2Y,10Y-2Y Curve,0.52
2025-04-17,T10Y2Y,10Y-2Y Curve,0.53
2025-04-21,T10Y2Y,10Y-2Y Curve,0.67
2025-04-22,T10Y2Y,10Y-2Y Curve,0.65
2025-04-23,T10Y2Y,10Y-2Y Curve,0.59
2025-04-24,T10Y2Y,10Y-2Y Curve,0.55
2025-04-25,T10Y2Y,10Y-2Y Curve,0.55
2025-04-28,T10Y2Y,10Y-2Y Curve,0.56
2025-04-29,T10Y2Y,10Y-2Y Curve,0.54
2025-04-30,T10Y2Y,10Y-2Y Curve,0.57
2025-05-01,T10Y2Y,10Y-2Y Curve,0.55
2025-05-02,T10Y2Y,10Y-2Y Curve,0.5
2025-05-05,T10Y2Y,10Y-2Y Curve,0.53
2025-05-06,T10Y2Y,10Y-2Y Curve,0.52
2025-05-07,T10Y2Y,10Y-2Y Curve,0.48
2025-05-08,T10Y2Y,10Y-2Y Curve,0.47
2025-05-09,T10Y2Y,10Y-2Y Curve,0.49
2025-05-12,T10Y2Y,10Y-2Y Curve,0.47
2025-05-13,T10Y2Y,10Y-2Y Curve,0.47
2025-05-14,T10Y2Y,10Y-2Y Curve,0.48
2025-05-15,T10Y2Y,10Y-2Y Curve,0.49
2025-05-16,T10Y2Y,10Y-2Y Curve,0.45
2025-05-19,T10Y2Y,10Y-2Y Curve,0.49
2025-05-20,T10Y2Y,10Y-2Y Curve,0.51
2025-05-21,T10Y2Y,10Y-2Y Curve,0.58
2025-05-22,T10Y2Y,10Y-2Y Curve,0.54
2025-05-23,T10Y2Y,10Y-2Y Curve,0.51
2025-05-27,T10Y2Y,10Y-2Y Curve,0.51
2025-05-28,T10Y2Y,10Y-2Y Curve,0.51
2025-05-29,T10Y2Y,10Y-2Y Curve,0.51
2025-05-30,T10Y2Y,10Y-2Y Curve,0.52
2025-06-02,T10Y2Y,10Y-2Y Curve,0.52
2025-06-03,T10Y2Y,10Y-2Y Curve,0.5
2025-06-04,T10Y2Y,10Y-2Y Curve,0.5
2025-06-05,T10Y2Y,10Y-2Y Curve,0.48
2025-06-06,T10Y2Y,10Y-2Y Curve,0.47
2025-06-09,T10Y2Y,10Y-2Y Curve,0.48
2025-06-10,T10Y2Y,10Y-2Y Curve,0.46
2025-06-11,T10Y2Y,10Y-2Y Curve,0.47
2025-06-12,T10Y2Y,10Y-2Y Curve,0.46
2025-06-13,T10Y2Y,10Y-2Y Curve,0.45
2025-06-16,T10Y2Y,10Y-2Y Curve,0.49
2025-06-17,T10Y2Y,10Y-2Y Curve,0.45
2025-06-18,T10Y2Y,10Y-2Y Curve,0.44
2025-06-20,T10Y2Y,10Y-2Y Curve,0.48
2025-06-23,T10Y2Y,10Y-2Y Curve,0.5
2025-06-24,T10Y2Y,10Y-2Y Curve,0.55
2025-06-25,T10Y2Y,10Y-2Y Curve,0.55
2025-06-26,T10Y2Y,10Y-2Y Curve,0.56
2025-06-27,T10Y2Y,10Y-2Y Curve,0.56
2025-06-30,T10Y2Y,10Y-2Y Curve,0.52
2025-07-01,T10Y2Y,10Y-2Y Curve,0.48
2025-07-02,T10Y2Y,10Y-2Y Curve,0.52
2025-07-03,T10Y2Y,10Y-2Y Curve,0.47
2025-07-07,T10Y2Y,10Y-2Y Curve,0.5
2025-07-08,T10Y2Y,10Y-2Y Curve,0.52
2025-07-09,T10Y2Y,10Y-2Y Curve,0.48
2025-07-10,T10Y2Y,10Y-2Y Curve,0.49
2025-07-11,T10Y2Y,10Y-2Y Curve,0.53
2025-07-14,T10Y2Y,10Y-2Y Curve,0.53
2025-07-15,T10Y2Y,10Y-2Y Curve,0.55
2025-07-16,T10Y2Y,10Y-2Y Curve,0.58
2025-07-17,T10Y2Y,10Y-2Y Curve,0.56
2025-07-18,T10Y2Y,10Y-2Y Curve,0.56
2025-07-21,T10Y2Y,10Y-2Y Curve,0.53
2025-07-22,T10Y2Y,10Y-2Y Curve,0.52
2025-07-23,T10Y2Y,10Y-2Y Curve,0.52
2025-07-24,T10Y2Y,10Y-2Y Curve,0.52
2025-07-25,T10Y2Y,10Y-2Y Curve,0.49
2025-07-28,T10Y2Y,10Y-2Y Curve,0.51
2025-07-29,T10Y2Y,10Y-2Y Curve,0.48
2025-07-30,T10Y2Y,10Y-2Y Curve,0.44
2025-07-31,T10Y2Y,10Y-2Y Curve,0.43
2025-08-01,T10Y2Y,10Y-2Y Curve,0.54
2025-08-04,T10Y2Y,10Y-2Y Curve,0.53
2025-08-05,T10Y2Y,10Y-2Y Curve,0.5
2025-08-06,T10Y2Y,10Y-2Y Curve,0.53
2025-08-07,T10Y2Y,10Y-2Y Curve,0.51
2025-08-08,T10Y2Y,10Y-2Y Curve,0.51
2025-08-11,T10Y2Y,10Y-2Y Curve,0.51
2025-08-12,T10Y2Y,10Y-2Y Curve,0.57
2025-08-13,T10Y2Y,10Y-2Y Curve,0.57
2025-08-14,T10Y2Y,10Y-2Y Curve,0.55
2025-08-15,T10Y2Y,10Y-2Y Curve,0.58
2025-08-18,T10Y2Y,10Y-2Y Curve,0.57
2025-08-19,T10Y2Y,10Y-2Y Curve,0.55
2025-08-20,T10Y2Y,10Y-2Y Curve,0.55
2025-08-21,T10Y2Y,10Y-2Y Curve,0.54
2025-08-22,T10Y2Y,10Y-2Y Curve,0.58
2025-08-25,T10Y2Y,10Y-2Y Curve,0.55
2025-08-26,T10Y2Y,10Y-2Y Curve,0.65
2025-08-27,T10Y2Y,10Y-2Y Curve,0.65
2025-08-28,T10Y2Y,10Y-2Y Curve,0.6
2025-08-29,T10Y2Y,10Y-2Y Curve,0.64
2025-09-02,T10Y2Y,10Y-2Y Curve,0.62
2025-09-03,T10Y2Y,10Y-2Y Curve,0.61
2025-09-04,T10Y2Y,10Y-2Y Curve,0.58
2025-09-05,T10Y2Y,10Y-2Y Curve,0.59
2025-09-08,T10Y2Y,10Y-2Y Curve,0.56
2025-09-09,T10Y2Y,10Y-2Y Curve,0.54
2025-09-10,T10Y2Y,10Y-2Y Curve,0.5
2025-09-11,T10Y2Y,10Y-2Y Curve,0.49
2025-09-12,T10Y2Y,10Y-2Y Curve,0.5
2025-09-15,T10Y2Y,10Y-2Y Curve,0.51
2025-09-16,T10Y2Y,10Y-2Y Curve,0.53
2025-09-17,T10Y2Y,10Y-2Y Curve,0.54
2025-09-18,T10Y2Y,10Y-2Y Curve,0.54
2025-09-19,T10Y2Y,10Y-2Y Curve,0.57
2025-09-22,T10Y2Y,10Y-2Y Curve,0.54
2025-09-23,T10Y2Y,10Y-2Y Curve,0.59
2025-09-24,T10Y2Y,10Y-2Y Curve,0.59
2025-09-25,T10Y2Y,10Y-2Y Curve,0.54
2025-09-26,T10Y2Y,10Y-2Y Curve,0.57
2025-09-29,T10Y2Y,10Y-2Y Curve,0.52
2025-09-30,T10Y2Y,10Y-2Y Curve,0.56
2025-10-01,T10Y2Y,10Y-2Y Curve,0.57
2025-10-02,T10Y2Y,10Y-2Y Curve,0.55
2025-10-03,T10Y2Y,10Y-2Y Curve,0.55
2025-10-06,T10Y2Y,10Y-2Y Curve,0.58
2025-10-07,T10Y2Y,10Y-2Y Curve,0.57
2025-10-08,T10Y2Y,10Y-2Y Curve,0.55
2025-10-09,T10Y2Y,10Y-2Y Curve,0.54
2025-10-10,T10Y2Y,10Y-2Y Curve,0.53
2025-10-14,T10Y2Y,10Y-2Y Curve,0.55
2025-10-15,T10Y2Y,10Y-2Y Curve,0.55
2025-10-16,T10Y2Y,10Y-2Y Curve,0.58
2025-10-17,T10Y2Y,10Y-2Y Curve,0.56
2025-10-20,T10Y2Y,10Y-2Y Curve,0.54
2025-10-21,T10Y2Y,10Y-2Y Curve,0.53
2025-10-22,T10Y2Y,10Y-2Y Curve,0.52
2025-10-23,T10Y2Y,10Y-2Y Curve,0.53
2025-10-24,T10Y2Y,10Y-2Y Curve,0.54
2025-10-27,T10Y2Y,10Y-2Y Curve,0.53
2025-10-28,T10Y2Y,10Y-2Y Curve,0.52
2025-10-29,T10Y2Y,10Y-2Y Curve,0.49
2025-10-30,T10Y2Y,10Y-2Y Curve,0.5
2025-10-31,T10Y2Y,10Y-2Y Curve,0.51
2025-11-03,T10Y2Y,10Y-2Y Curve,0.53
2025-11-04,T10Y2Y,10Y-2Y Curve,0.52
2025-11-05,T10Y2Y,10Y-2Y Curve,0.54
2025-11-06,T10Y2Y,10Y-2Y Curve,0.54
2025-11-07,T10Y2Y,10Y-2Y Curve,0.56
2025-11-10,T10Y2Y,10Y-2Y Curve,0.55
2025-11-12,T10Y2Y,10Y-2Y Curve,0.52
2025-11-13,T10Y2Y,10Y-2Y Curve,0.53
2025-11-14,T10Y2Y,10Y-2Y Curve,0.52
2025-11-17,T10Y2Y,10Y-2Y Curve,0.53
2025-11-18,T10Y2Y,10Y-2Y Curve,0.54
2025-11-19,T10Y2Y,10Y-2Y Curve,0.55
2025-11-20,T10Y2Y,10Y-2Y Curve,0.55
2025-11-21,T10Y2Y,10Y-2Y Curve,0.55
2025-11-24,T10Y2Y,10Y-2Y Curve,0.58
2025-11-25,T10Y2Y,10Y-2Y Curve,0.58
2025-11-26,T10Y2Y,10Y-2Y Curve,0.55
2025-11-28,T10Y2Y,10Y-2Y Curve,0.55
2025-12-01,T10Y2Y,10Y-2Y Curve,0.55
2025-12-02,T10Y2Y,10Y-2Y Curve,0.58
2025-12-03,T10Y2Y,10Y-2Y Curve,0.57
2025-12-04,T10Y2Y,10Y-2Y Curve,0.59
2025-12-05,T10Y2Y,10Y-2Y Curve,0.58
2025-12-08,T10Y2Y,10Y-2Y Curve,0.6
2025-12-09,T10Y2Y,10Y-2Y Curve,0.57
2025-12-10,T10Y2Y,10Y-2Y Curve,0.59
2025-12-11,T10Y2Y,10Y-2Y Curve,0.62
2025-12-12,T10Y2Y,10Y-2Y Curve,0.67
2025-12-15,T10Y2Y,10Y-2Y Curve,0.67
2025-12-16,T10Y2Y,10Y-2Y Curve,0.67
2025-12-17,T10Y2Y,10Y-2Y Curve,0.67
2025-12-18,T10Y2Y,10Y-2Y Curve,0.66
2025-12-19,T10Y2Y,10Y-2Y Curve,0.68
2025-12-22,T10Y2Y,10Y-2Y Curve,0.73
2025-12-23,T10Y2Y,10Y-2Y Curve,0.7
2025-12-24,T10Y2Y,10Y-2Y Curve,0.68
2025-12-26,T10Y2Y,10Y-2Y Curve,0.68
2025-12-29,T10Y2Y,10Y-2Y Curve,0.67
2025-12-30,T10Y2Y,10Y-2Y Curve,0.69
2025-12-31,T10Y2Y,10Y-2Y Curve,0.71
2026-01-02,T10Y2Y,10Y-2Y Curve,0.72
2026-01-05,T10Y2Y,10Y-2Y Curve,0.71
2026-01-06,T10Y2Y,10Y-2Y Curve,0.71
2026-01-07,T10Y2Y,10Y-2Y Curve,0.68
2026-01-08,T10Y2Y,10Y-2Y Curve,0.7
2026-01-09,T10Y2Y,10Y-2Y Curve,0.64
2026-01-12,T10Y2Y,10Y-2Y Curve,0.65
2026-01-13,T10Y2Y,10Y-2Y Curve,0.65
2026-01-14,T10Y2Y,10Y-2Y Curve,0.64
2026-01-15,T10Y2Y,10Y-2Y Curve,0.61
2026-01-16,T10Y2Y,10Y-2Y Curve,0.65
2026-01-20,T10Y2Y,10Y-2Y Curve,0.7
2026-01-21,T10Y2Y,10Y-2Y Curve,0.66
2026-01-22,T10Y2Y,10Y-2Y Curve,0.65
2026-01-23,T10Y2Y,10Y-2Y Curve,0.64
2026-01-26,T10Y2Y,10Y-2Y Curve,0.66
2026-01-27,T10Y2Y,10Y-2Y Curve,0.71
2026-01-28,T10Y2Y,10Y-2Y Curve,0.7
2026-01-29,T10Y2Y,10Y-2Y Curve,0.71
2026-01-30,T10Y2Y,10Y-2Y Curve,0.74
2026-02-02,T10Y2Y,10Y-2Y Curve,0.72
2026-02-03,T10Y2Y,10Y-2Y Curve,0.71
2026-02-04,T10Y2Y,10Y-2Y Curve,0.72
2026-02-05,T10Y2Y,10Y-2Y Curve,0.74
2026-02-06,T10Y2Y,10Y-2Y Curve,0.72
2026-02-09,T10Y2Y,10Y-2Y Curve,0.74
2026-02-10,T10Y2Y,10Y-2Y Curve,0.71
2026-02-11,T10Y2Y,10Y-2Y Curve,0.66
2026-02-12,T10Y2Y,10Y-2Y Curve,0.62
2026-02-13,T10Y2Y,10Y-2Y Curve,0.64
2026-02-17,T10Y2Y,10Y-2Y Curve,0.62
2026-02-18,T10Y2Y,10Y-2Y Curve,0.62
2026-02-19,T10Y2Y,10Y-2Y Curve,0.61
2026-02-20,T10Y2Y,10Y-2Y Curve,0.6
2026-02-23,T10Y2Y,10Y-2Y Curve,0.6
2026-02-24,T10Y2Y,10Y-2Y Curve,0.61
2026-02-25,T10Y2Y,10Y-2Y Curve,0.6
2026-02-26,T10Y2Y,10Y-2Y Curve,0.6
2026-02-27,T10Y2Y,10Y-2Y Curve,0.59
2026-03-02,T10Y2Y,10Y-2Y Curve,0.58
2026-03-03,T10Y2Y,10Y-2Y Curve,0.55
2026-03-04,T10Y2Y,10Y-2Y Curve,0.55
2026-03-05,T10Y2Y,10Y-2Y Curve,0.56
2026-03-06,T10Y2Y,10Y-2Y Curve,0.59
2026-03-09,T10Y2Y,10Y-2Y Curve,0.56
2026-03-10,T10Y2Y,10Y-2Y Curve,0.58
2026-03-11,T10Y2Y,10Y-2Y Curve,0.57
2026-03-12,T10Y2Y,10Y-2Y Curve,0.51
2026-03-13,T10Y2Y,10Y-2Y Curve,0.55
2026-03-16,T10Y2Y,10Y-2Y Curve,0.55
2026-03-17,T10Y2Y,10Y-2Y Curve,0.52
2026-03-18,T10Y2Y,10Y-2Y Curve,0.5
2026-03-19,T10Y2Y,10Y-2Y Curve,0.46
2026-03-20,T10Y2Y,10Y-2Y Curve,0.51
2026-03-23,T10Y2Y,10Y-2Y Curve,0.51
2026-03-24,T10Y2Y,10Y-2Y Curve,0.49
2026-03-25,T10Y2Y,10Y-2Y Curve,0.49
2026-03-26,T10Y2Y,10Y-2Y Curve,0.46
2026-03-27,T10Y2Y,10Y-2Y Curve,0.56
2026-03-30,T10Y2Y,10Y-2Y Curve,0.53
2026-03-31,T10Y2Y,10Y-2Y Curve,0.51
2026-04-01,T10Y2Y,10Y-2Y Curve,0.52
2026-04-02,T10Y2Y,10Y-2Y Curve,0.52
2026-04-03,T10Y2Y,10Y-2Y Curve,0.51
2026-04-06,T10Y2Y,10Y-2Y Curve,0.5
2026-04-07,T10Y2Y,10Y-2Y Curve,0.52
2026-04-08,T10Y2Y,10Y-2Y Curve,0.5
2026-04-09,T10Y2Y,10Y-2Y Curve,0.51
2026-04-10,T10Y2Y,10Y-2Y Curve,0.5
2026-04-13,T10Y2Y,10Y-2Y Curve,0.52
2026-04-14,T10Y2Y,10Y-2Y Curve,0.5
2026-04-15,T10Y2Y,10Y-2Y Curve,0.53
2026-04-16,T10Y2Y,10Y-2Y Curve,0.54
2026-04-17,T10Y2Y,10Y-2Y Curve,0.55
2026-04-20,T10Y2Y,10Y-2Y Curve,0.54
2026-04-21,T10Y2Y,10Y-2Y Curve,0.52
2026-04-22,T10Y2Y,10Y-2Y Curve,0.51
2026-04-23,T10Y2Y,10Y-2Y Curve,0.51
2026-04-24,T10Y2Y,10Y-2Y Curve,0.53
2026-04-27,T10Y2Y,10Y-2Y Curve,0.57
2026-04-28,T10Y2Y,10Y-2Y Curve,0.52
2026-04-29,T10Y2Y,10Y-2Y Curve,0.5
2026-04-30,T10Y2Y,10Y-2Y Curve,0.52
2026-05-01,T10Y2Y,10Y-2Y Curve,0.51
2026-05-04,T10Y2Y,10Y-2Y Curve,0.5
2026-05-05,T10Y2Y,10Y-2Y Curve,0.5
2026-05-06,T10Y2Y,10Y-2Y Curve,0.49
2026-05-07,T10Y2Y,10Y-2Y Curve,0.49
2026-05-08,T10Y2Y,10Y-2Y Curve,0.48
2026-05-11,T10Y2Y,10Y-2Y Curve,0.47
2026-05-12,T10Y2Y,10Y-2Y Curve,0.46
2026-05-13,T10Y2Y,10Y-2Y Curve,0.48
2026-05-14,T10Y2Y,10Y-2Y Curve,0.47
2026-05-15,T10Y2Y,10Y-2Y Curve,0.5
2026-05-18,T10Y2Y,10Y-2Y Curve,0.54
2026-05-19,T10Y2Y,10Y-2Y Curve,0.54
2026-05-20,T10Y2Y,10Y-2Y Curve,0.53
2026-05-21,T10Y2Y,10Y-2Y Curve,0.49
2026-05-22,T10Y2Y,10Y-2Y Curve,0.43
