sample_id,prediction_date,regime_bucket,sample_seed,model_scope,qqq_close,qqq_ret_1d,qqq_ret_20d,qqq_dist_ma_50,qqq_dist_ma_200,qqq_volume_ratio_20,qqq_realized_vol_20,qqq_drawdown_60,vix_close,vix_change_5d,hyg_close,hyg_change_5d,technical_trend_score,market_pressure_score,future_return_1d,future_return_5d,future_return_20d,future_max_drawdown_1d,future_max_drawdown_5d,future_max_drawdown_20d,kg_coverage_state,fundamental_coverage_state,independent_news_source_count,eligible_for_full_kg_backtest,created_at_utc,fundamental_ticker_coverage,fundamental_source
HIST-20070810,2007-08-10,高波動／壓力,20260724,市場技術與壓力基準,40.514469146728516,-0.009013064955277539,-0.05250482640982912,-0.018379494263385032,0.04509794910873932,1.3246046472630342,0.188119392003572,-0.060413285894368896,28.299999237060547,0.12480124835817152,29.906370162963867,0.013711814684036039,-0.3333333333333333,0.0,0.006768434061084072,-0.020515553463190672,0.019458459365621072,0.006768434061084072,-0.03870534926146063,-0.03870534926146063,需要歷史多來源事件回補,資料不足,0,False,2026-10-07 04:36:36.414590+00:00,0,SEC Company Facts（point-in-time filed_at）
HIST-20070822,2007-08-22,高波動／壓力,20260724,市場技術與壓力基準,40.840091705322266,0.013611056461415139,-0.03522314573747087,-0.009368670657557532,0.04938617943546464,0.5656298894411221,0.22743407318174289,-0.05286164727460252,22.889999389648438,-0.2536681013137322,30.110122680664062,0.0017189865073836685,-0.3333333333333333,1.0,-0.0027277265940499618,0.008812640779900294,0.04972797925646266,-0.0027277265940499618,-0.019303034704419963,-0.019303034704419963,需要歷史多來源事件回補,資料不足,0,False,2026-10-07 04:36:36.414590+00:00,0,SEC Company Facts（point-in-time filed_at）
HIST-20071001,2007-10-01,正常／溫和上漲,20260724,市場技術與壓力基準,44.58222961425781,0.011476183371062154,0.06460050758836489,0.06929331906038128,0.126332968806677,0.9649397129517684,0.15640844365153633,0.0,17.84000015258789,-0.07898815799463121,31.947509765625,-0.0005026220424857453,1.0,0.0,0.00019226550197304348,0.022115581086756153,0.04134623842428198,0.00019226550197304348,-0.006730661615796829,-0.006730661615796829,需要歷史多來源事件回補,資料不足,0,False,2026-10-07 04:36:36.414590+00:00,0,SEC Company Facts（point-in-time filed_at）
HIST-20071113,2007-11-13,高波動／壓力,20260724,市場技術與壓力基準,43.5019645690918,0.04124739911373565,-0.04028774084371822,-0.02102797965355918,0.06622293455243877,1.2482085066556807,0.3176785012533653,-0.07795751827666886,24.100000381469727,0.12669476714117045,31.53816032409668,-0.009538989474627502,-0.3333333333333333,-1.0,-0.012810227206262015,-0.016554950775528043,0.020497152742086744,-0.012810227206262015,-0.020496451220249012,-0.034686571881128225,需要歷史多來源事件回補,資料不足,0,False,2026-10-07 04:36:36.414590+00:00,0,SEC Company Facts（point-in-time filed_at）
HIST-20071211,2007-12-11,強勢反彈／轉折,20260724,市場技術與壓力基準,43.99924087524414,-0.023220799272649417,0.05315002616865039,-0.015881576592092883,0.06481257556041142,0.9532007100837293,0.26024300330329314,-0.06741753729032307,23.59000015258789,-0.008406925399019882,31.628719329833984,-0.005882791278320809,0.3333333333333333,0.0,0.008963566151503066,-0.027864676828444068,-0.06391254066082275,0.008963566151503066,-0.03098203185899384,-0.08478354297334945,需要歷史多來源事件回補,資料不足,0,False,2026-10-07 04:36:36.414590+00:00,0,SEC Company Facts（point-in-time filed_at）
HIST-20080211,2008-02-11,高波動／壓力,20260724,市場技術與壓力基準,37.822818756103516,0.01077978889996345,-0.06333705478392193,-0.08636232056618176,-0.09849718664298457,0.5501892757812799,0.2535277896595248,-0.1605716902987223,27.600000381469727,0.061946926684497416,30.126285552978516,-0.02940211339788068,-1.0,-1.0,-0.005672602943512461,-0.00748762610280862,-0.02813628810819946,-0.005672602943512461,-0.00748762610280862,-0.06376221945986016,需要歷史多來源事件回補,資料不足,0,False,2026-10-07 04:36:36.414590+00:00,0,SEC Company Facts（point-in-time filed_at）
HIST-20080220,2008-02-20,明顯下跌趨勢,20260724,市場技術與壓力基準,37.71126937866211,0.004572602693789118,-0.005432113819052509,-0.07210208694490672,-0.09992519222658203,0.7563900898704361,0.22680844834249064,-0.16304738376719918,24.399999618530273,-0.07330042957721838,30.157840728759766,-0.0027150753984372944,-1.0,0.0,-0.009558676333478067,0.007965175848994477,-0.03823430071244738,-0.009558676333478067,-0.009558676333478067,-0.06099284194281829,需要歷史多來源事件回補,資料不足,0,False,2026-10-07 04:36:36.414590+00:00,0,SEC Company Facts（point-in-time filed_at）
HIST-20080221,2008-02-21,明顯下跌趨勢,20260724,市場技術與壓力基準,37.350799560546875,-0.009558676333478067,-0.011133834871984383,-0.07756049812657106,-0.10825463921488632,0.7589853814418437,0.22893096639537916,-0.17104754293222613,25.1200008392334,0.009646370038679741,30.262035369873047,0.003349066528097744,-1.0,0.0,0.0036767379327418137,0.013787154458126505,-0.009106769201355336,0.0036767379327418137,0.0036767379327418137,-0.051930552956873544,需要歷史多來源事件回補,資料不足,0,False,2026-10-07 04:36:36.414590+00:00,0,SEC Company Facts（point-in-time filed_at）
HIST-20080222,2008-02-22,明顯下跌趨勢,20260724,市場技術與壓力基準,37.488128662109375,0.0036767379327418137,-0.027387729272742467,-0.07070013240399797,-0.10470619629760014,0.9606328706467968,0.21598758945139188,-0.16799970198888559,24.059999465942383,-0.05794837104665784,30.315725326538086,0.00020816994017258672,-1.0,1.0,0.005036384402288707,-0.016712850992053996,0.02140183537920115,0.005036384402288707,-0.016712850992053996,-0.055403586421808315,需要歷史多來源事件回補,資料不足,0,False,2026-10-07 04:36:36.414590+00:00,0,SEC Company Facts（point-in-time filed_at）
HIST-20080225,2008-02-25,明顯下跌趨勢,20260724,市場技術與壓力基準,37.67693328857422,0.005036384402288707,-0.0020456646177013926,-0.06308305857244723,-0.09993699369771725,0.7594026369172796,0.20461842248275097,-0.1638094286652827,23.030000686645508,-0.07953636030013223,30.407299041748047,0.005744005807029717,-1.0,1.0,0.0038720101344749125,-0.028018741326881536,0.02198215977633211,0.0038720101344749125,-0.028018741326881536,-0.06013709728533034,需要歷史多來源事件回補,資料不足,0,False,2026-10-07 04:36:36.414590+00:00,0,SEC Company Facts（point-in-time filed_at）
HIST-20080226,2008-02-26,明顯下跌趨勢,20260724,市場技術與壓力基準,37.822818756103516,0.0038720101344749125,-0.005865628665328582,-0.05637158190858649,-0.09626554915408936,0.9322784183991781,0.2031327797172105,-0.1605716902987223,21.899999618530273,-0.14419697194431047,30.603103637695312,0.01742699563526129,-1.0,1.0,0.00499242311542325,-0.026321769234066483,0.015088312939200765,0.00499242311542325,-0.0317677464252486,-0.06376221945986016,需要歷史多來源事件回補,資料不足,0,False,2026-10-07 04:36:36.414590+00:00,0,SEC Company Facts（point-in-time filed_at）
HIST-20080227,2008-02-27,明顯下跌趨勢,20260724,市場技術與壓力基準,38.01164627075195,0.00499242311542325,-0.0027019907477559,-0.048745328832912604,-0.09153198414062524,0.7928891527872666,0.20386722220145426,-0.15638090900162893,22.690000534057617,-0.07008193078716363,30.596792221069336,0.014555136631216659,-1.0,1.0,-0.0038379150034748566,-0.026416813646410686,-0.012324320527069776,-0.0038379150034748566,-0.0365775588901629,-0.06841309545613061,需要歷史多來源事件回補,資料不足,0,False,2026-10-07 04:36:36.414590+00:00,0,SEC Company Facts（point-in-time filed_at）
HIST-20080303,2008-03-03,明顯下跌趨勢,20260724,市場技術與壓力基準,36.621273040771484,-0.006519579850908341,-0.06404950841878476,-0.0753205123759576,-0.12394891380554562,0.888926149269072,0.20884525984509753,-0.18723843598348744,26.280000686645508,0.14112027369085522,30.443984985351562,0.0012064847835759895,-1.0,0.0,0.0056246599626021965,-0.03304421322103945,0.06926757754415158,0.0056246599626021965,-0.03304421322103945,-0.03304421322103945,需要歷史多來源事件回補,資料不足,0,False,2026-10-07 04:36:36.414590+00:00,0,SEC Company Facts（point-in-time filed_at）
HIST-20080311,2008-03-11,明顯下跌趨勢,20260724,市場技術與壓力基準,36.75862503051758,0.03805222571888445,-0.02813628810819946,-0.04928231895034507,-0.11839393575837542,1.2900305615907435,0.2342178535096185,-0.1841900870666563,26.360000610351562,0.032915365890298975,30.358213424682617,-0.0016711315058749454,-1.0,-1.0,-0.002802703555075947,0.01167376310611834,0.049149376824722646,-0.002802703555075947,-0.031520582130463604,-0.031520582130463604,需要歷史多來源事件回補,資料不足,0,False,2026-10-07 04:36:36.414590+00:00,0,SEC Company Facts（point-in-time filed_at）
HIST-20080312,2008-03-12,明顯下跌趨勢,20260724,市場技術與壓力基準,36.655601501464844,-0.002802703555075947,-0.025331225026704596,-0.048097028565638356,-0.12053613222615633,1.0165887765576345,0.2337320212194621,-0.1864765604099008,27.219999313354492,0.10650401996978487,30.35183334350586,-0.0046893074994956985,-1.0,-1.0,0.007727093823882258,-0.01053580136883514,0.0670943816899201,0.007727093823882258,-0.028798592492948805,-0.028798592492948805,需要歷史多來源事件回補,資料不足,0,False,2026-10-07 04:36:36.414590+00:00,0,SEC Company Facts（point-in-time filed_at）
HIST-20080313,2008-03-13,明顯下跌趨勢,20260724,市場技術與壓力基準,36.9388427734375,0.007727093823882258,-0.03885629479757535,-0.03723108942877784,-0.11340630117334405,1.3391801907259895,0.22018156042768738,-0.18019038846426072,27.290000915527344,-0.009437325906835214,30.13887596130371,-0.009091068146263037,-1.0,0.0,-0.01835501052534183,0.0019440694573418238,0.029613883537175756,-0.01835501052534183,-0.03624561306398155,-0.03624561306398155,需要歷史多來源事件回補,資料不足,0,False,2026-10-07 04:36:36.414590+00:00,0,SEC Company Facts（point-in-time filed_at）
HIST-20080314,2008-03-14,明顯下跌趨勢,20260724,市場技術與壓力基準,36.26082992553711,-0.01835501052534183,-0.03911778712287339,-0.05143987429871588,-0.1292466033987737,1.8995837498141233,0.2204441243756377,-0.19523800251277557,31.15999984741211,0.13350309592034848,29.95772361755371,-0.012984709078091794,-1.0,-1.0,-0.01822512489796757,0.05597261560314348,0.04412891445942324,-0.01822512489796757,-0.01822512489796757,-0.01822512489796757,需要歷史多來源事件回補,資料不足,0,False,2026-10-07 04:36:36.414590+00:00,0,SEC Company Facts（point-in-time filed_at）
HIST-20080401,2008-04-01,強勢反彈／轉折,20260724,市場技術與壓力基準,39.15793991088867,0.0427722758196134,0.06926757754415158,0.04398521768485519,-0.05619171033207793,0.8067002144413844,0.35440177526255956,-0.05732154000223155,22.68000030517578,-0.11819592104733312,30.858705520629883,0.0037718573222300655,0.3333333333333333,1.0,-0.002193566324621532,-0.003948750606306728,0.04408817947633614,-0.002193566324621532,-0.003948750606306728,-0.03312122461731437,需要歷史多來源事件回補,資料不足,0,False,2026-10-07 04:36:36.414590+00:00,0,SEC Company Facts（point-in-time filed_at）
HIST-20080402,2008-04-02,強勢反彈／轉折,20260724,市場技術與壓力基準,39.072044372558594,-0.002193566324621532,0.060954559560739474,0.04161149075999315,-0.05805158438210101,0.7892117761771366,0.3548922299251207,-0.05489820076827967,23.43000030517578,-0.10161041511819524,30.874692916870117,0.006685936069918519,0.3333333333333333,1.0,0.0021983886359016047,-0.012969780235337014,0.03781068336623217,0.0021983886359016047,-0.012969780235337014,-0.030995649305218587,需要歷史多來源事件回補,資料不足,0,False,2026-10-07 04:36:36.414590+00:00,0,SEC Company Facts（point-in-time filed_at）
HIST-20080530,2008-05-30,正常／溫和上漲,20260724,市場技術與壓力基準,42.95433044433594,0.006439927748678187,0.026899311662594183,0.06515729524114677,0.03894008418070838,0.7416002704472998,0.1683103428974903,0.0,17.829999923706055,-0.012188328124844827,31.60578727722168,-0.0075779190880505,1.0,0.0,-0.012196830967778571,-0.019596064730529217,-0.0865450230990158,-0.012196830967778571,-0.019596064730529217,-0.0865450230990158,需要歷史多來源事件回補,資料不足,0,False,2026-10-07 04:36:36.414590+00:00,0,SEC Company Facts（point-in-time filed_at）
HIST-20080602,2008-06-02,橫盤／低波動,20260724,市場技術與壓力基準,42.430423736572266,-0.012196830967778571,0.012918376282576194,0.049345187729315176,0.025883891494303146,1.1284417507008893,0.17507258429187028,-0.012196830967778571,19.829999923706055,0.014322286320846311,31.344749450683594,-0.009872251481259475,1.0,-1.0,-0.0054657601749042994,-0.012753620217639705,-0.08498985110062762,-0.0054657601749042994,-0.012753620217639705,-0.08498985110062762,需要歷史多來源事件回補,資料不足,0,False,2026-10-07 04:36:36.414590+00:00,0,SEC Company Facts（point-in-time filed_at）
HIST-20080603,2008-06-03,橫盤／低波動,20260724,市場技術與壓力基準,42.198509216308594,-0.0054657601749042994,0.010281926925639784,0.04159630822419946,0.019875687090899152,1.264693868211421,0.1760144164615229,-0.01759592618971917,20.239999771118164,0.03054991853950706,31.367422103881836,-0.0035855152165066295,1.0,-1.0,0.012823078757478568,-0.012009579386744962,-0.06692535205385308,0.012823078757478568,-0.012009579386744962,-0.0799611393366495,需要歷史多來源事件回補,資料不足,0,False,2026-10-07 04:36:36.414590+00:00,0,SEC Company Facts（point-in-time filed_at）
HIST-20080604,2008-06-04,橫盤／低波動,20260724,市場技術與壓力基準,42.7396240234375,0.012823078757478568,0.01696325087357775,0.05275209649767998,0.0325722681427405,1.302167875828544,0.18035306384086838,-0.004998481379582254,20.799999237060547,0.090718383320471,31.335054397583008,-0.009473332925351685,1.0,-1.0,0.015875581581330067,-0.048030799176289496,-0.10086044761412416,0.015875581581330067,-0.048030799176289496,-0.10086044761412416,需要歷史多來源事件回補,資料不足,0,False,2026-10-07 04:36:36.414590+00:00,0,SEC Company Facts（point-in-time filed_at）
HIST-20080626,2008-06-26,明顯下跌趨勢,20260724,市場技術與壓力基準,39.236846923828125,-0.04036059446361884,-0.08066243904610304,-0.05402679100078678,-0.05209728724936691,1.1437846742738087,0.2681075324269429,-0.09630291504730581,23.93000030517578,0.10889714503141423,30.56096649169922,-0.016264160342806866,-1.0,-1.0,0.0,-0.022344508455619527,-0.008324563880119484,0.0,-0.022344508455619527,-0.031106767217878306,需要歷史多來源事件回補,資料不足,0,False,2026-10-07 04:36:36.414590+00:00,0,SEC Company Facts（point-in-time filed_at）
HIST-20080627,2008-06-27,明顯下跌趨勢,20260724,市場技術與壓力基準,39.236846923828125,0.0,-0.0865450230990158,-0.054188124015641326,-0.05178802596214749,1.0636479501578404,0.2657265725809053,-0.09630291504730581,23.440000534057617,0.02492346628367348,30.476770401000977,-0.015071826209476225,-1.0,-1.0,-0.010515079959524387,-0.016429988652210903,-0.02694467972245751,-0.010515079959524387,-0.022344508455619527,-0.031106767217878306,需要歷史多來源事件回補,資料不足,0,False,2026-10-07 04:36:36.414590+00:00,0,SEC Company Facts（point-in-time filed_at）
HIST-20080630,2008-06-30,明顯下跌趨勢,20260724,市場技術與壓力基準,38.82426834106445,-0.010515079959524387,-0.08498985110062762,-0.06354846470045927,-0.06138220231077285,0.7821714041980031,0.2651369476036412,-0.10580536215477243,23.950000762939453,0.05786225303035919,30.444385528564453,-0.012501533529117759,-1.0,-1.0,0.01416873551775577,0.017710649194614625,0.003762890259727536,0.01416873551775577,-0.011955137725202847,-0.020810511450251923,需要歷史多來源事件回補,資料不足,0,False,2026-10-07 04:36:36.414590+00:00,0,SEC Company Facts（point-in-time filed_at）
HIST-20080703,2008-07-03,明顯下跌趨勢,20260724,市場技術與壓力基準,38.3601188659668,-0.001789475418760289,-0.11649558220334999,-0.07282851424554182,-0.0714003520937927,0.7040145278766041,0.2644798356859738,-0.11649558220334999,24.780000686645508,0.03552028293480136,30.376220703125,-0.006045155300451577,-1.0,-1.0,0.006049697316245384,-0.0015683369174736006,0.005601501609755477,0.006049697316245384,-0.0015683369174736006,-0.008962521908834398,需要歷史多來源事件回補,資料不足,0,False,2026-10-07 04:36:36.414590+00:00,0,SEC Company Facts（point-in-time filed_at）
HIST-20080708,2008-07-08,明顯下跌趨勢,20260724,市場技術與壓力基準,39.511871337890625,0.023830869917196296,-0.05675463417619342,-0.04360591031492134,-0.04262042382264353,1.1824881493752324,0.27061909146234764,-0.0899685946121902,23.149999618530273,-0.03340296947493682,30.320783615112305,-0.004059924721955044,-1.0,0.0,-0.026539033385467925,-0.0376330881075132,-0.0008702620247542647,-0.026539033385467925,-0.037850798432099486,-0.037850798432099486,需要歷史多來源事件回補,資料不足,0,False,2026-10-07 04:36:36.414590+00:00,0,SEC Company Facts（point-in-time filed_at）
HIST-20080714,2008-07-14,明顯下跌趨勢,20260724,市場技術與壓力基準,38.01631546020508,-0.007405799780559996,-0.0849521148688559,-0.0752669812571457,-0.0765493885507944,0.9730602862788389,0.2689626964761233,-0.12441400990440443,28.479999542236328,0.10473230347854368,30.1446533203125,-0.008474139238776712,-1.0,-1.0,0.0002262750145523018,0.01243509143166266,0.07958398310051762,0.0002262750145523018,0.0002262750145523018,0.0002262750145523018,需要歷史多來源事件回補,資料不足,0,False,2026-10-07 04:36:36.414590+00:00,0,SEC Company Facts（point-in-time filed_at）
HIST-20080725,2008-07-25,明顯下跌趨勢,20260724,市場技術與壓力基準,38.91021728515625,0.012978536742131563,-0.008324563880119484,-0.040119590374059655,-0.04848976372033598,0.6107523219684644,0.24218223849172874,-0.10382579915927215,22.90999984741211,-0.04740122352651566,30.653432846069336,0.010210518838956295,-1.0,1.0,-0.01877642136140112,-0.008615324585689477,0.04903853695265137,-0.01877642136140112,-0.01877642136140112,-0.01877642136140112,需要歷史多來源事件回補,資料不足,0,False,2026-10-07 04:36:36.414590+00:00,0,SEC Company Facts（point-in-time filed_at）
HIST-20080728,2008-07-28,明顯下跌趨勢,20260724,市場技術與壓力基準,38.179622650146484,-0.01877642136140112,-0.02694467972245751,-0.05593471894366453,-0.06547620593544656,0.689481442312781,0.25088137718192777,-0.12065274356747457,24.229999542236328,0.05119307350251612,30.549091339111328,0.001817925025979772,-1.0,0.0,0.020710973477800376,0.00022570681753486532,0.0466008143629868,0.020710973477800376,0.00022570681753486532,0.00022570681753486532,需要歷史多來源事件回補,資料不足,0,False,2026-10-07 04:36:36.414590+00:00,0,SEC Company Facts（point-in-time filed_at）
HIST-20080729,2008-07-29,明顯下跌趨勢,20260724,市場技術與壓力基準,38.970359802246094,0.020710973477800376,0.003762890259727536,-0.03447991309235554,-0.045399571725741716,0.7889465456749283,0.2599029360509867,-0.10244060586172399,22.030000686645508,0.04013221762145158,30.555606842041016,-0.001385598428541357,-0.3333333333333333,-1.0,0.005073197070511792,0.01301311707322128,0.024040984956116285,0.005073197070511792,-0.020069605591157114,-0.020069605591157114,需要歷史多來源事件回補,資料不足,0,False,2026-10-07 04:36:36.414590+00:00,0,SEC Company Facts（point-in-time filed_at）
HIST-20080806,2008-08-06,正常／溫和上漲,20260724,市場技術與壓力基準,40.07913589477539,0.015240338335337,0.042010771885984566,0.001348077968438277,-0.013505370303227848,0.7825070606024539,0.2464121708408619,-0.07690344369807778,20.229999542236328,-0.04620460087401712,30.286745071411133,-0.009010225139547856,0.3333333333333333,0.0,-0.007719884014712797,0.022947021868832795,-0.06369273131264874,-0.007719884014712797,-0.007719884014712797,-0.06369273131264874,需要歷史多來源事件回補,資料不足,0,False,2026-10-07 04:36:36.414590+00:00,0,SEC Company Facts（point-in-time filed_at）
HIST-20080811,2008-08-11,強勢反彈／轉折,20260724,市場技術與壓力基準,41.041805267333984,0.009087152325234937,0.07958398310051762,0.028716030408456605,0.012253297315975908,0.9884118539720288,0.2461865880751081,-0.05473138926558663,20.1200008392334,-0.14346526031167972,30.2177734375,-0.0019530273057181136,1.0,0.0,0.0010473225655907026,-0.0031417818035233136,-0.11099453538910198,0.0010473225655907026,-0.0031417818035233136,-0.11099453538910198,需要歷史多來源事件回補,資料不足,0,False,2026-10-07 04:36:36.414590+00:00,0,SEC Company Facts（point-in-time filed_at）
HIST-20080812,2008-08-12,強勢反彈／轉折,20260724,市場技術與壓力基準,41.08478927612305,0.0010473225655907026,0.08047017236349419,0.03048856319050941,0.01386329069497294,0.9248667540364663,0.24603908612069506,-0.05374138811901974,21.170000076293945,0.0014191432124732728,30.33603286743164,-0.005062945736744484,1.0,-1.0,-0.0020921751091049767,-0.016527375572311986,-0.10460207029979485,-0.0020921751091049767,-0.016527375572311986,-0.11192463675697162,需要歷史多來源事件回補,資料不足,0,False,2026-10-07 04:36:36.414590+00:00,0,SEC Company Facts（point-in-time filed_at）
HIST-20080813,2008-08-13,強勢反彈／轉折,20260724,市場技術與壓力基準,40.99883270263672,-0.0020921751091049767,0.05205168519572445,0.028951829698633302,0.012396433790038408,1.122428952499613,0.234020832218945,-0.05572112683357344,21.549999237060547,0.06524961565462783,30.38201904296875,0.0031457316173453265,1.0,0.0,0.011530204237263142,-0.012788438867921914,-0.08595418250664011,0.011530204237263142,-0.014465464748495416,-0.11006273215652462,需要歷史多來源事件回補,資料不足,0,False,2026-10-07 04:36:36.414590+00:00,0,SEC Company Facts（point-in-time filed_at）
HIST-20080818,2008-08-18,強勢反彈／轉折,20260724,市場技術與壓力基準,40.91286087036133,-0.011627889831556493,0.06297398706836321,0.02911442669263331,0.01231664498406082,1.0197951223461679,0.22303716136685497,-0.05770121698623376,20.979999542236328,0.0427434725214304,30.38201904296875,0.005435397343502624,1.0,0.0,-0.012394521578944828,-0.023318748490101848,-0.10903322601148846,-0.012394521578944828,-0.023318748490101848,-0.11596586723376212,需要歷史多來源事件回補,資料不足,0,False,2026-10-07 04:36:36.414590+00:00,0,SEC Company Facts（point-in-time filed_at）
HIST-20080826,2008-08-26,明顯下跌趨勢,20260724,市場技術與壓力基準,39.90724563598633,-0.0012907917791808998,0.024040984956116285,0.007167655598858236,-0.008341374951509883,0.743192817003008,0.2113262938799689,-0.08086239397002493,20.489999771118164,-0.03712410197538751,30.2177734375,-0.007337442334457656,0.3333333333333333,0.0,0.006461248900128114,-0.028214840301698296,-0.11958759043325273,0.006461248900128114,-0.028214840301698296,-0.1339650497612902,需要歷史多來源事件回補,資料不足,0,False,2026-10-07 04:36:36.414590+00:00,0,SEC Company Facts（point-in-time filed_at）
HIST-20080908,2008-09-08,明顯下跌趨勢,20260724,市場技術與壓力基準,37.277122497558594,-0.001841674426282136,-0.08347439536536194,-0.0515494366195457,-0.07000850071783848,1.9951726925589732,0.18769936057985956,-0.11065114579508062,22.639999389648438,0.09636802943727107,30.524415969848633,0.005775123992148412,-1.0,0.0,-0.02121229548912018,-0.029743632146381094,-0.19567673839492405,-0.02121229548912018,-0.029743632146381094,-0.19567673839492405,需要歷史多來源事件回補,資料不足,0,False,2026-10-07 04:36:36.414590+00:00,0,SEC Company Facts（point-in-time filed_at）
HIST-20080910,2008-09-10,明顯下跌趨勢,20260724,市場技術與壓力基準,36.787235260009766,0.008245433619998854,-0.10460207029979485,-0.06172794808007054,-0.08088507125519295,1.0056289535179042,0.1949696409406708,-0.12179838601573045,24.520000457763672,0.14419039237445053,30.421897888183594,-0.0010861655650005186,-1.0,-1.0,0.018690621599736224,-0.06051462567790111,-0.24271448500360815,0.018690621599736224,-0.06051462567790111,-0.24271448500360815,需要歷史多來源事件回補,資料不足,0,False,2026-10-07 04:36:36.414590+00:00,0,SEC Company Facts（point-in-time filed_at）
HIST-20080912,2008-09-12,明顯下跌趨勢,20260724,市場技術與壓力基準,37.32870864868164,-0.003898696196592777,-0.09989615067626234,-0.04645837655113094,-0.06618736579737505,1.0613448992717336,0.20440130694410596,-0.10887208697476669,25.65999984741211,0.11274936867668628,30.421897888183594,-0.004545000926500453,-1.0,-1.0,-0.031084471233295607,-0.011537993420262627,-0.2783532609534294,-0.031084471233295607,-0.07414237621247033,-0.2783532609534294,需要歷史多來源事件回補,資料不足,0,False,2026-10-07 04:36:36.414590+00:00,0,SEC Company Facts（point-in-time filed_at）
HIST-20080926,2008-09-26,高波動／壓力,20260724,市場技術與壓力基準,35.332645416259766,-0.010120088481974987,-0.12741065141782193,-0.08322673044761508,-0.10645548996243615,0.7582441838929737,0.37132892133413375,-0.14802704681590062,34.7400016784668,0.08325544150452524,28.504009246826172,-0.030589633699700247,-1.0,-1.0,-0.07935736070784594,-0.11927934071246904,-0.2816455002628414,-0.07935736070784594,-0.11927934071246904,-0.2816455002628414,需要歷史多來源事件回補,資料不足,0,False,2026-10-07 04:36:36.414590+00:00,0,SEC Company Facts（point-in-time filed_at）
HIST-20081022,2008-10-22,高波動／壓力,20260724,市場技術與壓力基準,26.327472686767578,-0.027636246108622697,-0.25067320739869103,-0.24599574936090518,-0.3118708175347955,0.9685939829947884,0.7677001601201936,-0.3651679801904425,69.6500015258789,0.005776195319550981,23.47693634033203,-0.04399642846491092,-1.0,-1.0,-0.003920473966212756,0.038222574540442755,-0.12250946847168098,-0.003920473966212756,-0.0627251202585376,-0.12250946847168098,需要歷史多來源事件回補,資料不足,0,False,2026-10-07 04:36:36.414590+00:00,0,SEC Company Facts（point-in-time filed_at）
HIST-20081024,2008-10-24,高波動／壓力,20260724,市場技術與壓力基準,25.381364822387695,-0.03214168121856742,-0.2816455002628414,-0.2600094638125148,-0.33392644284034323,1.0135021614784891,0.763351449383344,-0.38798139542584664,79.12999725341797,0.12512434513370918,23.276836395263672,-0.0028572397392377935,-1.0,-1.0,-0.027787553227983874,0.1145373406542125,-0.09623852449191772,-0.027787553227983874,-0.027787553227983874,-0.13385320442514148,需要歷史多來源事件回補,資料不足,0,False,2026-10-07 04:36:36.414590+00:00,0,SEC Company Facts（point-in-time filed_at）
HIST-20081126,2008-11-26,高波動／壓力,20260724,市場技術與壓力基準,25.243741989135742,0.041887692381327835,-0.07646343661481991,-0.10975483170854428,-0.3112026757371612,0.7568935639997129,0.616198613490428,-0.3273068764582864,54.91999816894531,-0.26043635080707095,22.390947341918945,0.01402836683395381,-1.0,1.0,-0.007836197244108445,-0.05246992612235246,-0.006054783112432793,-0.007836197244108445,-0.08245271946161503,-0.08245271946161503,需要歷史多來源事件回補,資料不足,0,False,2026-10-07 04:36:36.414590+00:00,0,SEC Company Facts（point-in-time filed_at）
HIST-20081216,2008-12-16,強勢反彈／轉折,20260724,市場技術與壓力基準,26.284452438354492,0.04801047476378617,0.07719386643212323,0.009366698727918843,-0.26657304419379324,0.8798341152488466,0.6040740298768966,-0.2636143954846748,52.369998931884766,-0.1110168211248882,22.462627410888672,0.018515858325208745,0.3333333333333333,1.0,-0.012107144938222292,-0.047702850589556034,-0.04639209707717862,-0.012107144938222292,-0.047702850589556034,-0.06179365040317841,需要歷史多來源事件回補,資料不足,0,False,2026-10-07 04:36:36.414590+00:00,0,SEC Company Facts（point-in-time filed_at）
HIST-20081218,2008-12-18,強勢反彈／轉折,20260724,市場技術與壓力基準,25.510372161865234,-0.017555522239636745,0.1042443468785661,-0.016989096876839693,-0.28600863111817654,0.7808055784181118,0.5758586440892923,-0.2853010398491642,47.34000015258789,-0.15130869149178872,24.375045776367188,0.11468979814846736,-0.3333333333333333,1.0,0.008204694476515506,-0.01644333343152804,-0.05594745394728673,0.008204694476515506,-0.018806586903622025,-0.05594745394728673,需要歷史多來源事件回補,資料不足,0,False,2026-10-07 04:36:36.414590+00:00,0,SEC Company Facts（point-in-time filed_at）
HIST-20081223,2008-12-23,明顯下跌趨勢,20260724,市場技術與壓力基準,25.030609130859375,-0.005135173367631474,0.02834626035937604,-0.029226656756182523,-0.29624883952833025,0.4456192002587988,0.4908319246444223,-0.25206381006757916,45.02000045776367,-0.14034750093619242,25.549060821533203,0.1374030452532189,-0.3333333333333333,1.0,0.002753053207559697,0.023399847354862224,-0.005505877813175464,0.002753053207559697,-0.005850076139687355,-0.03785274803920491,需要歷史多來源事件回補,資料不足,0,False,2026-10-07 04:36:36.414590+00:00,0,SEC Company Facts（point-in-time filed_at）
HIST-20081224,2008-12-24,明顯下跌趨勢,20260724,市場技術與壓力基準,25.099519729614258,0.002753053207559697,0.03593519147129909,-0.023670060260853498,-0.2931630958483832,0.18687404749532416,0.49024413244664883,-0.24201774061978465,44.209999084472656,-0.11296149781056741,25.14750862121582,0.09158048521690643,-0.3333333333333333,1.0,-0.0003435572975832857,0.06485930146997076,-0.0010296080125982154,-0.0003435572975832857,-0.00857950950109565,-0.04049431823406224,需要歷史多來源事件回補,資料不足,0,False,2026-10-07 04:36:36.414590+00:00,0,SEC Company Facts（point-in-time filed_at）
HIST-20081229,2008-12-29,明顯下跌趨勢,20260724,市場技術與壓力基準,24.884178161621094,-0.00823878269743128,-0.00645809140145448,-0.028956428908631704,-0.2969282366853505,0.3793309441696324,0.46740167669396654,-0.20033338862023864,43.900001525878906,-0.02292452197420136,25.80001449584961,0.06560000352924944,-1.0,1.0,0.020768520173570337,0.08445874579464974,0.05053655868450613,0.020768520173570337,0.020768520173570337,-0.032190991651692036,需要歷史多來源事件回補,資料不足,0,False,2026-10-07 04:36:36.414590+00:00,0,SEC Company Facts（point-in-time filed_at）
HIST-20081230,2008-12-30,強勢反彈／轉折,20260724,市場技術與壓力基準,25.400985717773438,0.020768520173570337,0.09665086427316805,-0.006944683248716221,-0.28129096142156906,0.5697908726804052,0.3779264698161158,-0.15932786286069234,41.630001068115234,-0.06575404431948706,25.878854751586914,0.027691057335473834,-0.3333333333333333,1.0,0.008477460219057154,0.03221439388614855,0.0030518646537860405,0.008477460219057154,0.008477460219057154,-0.051881999472570994,需要歷史多來源事件回補,資料不足,0,False,2026-10-07 04:36:36.414590+00:00,0,SEC Company Facts（point-in-time filed_at）
HIST-20081231,2008-12-31,強勢反彈／轉折,20260724,市場技術與壓力基準,25.616321563720703,0.008477460219057154,0.07018248434010088,0.003780425217936534,-0.27400965968578106,0.6825740083300482,0.36303061136687376,-0.15220109826082395,40.0,-0.11150600636873109,26.046764373779297,0.019480307151902077,0.3333333333333333,1.0,0.04337607489912765,0.034297370206093136,-0.022864814192949834,0.04337607489912765,0.023537396326076765,-0.059852066181545815,需要歷史多來源事件回補,資料不足,0,False,2026-10-07 04:36:36.414590+00:00,0,SEC Company Facts（point-in-time filed_at）
HIST-20090105,2009-01-05,強勢反彈／轉折,20260724,市場技術與壓力基準,26.718843460083008,-0.0003222748206382908,0.11704564519966909,0.04694760548366128,-0.24062892577046846,0.7667832208741231,0.3606365983282539,-0.11571198523363768,39.08000183105469,-0.09912400025783064,27.21870994567871,0.062097032464998536,0.3333333333333333,1.0,0.009993740170608056,-0.04835609341815594,-0.03707298115862023,0.009993740170608056,-0.04835609341815594,-0.09864617358380556,需要歷史多來源事件回補,資料不足,0,False,2026-10-07 04:36:36.414590+00:00,0,SEC Company Facts（point-in-time filed_at）
HIST-20090106,2009-01-06,強勢反彈／轉折,20260724,市場技術與壓力基準,26.985864639282227,0.009993740170608056,0.08415642959134306,0.05677978349907464,-0.23180592145282763,1.1804232868153905,0.3370011717896479,-0.10687464057807983,38.560001373291016,-0.12164009036400547,27.44830322265625,0.06388712405846886,0.3333333333333333,1.0,-0.028407522706687338,-0.0574529989861019,-0.04532431839297335,-0.028407522706687338,-0.05777247052928025,-0.10756493771541797,需要歷史多來源事件回補,資料不足,0,False,2026-10-07 04:36:36.414590+00:00,0,SEC Company Facts（point-in-time filed_at）
HIST-20090107,2009-01-07,明顯下跌趨勢,20260724,市場技術與壓力基準,26.219263076782227,-0.028407522706687338,0.013437528383589248,0.026085918727253743,-0.2523209580193895,1.1817602083318897,0.32909749349726536,-0.13224611950577636,43.38999938964844,0.042277162536063395,26.951425552368164,0.04144583719321959,0.3333333333333333,0.0,0.010512536150255603,-0.05946097336438616,0.0042707769172321,0.010512536150255603,-0.05946097336438616,-0.0814718278071167,需要歷史多來源事件回補,資料不足,0,False,2026-10-07 04:36:36.414590+00:00,0,SEC Company Facts（point-in-time filed_at）
HIST-20090116,2009-01-16,明顯下跌趨勢,20260724,市場技術與壓力基準,25.340696334838867,0.010996771935463778,-0.024090004693039346,0.0033886500824982235,-0.26799082083191605,1.591695482898363,0.2933513663287113,-0.12703045656928513,46.11000061035156,0.07683327741651103,26.03989601135254,-0.033821199522246825,-0.3333333333333333,-1.0,-0.04962628209031539,-0.010537171840991677,-0.006798223941414827,-0.04962628209031539,-0.04962628209031539,-0.04962628209031539,需要歷史多來源事件回補,資料不足,0,False,2026-10-07 04:36:36.414590+00:00,0,SEC Company Facts（point-in-time filed_at）
HIST-20090122,2009-01-22,明顯下跌趨勢,20260724,市場技術與壓力基準,24.772205352783203,-0.013379173879579098,-0.015405671721583247,-0.013919185647426113,-0.2798638357864097,1.7193556514292465,0.3661651520515674,-0.14661457953465618,47.290000915527344,-0.03764750706347797,25.52933692932129,-0.015591410779528636,-1.0,0.0,0.0048678872508520765,0.02851182304583455,0.0038249830417385056,0.0048678872508520765,0.0048678872508520765,0.0010433661821851459,需要歷史多來源事件回補,資料不足,0,False,2026-10-07 04:36:36.414590+00:00,0,SEC Company Facts（point-in-time filed_at）
HIST-20090130,2009-01-30,明顯下跌趨勢,20260724,市場技術與壓力基準,25.030609130859375,-0.017579404218047934,-0.022864814192949834,-0.0030775144067010096,-0.2639445393841262,0.9919214504846119,0.3957720900983715,-0.1377127472729358,44.84000015258789,-0.05140681788964685,25.782899856567383,0.026326480889225623,-1.0,1.0,0.012043817201351281,0.07949083946291347,-0.08327641144936071,0.012043817201351281,0.012043817201351281,-0.08327641144936071,需要歷史多來源事件回補,資料不足,0,False,2026-10-07 04:36:36.414590+00:00,0,SEC Company Facts（point-in-time filed_at）
HIST-20090202,2009-02-02,明顯下跌趨勢,20260724,市場技術與壓力基準,25.332073211669922,0.012043817201351281,-0.05220787867737442,0.008160685788122235,-0.2535924641612206,0.890282256241225,0.36364637422837903,-0.0793156936052265,45.52000045776367,-0.0037206866722455656,25.23357582092285,0.0018634531899679452,-0.3333333333333333,1.0,0.01564116228966106,0.07106434293866681,-0.09486562386729858,0.01564116228966106,0.01564116228966106,-0.09486562386729858,需要歷史多來源事件回補,資料不足,0,False,2026-10-07 04:36:36.414590+00:00,0,SEC Company Facts（point-in-time filed_at）
HIST-20090209,2009-02-09,正常／溫和上漲,20260724,市場技術與壓力基準,27.132280349731445,0.004143811572516531,0.047555572411208,0.06674557457731178,-0.19231627581028687,0.6559346178691123,0.3618195078245413,0.0,43.63999938964844,-0.04130055029018764,25.752782821655273,0.02057603743587988,0.3333333333333333,1.0,-0.03682532509898506,-0.07238078473664455,-0.1323808733122912,-0.03682532509898506,-0.07238078473664455,-0.1828571115242611,需要歷史多來源事件回補,資料不足,0,False,2026-10-07 04:36:36.414590+00:00,0,SEC Company Facts（point-in-time filed_at）
HIST-20090219,2009-02-19,明顯下跌趨勢,20260724,市場技術與壓力基準,24.798051834106445,-0.015389489002715084,-0.012349767074965379,-0.031898366030584935,-0.2497245750421362,0.983326753443553,0.3140864753854739,-0.08603141665710023,47.08000183105469,0.057264835429175376,24.87013816833496,-0.02562998716643683,-1.0,-1.0,0.0027787176395384083,-0.03473454735868764,0.03091347410005496,0.0027787176395384083,-0.03473454735868764,-0.10593985026598451,需要歷史多來源事件回補,資料不足,0,False,2026-10-07 04:36:36.414590+00:00,0,SEC Company Facts（point-in-time filed_at）
HIST-20090224,2009-02-24,明顯下跌趨勢,20260724,市場技術與壓力基準,24.789430618286133,0.0330222455689726,-0.011336448339351435,-0.029389209451343046,-0.24413009762742277,1.129996913867298,0.3550790186606885,-0.08634916421496075,45.4900016784668,-0.06514587297340291,24.22976303100586,-0.026696001051195628,-1.0,0.0,-0.0066017014494567094,-0.07505216091251998,0.05559975874063161,-0.0066017014494567094,-0.07505216091251998,-0.10562891591553958,需要歷史多來源事件回補,資料不足,0,False,2026-10-07 04:36:36.414590+00:00,0,SEC Company Facts（point-in-time filed_at）
HIST-20090225,2009-02-25,明顯下跌趨勢,20260724,市場技術與壓力基準,24.625778198242188,-0.0066017014494567094,-0.02489755042422359,-0.03549904951049698,-0.24719397340590232,1.3269938022420726,0.3545715874356604,-0.09238081426186007,44.66999816894531,-0.07820885239640296,24.11208152770996,-0.025597942680839925,-1.0,0.0,-0.027981875919758314,-0.044071411974285546,0.06751971187359618,-0.027981875919758314,-0.06890535202540471,-0.09968530710247081,需要歷史多來源事件回補,資料不足,0,False,2026-10-07 04:36:36.414590+00:00,0,SEC Company Facts（point-in-time filed_at）
HIST-20090226,2009-02-26,明顯下跌趨勢,20260724,市場技術與壓力基準,23.936702728271484,-0.027981875919758314,-0.08434925360066536,-0.06131783208674069,-0.2662145374456154,1.2458888384625992,0.3396846810187209,-0.11777770169957691,44.65999984741211,-0.051401909293179116,23.634401321411133,-0.0496875746551817,-1.0,0.0,-0.009355582743400093,-0.0460594916574274,0.1321318090928838,-0.009355582743400093,-0.0460594916574274,-0.07376758663894334,需要歷史多來源事件回補,資料不足,0,False,2026-10-07 04:36:36.414590+00:00,0,SEC Company Facts（point-in-time filed_at）
HIST-20090304,2009-03-04,明顯下跌趨勢,20260724,市場技術與壓力基準,23.540485382080078,0.026671767585755513,-0.08503520303191403,-0.06976908319983943,-0.2697189665446186,0.9190859288580197,0.34927288268335327,-0.1323808733122912,47.560001373291016,0.06469673881372229,22.88216781616211,-0.05100819313896299,-1.0,-1.0,-0.03000341760010583,0.01536793811437609,0.12773065681282936,-0.03000341760010583,-0.05817787628157978,-0.05817787628157978,需要歷史多來源事件回補,資料不足,0,False,2026-10-07 04:36:36.414590+00:00,0,SEC Company Facts（point-in-time filed_at）
HIST-20090305,2009-03-05,明顯下跌趨勢,20260724,市場技術與壓力基準,22.834190368652344,-0.03000341760010583,-0.11367414174767343,-0.09561677079795972,-0.2894464269318707,1.105221267482538,0.3602249115422359,-0.15841241228814162,50.16999816894531,0.12337658621493452,21.797550201416016,-0.07771938434213932,-1.0,-1.0,-0.00792160372986539,0.08147812356014494,0.20001917857559315,-0.00792160372986539,-0.02904593602976091,-0.02904593602976091,需要歷史多來源事件回補,資料不足,0,False,2026-10-07 04:36:36.414590+00:00,0,SEC Company Facts（point-in-time filed_at）
HIST-20090311,2009-03-11,明顯下跌趨勢,20260724,市場技術與壓力基準,23.902254104614258,0.01536793811437609,-0.08536564894209919,-0.04719054706735826,-0.24750403462664916,0.9494087617214094,0.40106449639745356,-0.11904735626650553,43.61000061035156,-0.0830529993457425,22.99413299560547,0.004893119408217794,-1.0,1.0,0.03315265768754583,0.07026991225826729,0.15325529369002444,0.03315265768754583,0.018378164433856092,0.018378164433856092,需要歷史多來源事件回補,資料不足,0,False,2026-10-07 04:36:36.414590+00:00,0,SEC Company Facts（point-in-time filed_at）
HIST-20090430,2009-04-30,正常／溫和上漲,20260724,市場技術與壓力基準,29.57564926147461,0.010018136629973862,0.11407258497626716,0.12980882513578185,0.005193071655542614,1.0100662579058823,0.2707251012434522,0.0,36.5,-0.017496675617256985,27.006423950195312,0.03641779472973106,1.0,1.0,0.0026251506014578485,-0.002042027431940263,0.032088348383912946,0.0026251506014578485,-0.002042027431940263,-0.036756171322386844,需要歷史多來源事件回補,資料不足,0,False,2026-10-07 04:36:36.414590+00:00,0,SEC Company Facts（point-in-time filed_at）
HIST-20090513,2009-05-13,橫盤／低波動,20260724,市場技術與壓力基準,28.488561630249023,-0.026819488250848678,0.01913616738706625,0.04810357207569749,-0.01820233790289283,1.1898755824083918,0.2433830996877172,-0.05791709648802179,33.650001525878906,0.036979991825145,26.996074676513672,-0.013175629791115973,0.3333333333333333,-1.0,0.011205050598173782,0.03815874052663015,0.11508199770343364,0.011205050598173782,0.01059954228016724,0.01059954228016724,需要歷史多來源事件回補,資料不足,0,False,2026-10-07 04:36:36.414590+00:00,0,SEC Company Facts（point-in-time filed_at）
HIST-20090519,2009-05-19,正常／溫和上漲,20260724,市場技術與壓力基準,29.679170608520508,0.004672760521797992,0.052309199875024914,0.07170364880804603,0.029743993978976535,0.8946025354570382,0.20838368534535578,-0.01854507140106676,28.799999237060547,-0.09433962490488745,27.07457733154297,-0.010176340769522674,1.0,0.0,-0.0034880134762316217,0.004360354239499653,0.043313961764431586,-0.0034880134762316217,-0.025000011246473663,-0.025000011246473663,需要歷史多來源事件回補,資料不足,0,False,2026-10-07 04:36:36.414590+00:00,0,SEC Company Facts（point-in-time filed_at）
HIST-20090619,2009-06-19,正常／溫和上漲,20260724,市場技術與壓力基準,31.236007690429688,0.010733360513897727,0.07591234008804038,0.04702279758528993,0.12394373565522332,1.0411936000795794,0.20703899050428762,-0.02017721293600827,27.989999771118164,-0.005683831246192539,28.157548904418945,-0.01956374345074241,1.0,0.0,-0.029866644391067676,0.005807837298243301,0.04867230591041016,-0.029866644391067676,-0.03207961035287776,-0.045077190323987826,需要歷史多來源事件回補,資料不足,0,False,2026-10-07 04:36:36.414590+00:00,0,SEC Company Facts（point-in-time filed_at）
HIST-20090701,2009-07-01,橫盤／低波動,20260724,市場技術與壓力基準,31.443334579467773,0.0005499413642697792,0.003159166789536094,0.0385266835507585,0.14125793662342168,0.7613180039009844,0.18335404077967032,-0.013673705437102002,26.219999313354492,-0.09741824433839164,28.779483795166016,0.02919593566612244,1.0,1.0,-0.021978345275138866,-0.04478051226412183,0.08708798223005454,-0.021978345275138866,-0.05137363368947345,-0.05137363368947345,需要歷史多來源事件回補,資料不足,0,False,2026-10-07 04:36:36.414590+00:00,0,SEC Company Facts（point-in-time filed_at）
HIST-20090710,2009-07-10,明顯下跌趨勢,20260724,市場技術與壓力基準,30.16486167907715,0.004314116722147654,-0.050436502933035476,-0.00904104803702721,0.10131926018569715,0.9443486978099837,0.21174679669317006,-0.05377732216243436,29.020000457763672,0.038282635621355476,27.8162784576416,-0.016324288513756557,-0.3333333333333333,-1.0,0.019186756939186145,0.07560147517479376,0.14203960461774612,0.019186756939186145,0.019186756939186145,0.019186756939186145,需要歷史多來源事件回補,資料不足,0,False,2026-10-07 04:36:36.414590+00:00,0,SEC Company Facts（point-in-time filed_at）
HIST-20090722,2009-07-22,正常／溫和上漲,20260724,市場技術與壓力基準,33.25735855102539,0.00838110629076283,0.09999976658076215,0.07935067038029664,0.21662315549281597,0.997775077111314,0.20858537615375408,0.0,23.469999313354492,-0.09347238830996385,29.295623779296875,0.02414320694004002,1.0,1.0,0.022078252927175468,0.021818337396281917,0.020779592891528198,0.022078252927175468,0.014285948606234555,-0.0005194869547293646,需要歷史多來源事件回補,資料不足,0,False,2026-10-07 04:36:36.414590+00:00,0,SEC Company Facts（point-in-time filed_at）
HIST-20090810,2009-08-10,正常／溫和上漲,20260724,市場技術與壓力基準,34.207576751708984,-0.007021587755839165,0.11267210409891981,0.06773420762431681,0.23311743160137355,0.7663656605526572,0.1726652539445356,-0.010989143095433751,24.989999771118164,-0.02230045800993541,30.698251724243164,-0.0017883767604672807,1.0,0.0,-0.008585405368454424,-0.02828306055181984,0.028788117195890806,-0.008585405368454424,-0.02828306055181984,-0.02828306055181984,需要歷史多來源事件回補,資料不足,0,False,2026-10-07 04:36:36.414590+00:00,0,SEC Company Facts（point-in-time filed_at）
HIST-20090813,2009-08-13,正常／溫和上漲,20260724,市場技術與壓力基準,34.63084030151367,0.005517000302488029,0.07307219998508296,0.07503592978101681,0.24239547781538207,0.9886853901837684,0.14743935013927165,0.0,24.709999084472656,-0.03739777907939479,30.159448623657227,-0.006159556265566635,1.0,0.0,-0.011473996083173121,-0.00823064578294519,0.03567002380520412,-0.011473996083173121,-0.04015953705701758,-0.04015953705701758,需要歷史多來源事件回補,資料不足,0,False,2026-10-07 04:36:36.414590+00:00,0,SEC Company Facts（point-in-time filed_at）
HIST-20090911,2009-09-11,正常／溫和上漲,20260724,市場技術與壓力基準,35.86612319946289,0.0009637991379995992,0.03567002380520412,0.06884675417851316,0.2477881830040798,0.9258795944426353,0.18954410721958836,0.0,24.149999618530273,-0.10885611518133365,31.05510902404785,0.037806279555526956,1.0,1.0,0.003854037118772302,0.02314730268985965,0.024111662844289228,0.003854037118772302,0.003854037118772302,-0.014461147942760433,需要歷史多來源事件回補,資料不足,0,False,2026-10-07 04:36:36.414590+00:00,0,SEC Company Facts（point-in-time filed_at）
HIST-20090930,2009-09-30,正常／溫和上漲,20260724,市場技術與壓力基準,36.532039642333984,0.0007105645801321891,0.07665238423518161,0.04549016358751756,0.23829422019978597,1.773760436434582,0.127498627335754,-0.009379118900097128,25.610000610351562,0.09025120731759295,31.923908233642578,0.005122138877018401,1.0,0.0,-0.02958590447290832,-0.004497394967240664,-0.020354706314469895,-0.02958590447290832,-0.03242583135760868,-0.03242583135760868,需要歷史多來源事件回補,資料不足,0,False,2026-10-07 04:36:36.414590+00:00,0,SEC Company Facts（point-in-time filed_at）
HIST-20091012,2009-10-12,正常／溫和上漲,20260724,市場技術與壓力基準,36.80875015258789,0.002119061909031439,0.022341676091891305,0.04257711610072512,0.22989852234937302,0.5121709885605756,0.1639923203092421,-0.0018756996505548962,23.010000228881836,-0.1426974628141635,31.951871871948242,0.013957485164985517,1.0,1.0,0.0002342164779998157,0.015033485183683304,0.022081017552452398,0.0002342164779998157,0.0002342164779998157,-0.03782067578086579,需要歷史多來源事件回補,資料不足,0,False,2026-10-07 04:36:36.414590+00:00,0,SEC Company Facts（point-in-time filed_at）
HIST-20091021,2009-10-21,橫盤／低波動,20260724,市場技術與壓力基準,37.30158615112305,-0.0018511671795357065,0.0162541220683039,0.04451894927962252,0.23013653630136277,1.075678702014977,0.1675682629238942,-0.0018511671795357065,22.219999313354492,-0.0279965564264798,32.182952880859375,0.0034860346890663862,1.0,1.0,0.003940731738271364,-0.04056517705834306,0.028048491024133204,0.003940731738271364,-0.04056517705834306,-0.05053318098373483,需要歷史多來源事件回補,資料不足,0,False,2026-10-07 04:36:36.414590+00:00,0,SEC Company Facts（point-in-time filed_at）
HIST-20091103,2009-11-03,橫盤／低波動,20260724,市場技術與壓力基準,35.676025390625,0.003160534221994249,-0.016213725715019,-0.011646534807127296,0.15768087856915858,0.9409352801905951,0.1707728541784478,-0.04733306909569712,28.809999465942383,0.16028995386490053,32.07118606567383,-0.0020866842835995936,-0.3333333333333333,-1.0,0.001696382134962926,0.05719817763756674,0.06810453007274386,0.001696382134962926,0.001696382134962926,0.001696382134962926,需要歷史多來源事件回補,資料不足,0,False,2026-10-07 04:36:36.414590+00:00,0,SEC Company Facts（point-in-time filed_at）
HIST-20091112,2009-11-12,橫盤／低波動,20260724,市場技術與壓力基準,37.742591857910156,-0.005693998172783266,0.013702616110463639,0.03511096860826046,0.2083683800246896,0.8609011704670215,0.20367635877655962,-0.005693998172783266,24.239999771118164,-0.04679514430896081,32.349342346191406,0.006314484891017713,1.0,1.0,0.00824692232479629,0.00022872461818757017,0.010996165956842052,0.00824692232479629,0.00022872461818757017,-0.004811909123858427,需要歷史多來源事件回補,資料不足,0,False,2026-10-07 04:36:36.414590+00:00,0,SEC Company Facts（point-in-time filed_at）
HIST-20091127,2009-11-27,正常／溫和上漲,20260724,市場技術與壓力基準,37.621524810791016,-0.015165182213160322,0.033737625108918534,0.0184020979916113,0.18180324424145944,0.6493453124092774,0.1951807014316971,-0.024439324417601882,24.739999771118164,0.09323909361913052,32.180198669433594,-0.0071883652027057154,1.0,-1.0,0.0011492298365374243,0.01401981311174505,0.06405673670844303,0.0011492298365374243,0.0011492298365374243,0.0011492298365374243,需要歷史多來源事件回補,資料不足,0,False,2026-10-07 04:36:36.414590+00:00,0,SEC Company Facts（point-in-time filed_at）
HIST-20091228,2009-12-28,正常／溫和上漲,20260724,市場技術與壓力基準,40.031436920166016,0.005219689429867946,0.06405673670844303,0.06095789521761641,0.20309344575974153,0.6724257431809547,0.11659402967963488,0.0,19.93000030517578,-0.08071955605933334,33.45978546142578,0.008328472528617015,1.0,1.0,-0.004110443671579644,0.004327805953134645,-0.032885741101034816,-0.004110443671579644,-0.01016866684117912,-0.04456927343536554,需要歷史多來源事件回補,資料不足,0,False,2026-10-07 04:36:36.414590+00:00,0,SEC Company Facts（point-in-time filed_at）
HIST-20100104,2010-01-04,正常／溫和上漲,20260724,市場技術與壓力基準,40.20468521118164,0.014645396956723289,0.059409311456426694,0.059562878147266574,0.19769371500213784,0.930069018497437,0.12863986218100867,0.0,20.040000915527344,0.02927589225860361,33.738006591796875,0.005357227300670342,1.0,0.0,0.0,-0.0012931455316741447,-0.05967265551785261,0.0,-0.006032496863915715,-0.07819967650962101,需要歷史多來源事件回補,資料不足,0,False,2026-10-07 04:36:36.414590+00:00,0,SEC Company Facts（point-in-time filed_at）
HIST-20100128,2010-01-28,明顯下跌趨勢,20260724,市場技術與壓力基準,37.718936920166016,-0.025727423805027905,-0.05387811880852744,-0.029306961376028062,0.08924401906548085,1.9443776142085802,0.19533470543269799,-0.06525043975650247,23.729999542236328,0.0655590055887798,33.02914047241211,-0.010617272439107928,-0.3333333333333333,-1.0,-0.01745131598123062,-0.021354714848905054,0.027784157698285128,-0.01745131598123062,-0.021354714848905054,-0.021354714848905054,需要歷史多來源事件回補,資料不足,0,False,2026-10-07 04:36:36.414590+00:00,0,SEC Company Facts（point-in-time filed_at）
HIST-20100201,2010-02-01,明顯下跌趨勢,20260724,市場技術與壓力基準,37.46776580810547,0.010983982070228215,-0.05442622142770426,-0.034539215915247,0.07920199664549199,1.0863692584092384,0.20626511899924424,-0.07147495470084975,22.59000015258789,-0.11097991781811922,33.020103454589844,-0.0029197007983418066,-0.3333333333333333,0.0,0.009015724983328255,-0.013638432286867674,0.05293602594189539,0.009015724983328255,-0.014794210925529017,-0.014794210925529017,需要歷史多來源事件回補,資料不足,0,False,2026-10-07 04:36:36.414590+00:00,0,SEC Company Facts（point-in-time filed_at）
HIST-20100202,2010-02-02,明顯下跌趨勢,20260724,市場技術與壓力基準,37.805564880371094,0.009015724983328255,-0.05967265551785261,-0.025562566740421233,0.08751173627439379,0.8627400258952048,0.20087893013798816,-0.06310362825230031,21.479999542236328,-0.12505090795236207,33.11995315551758,-0.0011697621993553842,-0.3333333333333333,0.0,0.005498207860711757,-0.012371724459568245,0.044673216351704514,0.005498207860711757,-0.023597190132245593,-0.023597190132245593,需要歷史多來源事件回補,資料不足,0,False,2026-10-07 04:36:36.414590+00:00,0,SEC Company Facts（point-in-time filed_at）
HIST-20100203,2010-02-03,明顯下跌趨勢,20260724,市場技術與壓力基準,38.013427734375,0.005498207860711757,-0.054502540320778614,-0.020337323897332782,0.09188957287181476,0.7205428386692668,0.20290407514530648,-0.05795237725648472,21.600000381469727,-0.06655138499561164,33.288944244384766,0.003580759901745223,-0.3333333333333333,1.0,-0.02893630019973925,-0.019822795642986946,0.042378257804923436,-0.02893630019973925,-0.02893630019973925,-0.02893630019973925,需要歷史多來源事件回補,資料不足,0,False,2026-10-07 04:36:36.414590+00:00,0,SEC Company Facts（point-in-time filed_at）
HIST-20100204,2010-02-04,明顯下跌趨勢,20260724,市場技術與壓力基準,36.91345977783203,-0.02893630019973925,-0.07628945770257234,-0.04836752970228875,0.05896970040145,1.1431882856227502,0.2231418115098376,-0.08521175007064186,26.079999923706055,0.09903078073335103,32.8165397644043,-0.006436761749382791,-0.3333333333333333,-1.0,0.008446731831145637,0.02463633562138612,0.08962954297575543,0.008446731831145637,0.0011731342339624806,0.0011731342339624806,需要歷史多來源事件回補,資料不足,0,False,2026-10-07 04:36:36.414590+00:00,0,SEC Company Facts（point-in-time filed_at）
HIST-20100205,2010-02-05,明顯下跌趨勢,20260724,市場技術與壓力基準,37.225257873535156,0.008446731831145637,-0.06909254157178368,-0.03986351170153435,0.06654759073443617,1.5314948034259912,0.2269185361783776,-0.07748477904120554,26.110000610351562,0.06051989115872658,32.62453842163086,-0.007209989463037414,-0.3333333333333333,-1.0,-0.007212674073498682,0.018147688068652412,0.08259651347795716,-0.007212674073498682,-0.007212674073498682,-0.007212674073498682,需要歷史多來源事件回補,資料不足,0,False,2026-10-07 04:36:36.414590+00:00,0,SEC Company Facts（point-in-time filed_at）
HIST-20100210,2010-02-10,高波動／壓力,20260724,市場技術與壓力基準,37.25989532470703,-0.0020876813924796123,-0.06028842126044176,-0.03782633933425583,0.06375759751732923,0.6690919851898458,0.22640821113342263,-0.07662639476809119,25.399999618530273,0.1759258874976919,32.109920501708984,-0.0354178772994479,-0.3333333333333333,-1.0,0.015109458366752149,0.04253860113859709,0.10065065035344922,0.015109458366752149,0.015109458366752149,0.015109458366752149,需要歷史多來源事件回補,資料不足,0,False,2026-10-07 04:36:36.414590+00:00,0,SEC Company Facts（point-in-time filed_at）
HIST-20100224,2010-02-24,橫盤／低波動,20260724,市場技術與壓力基準,38.63700866699219,0.010190109183944474,0.005862298064537974,-0.004308572449743475,0.09078880490979135,0.7328392839974597,0.20189357350780202,-0.04249881334046379,20.270000457763672,-0.06675869711926241,33.250545501708984,0.014055538783437793,0.3333333333333333,1.0,-0.0002238247472962085,0.022192514952914966,0.07758948546965683,-0.0002238247472962085,-0.0002238247472962085,-0.0002238247472962085,需要歷史多來源事件回補,資料不足,0,False,2026-10-07 04:36:36.414590+00:00,0,SEC Company Facts（point-in-time filed_at）
HIST-20100226,2010-02-26,正常／溫和上漲,20260724,市場技術與壓力基準,38.76692581176758,0.003587132893872358,0.027784157698285128,-0.0013295615110130443,0.09160814588011812,0.6176667555855683,0.17556027896206297,-0.039279210566294465,19.5,-0.025974048245439363,33.47712707519531,0.0046102394181022355,0.3333333333333333,1.0,0.0145220913283588,0.03753381175155712,0.07353060270403478,0.0145220913283588,0.0145220913283588,0.0145220913283588,需要歷史多來源事件回補,資料不足,0,False,2026-10-07 04:36:36.414590+00:00,0,SEC Company Facts（point-in-time filed_at）
HIST-20100504,2010-05-04,正常／溫和上漲,20260724,市場技術與壓力基準,41.99031066894531,-0.03004201987974031,-0.006564297061381841,0.008612619132869703,0.10244414152327219,1.6385331154373117,0.1902970505874644,-0.04137002428295267,23.84000015258789,0.045155664654153105,34.48813247680664,0.00037643340962700833,0.3333333333333333,0.0,-0.005161840445630395,-0.01466017558197552,-0.0450131855457202,-0.005161840445630395,-0.062357801602324514,-0.08734211231097899,需要歷史多來源事件回補,資料不足,0,False,2026-10-07 04:36:36.414590+00:00,0,SEC Company Facts（point-in-time filed_at）
HIST-20100518,2010-05-18,高波動／壓力,20260724,市場技術與壓力基準,40.25624465942383,-0.013806608238565943,-0.0667339433752503,-0.040883334080327516,0.04688270454742138,1.2087302497276504,0.3207695181921849,-0.08095838717231663,33.54999923706055,0.18467512706902212,33.64006042480469,-0.0032575815545449194,-0.3333333333333333,-1.0,-0.007968779864327757,-0.037260352169392164,0.01012334675108817,-0.007968779864327757,-0.04479844608129324,-0.056213282127347886,需要歷史多來源事件回補,資料不足,0,False,2026-10-07 04:36:36.414590+00:00,0,SEC Company Facts（point-in-time filed_at）
HIST-20100630,2010-06-30,高波動／壓力,20260724,市場技術與壓力基準,37.174041748046875,-0.01521766525299939,-0.07297100225693909,-0.08059657663878728,-0.05089096345256017,1.0913862494415858,0.26175282973269026,-0.1513244324579377,34.540000915527344,0.2835377596202031,33.58908462524414,-0.011641628570828844,-1.0,-1.0,-0.00280935195986598,0.03488636988668592,0.07024108482012026,-0.00280935195986598,-0.005619319623123897,-0.005619319623123897,需要歷史多來源事件回補,資料不足,0,False,2026-10-07 04:36:36.414590+00:00,0,SEC Company Facts（point-in-time filed_at）
HIST-20100706,2010-07-06,明顯下跌趨勢,20260724,市場技術與壓力基準,37.078285217285156,0.0030606204706780105,-0.03400407811608808,-0.07394670625866007,-0.05354332767537773,0.9413484689655202,0.22475947802856847,-0.15351053394888814,29.649999618530273,0.022413779949319812,34.02469253540039,0.0012927918770100355,-1.0,0.0,0.031924669619387114,0.06408473381790869,0.09084522909304149,0.031924669619387114,0.031924669619387114,0.031924669619387114,需要歷史多來源事件回補,資料不足,0,False,2026-10-07 04:36:36.414590+00:00,0,SEC Company Facts（point-in-time filed_at）
HIST-20100715,2010-07-15,明顯下跌趨勢,20260724,市場技術與壓力基準,39.689430236816406,0.0008774220856211379,-0.02396094322538478,0.0050740311616723766,0.010898866567631282,1.0608781663056452,0.21437926491039574,-0.09389864142440252,25.139999389648438,-0.022170350646510295,34.77399826049805,0.005184269548935916,0.3333333333333333,1.0,-0.02763153013173536,0.003728634168836731,-0.012280349000311941,-0.02763153013173536,-0.02763153013173536,-0.02763153013173536,需要歷史多來源事件回補,資料不足,0,False,2026-10-07 04:36:36.414590+00:00,0,SEC Company Facts（point-in-time filed_at）
HIST-20100730,2010-07-30,強勢反彈／轉折,20260724,市場技術與壓力基準,39.872222900390625,0.002187651733821294,0.07560415021237299,0.01660574198851328,0.01075703399018102,1.244772728387665,0.2035525059810844,-0.05415324556509793,23.5,0.0012782568182025944,35.320011138916016,-0.0025887217008367935,1.0,-1.0,0.01877306198924944,0.020737612444538422,-0.037982967135158474,0.01877306198924944,0.014407213595064139,-0.049552326653823475,需要歷史多來源事件回補,資料不足,0,False,2026-10-07 04:36:36.414590+00:00,0,SEC Company Facts（point-in-time filed_at）
HIST-20100824,2010-08-24,明顯下跌趨勢,20260724,市場技術與壓力基準,37.9921875,-0.01866013348176465,-0.0596729606445654,-0.03705090714209547,-0.04324482892843484,1.2071657562459455,0.17292567396572212,-0.07285483111064728,27.459999084472656,0.1286477258767631,35.018653869628906,-0.0031988007021964693,-1.0,-1.0,0.009622243214065351,-0.004352761766142299,0.11807610560610726,0.009622243214065351,-0.004352761766142299,-0.004352761766142299,需要歷史多來源事件回補,資料不足,0,False,2026-10-07 04:36:36.414590+00:00,0,SEC Company Facts（point-in-time filed_at）
HIST-20100902,2010-09-02,正常／溫和上漲,20260724,市場技術與壓力基準,39.39350509643555,0.011170811364335398,-0.033525621731864685,0.005956064105520298,-0.008501972086215281,0.5990585951932111,0.20946819510027637,-0.03865767308664947,23.190000534057617,-0.15272196481572553,35.40497589111328,0.013819918435205691,-0.3333333333333333,1.0,0.016571104365536993,0.02960673767240496,0.0853899055183851,0.016571104365536993,0.009721334965208328,0.009721334965208328,需要歷史多來源事件回補,資料不足,0,False,2026-10-07 04:36:36.414590+00:00,0,SEC Company Facts（point-in-time filed_at）
HIST-20101007,2010-10-07,正常／溫和上漲,20260724,市場技術與壓力基準,43.106300354003906,0.0036560426223000153,0.06667496088721236,0.060429235151978844,0.07232553086742621,0.939314012982419,0.14827786129545426,-0.005034149165923485,21.559999465942383,-0.09029541046865563,36.34205627441406,0.0025475015164200254,1.0,1.0,0.006881115123479997,0.020441045523837076,0.08621699109862968,0.006881115123479997,0.006881115123479997,0.006881115123479997,需要歷史多來源事件回補,資料不足,0,False,2026-10-07 04:36:36.414590+00:00,0,SEC Company Facts（point-in-time filed_at）
HIST-20101021,2010-10-21,正常／溫和上漲,20260724,市場技術與壓力基準,44.7464599609375,0.001953764466702035,0.05383205785089884,0.08064429432134324,0.10711160588959268,1.0435142884914463,0.1585692457178471,-0.0038838287256584003,19.270000457763672,-0.03068404068179087,36.5535774230957,0.002677594553440521,1.0,1.0,0.006824202115325306,0.01969153324258044,0.022226653399279206,0.006824202115325306,0.006824202115325306,0.003119603587923514,需要歷史多來源事件回補,資料不足,0,False,2026-10-07 04:36:36.414590+00:00,0,SEC Company Facts（point-in-time filed_at）
HIST-20101118,2010-11-18,正常／溫和上漲,20260724,市場技術與壓力基準,45.741024017333984,0.01608519339390213,0.022226653399279206,0.03581979963953352,0.11251329450179015,1.0189129071000562,0.12985822224313254,-0.024376560728917696,18.75,0.00590132049106451,36.95704650878906,0.0009980980343047285,1.0,0.0,0.0007625887820887911,0.006484339784008197,0.04192395211803124,0.0007625887820887911,-0.006866468152285865,-0.006866468152285865,需要歷史多來源事件回補,資料不足,0,False,2026-10-07 04:36:36.414590+00:00,0,SEC Company Facts（point-in-time filed_at）
HIST-20110324,2011-03-24,正常／溫和上漲,20260724,市場技術與壓力基準,49.63426208496094,0.017770848705571884,-0.0014068676415454062,-0.002277853896682669,0.11266699176069306,0.8798604121174496,0.20073137656626566,-0.0356656953895651,18.0,-0.31740616506846964,38.56019592285156,0.011129570980911385,-0.3333333333333333,1.0,0.0024690031544829516,0.012874861927963721,0.02892411256533145,0.0024690031544829516,-0.0029981576048678793,-0.007936701906739119,需要歷史多來源事件回補,資料不足,0,False,2026-10-07 04:36:36.414590+00:00,0,SEC Company Facts（point-in-time filed_at）
HIST-20110411,2011-04-11,橫盤／低波動,20260724,市場技術與壓力基準,49.68678283691406,-0.0033363701070665552,0.009772200101713091,-0.003993262181683943,0.099101072172189,0.6466603993642113,0.15471839377026733,-0.034645280041682325,16.59000015258789,-0.05199999128069199,38.876773834228516,0.0010881870605148336,0.3333333333333333,1.0,-0.006871122292264831,-0.008985349201372284,0.042811981673526844,-0.006871122292264831,-0.008985349201372284,-0.008985349201372284,需要歷史多來源事件回補,資料不足,0,False,2026-10-07 04:36:36.414590+00:00,0,SEC Company Facts（point-in-time filed_at）
HIST-20110426,2011-04-26,正常／溫和上漲,20260724,市場技術與壓力基準,51.49006271362305,0.005641445882016427,0.04050911811107882,0.03241219408677476,0.12385357451617596,0.9625600199526612,0.11068116696593996,0.0,15.619999885559082,-0.07900939099344528,39.12207794189453,0.010927113639399133,1.0,1.0,0.006800510097526136,-0.002210062061174245,-0.038252276609888836,0.006800510097526136,-0.002210062061174245,-0.038252276609888836,需要歷史多來源事件回補,資料不足,0,False,2026-10-07 04:36:36.414590+00:00,0,SEC Company Facts（point-in-time filed_at）
HIST-20110523,2011-05-23,正常／溫和上漲,20260724,市場技術與壓力基準,49.826812744140625,-0.014713668556581738,-0.026843134948198455,-0.007255791381188148,0.06276723656562333,0.8288649860496522,0.12013591197076486,-0.03883873575997765,18.270000457763672,0.0016447745077832199,39.1862678527832,-0.003031731469223198,-0.3333333333333333,-1.0,-0.006148540017455462,0.025299269625932208,-0.027514201717986797,-0.006148540017455462,-0.006148540017455462,-0.05286958918372664,需要歷史多來源事件回補,資料不足,0,False,2026-10-07 04:36:36.414590+00:00,0,SEC Company Facts（point-in-time filed_at）
HIST-20110526,2011-05-26,正常／溫和上漲,20260724,市場技術與壓力基準,50.01941680908203,0.006162918513886062,-0.033654920438955016,-0.005085503148940962,0.06368328556206171,0.7940228027502985,0.11954734656703528,-0.0351233954369381,16.09000015258789,0.03672678337706392,39.088443756103516,-0.007990060926489684,-0.3333333333333333,-1.0,0.005075619895533068,-0.013825502639127074,-0.046168136915824776,0.005075619895533068,-0.013825502639127074,-0.056516596261980134,需要歷史多來源事件回補,資料不足,0,False,2026-10-07 04:36:36.414590+00:00,0,SEC Company Facts（point-in-time filed_at）
HIST-20110610,2011-06-10,明顯下跌趨勢,20260724,市場技術與壓力基準,47.830970764160156,-0.015318143458855293,-0.07562169160628418,-0.049775423862796986,0.006026850142754503,1.1123869862939266,0.16042374097261247,-0.07733860952376603,18.860000610351562,0.05069636817458778,38.370391845703125,-0.013755074834878478,-0.3333333333333333,-1.0,0.0,-0.013348697087602002,0.0631398141515298,0.0,-0.013348697087602002,-0.013348697087602002,需要歷史多來源事件回補,資料不足,0,False,2026-10-07 04:36:36.414590+00:00,0,SEC Company Facts（point-in-time filed_at）
HIST-20110907,2011-09-07,高波動／壓力,20260724,市場技術與壓力基準,47.938232421875,0.025332904055193506,0.03036027008880393,-0.01748520320231628,-0.02474401936301951,0.5698430935676395,0.38978206076403743,-0.08368263227452943,33.380001068115234,0.014898196642138428,37.68824768066406,0.00041445352232338806,-0.3333333333333333,0.0,-0.004575418247561802,0.013177026304397543,-0.018498064729698727,-0.004575418247561802,-0.02672057625219626,-0.062319682462886106,需要歷史多來源事件回補,資料不足,0,False,2026-10-07 04:36:36.414590+00:00,0,SEC Company Facts（point-in-time filed_at）
HIST-20110908,2011-09-08,強勢反彈／轉折,20260724,市場技術與壓力基準,47.718894958496094,-0.004575418247561802,0.06940621523519042,-0.021389360899486287,-0.029360159325999002,0.7806665345279538,0.35693637126775324,-0.0878751674793784,34.31999969482422,0.08538895584849948,37.80604934692383,-0.009226306841033094,-0.3333333333333333,-1.0,-0.02224694709231323,0.0329101202296993,0.0025912083101571337,-0.02224694709231323,-0.02224694709231323,-0.05800968277643481,需要歷史多來源事件回補,資料不足,0,False,2026-10-07 04:36:36.414590+00:00,0,SEC Company Facts（point-in-time filed_at）
HIST-20110913,2011-09-13,高波動／壓力,20260724,市場技術與壓力基準,47.88560104370117,0.01336809681635942,0.004047488786081299,-0.01455211875836293,-0.02636425272122922,0.8116103459004361,0.33503720825309186,-0.08468865697488948,36.90999984741211,-0.0024324365564294403,37.426517486572266,-0.002093326924144878,-0.3333333333333333,0.0,0.014290615819120278,0.034527336780445506,0.03379332447112127,0.014290615819120278,0.014290615819120278,-0.0612890718759288,需要歷史多來源事件回補,資料不足,0,False,2026-10-07 04:36:36.414590+00:00,0,SEC Company Facts（point-in-time filed_at）
HIST-20110920,2011-09-20,強勢反彈／轉折,20260724,市場技術與壓力基準,49.538963317871094,-0.004416300954281582,0.12456697604577815,0.02367033982535549,0.005701332252303404,0.9628559041368969,0.2679567411408845,-0.053085393975299655,32.86000061035156,-0.10972634120301972,37.910762786865234,0.012938561555098094,1.0,1.0,-0.01738788336238184,-0.017920519881580166,0.028921385252290488,-0.01738788336238184,-0.04932543744805118,-0.09261853722934454,需要歷史多來源事件回補,資料不足,0,False,2026-10-07 04:36:36.414590+00:00,0,SEC Company Facts（point-in-time filed_at）
HIST-20111018,2011-10-18,高波動／壓力,20260724,市場技術與壓力基準,50.97169876098633,0.012395358896623687,0.028921385252290488,0.07099262503702297,0.033335310861979606,1.033658690138948,0.3013950268744392,-0.025699311853438433,31.559999465942383,-0.039561811328745145,37.93464279174805,0.02564372575279461,1.0,1.0,-0.01931375905792021,-0.01120871431324455,0.002414098268026521,-0.01931375905792021,-0.024142404631069203,-0.026728933143989386,需要歷史多來源事件回補,資料不足,0,False,2026-10-07 04:36:36.414590+00:00,0,SEC Company Facts（point-in-time filed_at）
HIST-20111019,2011-10-19,高波動／壓力,20260724,市場技術與壓力基準,49.98724365234375,-0.01931375905792021,0.026904745466433067,0.04878212511016233,0.013205905867535561,0.7700093058795183,0.3030769198944741,-0.022516604308896238,34.439998626708984,0.10172739521892504,37.81172180175781,-0.0009276991368084575,1.0,-1.0,-0.004923741530737158,0.007033578513072847,0.005275088493035929,-0.004923741530737158,-0.004923741530737158,-0.007561209463840313,需要歷史多來源事件回補,資料不足,0,False,2026-10-07 04:36:36.414590+00:00,0,SEC Company Facts（point-in-time filed_at）
HIST-20111121,2011-11-21,明顯下跌趨勢,20260724,市場技術與壓力基準,47.76343536376953,-0.019133438343287956,-0.0709524050849687,-0.03311424805076335,-0.034091185756388476,0.760502515786256,0.2719493656994642,-0.0780453725246889,32.90999984741211,0.05717959314592136,37.51016616821289,-0.028930912638924222,-1.0,-1.0,0.003312781559277944,0.0007363689090031933,0.0322968049096799,0.003312781559277944,-0.02686756173558802,-0.02686756173558802,需要歷史多來源事件回補,資料不足,0,False,2026-10-07 04:36:36.414590+00:00,0,SEC Company Facts（point-in-time filed_at）
HIST-20111123,2011-11-23,明顯下跌趨勢,20260724,市場技術與壓力基準,46.84052276611328,-0.022560618901980134,-0.06949525626016262,-0.05114646705329162,-0.052122055424002944,0.738451091772527,0.2754219617692225,-0.09585991064750299,33.97999954223633,0.014025701111453293,36.55165100097656,-0.04191247221142047,-1.0,-1.0,-0.007693647068864662,0.06549014485100613,0.046425585485157406,-0.007693647068864662,-0.007693647068864662,-0.007693647068864662,需要歷史多來源事件回補,資料不足,0,False,2026-10-07 04:36:36.414590+00:00,0,SEC Company Facts（point-in-time filed_at）
HIST-20111208,2011-12-08,正常／溫和上漲,20260724,市場技術與壓力基準,49.328025817871094,-0.016818121199412284,-0.01214565310874316,-0.002846240396535804,-0.00018506793865391558,0.9852412790567471,0.26816734806119674,-0.047844835266918406,30.59000015258789,0.11601606431515599,38.65184783935547,0.006016329825338396,-1.0,0.0,0.01603683104986242,-0.02459012209839795,0.030657380694492975,0.01603683104986242,-0.02459012209839795,-0.029219368641948962,需要歷史多來源事件回補,資料不足,0,False,2026-10-07 04:36:36.414590+00:00,0,SEC Company Facts（point-in-time filed_at）
HIST-20111214,2011-12-14,明顯下跌趨勢,20260724,市場技術與壓力基準,48.24689865112305,-0.015602159791340275,-0.055736662380726165,-0.029649241773900936,-0.021741603147187316,1.1843510732384226,0.27026798288592163,-0.06871331314505502,26.040000915527344,-0.09173348984192153,38.562965393066406,-0.008798402711382325,-1.0,0.0,-0.0027329220047859204,0.007334493761086636,0.06399409850141935,-0.0027329220047859204,-0.007465901727872426,-0.007465901727872426,需要歷史多來源事件回補,資料不足,0,False,2026-10-07 04:36:36.414590+00:00,0,SEC Company Facts（point-in-time filed_at）
HIST-20111215,2011-12-15,正常／溫和上漲,20260724,市場技術與壓力基準,48.11504364013672,-0.0027329220047859204,-0.04250442952164202,-0.0327149554419891,-0.024135947709194028,1.1021433593840162,0.2653251158730418,-0.07125844702432504,25.110000610351562,-0.17914349509320693,38.70075607299805,0.0012653530523520917,-1.0,1.0,0.005148310443056303,0.018706785897485645,0.07662844969543503,0.005148310443056303,-0.004745950034369062,-0.004745950034369062,需要歷史多來源事件回補,資料不足,0,False,2026-10-07 04:36:36.414590+00:00,0,SEC Company Facts（point-in-time filed_at）
HIST-20120105,2012-01-05,正常／溫和上漲,20260724,市場技術與壓力基準,50.83146286010742,0.008225048513379907,0.013147644333186603,0.02459904496572718,0.03047080916917233,0.8658403460624983,0.20083551867274754,-0.01882471291493637,21.479999542236328,-0.08673473111493768,39.8817138671875,0.003714359254547439,1.0,1.0,0.0034720025563663715,0.013539871895000388,0.07707012664685609,0.0034720025563663715,0.0001737314582943572,0.0001737314582943572,需要歷史多來源事件回補,資料不足,0,False,2026-10-07 04:36:36.414590+00:00,0,SEC Company Facts（point-in-time filed_at）
HIST-20120126,2012-01-26,正常／溫和上漲,20260724,市場技術與壓力基準,53.13438415527344,-0.0034747451390914064,0.07076811337510369,0.0630434724141331,0.07381839051230954,0.974085512174171,0.11465157423875083,-0.0034747451390914064,18.56999969482422,-0.06542531904892135,40.75373840332031,0.017303596241041497,1.0,1.0,0.002988973972026354,0.016439536329606375,0.06210558509454467,0.002988973972026354,0.002988973972026354,0.002988973972026354,需要歷史多來源事件回補,資料不足,0,False,2026-10-07 04:36:36.414590+00:00,0,SEC Company Facts（point-in-time filed_at）
HIST-20120131,2012-01-31,正常／溫和上漲,20260724,市場技術與壓力基準,53.40790557861328,0.0013234819454677194,0.08418422245390134,0.06503806163915948,0.07812058796258925,1.241418731863413,0.09745227010795192,0.0,19.440000534057617,0.028027535215344734,40.579315185546875,0.0068793549686585465,1.0,0.0,0.008094746482319781,0.026433153183422098,0.06410028397431478,0.008094746482319781,0.008094746482319781,0.008094746482319781,需要歷史多來源事件回補,資料不足,0,False,2026-10-07 04:36:36.414590+00:00,0,SEC Company Facts（point-in-time filed_at）
HIST-20120217,2012-02-17,正常／溫和上漲,20260724,市場技術與壓力基準,55.96668243408203,-0.003143109921061149,0.061234861594824164,0.07973474274629244,0.1236110318206618,1.501060186631896,0.0991916994451701,-0.003143109921061149,17.780000686645508,-0.1447811494146578,40.730899810791016,0.003546175614548952,1.0,1.0,0.002837711373133933,0.00977450578781891,0.057917312200052695,0.002837711373133933,-0.0017341986036711887,-0.0017341986036711887,需要歷史多來源事件回補,資料不足,0,False,2026-10-07 04:36:36.414590+00:00,0,SEC Company Facts（point-in-time filed_at）
HIST-20120314,2012-03-14,正常／溫和上漲,20260724,市場技術與壓力基準,58.66663360595703,0.0034708538062857563,0.05189041783611925,0.07641248446273075,0.16542950901103137,1.1163075486728655,0.12307183021699535,0.0,15.3100004196167,-0.19716829236384414,41.2230110168457,0.01368227865377869,1.0,1.0,0.0028574482808039203,0.011188816827194081,0.012544812422776719,0.0028574482808039203,0.00214921465526019,-0.0037260293283627455,需要歷史多來源事件回補,資料不足,0,False,2026-10-07 04:36:36.414590+00:00,0,SEC Company Facts（point-in-time filed_at）
HIST-20120328,2012-03-28,正常／溫和上漲,20260724,市場技術與壓力基準,60.04780578613281,-0.003957739314398134,0.056596179809883296,0.06885329529893158,0.18073923933330027,0.9097273484353492,0.11814033570659141,-0.003957739314398134,15.470000267028809,0.022471920027507197,41.12351608276367,0.004864516499479388,1.0,0.0,-0.0038272880824884448,-0.009420010149180813,-0.016190979934658012,-0.0038272880824884448,-0.009420010149180813,-0.04724794316458769,需要歷史多來源事件回補,資料不足,0,False,2026-10-07 04:36:36.414590+00:00,0,SEC Company Facts（point-in-time filed_at）
HIST-20120418,2012-04-18,橫盤／低波動,20260724,市場技術與壓力基準,58.87229537963867,-0.0025456286501271963,-0.007450192010848844,0.01804444316524445,0.1406874726605689,0.8770071315423071,0.15959452536667032,-0.024029473982699168,18.639999389648438,-0.0689311207073462,41.117164611816406,0.01130432294205308,0.3333333333333333,1.0,-0.011260013351891862,-0.002402316746969557,-0.055096996899958506,-0.011260013351891862,-0.028224224955596844,-0.055096996899958506,需要歷史多來源事件回補,資料不足,0,False,2026-10-07 04:36:36.414590+00:00,0,SEC Company Facts（point-in-time filed_at）
HIST-20120509,2012-05-09,高波動／壓力,20260724,市場技術與壓力基準,56.84830093383789,-0.0030997849389572396,-0.032054091649073246,-0.02865051002512764,0.09049055455015309,1.4934663797004977,0.1891069179525729,-0.05758275929603984,20.079999923706055,0.18957351433861835,41.49899673461914,-0.004719086238668457,-0.3333333333333333,-1.0,-0.002021145394905388,-0.02145520992164973,-0.03187182556200019,-0.002021145394905388,-0.02145520992164973,-0.06078983973162522,需要歷史多來源事件回補,資料不足,0,False,2026-10-07 04:36:36.414590+00:00,0,SEC Company Facts（point-in-time filed_at）
HIST-20120516,2012-05-16,明顯下跌趨勢,20260724,市場技術與壓力基準,55.62860870361328,-0.00678523141662335,-0.055096996899958506,-0.04858169756450603,0.06449849940169683,0.9183979310016304,0.15591604921768618,-0.07780251902912527,22.270000457763672,0.10906377203080297,40.64776611328125,-0.020512077117945893,-0.3333333333333333,-1.0,-0.021131331866664493,-0.006037494001456256,-0.009215299272988142,-0.021131331866664493,-0.03384179863462922,-0.04019706630580089,需要歷史多來源事件回補,資料不足,0,False,2026-10-07 04:36:36.414590+00:00,0,SEC Company Facts（point-in-time filed_at）
HIST-20120522,2012-05-22,明顯下跌趨勢,20260724,市場技術與壓力基準,55.18668746948242,-0.0011199965753141417,-0.035377718615064446,-0.052970052919203314,0.05355510686639975,1.0897707925439741,0.20211007586810936,-0.08512858125502709,22.479999542236328,0.02321348406105006,40.496761322021484,-0.013489456744612216,-0.3333333333333333,-1.0,0.0019219099322111965,-0.0017617507711936709,0.03199505849887663,0.0019219099322111965,-0.005925335969611645,-0.03251120371049443,需要歷史多來源事件回補,資料不足,0,False,2026-10-07 04:36:36.414590+00:00,0,SEC Company Facts（point-in-time filed_at）
HIST-20120524,2012-05-24,明顯下跌趨勢,20260724,市場技術與壓力基準,54.930381774902344,-0.006553653575802398,-0.07016760031943059,-0.055128447640699685,0.04673244343303806,1.3899995050716776,0.17041158429433298,-0.0893775544256411,21.540000915527344,-0.12045728391838728,40.46471405029297,0.009475626788397307,-0.3333333333333333,1.0,-0.0012869739375971356,-0.027996891595432394,0.021650565603239524,-0.0012869739375971356,-0.027996891595432394,-0.027996891595432394,需要歷史多來源事件回補,資料不足,0,False,2026-10-07 04:36:36.414590+00:00,0,SEC Company Facts（point-in-time filed_at）
HIST-20120529,2012-05-29,明顯下跌趨勢,20260724,市場技術與壓力基準,55.55789566040039,0.012727156919014382,-0.0584181284861609,-0.041958268988976144,0.05675607736975974,0.7439900275685535,0.17649114559833715,-0.07897478257916568,21.030000686645508,-0.04452519454999182,40.78047180175781,0.006892889472555508,-0.3333333333333333,1.0,-0.008431445693880657,-0.027680535703753506,-0.003122663572497686,-0.008431445693880657,-0.038975447208831504,-0.038975447208831504,需要歷史多來源事件回補,資料不足,0,False,2026-10-07 04:36:36.414590+00:00,0,SEC Company Facts（point-in-time filed_at）
HIST-20120607,2012-06-07,明顯下跌趨勢,20260724,市場技術與壓力基準,55.036441802978516,-0.003998854570651078,-0.03187182556200019,-0.03927150723058437,0.04091664748191115,0.6695068498235945,0.20347235596418733,-0.08761931719837801,21.719999313354492,-0.09725686635613717,40.68389129638672,0.012862981637661974,-0.3333333333333333,1.0,0.00963522856705401,0.0014450902108775754,0.03207609537720146,0.00963522856705401,-0.007387295058531751,-0.007387295058531751,需要歷史多來源事件回補,資料不足,0,False,2026-10-07 04:36:36.414590+00:00,0,SEC Company Facts（point-in-time filed_at）
HIST-20120612,2012-06-12,明顯下跌趨勢,20260724,市場技術與壓力基準,55.29275131225586,0.012134019854767475,-0.0160426453434519,-0.03002941232001677,0.043010305982307484,0.8530516734741108,0.21825217035298908,-0.08337028078864495,22.09000015258789,-0.10494327879099452,40.85887908935547,0.018830884827482075,-0.3333333333333333,1.0,-0.006873495437596633,0.02921420111664541,0.00966811025547809,-0.006873495437596633,-0.006873495437596633,-0.006873495437596633,需要歷史多來源事件回補,資料不足,0,False,2026-10-07 04:36:36.414590+00:00,0,SEC Company Facts（point-in-time filed_at）
HIST-20120613,2012-06-13,明顯下跌趨勢,20260724,市場技術與壓力基準,54.912696838378906,-0.006873495437596633,-0.01956739969523913,-0.034864888845728914,0.03503099647531305,0.9013242473031019,0.21917893664311391,-0.0896707309816096,24.270000457763672,0.095216634696772,40.739173889160156,0.005112085753010254,-0.3333333333333333,0.0,0.003701832173512054,0.037144267946849,0.007138295053696897,0.003701832173512054,0.003701832173512054,0.0022984315285397017,需要歷史多來源事件回補,資料不足,0,False,2026-10-07 04:36:36.414590+00:00,0,SEC Company Facts（point-in-time filed_at）
HIST-20120622,2012-06-22,正常／溫和上漲,20260724,市場技術與壓力基準,56.11965560913086,0.010527907227861899,0.021650565603239524,-0.005658461516329538,0.051931074697264545,0.609720222687725,0.2065075119342221,-0.06966206342795112,18.110000610351562,-0.14211273866704255,41.52198028564453,0.009855068161059188,0.3333333333333333,1.0,-0.019257881847116076,0.012786179672120257,0.0017364728149151798,-0.019257881847116076,-0.019257881847116076,-0.019257881847116076,需要歷史多來源事件回補,資料不足,0,False,2026-10-07 04:36:36.414590+00:00,0,SEC Company Facts（point-in-time filed_at）
HIST-20120625,2012-06-25,明顯下跌趨勢,20260724,市場技術與壓力基準,55.038909912109375,-0.019257881847116076,0.0032669180978583956,-0.023609472048959135,0.030965818706536696,0.6840341591834131,0.21880902797438098,-0.08757840148834528,20.3799991607666,0.11244538756866773,41.45753479003906,0.007949261250138395,0.3333333333333333,0.0,0.0062773251123500184,0.0357316822981788,0.013359467484329146,0.0062773251123500184,0.0011266887162013628,0.0011266887162013628,需要歷史多來源事件回補,資料不足,0,False,2026-10-07 04:36:36.414590+00:00,0,SEC Company Facts（point-in-time filed_at）
HIST-20120626,2012-06-26,明顯下跌趨勢,20260724,市場技術與壓力基準,55.38440704345703,0.0062773251123500184,-0.003122663572497686,-0.01662113737769577,0.03659025578321451,0.6409046627331623,0.21509877536438599,-0.08185083447495756,19.719999313354492,0.07290534351319322,41.397647857666016,-0.0005561703504011195,-0.3333333333333333,-1.0,0.006078027700846311,0.037907965525815435,0.00031972581548345147,0.006078027700846311,-0.005118505870708723,-0.005118505870708723,需要歷史多來源事件回補,資料不足,0,False,2026-10-07 04:36:36.414590+00:00,0,SEC Company Facts（point-in-time filed_at）
HIST-20120627,2012-06-27,正常／溫和上漲,20260724,市場技術與壓力基準,55.72103500366211,0.006078027700846311,0.011464492431882523,-0.009482850722641434,0.04206498330886199,0.7641522294960646,0.21377890158675356,-0.075999695351183,19.450000762939453,0.12819031445253626,41.64634704589844,0.0015509474209924878,0.3333333333333333,0.0,-0.01112889185855892,0.03227357416186205,0.007471930285169348,-0.01112889185855892,-0.01112889185855892,-0.01112889185855892,需要歷史多來源事件回補,資料不足,0,False,2026-10-07 04:36:36.414590+00:00,0,SEC Company Facts（point-in-time filed_at）
HIST-20120629,2012-06-29,強勢反彈／轉折,20260724,市場技術與壓力基準,56.83721160888672,0.031511087775615954,0.0645167328688181,0.01220970697566326,0.061402488213329276,0.9920672387510245,0.21965904834660324,-0.050392225770509724,17.079999923706055,-0.0568746908852541,42.0377311706543,0.012421153361706905,1.0,1.0,0.0029616362498317006,-0.002493299454868869,0.010286898905697228,0.0029616362498317006,-0.002493299454868869,-0.02696352785261602,需要歷史多來源事件回補,資料不足,0,False,2026-10-07 04:36:36.414590+00:00,0,SEC Company Facts（point-in-time filed_at）
HIST-20120705,2012-07-05,正常／溫和上漲,20260724,市場技術與壓力基準,57.519351959228516,0.0006164284656300367,0.04093467090099967,0.024639712683344417,0.07181729653176627,0.9163524685076713,0.20724307975296882,-0.03213496028591856,17.5,-0.10025710470176619,42.240562438964844,0.014268127584191825,1.0,1.0,-0.012475036232405534,-0.038503077889209814,-0.008470885381181903,-0.012475036232405534,-0.038503077889209814,-0.038503077889209814,需要歷史多來源事件回補,資料不足,0,False,2026-10-07 04:36:36.414590+00:00,0,SEC Company Facts（point-in-time filed_at）
HIST-20120823,2012-08-23,正常／溫和上漲,20260724,市場技術與壓力基準,60.12379837036133,-0.008183429543147214,0.07101186002220561,0.048290101477660885,0.08988537277579756,0.9361768660581926,0.12151696959392974,-0.008183429543147214,15.960000038146973,0.11686494616878851,42.721309661865234,0.0021848422152859204,1.0,0.0,0.006188086067381304,-0.002357196927903371,0.03654080335672161,0.006188086067381304,-0.002357196927903371,-0.002357196927903371,需要歷史多來源事件回補,資料不足,0,False,2026-10-07 04:36:36.414590+00:00,0,SEC Company Facts（point-in-time filed_at）
HIST-20120824,2012-08-24,正常／溫和上漲,20260724,市場技術與壓力基準,60.495849609375,0.006188086067381304,0.052720516289375796,0.052801934243295934,0.09576146906548466,1.2563745753760756,0.09615788445084568,-0.0020459832421053648,15.180000305175781,0.12862457401069416,42.91221618652344,0.006663254202342372,1.0,0.0,0.0016107324317671257,-0.0019038852298912667,0.02414541135473036,0.0016107324317671257,-0.008492729255703435,-0.008492729255703435,需要歷史多來源事件回補,資料不足,0,False,2026-10-07 04:36:36.414590+00:00,0,SEC Company Facts（point-in-time filed_at）
HIST-20120925,2012-09-25,橫盤／低波動,20260724,市場技術與壓力基準,61.08591842651367,-0.014052241484288075,0.008130044960491523,0.02538614422683705,0.08178431239538542,1.229405216628209,0.1320454238752007,-0.020510231413401803,15.430000305175781,0.08815232532426265,43.173057556152344,-0.01747637310825567,1.0,-1.0,-0.00814435144470782,-0.0013087864986288666,-0.04901105062183597,-0.00814435144470782,-0.00814435144470782,-0.04901105062183597,需要歷史多來源事件回補,資料不足,0,False,2026-10-07 04:36:36.414590+00:00,0,SEC Company Facts（point-in-time filed_at）
HIST-20120926,2012-09-26,橫盤／低波動,20260724,市場技術與壓力基準,60.58841323852539,-0.00814435144470782,-8.0520427635844e-05,0.015565809932610142,0.07198013594439812,0.9676838296306665,0.13552237879887213,-0.02848754032526657,16.809999465942383,0.21109505240227322,42.95765686035156,-0.02112691788581489,0.3333333333333333,-1.0,0.013783134793676322,0.013343731105845968,-0.04457438442086947,0.013783134793676322,0.0039592293316410565,-0.04457438442086947,需要歷史多來源事件回補,資料不足,0,False,2026-10-07 04:36:36.414590+00:00,0,SEC Company Facts（point-in-time filed_at）
HIST-20121004,2012-10-04,橫盤／低波動,20260724,市場技術與壓力基準,61.610042572021484,0.003471736817782345,0.00025547208826548484,0.023029241805791134,0.08277562446731279,0.7757787299943468,0.11888453714316433,-0.01210609751122127,14.550000190734863,-0.01954177620425801,43.54704666137695,0.0027895681255563076,1.0,1.0,-0.005335123802350905,-0.038067197446451706,-0.05407318802159877,-0.005335123802350905,-0.038067197446451706,-0.06344565930040325,需要歷史多來源事件回補,資料不足,0,False,2026-10-07 04:36:36.414590+00:00,0,SEC Company Facts（point-in-time filed_at）
HIST-20121015,2012-10-15,正常／溫和上漲,20260724,市場技術與壓力基準,59.673370361328125,0.007348556089062486,-0.0405702280960224,-0.015203403117129421,0.04187738373207606,0.6594877210290455,0.11500136166840536,-0.043159909328132295,15.270000457763672,0.010589067155651444,43.74473571777344,0.0064985105385759745,-0.3333333333333333,0.0,0.01414311664707113,-0.01712073937660108,-0.0733958208570521,0.01414311664707113,-0.022182487060040113,-0.0733958208570521,需要歷史多來源事件回補,資料不足,0,False,2026-10-07 04:36:36.414590+00:00,0,SEC Company Facts（point-in-time filed_at）
HIST-20121016,2012-10-16,正常／溫和上漲,20260724,市場技術與壓力基準,60.517337799072266,0.01414311664707113,-0.02783178624803806,-0.0019214939717802082,0.05557549761435854,0.9978870203813941,0.12834293944032474,-0.02962720831316601,15.220000267028809,-0.07025048950812662,43.90476608276367,0.013033284230953956,-0.3333333333333333,1.0,-0.0005869168660088686,-0.040076191403101924,-0.0894008461915361,-0.0005869168660088686,-0.040076191403101924,-0.0894008461915361,需要歷史多來源事件回補,資料不足,0,False,2026-10-07 04:36:36.414590+00:00,0,SEC Company Facts（point-in-time filed_at）
HIST-20121017,2012-10-17,正常／溫和上漲,20260724,市場技術與壓力基準,60.48181915283203,-0.0005869168660088686,-0.030196736470923136,-0.0029804502747291517,0.05401128685265966,0.9869879944805602,0.1278200568417183,-0.030196736470923136,15.069999694824219,-0.07489264285677488,44.00361633300781,0.01774619808144351,-0.3333333333333333,1.0,-0.011604391462449626,-0.04289052766247203,-0.08489994226407327,-0.011604391462449626,-0.04289052766247203,-0.08886608633041071,需要歷史多來源事件回補,資料不足,0,False,2026-10-07 04:36:36.414590+00:00,0,SEC Company Facts（point-in-time filed_at）
HIST-20121022,2012-10-22,明顯下跌趨勢,20260724,市場技術與壓力基準,58.65171813964844,0.005176577036567931,-0.053341072338165985,-0.03293923831720447,0.019938682015047116,1.0234162969668095,0.15582507671840384,-0.059541719145608685,16.6200008392334,0.08840866673211867,43.76826858520508,0.0005379588434015758,-0.3333333333333333,0.0,-0.009542512498702416,-0.01620694786590038,-0.03165676717226884,-0.009542512498702416,-0.01620694786590038,-0.06043610761124607,需要歷史多來源事件回補,資料不足,0,False,2026-10-07 04:36:36.414590+00:00,0,SEC Company Facts（point-in-time filed_at）
HIST-20121031,2012-10-31,明顯下跌趨勢,20260724,市場技術與壓力基準,57.70115280151367,-0.006120573926512773,-0.051409360963560635,-0.04563195977797552,0.000502775429622293,0.933464613720545,0.13944410094221626,-0.07478367747347003,18.600000381469727,0.11913354044858493,43.584693908691406,-0.004194241226524675,-0.3333333333333333,-1.0,0.01416480524838959,-0.01200924685298721,0.014780169074318339,0.01416480524838959,-0.01200924685298721,-0.04495778827610264,需要歷史多來源事件回補,資料不足,0,False,2026-10-07 04:36:36.414590+00:00,0,SEC Company Facts（point-in-time filed_at）
HIST-20121102,2012-11-02,明顯下跌趨勢,20260724,市場技術與壓力基準,57.8965950012207,-0.010627128548210463,-0.057010930096417334,-0.0409502537900267,0.002837633169304299,1.0687479650197964,0.15008167625289068,-0.07164983517570078,17.59000015258789,-0.04037096422248909,43.499969482421875,-0.0015121895436339683,-0.3333333333333333,0.0,0.0065979036379790745,-0.026699509693623558,0.0076722751724702665,0.0065979036379790745,-0.030842554099904218,-0.048181735222696864,需要歷史多來源事件回補,資料不足,0,False,2026-10-07 04:36:36.414590+00:00,0,SEC Company Facts（point-in-time filed_at）
HIST-20121105,2012-11-05,明顯下跌趨勢,20260724,市場技術與壓力基準,58.27859115600586,0.0065979036379790745,-0.05407318802159877,-0.03387314808490438,0.008976985030977103,0.6795082479686186,0.1522335176716566,-0.06552467024588804,18.420000076293945,0.01655624851909443,43.429359436035156,-0.004746203308355179,-0.3333333333333333,-1.0,0.0018296327322553374,-0.03323160779565448,0.00045767000801122393,0.0018296327322553374,-0.03719504839277776,-0.05442057713680415,需要歷史多來源事件回補,資料不足,0,False,2026-10-07 04:36:36.414590+00:00,0,SEC Company Facts（point-in-time filed_at）
HIST-20121115,2012-11-15,明顯下跌趨勢,20260724,市場技術與壓力基準,55.10703659057617,-0.0033739490429864905,-0.0894008461915361,-0.07648911813642534,-0.04806688289958361,1.1361723041383138,0.1560515628089568,-0.11637935701121216,17.989999771118164,-0.027041644466703096,42.68089294433594,-0.00961235117019077,-1.0,0.0,0.00435297600806428,0.04626768459236996,0.04288252115000302,0.00435297600806428,0.00435297600806428,0.00435297600806428,需要歷史多來源事件回補,資料不足,0,False,2026-10-07 04:36:36.414590+00:00,0,SEC Company Facts（point-in-time filed_at）
HIST-20121120,2012-11-20,明顯下跌趨勢,20260724,市場技術與壓力基準,56.679500579833984,0.0003135280802535334,-0.02862340289284493,-0.045443960600354716,-0.021418553839519516,1.0636197040198792,0.16692224392046331,-0.09116548729094642,15.079999923706055,-0.09429427812580371,43.34931945800781,0.009648276334495387,-1.0,1.0,0.0020376639390353724,0.026958867334522685,0.03855792404337777,0.0020376639390353724,0.0020376639390353724,0.0020376639390353724,需要歷史多來源事件回補,資料不足,0,False,2026-10-07 04:36:36.414590+00:00,0,SEC Company Facts（point-in-time filed_at）
HIST-20121217,2012-12-17,強勢反彈／轉折,20260724,市場技術與壓力基準,58.234195709228516,0.013294384193671016,0.052166944588762476,0.0018618547873496816,0.0021857740766153544,1.1068640622082988,0.1422684453051566,-0.06557323565086792,16.34000015258789,0.018068593726640936,44.302364349365234,0.0035375618051511903,1.0,0.0,0.015255134944282212,-0.0017942786283932088,0.026278835392573363,0.015255134944282212,-0.0017942786283932088,-0.02158335541436074,需要歷史多來源事件回補,資料不足,0,False,2026-10-07 04:36:36.414590+00:00,0,SEC Company Facts（point-in-time filed_at）
HIST-20121224,2012-12-24,橫盤／低波動,20260724,市場技術與壓力基準,58.12970733642578,-0.0019938701134168957,0.0038724411992643315,0.003374987168549115,-0.0004381712122440984,0.2896930661079308,0.12654911645842473,-0.056489739177297715,17.84000015258789,0.09179926474862565,44.14619445800781,-0.003525091575832806,0.3333333333333333,-1.0,-0.008759804372571955,0.03273391601218867,0.0244352506838994,-0.008759804372571955,-0.01982464772770076,-0.01982464772770076,需要歷史多來源事件回補,資料不足,0,False,2026-10-07 04:36:36.414590+00:00,0,SEC Company Facts（point-in-time filed_at）
HIST-20130110,2013-01-10,正常／溫和上漲,20260724,市場技術與壓力基準,60.00572967529297,0.005990674748883595,0.02386088531338526,0.03633500289501823,0.031601055469845596,0.9346396072461467,0.1780860956447064,-0.008453909943592075,13.489999771118164,-0.0734890534108037,44.89079666137695,0.004364276753951124,1.0,1.0,0.0013400387612521047,0.0007442399439241409,0.012208027111261899,0.0013400387612521047,-0.00803927898425838,-0.010272570965983663,需要歷史多來源事件回補,資料不足,0,False,2026-10-07 04:36:36.414590+00:00,0,SEC Company Facts（point-in-time filed_at）
HIST-20130117,2013-01-17,正常／溫和上漲,20260724,市場技術與壓力基準,60.05038833618164,0.004783201998147524,0.015693197577643314,0.03396655268846227,0.03244077123172118,0.8778782584762942,0.15986968741047564,-0.0005950014922652125,13.569999694824219,0.005930313199658643,45.0049934387207,0.002543879499514512,1.0,0.0,-0.002231122913197825,-0.003272550765796356,0.007884842498489197,-0.002231122913197825,-0.008330787571396492,-0.01100861785677143,需要歷史多來源事件回補,資料不足,0,False,2026-10-07 04:36:36.414590+00:00,0,SEC Company Facts（point-in-time filed_at）
HIST-20130205,2013-02-05,橫盤／低波動,20260724,市場技術與壓力基準,60.26479721069336,0.014741382837569983,0.012152968981316237,0.022386723818631937,0.03530657554532568,1.0037807226587843,0.11895087232440263,-0.002955842546082721,13.720000267028809,0.03080389440167397,44.62895965576172,-0.008879595263617146,1.0,-1.0,-0.0032610976477800424,0.004002328134697697,0.015564637545571358,-0.0032610976477800424,-0.0032610976477800424,-0.017047035220474904,需要歷史多來源事件回補,資料不足,0,False,2026-10-07 04:36:36.414590+00:00,0,SEC Company Facts（point-in-time filed_at）
HIST-20130424,2013-04-24,正常／溫和上漲,20260724,市場技術與壓力基準,62.159297943115234,-0.000431365551080809,0.010333751983504058,0.01717489002536432,0.04458033733027267,1.1567286823780876,0.17245537741372696,-0.00856875891780473,13.609999656677246,-0.1756511527559801,46.02702331542969,0.005916174124585449,1.0,1.0,0.005330203642450959,0.0139732662554366,0.060501008703020887,0.005330203642450959,0.002160458804762566,0.002160458804762566,需要歷史多來源事件回補,資料不足,0,False,2026-10-07 04:36:36.414590+00:00,0,SEC Company Facts（point-in-time filed_at）
HIST-20130529,2013-05-29,正常／溫和上漲,20260724,市場技術與壓力基準,65.84835815429688,-0.0047365350657539995,0.03987541556908991,0.04216550144224329,0.08882537506916166,1.0526999500226433,0.0890441382889557,-0.010229041634279734,14.829999923706055,0.10919970461061235,45.65534210205078,-0.018383562106732976,1.0,-1.0,0.005303401416032472,-0.020261095165774567,-0.03325809570198901,0.005303401416032472,-0.020261095165774567,-0.048808776768429984,需要歷史多來源事件回補,資料不足,0,False,2026-10-07 04:36:36.414590+00:00,0,SEC Company Facts（point-in-time filed_at）
HIST-20130607,2013-06-07,橫盤／低波動,20260724,市場技術與壓力基準,65.71406555175781,0.01367410278632053,0.010742182457744498,0.030665961820312004,0.0829879874494901,0.8962500657053247,0.10497699155319701,-0.012247602485942255,15.140000343322754,-0.07116557963391545,45.09107208251953,-0.0010924273665097184,1.0,0.0,0.0004090198454154148,-0.015125142889916177,-0.006951711973867347,0.0004090198454154148,-0.020984355077987793,-0.04686493196431463,需要歷史多來源事件回補,資料不足,0,False,2026-10-07 04:36:36.414590+00:00,0,SEC Company Facts（point-in-time filed_at）
HIST-20130619,2013-06-19,正常／溫和上漲,20260724,市場技術與壓力基準,65.1499252319336,-0.011144945315736954,-0.020331323746206942,0.012093034338386932,0.07039095533919304,1.1436780489472924,0.13491917404035317,-0.020727232360642778,16.639999389648438,-0.10489514507443376,44.749263763427734,-0.00010859165404097926,0.3333333333333333,0.0,-0.02377674550851816,-0.022894240778346675,0.039148968461346634,-0.02377674550851816,-0.038611631285870085,-0.038611631285870085,需要歷史多來源事件回補,資料不足,0,False,2026-10-07 04:36:36.414590+00:00,0,SEC Company Facts（point-in-time filed_at）
HIST-20130801,2013-08-01,正常／溫和上漲,20260724,市場技術與壓力基準,68.75139617919922,0.010162513678819485,0.06261233985876857,0.04489838163181736,0.11595564695176708,0.6349236201554397,0.10053150761861512,0.0,12.9399995803833,-0.002313082962825619,45.2120361328125,-0.006915191249907582,1.0,0.0,0.005618005582495034,0.0033970368366320614,-0.007577305281553315,0.005618005582495034,-0.0015681277779449054,-0.01829108806051194,需要歷史多來源事件回補,資料不足,0,False,2026-10-07 04:36:36.414590+00:00,0,SEC Company Facts（point-in-time filed_at）
HIST-20130806,2013-08-06,正常／溫和上漲,20260724,市場技術與壓力基準,68.76937866210938,-0.005972607326129253,0.04747594477757633,0.04210862637442103,0.11374726159656001,0.9221223841183412,0.10373394274404724,-0.005972607326129253,12.720000267028809,-0.050037345714338044,45.2120361328125,-0.006594060919628109,1.0,0.0,-0.0018292074100206834,0.007053010182232811,0.0019590092458845465,-0.0018292074100206834,-0.0018292074100206834,-0.01854779481103297,需要歷史多來源事件回補,資料不足,0,False,2026-10-07 04:36:36.414590+00:00,0,SEC Company Facts（point-in-time filed_at）
HIST-20130812,2013-08-12,橫盤／低波動,20260724,市場技術與壓力基準,68.8681640625,0.002353229627773956,0.015899997861663184,0.040010168510248745,0.11193098102545651,0.876216890790111,0.08193136714947143,-0.0045447131689491105,12.8100004196167,0.08192569717296783,45.133155822753906,-0.0027238548914879646,1.0,-1.0,0.005608480098126867,-0.017216613668268987,0.020086658583967854,0.005608480098126867,-0.017216613668268987,-0.019955602763715774,需要歷史多來源事件回補,資料不足,0,False,2026-10-07 04:36:36.414590+00:00,0,SEC Company Facts（point-in-time filed_at）
HIST-20130826,2013-08-26,橫盤／低波動,20260724,市場技術與壓力基準,68.90409851074219,0.0005217860637256599,0.01967268492791252,0.03049858062920574,0.10327051989207447,1.1857233319405016,0.0990928954037767,-0.005058324521989621,14.989999771118164,-0.007284808448518421,45.044334411621094,0.01534570683504577,1.0,1.0,-0.02046670958361041,-0.010559051876575465,0.030722707602964583,-0.02046670958361041,-0.02046670958361041,-0.02046670958361041,需要歷史多來源事件回補,資料不足,0,False,2026-10-07 04:36:36.414590+00:00,0,SEC Company Facts（point-in-time filed_at）
HIST-20130827,2013-08-27,橫盤／低波動,20260724,市場技術與壓力基準,67.49385833740234,-0.02046670958361041,-0.006478932239622814,0.00875987075488327,0.07970626596987196,1.668681257929525,0.12344479933408535,-0.025421506846628805,16.770000457763672,0.12474853315806023,44.7532844543457,-0.00044074377578284807,0.3333333333333333,-1.0,0.0038594684597563766,0.020894348138908336,0.04865419363808843,0.0038594684597563766,0.0038594684597563766,0.0038594684597563766,需要歷史多來源事件回補,資料不足,0,False,2026-10-07 04:36:36.414590+00:00,0,SEC Company Facts（point-in-time filed_at）
HIST-20130906,2013-09-06,橫盤／低波動,20260724,市場技術與壓力基準,69.10171508789062,0.0011711446322169028,0.0016926574279239048,0.02309776755273152,0.09770740975125825,1.0768247480359627,0.12639279699137052,-0.002204837245907809,15.850000381469727,-0.05710881112266819,44.9152717590332,-0.004173680524326873,1.0,0.0,0.01169929228357236,0.014688704139202535,0.03520596645799512,0.01169929228357236,0.01169929228357236,0.01169929228357236,需要歷史多來源事件回補,資料不足,0,False,2026-10-07 04:36:36.414590+00:00,0,SEC Company Facts（point-in-time filed_at）
HIST-20130913,2013-09-13,正常／溫和上漲,20260724,市場技術與壓力基準,70.11672973632812,0.000640974481550538,0.033770421694112596,0.029296539540770272,0.10822248186072936,0.679179425305706,0.11279230499077113,-0.0019183310519848007,14.15999984741211,-0.10662463680653289,45.15830612182617,0.005410951626805938,1.0,1.0,-0.002690216031180581,0.014952548001488486,0.018036111830465495,-0.002690216031180581,-0.002690216031180581,-0.01087424404320192,需要歷史多來源事件回補,資料不足,0,False,2026-10-07 04:36:36.414590+00:00,0,SEC Company Facts（point-in-time filed_at）
HIST-20130924,2013-09-24,正常／溫和上漲,20260724,市場技術與壓力基準,71.0210189819336,0.0,0.030722707602964583,0.03308458881631582,0.11470755224749607,0.8416685443059043,0.11576914640450348,-0.005449964198251278,14.079999923706055,-0.030970393498632065,45.698822021484375,0.00315693254011995,1.0,1.0,-0.0034257659927894313,0.01078240778389028,0.04592137797220652,-0.0034257659927894313,-0.0034257659927894313,-0.023468484403096568,需要歷史多來源事件回補,資料不足,0,False,2026-10-07 04:36:36.414590+00:00,0,SEC Company Facts（point-in-time filed_at）
HIST-20131029,2013-10-29,正常／溫和上漲,20260724,市場技術與壓力基準,74.83195495605469,0.0016885488324973608,0.04241947728185025,0.05667079103047912,0.14415380350087248,1.0252765372781454,0.14966746141627194,0.0,13.40999984741211,0.006001494685966335,46.72430419921875,0.002888674039663197,1.0,0.0,-0.000963054630665594,-0.00048132340793693995,0.018901807781799507,-0.000963054630665594,-0.0032508956122594412,-0.0195040482754838,需要歷史多來源事件回補,資料不足,0,False,2026-10-07 04:36:36.414590+00:00,0,SEC Company Facts（point-in-time filed_at）
HIST-20131113,2013-11-13,正常／溫和上漲,20260724,市場技術與壓力基準,75.26441192626953,0.012115563744085733,0.03931320388963222,0.04229085555326639,0.13677916621545294,0.986555595666393,0.11705880437263377,0.0,12.520000457763672,-0.01183895956014458,46.4547233581543,-0.0024722297036502416,1.0,0.0,0.003112501022548564,-0.010055390455422586,0.01699787441674183,0.003112501022548564,-0.010055390455422586,-0.010055390455422586,需要歷史多來源事件回補,資料不足,0,False,2026-10-07 04:36:36.414590+00:00,0,SEC Company Facts（point-in-time filed_at）
HIST-20131216,2013-12-16,橫盤／低波動,20260724,市場技術與壓力基準,76.86808013916016,0.005539259408741781,0.016197734707541045,0.028980777820608372,0.13059401511094992,0.8499983701466851,0.09153208694796278,-0.011928154907730137,16.030000686645508,0.1882876915213474,46.785213470458984,-0.002360600327832252,1.0,-1.0,-0.0019924065430416693,0.027750667898860604,0.03903792788131466,-0.0019924065430416693,-0.0019924065430416693,-0.0019924065430416693,需要歷史多來源事件回補,資料不足,0,False,2026-10-07 04:36:36.414590+00:00,0,SEC Company Facts（point-in-time filed_at）
HIST-20131227,2013-12-27,正常／溫和上漲,20260724,市場技術與壓力基準,79.10062408447266,-0.0025076147728758658,0.03025168031491421,0.04257901792879082,0.15198165468784075,0.5068953739239714,0.09321402732861975,-0.0025076147728758658,12.460000038146973,-0.11943460254021099,46.899620056152344,0.0016907694190391176,1.0,1.0,-0.0014854535793585866,-0.013711293064144203,-0.019081630694499974,-0.0014854535793585866,-0.013711293064144203,-0.019081630694499974,需要歷史多來源事件回補,資料不足,0,False,2026-10-07 04:36:36.414590+00:00,0,SEC Company Facts（point-in-time filed_at）
HIST-20140102,2014-01-02,正常／溫和上漲,20260724,市場技術與壓力基準,78.87466430664062,-0.007845005832530783,0.02502259345610236,0.03514262689113634,0.1442160172297111,0.9452879852123298,0.09842441145528706,-0.007845005832530783,14.229999542236328,0.14022436411775807,47.051353454589844,0.004069196612278114,1.0,0.0,-0.007218622863034985,-0.0028647954297919,-0.011458504622634758,-0.007218622863034985,-0.010885777684059073,-0.02681321615049337,需要歷史多來源事件回補,資料不足,0,False,2026-10-07 04:36:36.414590+00:00,0,SEC Company Facts（point-in-time filed_at）
HIST-20140131,2014-01-31,高波動／壓力,20260724,市場技術與壓力基準,77.97087860107422,-0.0026590102162125095,-0.011458504622634758,0.0017148283704313538,0.10364860881874893,1.1260783058909842,0.15767139707491526,-0.02827231692104981,18.40999984741211,0.014884259473445516,47.15754699707031,0.002472920526846112,0.3333333333333333,0.0,-0.0229515277159561,0.011939080210872977,0.04372581104579454,-0.0229515277159561,-0.0229515277159561,-0.0229515277159561,需要歷史多來源事件回補,資料不足,0,False,2026-10-07 04:36:36.414590+00:00,0,SEC Company Facts（point-in-time filed_at）
HIST-20140203,2014-02-03,高波動／壓力,20260724,市場技術與壓力基準,76.18132781982422,-0.0229515277159561,-0.027124218795061994,-0.021651504832494783,0.07709571707403295,1.5760370501535026,0.17541605190924975,-0.0505749517715981,21.440000534057617,0.2307692560365886,47.01625442504883,-0.00020831310433011563,-0.3333333333333333,-1.0,0.007355557538482493,0.04164216800419096,0.08182428082091975,0.007355557538482493,0.004745705135350331,0.004745705135350331,需要歷史多來源事件回補,資料不足,0,False,2026-10-07 04:36:36.414590+00:00,0,SEC Company Facts（point-in-time filed_at）
HIST-20140307,2014-03-07,正常／溫和上漲,20260724,市場技術與壓力基準,82.16071319580078,-0.004946085460122096,0.05987895358181361,0.031480045543945234,0.131233973621125,0.9024132064480339,0.10234627342020211,-0.005820155496489843,14.109999656677246,0.007857118334088975,48.0331916809082,-0.004413937431438697,1.0,-1.0,0.0008836500504365574,-0.02054551368845059,-0.04376992820761205,0.0008836500504365574,-0.02054551368845059,-0.04376992820761205,需要歷史多來源事件回補,資料不足,0,False,2026-10-07 04:36:36.414590+00:00,0,SEC Company Facts（point-in-time filed_at）
HIST-20140317,2014-03-17,橫盤／低波動,20260724,市場技術與壓力基準,81.18053436279297,0.008796217948626728,0.00012576184372492527,0.015556986974652132,0.11060088385047862,0.8539401274196787,0.10141937994918766,-0.01768073948951132,15.640000343322754,0.10140848967603877,47.971920013427734,-0.0013814081803091849,1.0,-1.0,0.01207406234390418,-0.011495141908341666,-0.050152460012433675,0.01207406234390418,-0.011495141908341666,-0.05754760469320275,需要歷史多來源事件回補,資料不足,0,False,2026-10-07 04:36:36.414590+00:00,0,SEC Company Facts（point-in-time filed_at）
HIST-20140324,2014-03-24,正常／溫和上漲,20260724,市場技術與壓力基準,80.24735260009766,-0.008763966523223532,-0.0179321862005134,0.0002782129254430554,0.0917834276645757,2.1147703632407073,0.1175073328458803,-0.028972638788376637,15.09000015258789,-0.035166251832576045,48.01782989501953,0.0009570157204243923,0.3333333333333333,1.0,0.0032872604112821335,-0.006234443008729329,-0.007821789718203132,0.0032872604112821335,-0.015189508528138052,-0.046587998438132994,需要歷史多來源事件回補,資料不足,0,False,2026-10-07 04:36:36.414590+00:00,0,SEC Company Facts（point-in-time filed_at）
HIST-20140516,2014-05-16,正常／溫和上漲,20260724,市場技術與壓力基準,79.78345489501953,0.006541368639007228,0.017517463655979615,0.0006696427003645145,0.04915486296084248,1.5973874275630457,0.12833836265394125,-0.034585999850627935,12.4399995803833,-0.0371517409501696,48.77703857421875,0.004245101749789981,1.0,1.0,0.0069546120408587875,0.024740525277036518,0.053471630601058084,0.0069546120408587875,0.00330627842909359,0.00330627842909359,需要歷史多來源事件回補,資料不足,0,False,2026-10-07 04:36:36.414590+00:00,0,SEC Company Facts（point-in-time filed_at）
HIST-20140605,2014-06-05,正常／溫和上漲,20260724,市場技術與壓力基準,83.9495620727539,0.008413775798278955,0.06619713737970878,0.050297174092529096,0.09130784510612266,1.0302503264129492,0.09813348160577673,0.0,11.680000305175781,0.009507399589713916,48.961944580078125,0.0004077990635587003,1.0,0.0,0.005742296702384797,-0.002600823724441703,0.039734857390468115,0.005742296702384797,-0.002600823724441703,-0.002600823724441703,需要歷史多來源事件回補,資料不足,0,False,2026-10-07 04:36:36.414590+00:00,0,SEC Company Facts（point-in-time filed_at）
HIST-20140612,2014-06-12,正常／溫和上漲,20260724,市場技術與壓力基準,83.7312240600586,-0.009043093656859291,0.0480476913014618,0.041581812334334556,0.0828646682712122,1.1054095057778304,0.09122238596073547,-0.00925636128841223,12.5600004196167,0.07534247358289559,49.106937408447266,0.0029613372102081925,1.0,0.0,0.0029331691028344764,0.009342842009512964,0.03776189839668431,0.0029331691028344764,0.0029331691028344764,0.0029331691028344764,需要歷史多來源事件回補,資料不足,0,False,2026-10-07 04:36:36.414590+00:00,0,SEC Company Facts（point-in-time filed_at）
HIST-20140702,2014-07-02,正常／溫和上漲,20260724,市場技術與壓力基準,86.738037109375,0.00168522778505098,0.04190932444642326,0.05560402145841059,0.10581646560640245,0.6886329879893647,0.0665788631078264,0.0,10.819999694824219,-0.06643662188319654,49.33751678466797,-0.0009924008112845994,1.0,0.0,0.006309214026159804,-0.004626733496773006,-0.0008410643466121304,0.006309214026159804,-0.008833022779280553,-0.008833022779280553,需要歷史多來源事件回補,資料不足,0,False,2026-10-07 04:36:36.414590+00:00,0,SEC Company Facts（point-in-time filed_at）
HIST-20140708,2014-07-08,橫盤／低波動,20260724,市場技術與壓力基準,85.97187805175781,-0.012053579921916469,0.01901082437873014,0.04038375666125926,0.09275863364428849,1.4962458826656655,0.0807046816148887,-0.015047300168163469,11.979999542236328,0.035436461385173645,49.238731384277344,-0.0011070316592481921,1.0,-1.0,0.007426627806738528,0.013261562801670346,0.003501351465757807,0.007426627806738528,0.004243774640577902,0.003501351465757807,需要歷史多來源事件回補,資料不足,0,False,2026-10-07 04:36:36.414590+00:00,0,SEC Company Facts（point-in-time filed_at）
HIST-20140723,2014-07-23,正常／溫和上漲,20260724,市場技術與壓力基準,88.6807632446289,0.006417885816474955,0.04886756143783977,0.050828939425052955,0.11468470188394253,1.0212298327172793,0.11189891492942029,0.0,11.520000457763672,0.04727276888760645,48.90068435668945,-0.0012751464934289691,1.0,-1.0,-0.0011312364149896892,-0.002571328159648112,0.015119027596094625,-0.0011312364149896892,-0.006479509513647508,-0.030957283759328602,需要歷史多來源事件回補,資料不足,0,False,2026-10-07 04:36:36.414590+00:00,0,SEC Company Facts（point-in-time filed_at）
HIST-20140808,2014-08-08,正常／溫和上漲,20260724,市場技術與壓力基準,86.55562591552734,0.0072167916652128294,-0.0038834869621342527,0.0077731182584055425,0.07558322867240275,1.16594460814839,0.126082358335123,-0.02396390436152762,15.770000457763672,-0.07398709207744758,48.586246490478516,0.010321040423572514,0.3333333333333333,1.0,0.005901003779720471,0.02634371965353255,0.05458342555442175,0.005901003779720471,0.005479585358120653,0.005479585358120653,需要歷史多來源事件回補,資料不足,0,False,2026-10-07 04:36:36.414590+00:00,0,SEC Company Facts（point-in-time filed_at）
HIST-20140911,2014-09-11,正常／溫和上漲,20260724,市場技術與壓力基準,91.19807434082031,-0.0007995433282685926,0.03691782252630316,0.030484777316694522,0.10894721186962641,1.0810874967266206,0.06518062487456376,-0.0008989266289481934,12.800000190734863,0.012658215432457043,48.69873809814453,-0.006318856111130922,1.0,-1.0,-0.005100508519921387,0.002900151369714443,-0.028998502030448958,-0.005100508519921387,-0.014701367313410985,-0.03190576427985947,需要歷史多來源事件回補,資料不足,0,False,2026-10-07 04:36:36.414590+00:00,0,SEC Company Facts（point-in-time filed_at）
HIST-20141212,2014-12-12,橫盤／低波動,20260724,市場技術與壓力基準,93.8652114868164,-0.010886271747982623,-0.002235159799206188,0.019721140525666092,0.08570541295888479,1.6015670897490197,0.10566915838636592,-0.031506748381646354,21.079999923706055,0.7729183612298436,46.40574264526367,-0.03388352395193128,0.3333333333333333,-1.0,-0.010324632789733279,0.019856619887945293,-0.007516560255824922,-0.010324632789733279,-0.026200467670711602,-0.026200467670711602,需要歷史多來源事件回補,資料不足,0,False,2026-10-07 04:36:36.414590+00:00,0,SEC Company Facts（point-in-time filed_at）
HIST-20141222,2014-12-22,正常／溫和上漲,20260724,市場技術與壓力基準,95.9676513671875,0.0024923890600754284,0.010586732439402669,0.03538998793539605,0.10548566957895056,0.8807795043723401,0.16354527576478797,-0.009813952895230238,15.25,-0.25318315656109713,47.873714447021484,0.032224657651875654,1.0,1.0,-0.003537972848008164,-0.0024861925010843944,-0.005258901734618737,-0.003537972848008164,-0.003537972848008164,-0.04714090644862989,需要歷史多來源事件回補,資料不足,0,False,2026-10-07 04:36:36.414590+00:00,0,SEC Company Facts（point-in-time filed_at）
HIST-20150114,2015-01-14,高波動／壓力,20260724,市場技術與壓力基準,92.6457748413086,-0.005516261904387476,-0.002694546256117314,-0.019857787018303097,0.05487399770882284,1.2943732387346123,0.18302621662937313,-0.0440887917525955,21.479999542236328,0.11237701379128673,47.9563102722168,0.008990935946784795,-0.3333333333333333,0.0,-0.012975503215073791,0.03040820892763052,0.049920585621645364,-0.012975503215073791,-0.012975503215073791,-0.012975503215073791,需要歷史多來源事件回補,資料不足,0,False,2026-10-07 04:36:36.414590+00:00,0,SEC Company Facts（point-in-time filed_at）
HIST-20150128,2015-01-28,高波動／壓力,20260724,市場技術與壓力基準,92.60908508300781,-0.005125973280878604,-0.0390401911143784,-0.021216201823751613,0.04662684086506386,1.1180291650861238,0.18702145020769875,-0.044467353551529976,20.440000534057617,0.08435013901383903,48.159278869628906,0.003003289778931384,-0.3333333333333333,0.0,0.009611270228887303,0.0193221412472655,0.07887402172499991,0.009611270228887303,0.0017830930419662216,0.0017830930419662216,需要歷史多來源事件回補,資料不足,0,False,2026-10-07 04:36:36.414590+00:00,0,SEC Company Facts（point-in-time filed_at）
HIST-20150204,2015-02-04,正常／溫和上漲,20260724,市場技術與壓力基準,94.39849090576172,-0.0008742048599685859,0.02798071852642736,-0.001534746044905555,0.062140318321504795,0.851086894755017,0.17979587275192305,-0.026004416790479268,18.329999923706055,-0.10322898998147423,48.451393127441406,0.006065586210360019,0.3333333333333333,1.0,0.008651419110274006,0.018566961817422012,0.05609003928635259,0.008651419110274006,-0.0006805948986174926,-0.0006805948986174926,需要歷史多來源事件回補,資料不足,0,False,2026-10-07 04:36:36.414590+00:00,0,SEC Company Facts（point-in-time filed_at）
HIST-20150603,2015-06-03,正常／溫和上漲,20260724,市場技術與壓力基準,101.54138946533203,0.00299824077082933,0.02745508948059272,0.019969047221097824,0.06882169578090802,0.8570814794134438,0.11320727491520387,-0.005046670186706903,13.65999984741211,0.02938955359419504,49.127952575683594,-0.004627286630843774,1.0,-1.0,-0.007608853192366483,-0.008242999427540254,-0.020215665320458376,-0.007608853192366483,-0.02164895602924677,-0.031382424516874896,需要歷史多來源事件回補,資料不足,0,False,2026-10-07 04:36:36.414590+00:00,0,SEC Company Facts（point-in-time filed_at）
HIST-20150618,2015-06-18,橫盤／低波動,20260724,市場技術與壓力基準,101.80809783935547,0.014573797288410795,0.006181169585925073,0.01611050915953549,0.0655586116614264,1.7428120605750352,0.12560568840360078,-0.0024333281178128274,13.1899995803833,0.026459080842041738,48.9041633605957,0.0,1.0,-0.5,-0.00494394901871531,-0.003947935097751487,0.02855961818891828,-0.00494394901871531,-0.00494394901871531,-0.03989623649721441,需要歷史多來源事件回補,資料不足,0,False,2026-10-07 04:36:36.414590+00:00,0,SEC Company Facts（point-in-time filed_at）
HIST-20150723,2015-07-23,高波動／壓力,20260724,市場技術與壓力基準,103.43427276611328,-0.0037291803901269294,0.017964215283755358,0.024170937765784828,0.06818270010166438,0.8473149549442615,0.168317038593809,-0.015616935876193172,12.640000343322754,0.043765541013312426,47.97671127319336,-0.01607968116643399,1.0,-1.0,-0.009803621463418621,-0.0010696053362102553,-0.04563300300051554,-0.009803621463418621,-0.01800346188930757,-0.04563300300051554,需要歷史多來源事件回補,資料不足,0,False,2026-10-07 04:36:36.414590+00:00,0,SEC Company Facts（point-in-time filed_at）
HIST-20150811,2015-08-11,正常／溫和上漲,20260724,市場技術與壓力基準,101.53524017333984,-0.01281672597389616,-0.0010881244987962502,0.0018155253690650408,0.037651856155054064,1.2077622731138964,0.13992377744835102,-0.033690012358031485,13.710000038146973,0.054615387549767025,47.675933837890625,-0.01029007035372942,0.3333333333333333,-1.0,0.0034498442227619552,0.006536985926285599,-0.05701845905605518,0.0034498442227619552,0.0018156916666409728,-0.10940631826736547,需要歷史多來源事件回補,資料不足,0,False,2026-10-07 04:36:36.414590+00:00,0,SEC Company Facts（point-in-time filed_at）
HIST-20151106,2015-11-06,正常／溫和上漲,20260724,市場技術與壓力基準,106.07940673828125,0.000697621845776597,0.07753686197741083,0.07334907753215014,0.0685558770396093,1.0132439982657133,0.14521809005018982,-0.0019995839762823042,14.329999923706055,-0.049104166297516016,47.2130241394043,-0.00746640961722056,1.0,0.0,-0.010628349745829269,-0.04312235868136172,-0.0014810803191015465,-0.010628349745829269,-0.04312235868136172,-0.04312235868136172,需要歷史多來源事件回補,資料不足,0,False,2026-10-07 04:36:36.414590+00:00,0,SEC Company Facts（point-in-time filed_at）
HIST-20151123,2015-11-23,橫盤／低波動,20260724,市場技術與壓力基準,105.48795318603516,-0.0028824173622646887,0.011519818638483503,0.048080045397618676,0.056615496335988835,0.6959813819381192,0.13950698247732735,-0.00756400886655928,15.619999885559082,-0.13986784048431533,46.22450256347656,-0.007434731997836508,1.0,0.0,-0.0008758532608030833,0.008848070703561861,-0.017771431518147307,-0.0008758532608030833,-0.0011388985382219108,-0.034906115545946914,需要歷史多來源事件回補,資料不足,0,False,2026-10-07 04:36:36.414590+00:00,0,SEC Company Facts（point-in-time filed_at）
HIST-20151130,2015-11-30,橫盤／低波動,20260724,市場技術與壓力基準,105.36781311035156,-0.0025370691016213254,0.006088426089732923,0.040913414162308204,0.053588680723587245,0.9216410419104575,0.13561499571997349,-0.008694292766139977,16.1299991607666,0.042663146887233605,46.38090133666992,0.0025355126373660664,1.0,0.0,0.009998356355221283,0.005262342360346395,0.005517795170001394,0.009998356355221283,-0.013242853222521278,-0.03380571829087009,需要歷史多來源事件回補,資料不足,0,False,2026-10-07 04:36:36.414590+00:00,0,SEC Company Facts（point-in-time filed_at）
HIST-20151215,2015-12-15,高波動／壓力,20260724,市場技術與壓力基準,103.78758239746094,0.00609150863738428,0.007987867078773858,0.004414380219599279,0.03469861433440902,1.5270095248906053,0.17452605484176653,-0.024748196178109194,20.950000762939453,0.19034092663979685,44.960025787353516,-0.011596340541847439,1.0,-1.0,0.014869616571910216,-0.0016794027130667688,-0.07053822188551506,0.014869616571910216,-0.019094807377375123,-0.08991876148497246,需要歷史多來源事件回補,資料不足,0,False,2026-10-07 04:36:36.414590+00:00,0,SEC Company Facts（point-in-time filed_at）
HIST-20151221,2015-12-21,高波動／壓力,20260724,市場技術與壓力基準,102.93663024902344,0.011107932793495534,-0.026998620991648514,-0.008192731709811718,0.025333800579375287,0.7632747515360613,0.19189437688141758,-0.03274426467262004,18.700000762939453,-0.17729867401925947,44.48865509033203,0.005707882655797913,-0.3333333333333333,1.0,0.0065734714585041765,0.029266363823004626,-0.09185049632711262,0.0065734714585041765,0.0065734714585041765,-0.09275131910427648,需要歷史多來源事件回補,資料不足,0,False,2026-10-07 04:36:36.414590+00:00,0,SEC Company Facts（point-in-time filed_at）
HIST-20160113,2016-01-13,高波動／壓力,20260724,市場技術與壓力基準,94.45513153076172,-0.03448946280298881,-0.08437499375983681,-0.08877693524565522,-0.061395933968811156,1.7293550562771098,0.23310138483946324,-0.112441630513759,25.219999313354492,0.22486639759372085,44.33989334106445,-0.02056029799194181,-1.0,-1.0,0.02129539515733825,-0.010304171351818936,-0.05250264873825394,0.02129539515733825,-0.01128588255829388,-0.0547596798590807,需要歷史多來源事件回補,資料不足,0,False,2026-10-07 04:36:36.414590+00:00,0,SEC Company Facts（point-in-time filed_at）
HIST-20160125,2016-01-25,高波動／壓力,20260724,市場技術與壓力基準,94.76103210449219,-0.014840468316742683,-0.09217656210199865,-0.07171729652181746,-0.05739305870619882,0.7834764580250747,0.2690259561696555,-0.10956720103549722,24.149999618530273,-0.10621764584051885,44.02960205078125,0.001796657280072722,-1.0,1.0,0.008999222093635684,0.021324311916781635,-0.006358269437715891,0.008999222093635684,-0.01613998707622344,-0.05781103493429174,需要歷史多來源事件回補,資料不足,0,False,2026-10-07 04:36:36.414590+00:00,0,SEC Company Facts（point-in-time filed_at）
HIST-20160126,2016-01-26,高波動／壓力,20260724,市場技術與壓力基準,95.61380767822266,0.008999222093635684,-0.08384387081974243,-0.06171990210855827,-0.04874520233511781,0.710645586455778,0.27300857476387885,-0.10155399851815794,22.5,-0.136276366258394,44.424503326416016,0.014296335122128134,-1.0,1.0,-0.02491499360891103,-0.009694554699606894,-0.005816653025906726,-0.02491499360891103,-0.02491499360891103,-0.06621437912439487,需要歷史多來源事件回補,資料不足,0,False,2026-10-07 04:36:36.414590+00:00,0,SEC Company Facts（point-in-time filed_at）
HIST-20160224,2016-02-24,高波動／壓力,20260724,市場技術與壓力基準,95.05765533447266,0.0095492096005807,-0.005816653025906726,-0.022510570071009317,-0.048262505464376826,0.8060742220019792,0.26358662820015405,-0.10677994717129113,20.719999313354492,-0.07126849801207413,44.378204345703125,0.011108172464139976,-1.0,1.0,0.009848791237649701,0.031984212398080025,0.04873791243669334,0.009848791237649701,-0.00048758378916735623,-0.00048758378916735623,需要歷史多來源事件回補,資料不足,0,False,2026-10-07 04:36:36.414590+00:00,0,SEC Company Facts（point-in-time filed_at）
HIST-20160308,2016-03-08,強勢反彈／轉折,20260724,市場技術與壓力基準,96.54076385498047,-0.008284029511835489,0.07793411800464223,0.0048105444244608275,-0.031858947344239,0.750548981057394,0.201790298405321,-0.08880148484461159,18.670000076293945,0.05480221873128355,45.819793701171875,-0.006426546282490619,0.3333333333333333,-1.0,0.00643301284176423,0.023811678255156954,0.06575373340685009,0.00643301284176423,0.004896477269143995,0.004896477269143995,需要歷史多來源事件回補,資料不足,0,False,2026-10-07 04:36:36.414590+00:00,0,SEC Company Facts（point-in-time filed_at）
HIST-20160309,2016-03-09,強勢反彈／轉折,20260724,市場技術與壓力基準,97.16181182861328,0.00643301284176423,0.08824782791674401,0.012792932456131778,-0.025413719534230772,0.8537339206854642,0.20027364757853058,-0.08293973309522051,18.34000015258789,0.07314218776122816,45.93378829956055,0.0028615191470178214,0.3333333333333333,0.0,-0.0015267142005621626,0.026330657101152788,0.04372795920721417,-0.0015267142005621626,-0.0015267142005621626,-0.0015267142005621626,需要歷史多來源事件回補,資料不足,0,False,2026-10-07 04:36:36.414590+00:00,0,SEC Company Facts（point-in-time filed_at）
HIST-20160310,2016-03-10,強勢反彈／轉折,20260724,市場技術與壓力基準,97.01347351074219,-0.0015267142005621626,0.08242824175160024,0.012786965599213218,-0.02673449269658945,1.2423316329339023,0.20134470870348134,-0.08433982202747536,18.049999237060547,0.0808382282902047,46.25294494628906,0.006448277648140044,0.3333333333333333,0.0,0.017485244676877176,0.027326583174409613,0.044557025735800115,0.017485244676877176,0.017485244676877176,0.017485244676877176,需要歷史多來源事件回補,資料不足,0,False,2026-10-07 04:36:36.414590+00:00,0,SEC Company Facts（point-in-time filed_at）
HIST-20160314,2016-03-14,強勢反彈／轉折,20260724,市場技術與壓力基準,98.87664031982422,0.0016904352482376428,0.08824740308164758,0.035124634320299775,-0.007729296425437293,0.7893278104535721,0.20231599051689553,-0.06675435074953329,16.920000076293945,-0.02478387871593557,46.68034744262695,0.011608934617281186,0.3333333333333333,1.0,-0.0003750011863463687,0.013496956278951089,0.029669461145671816,-0.0003750011863463687,-0.0003750011863463687,-0.0003750011863463687,需要歷史多來源事件回補,資料不足,0,False,2026-10-07 04:36:36.414590+00:00,0,SEC Company Facts（point-in-time filed_at）
HIST-20160315,2016-03-15,強勢反彈／轉折,20260724,市場技術與壓力基準,98.83956146240234,-0.0003750011863463687,0.06385320498212899,0.03578782283252924,-0.00798293615658252,0.8435124802773314,0.1909605455908597,-0.06710431897515479,16.84000015258789,-0.09801820654675197,46.24724578857422,0.009328983237901545,0.3333333333333333,1.0,0.008909233345109957,0.016981267375880238,0.04322421619471983,0.008909233345109957,0.008346443357939659,0.007481069808883856,需要歷史多來源事件回補,資料不足,0,False,2026-10-07 04:36:36.414590+00:00,0,SEC Company Facts（point-in-time filed_at）
HIST-20160316,2016-03-16,正常／溫和上漲,20260724,市場技術與壓力基準,99.72014617919922,0.008909233345109957,0.04956083204144246,0.04540584705113937,0.0009475802006235767,1.024282890315333,0.17817091988911998,-0.05879293366625926,14.989999771118164,-0.18266086987992858,46.55498123168945,0.013523659927148879,1.0,1.0,-0.0005578202365185136,-0.0002966217332303067,0.03410476661255757,-0.0005578202365185136,-0.0005578202365185136,-0.0014155520526767384,需要歷史多來源事件回補,資料不足,0,False,2026-10-07 04:36:36.414590+00:00,0,SEC Company Facts（point-in-time filed_at）
HIST-20160317,2016-03-17,強勢反彈／轉折,20260724,市場技術與壓力基準,99.66452026367188,-0.0005578202365185136,0.061087537666000724,0.045186312950043606,0.0004682305659780006,0.9721181012067756,0.17096246973744153,-0.05931795801461437,14.4399995803833,-0.19999998943297115,46.85133743286133,0.012937392143725024,1.0,1.0,0.0015672236601855793,0.0005408311023891166,0.032070250936445444,0.0015672236601855793,0.0002613442864198845,-0.0008582105433664333,需要歷史多來源事件回補,資料不足,0,False,2026-10-07 04:36:36.414590+00:00,0,SEC Company Facts（point-in-time filed_at）
HIST-20160322,2016-03-22,強勢反彈／轉折,20260724,市場技術與壓力基準,100.51798248291016,0.003061619372359603,0.06754000410807559,0.05268373483723243,0.009151578340263589,0.626786095683828,0.14796810448273381,-0.0512625679818679,14.170000076293945,-0.1585510719774924,46.782901763916016,0.011582440558528084,1.0,1.0,-0.00823151684773682,0.011468837449572389,0.023307311758634208,-0.00823151684773682,-0.009341565938092433,-0.009341565938092433,需要歷史多來源事件回補,資料不足,0,False,2026-10-07 04:36:36.414590+00:00,0,SEC Company Facts（point-in-time filed_at）
HIST-20160421,2016-04-21,正常／溫和上漲,20260724,市場技術與壓力基準,102.8700942993164,9.048989075877145e-05,0.03189396326921634,0.042647592302395454,0.0310830822303354,0.8705224835813543,0.12885637258503485,-0.005214376646415664,13.949999809265137,0.016763814705532454,47.64227294921875,0.007141278875665513,1.0,0.0,-0.015092644734940208,-0.03949400258347513,-0.048260270470576794,-0.015092644734940208,-0.03949400258347513,-0.050881050750668066,需要歷史多來源事件回補,資料不足,0,False,2026-10-07 04:36:36.414590+00:00,0,SEC Company Facts（point-in-time filed_at）
HIST-20160516,2016-05-16,正常／溫和上漲,20260724,市場技術與壓力基準,99.30937194824219,0.012511835099225044,-0.03964766289670296,-0.008436096463782405,-0.0019783575389751284,0.6585743434765198,0.12407215597847197,-0.03964766289670296,14.680000305175781,0.007549801829483727,47.87757110595703,0.010439616441188182,-1.0,0.0,-0.012544368079167367,-0.004586730961617103,0.011327544554762703,-0.012544368079167367,-0.014135787948353684,-0.014135787948353684,需要歷史多來源事件回補,資料不足,0,False,2026-10-07 04:36:36.414590+00:00,0,SEC Company Facts（point-in-time filed_at）
HIST-20160609,2016-06-09,正常／溫和上漲,20260724,市場技術與壓力基準,102.44242095947266,-0.0016309437807321414,0.0360095233046982,0.016134049807698725,0.029333203950423936,0.7897195694645003,0.11456471257291671,-0.00935011009612241,14.640000343322754,0.07410126341904766,48.68681335449219,0.010556763825506188,1.0,0.0,-0.011343875958092386,-0.019511916476637636,0.0036646145589744883,-0.011343875958092386,-0.022415694911267936,-0.06985869792608856,需要歷史多來源事件回補,資料不足,0,False,2026-10-07 04:36:36.414590+00:00,0,SEC Company Facts（point-in-time filed_at）
HIST-20160721,2016-07-21,正常／溫和上漲,20260724,市場技術與壓力基準,105.5024642944336,-0.002292104551539942,0.055389719924174186,0.043974006994471404,0.05163833733028467,0.7116176420162412,0.22317049839235445,-0.002292104551539942,12.739999771118164,-0.006240243807365542,49.816123962402344,-0.00011676408364347246,1.0,0.0,0.004152680071380477,0.015903698029398727,0.03631384036020324,0.004152680071380477,0.004152680071380477,0.004152680071380477,需要歷史多來源事件回補,資料不足,0,False,2026-10-07 04:36:36.414590+00:00,0,SEC Company Facts（point-in-time filed_at）
HIST-20160817,2016-08-17,正常／溫和上漲,20260724,市場技術與壓力基準,109.30570220947266,0.0017939676787941394,0.03367407426219615,0.051903073507809205,0.08215720680438388,0.9373849737897886,0.06456943416518877,-0.003738003342263818,12.1899995803833,0.011618206425928701,50.46050262451172,0.005579526188788986,1.0,0.0,0.0002558121890425813,-0.003922825824983822,0.003240473857704318,0.0002558121890425813,-0.003922825824983822,-0.025413632255983587,需要歷史多來源事件回補,資料不足,0,False,2026-10-07 04:36:36.414590+00:00,0,SEC Company Facts（point-in-time filed_at）
HIST-20160901,2016-09-01,橫盤／低波動,20260724,市場技術與壓力基準,108.82096099853516,0.0025762069006722843,0.00925042497343731,0.029026636827966357,0.0748945177525393,1.2806317343805171,0.05668844402322803,-0.008156155706770862,13.479999542236328,-0.011005177618866213,50.67150115966797,0.0024437681271416434,1.0,1.0,0.0032550487153080176,-0.021072353041680647,0.01950869853367876,0.0032550487153080176,-0.021072353041680647,-0.021072353041680647,需要歷史多來源事件回補,資料不足,0,False,2026-10-07 04:36:36.414590+00:00,0,SEC Company Facts（point-in-time filed_at）
HIST-20161025,2016-10-25,橫盤／低波動,20260724,市場技術與壓力基準,111.38314819335938,-0.0031780535482051064,0.005822857455840547,0.015278733450807547,0.08784363150942287,1.0683589431430187,0.09258040962717039,-0.0031780535482051064,13.460000038146973,-0.11910992975327239,51.408546447753906,0.0032147825356130255,1.0,1.0,-0.0067959832352595395,-0.02584118923678891,-0.0024333505123427246,-0.0067959832352595395,-0.02584118923678891,-0.04648045387655164,需要歷史多來源事件回補,資料不足,0,False,2026-10-07 04:36:36.414590+00:00,0,SEC Company Facts（point-in-time filed_at）
HIST-20161031,2016-10-31,橫盤／低波動,20260724,市場技術與壓力基準,109.32723236083984,-0.0009393990035565514,-0.013158969418940458,-0.00390623096556475,0.06478568460686018,0.9671483993568645,0.091693889463208,-0.021577443897232484,17.059999465942383,0.31029177159281174,50.61419677734375,-0.016015016734082788,-0.3333333333333333,-1.0,-0.007521979290760261,-0.005470511361023389,0.01666792395869865,-0.007521979290760261,-0.028549368554444676,-0.028549368554444676,需要歷史多來源事件回補,資料不足,0,False,2026-10-07 04:36:36.414590+00:00,0,SEC Company Facts（point-in-time filed_at）
HIST-20170118,2017-01-18,正常／溫和上漲,20260724,市場技術與壓力基準,115.32098388671875,0.002035646181928641,0.028762340947108944,0.03536490861424535,0.08164388872441197,0.6933238521332146,0.07835548489063668,-0.0009746136475784484,12.479999542236328,0.08616186169182316,52.007293701171875,0.0010323554592219786,1.0,0.0,-0.000487385275579455,0.019424688224263686,0.05079636914839969,-0.000487385275579455,-0.000487385275579455,-0.000487385275579455,需要歷史多來源事件回補,資料不足,0,False,2026-10-07 04:36:36.414590+00:00,0,SEC Company Facts（point-in-time filed_at）
HIST-20170123,2017-01-23,正常／溫和上漲,20260724,市場技術與壓力基準,115.61154174804688,0.0008114311000155805,0.023991305007709185,0.03388570320068407,0.08229471515161957,0.9344857131294702,0.07715710851888,0.0,11.770000457763672,0.04808556879244619,51.94173049926758,-0.001374848285205732,1.0,-1.0,0.006728968928235046,0.011917363164367423,0.05755975080503184,0.006728968928235046,0.006728968928235046,0.006728968928235046,需要歷史多來源事件回補,資料不足,0,False,2026-10-07 04:36:36.414590+00:00,0,SEC Company Facts（point-in-time filed_at）
HIST-20170516,2017-05-16,正常／溫和上漲,20260724,市場技術與壓力基準,131.13304138183594,0.004171420859558017,0.06352855306180105,0.046604988195585006,0.13538747974797616,1.035576369122655,0.060568556073118736,0.0,10.649999618530273,0.06927706603821182,53.51899719238281,0.0078741673446443,1.0,0.0,-0.025426478091817084,-0.0034380059891074843,0.0009308890514065915,-0.025426478091817084,-0.025426478091817084,-0.025426478091817084,需要歷史多來源事件回補,資料不足,0,False,2026-10-07 04:36:36.414590+00:00,0,SEC Company Facts（point-in-time filed_at）
HIST-20170620,2017-06-20,正常／溫和上漲,20260724,市場技術與壓力基準,131.2454071044922,-0.007831869048971707,0.005320968038660112,0.014588520828094254,0.109754658850443,1.0551126507530242,0.13592001442387408,-0.026678999572595563,10.859999656677246,0.04222644694449884,53.6258659362793,-0.005867121939959863,1.0,-1.0,0.009902341495162448,-0.009543558478783298,0.03315173673185878,0.009902341495162448,-0.009543558478783298,-0.022746912995351032,需要歷史多來源事件回補,資料不足,0,False,2026-10-07 04:36:36.414590+00:00,0,SEC Company Facts（point-in-time filed_at）
HIST-20170628,2017-06-28,高波動／壓力,20260724,市場技術與壓力基準,131.8669891357422,0.014417178490217175,-0.006288916935196731,0.011163366846706824,0.10849038205434636,1.292916921590998,0.16148837538757027,-0.02206932325819111,10.029999732971191,-0.06697676902593563,53.80238342285156,0.00913323196666238,0.3333333333333333,1.0,-0.01735470869997635,-0.026639327426931314,0.02813885849802733,-0.01735470869997635,-0.027353395351904952,-0.027353395351904952,需要歷史多來源事件回補,資料不足,0,False,2026-10-07 04:36:36.414590+00:00,0,SEC Company Facts（point-in-time filed_at）
HIST-20170710,2017-07-10,高波動／壓力,20260724,市場技術與壓力基準,130.58616638183594,0.006533337959399255,-0.006731703082231255,-0.0026316492000811875,0.09120784065875709,0.5063547227380133,0.15925667864774617,-0.03156795419473646,11.109999656677246,-0.006261238514110645,53.60493469238281,-0.003557201739820215,-0.3333333333333333,0.0,0.0028127755066986726,0.025457885195244945,0.04255000674799714,0.0028127755066986726,0.0028127755066986726,0.0028127755066986726,需要歷史多來源事件回補,資料不足,0,False,2026-10-07 04:36:36.414590+00:00,0,SEC Company Facts（point-in-time filed_at）
HIST-20170724,2017-07-24,高波動／壓力,20260724,市場技術與壓力基準,136.34039306640625,0.004579473632611464,0.024992732869934864,0.03329946543741524,0.1281865767236341,0.6505717377679121,0.14537319055516956,0.0,9.430000305175781,-0.039714806697396576,54.27732467651367,0.0027097912385343204,1.0,1.0,-0.0025559573122225787,-0.010637473973733602,-0.025695775944231336,-0.0025559573122225787,-0.010637473973733602,-0.025833769436041987,需要歷史多來源事件回補,資料不足,0,False,2026-10-07 04:36:36.414590+00:00,0,SEC Company Facts（point-in-time filed_at）
HIST-20170727,2017-07-27,正常／溫和上漲,20260724,市場技術與壓力基準,135.57757568359375,-0.006281359826496469,0.02813885849802733,0.025015589815192918,0.11840723828984845,2.0400875964614427,0.1198872542826923,-0.006281359826496469,10.109999656677246,0.05532356338121547,54.33845138549805,0.0011261923712835298,1.0,0.0,-0.000834082518233692,-0.0039598379869832945,-0.01173939350012132,-0.000834082518233692,-0.005070897576782585,-0.020352693891828366,需要歷史多來源事件回補,資料不足,0,False,2026-10-07 04:36:36.414590+00:00,0,SEC Company Facts（point-in-time filed_at）
HIST-20170728,2017-07-28,正常／溫和上漲,20260724,市場技術與壓力基準,135.46449279785156,-0.000834082518233692,0.04542434075144364,0.022974901986886564,0.11629376905363142,1.0273115943203992,0.09790878013236322,-0.007110203172308149,10.289999961853027,0.09935901060769137,54.344566345214844,0.0020288018969620847,1.0,0.0,-0.004240351861908187,-0.001320484656053944,-0.012999953479470916,-0.004240351861908187,-0.004240351861908187,-0.019534905096430966,需要歷史多來源事件回補,資料不足,0,False,2026-10-07 04:36:36.414590+00:00,0,SEC Company Facts（point-in-time filed_at）
HIST-20170801,2017-08-01,正常／溫和上漲,20260724,市場技術與壓力基準,135.2008514404297,0.0023039186186306626,0.05411565036167354,0.01918097644574379,0.11178385818500614,0.5820542562937754,0.08880664321304556,-0.009042567944799518,10.09000015258789,0.06998937710000486,54.3985710144043,0.0017828741794803094,1.0,0.0,0.002716543933128923,0.005224070859022545,-0.004109576827462713,0.002716543933128923,-0.0011844673277187079,-0.01762300035787956,需要歷史多來源事件回補,資料不足,0,False,2026-10-07 04:36:36.414590+00:00,0,SEC Company Facts（point-in-time filed_at）
HIST-20170809,2017-08-09,正常／溫和上漲,20260724,市場技術與壓力基準,135.7282257080078,-0.0013165205818334025,0.02430663912484632,0.01956400260749125,0.10908185843693374,1.103251020986461,0.062128564302636975,-0.005177167362159896,11.109999656677246,0.08073929428655369,53.8522834777832,-0.010265451460142128,1.0,-1.0,-0.021440042450409424,0.0011099388032829172,0.009367307900936206,-0.021440042450409424,-0.021440042450409424,-0.021440042450409424,需要歷史多來源事件回補,資料不足,0,False,2026-10-07 04:36:36.414590+00:00,0,SEC Company Facts（point-in-time filed_at）
HIST-20171017,2017-10-17,正常／溫和上漲,20260724,市場技術與壓力基準,140.66897583007812,0.0012760758425016672,0.02222205466490834,0.02983363109039483,0.09311301881543255,0.5135447415820283,0.07468266441236572,0.0,10.3100004196167,0.022817509687647064,54.77799606323242,0.0003390490298196269,1.0,0.0,-0.0012076301660005617,-0.007044997430274091,0.028650220276168037,-0.0012076301660005617,-0.008722641205300197,-0.013955813730992528,需要歷史多來源事件回補,資料不足,0,False,2026-10-07 04:36:36.414590+00:00,0,SEC Company Facts（point-in-time filed_at）
HIST-20171102,2017-11-02,正常／溫和上漲,20260724,市場技術與壓力基準,143.2833709716797,-0.0019072798802486357,0.02949912143782707,0.03674910303586376,0.09971816906737008,1.2294256095521139,0.11307026639268498,-0.00223487799497879,9.930000305175781,-0.1212389258791674,54.669944763183594,0.0011949594716273992,1.0,1.0,0.009617347582628222,0.01238416271228604,0.017653794868895067,0.009617347582628222,0.009617347582628222,0.005138005833516868,需要歷史多來源事件回補,資料不足,0,False,2026-10-07 04:36:36.414590+00:00,0,SEC Company Facts（point-in-time filed_at）
HIST-20171124,2017-11-24,正常／溫和上漲,20260724,市場技術與壓力基準,147.4834747314453,0.003661079393824762,0.063282482006771,0.046128378379007184,0.11394115546406636,0.31487942759980586,0.12482860145755793,0.0,9.670000076293945,-0.17772109795159519,54.60782241821289,0.0038840151789711896,1.0,1.0,-0.0004479861676769392,-0.01132742853767077,0.009209374767536138,-0.0004479861676769392,-0.015359097124746146,-0.022718485595692783,需要歷史多來源事件回補,資料不足,0,False,2026-10-07 04:36:36.414590+00:00,0,SEC Company Facts（point-in-time filed_at）
HIST-20171218,2017-12-18,正常／溫和上漲,20260724,市場技術與壓力基準,150.0429229736328,0.008384288127698758,0.03261948349981636,0.04196476274635064,0.11653475102757271,0.8253823402400372,0.111019548603416,0.0,9.529999732971191,0.02034256716052152,54.48448181152344,-0.0008007429013645595,1.0,-1.0,-0.005925631835698053,-0.013363587262881449,0.04525967249972118,-0.005925631835698053,-0.013363587262881449,-0.018154188259727477,需要歷史多來源事件回補,資料不足,0,False,2026-10-07 04:36:36.414590+00:00,0,SEC Company Facts（point-in-time filed_at）
HIST-20180102,2018-01-02,正常／溫和上漲,20260724,市場技術與壓力基準,149.90103149414062,0.017526698657306605,0.028037068260417186,0.029795515622247803,0.1060433753663792,1.09317124133346,0.10455840648406094,-0.0009456725894171347,9.770000457763672,-0.013131228866239186,54.736061096191406,0.00390782093121067,1.0,1.0,0.009716493853671793,0.025679988648109164,0.06883732899127581,0.009716493853671793,0.009716493853671793,0.009716493853671793,需要歷史多來源事件回補,資料不足,0,False,2026-10-07 04:36:36.414590+00:00,0,SEC Company Facts（point-in-time filed_at）
HIST-20180226,2018-02-26,高波動／壓力,20260724,市場技術與壓力基準,161.16558837890625,0.01326045993053282,-0.0031008019725529135,0.04895992462753518,0.14210314629893728,0.6440280079779586,0.29907794910750946,-0.0031008019725529135,15.800000190734863,-0.18807806094184998,54.46303176879883,0.0010407848993356783,0.3333333333333333,1.0,-0.012382424484110643,-0.01508215942438984,-0.03364618636284966,-0.012382424484110643,-0.03474151280591786,-0.06826783718614815,需要歷史多來源事件回補,資料不足,0,False,2026-10-07 04:36:36.414590+00:00,0,SEC Company Facts（point-in-time filed_at）
HIST-20180411,2018-04-11,高波動／壓力,20260724,市場技術與壓力基準,151.8399658203125,-0.005769165825900369,-0.06505159888084122,-0.023221755807488642,0.048179272204078805,0.7295265257675329,0.30310433180089585,-0.07778020383583262,20.239999771118164,0.008973096209767384,54.51611328125,0.006323589814403174,-0.3333333333333333,0.0,0.012041623220377051,0.038432681632288856,0.04741732073933602,0.012041623220377051,0.006800433002404516,-0.011354856966908966,需要歷史多來源事件回補,資料不足,0,False,2026-10-07 04:36:36.414590+00:00,0,SEC Company Facts（point-in-time filed_at）
HIST-20180426,2018-04-26,高波動／壓力,20260724,市場技術與壓力基準,153.4599609375,0.02105315416593445,0.03014329704583707,-0.014048060702334664,0.049869988949886146,0.8872469812703422,0.24839907587058999,-0.06794095263020739,16.239999771118164,0.01754384287606192,54.43367385864258,-0.003484096451019325,0.3333333333333333,-1.0,0.0006170733026606978,-0.001173393819641988,0.046669176323476114,0.0006170733026606978,-0.006481954334586981,-0.006481954334586981,需要歷史多來源事件回補,資料不足,0,False,2026-10-07 04:36:36.414590+00:00,2,SEC Company Facts（point-in-time filed_at）
HIST-20180501,2018-05-01,高波動／壓力,20260724,市場技術與壓力基準,154.20834350585938,0.01143278967634176,0.03510129116779681,-0.008427393556687646,0.05279039687791598,0.8353058708527241,0.2162126603063022,-0.06339555369049765,15.489999771118164,-0.14039959058688545,54.41035079956055,0.0031965341714692563,0.3333333333333333,1.0,-0.005897470047588671,0.020211557303745575,0.04546012259011745,-0.005897470047588671,-0.006020760725250041,-0.006020760725250041,需要歷史多來源事件回補,資料不足,0,False,2026-10-07 04:36:36.414590+00:00,2,SEC Company Facts（point-in-time filed_at）
HIST-20180504,2018-05-04,強勢反彈／轉折,20260724,市場技術與壓力基準,156.18826293945312,0.01897424987937213,0.05260790539237736,0.004991568921322687,0.06418399423473753,0.9820075283020474,0.19742142051925937,-0.05137025530080297,14.770000457763672,-0.04153143387317526,54.423091888427734,0.0002723167388625214,1.0,1.0,0.008309728629104729,0.027840297054871455,0.05719652511138684,0.008309728629104729,0.007278852562252691,0.007278852562252691,需要歷史多來源事件回補,資料不足,0,False,2026-10-07 04:36:36.414590+00:00,2,SEC Company Facts（point-in-time filed_at）
HIST-20180521,2018-05-21,正常／溫和上漲,20260724,市場技術與壓力基準,159.53237915039062,0.00561329045584813,0.040212350245379946,0.026484078474791728,0.07740255772743176,0.6210260270036724,0.15989414000437316,-0.031059330217681702,13.079999923706055,0.011600898297754014,54.48680114746094,-0.0026822043762370074,1.0,-1.0,-0.0013061550548373324,0.0033849463525696954,0.04736782401416195,-0.0013061550548373324,-0.0013061550548373324,-0.0013061550548373324,需要歷史多來源事件回補,資料不足,0,False,2026-10-07 04:36:36.414590+00:00,2,SEC Company Facts（point-in-time filed_at）
HIST-20180530,2018-05-30,正常／溫和上漲,20260724,市場技術與壓力基準,161.2186737060547,0.0071610477437500375,0.04546012259011745,0.03854045264454098,0.08319538413956096,0.7361384963298304,0.1138923578297247,-0.02081740074281857,14.9399995803833,0.130105845583395,54.44858169555664,-0.0014021146808214091,1.0,-1.0,-0.0006463411967884136,0.03337624922780247,-0.0005094823052148589,-0.0006463411967884136,-0.0006463411967884136,-0.0006463411967884136,需要歷史多來源事件回補,資料不足,0,False,2026-10-07 04:36:36.414590+00:00,2,SEC Company Facts（point-in-time filed_at）
HIST-20180607,2018-06-07,正常／溫和上漲,20260724,市場技術與壓力基準,165.24490356445312,-0.008131143144681885,0.03901597579084304,0.05636941450557753,0.1035241380315779,1.3685894511583157,0.1067181567614808,-0.008131143144681885,12.130000114440918,-0.21386909432710277,54.85456466674805,0.008400629957835859,1.0,1.0,5.6974058796788185e-05,0.018172970287612777,0.008919625947297671,5.6974058796788185e-05,5.6974058796788185e-05,-0.024862297301165626,需要歷史多來源事件回補,資料不足,0,False,2026-10-07 04:36:36.414590+00:00,2,SEC Company Facts（point-in-time filed_at）
HIST-20180723,2018-07-23,正常／溫和上漲,20260724,市場技術與壓力基準,170.4687957763672,0.00318469821917855,0.024184271418146608,0.03421512582354547,0.10357526966644937,0.651778629069338,0.15540664905131243,-0.003938918807398939,12.619999885559082,-0.01636789083365109,55.02418899536133,0.00046748674754826247,1.0,1.0,0.004121074741204378,-0.024782482174158682,0.0007799071290206516,0.004121074741204378,-0.024782482174158682,-0.024782482174158682,需要歷史多來源事件回補,資料不足,0,False,2026-10-07 04:36:36.414590+00:00,2,SEC Company Facts（point-in-time filed_at）
HIST-20180911,2018-09-11,橫盤／低波動,20260724,市場技術與壓力基準,173.84854125976562,0.007704068392711427,0.015527673221749527,0.016604621807031705,0.08881869990954816,0.9733542398268702,0.10922770368993298,-0.01938551818339085,13.220000267028809,0.004559302455348968,55.6926155090332,0.0009322024137303764,1.0,0.0,-0.0029486529759759073,-0.0015289636803542672,-0.017293176064819615,-0.0029486529759759073,-0.009720241776378424,-0.020465907357439916,需要歷史多來源事件回補,部分可用,0,False,2026-10-07 04:36:36.414590+00:00,5,SEC Company Facts（point-in-time filed_at）
HIST-20181004,2018-10-04,橫盤／低波動,20260724,市場技術與壓力基準,173.4576416015625,-0.019198404449815243,0.004940578595882705,0.0019298995453278511,0.07018840630591572,2.3335328702127263,0.1210465578311812,-0.02159043668885241,14.220000267028809,0.14585015647636324,55.80756378173828,-0.0036201610976456244,1.0,-1.0,-0.012227517919160547,-0.07007315451119489,-0.056585225533352324,-0.012227517919160547,-0.07007315451119489,-0.10500091487123187,需要歷史多來源事件回補,部分可用,0,False,2026-10-07 04:36:36.414590+00:00,5,SEC Company Facts（point-in-time filed_at）
HIST-20181005,2018-10-05,高波動／壓力,20260724,市場技術與壓力基準,171.33668518066406,-0.012227517919160547,-0.0035106511375294636,-0.01036725329723831,0.05637976467952566,2.29190945970738,0.12826942760565213,-0.033553957156517544,14.819999694824219,0.22277226359400992,55.56007385253906,-0.00872764024984729,-0.3333333333333333,-1.0,-0.00610559297002744,-0.03236165543698166,-0.05978338939938044,-0.00610559297002744,-0.0585617008384125,-0.09392182778430425,需要歷史多來源事件回補,部分可用,0,False,2026-10-07 04:36:36.414590+00:00,5,SEC Company Facts（point-in-time filed_at）
HIST-20181102,2018-11-02,高波動／壓力,20260724,市場技術與壓力基準,161.09359741210938,-0.015576053839465365,-0.05978338939938044,-0.05377677794519131,-0.013712374671299266,0.8938623475188333,0.3630747871411074,-0.09133137726931972,19.510000228881836,-0.1924668728434763,55.16059875488281,0.0054218305424340585,-1.0,1.0,-0.0024795807312953944,0.012634135390904744,0.017416644012794746,-0.0024795807312953944,-0.0024795807312953944,-0.06033769582180515,需要歷史多來源事件回補,完整（官方）,0,False,2026-10-07 04:36:36.414590+00:00,6,SEC Company Facts（point-in-time filed_at）
HIST-20181108,2018-11-08,高波動／壓力,20260724,市場技術與壓力基準,165.92506408691406,-0.006378910577834684,0.028655071331893156,-0.020186628048013855,0.015318595908919264,0.5402853584632091,0.34545157667527826,-0.06407888406232431,16.719999313354492,-0.13547056972917426,55.53367614746094,0.006166943807182967,0.3333333333333333,1.0,-0.01685211556119992,-0.036512472566606835,-0.06528662464313029,-0.01685211556119992,-0.053077942793242405,-0.08769912631568788,需要歷史多來源事件回補,完整（官方）,0,False,2026-10-07 04:36:36.414590+00:00,6,SEC Company Facts（point-in-time filed_at）
HIST-20181112,2018-11-12,高波動／壓力,20260724,市場技術與壓力基準,158.19281005859375,-0.03025868750499261,-0.03414449182840229,-0.06220844126305647,-0.03195980078325433,0.8704185800867812,0.350920351520205,-0.10769363183248881,20.450000762939453,0.02454918341394019,54.87912368774414,-0.005928401608371603,-1.0,-1.0,0.0008416829646686885,-0.02567171625001785,-0.007695331987309317,0.0008416829646686885,-0.02567171625001785,-0.04310707372510014,需要歷史多來源事件回補,完整（官方）,0,False,2026-10-07 04:36:36.414590+00:00,6,SEC Company Facts（point-in-time filed_at）
HIST-20181127,2018-11-27,明顯下跌趨勢,20260724,市場技術與壓力基準,155.44418334960938,0.0033764707238093106,0.001286698704229261,-0.05812954243736268,-0.04943346558707884,0.6275039968816867,0.2805785967821285,-0.12209283236250001,19.020000457763672,-0.05373133846811817,54.36854934692383,0.0006025074616637927,-0.3333333333333333,1.0,0.03218316336497118,0.013950363152154921,-0.06089147252578975,0.03218316336497118,0.013950363152154921,-0.11948996730207251,需要歷史多來源事件回補,完整（官方）,0,False,2026-10-07 04:36:36.414590+00:00,6,SEC Company Facts（point-in-time filed_at）
HIST-20181129,2018-11-29,明顯下跌趨勢,20260724,市場技術與壓力基準,159.92376708984375,-0.0032602805541697144,-0.009834143248227178,-0.027845719008640413,-0.022502464057378657,0.8048368713357833,0.28575152027804607,-0.09679334164602071,18.790000915527344,-0.09663453823363,54.833290100097656,0.00721400660698257,-1.0,1.0,0.007255673345950786,-0.040261664130591956,-0.07997985643031369,0.007255673345950786,-0.040261664130591956,-0.14415370864185095,需要歷史多來源事件回補,完整（官方）,0,False,2026-10-07 04:36:36.414590+00:00,6,SEC Company Facts（point-in-time filed_at）
HIST-20181203,2018-12-03,正常／溫和上漲,20260724,市場技術與壓力基準,163.89930725097656,0.017476493133483872,0.017416644012794746,-0.0006667366673180908,0.0014224325785037184,0.9452759938470682,0.2839626111872459,-0.07434055423718255,16.440000534057617,-0.13015868434519862,55.10074996948242,0.012979785962079715,0.3333333333333333,1.0,-0.03835660564521726,-0.05060046242053451,-0.12813443059293073,-0.03835660564521726,-0.06354106879936838,-0.16491310878892274,需要歷史多來源事件回補,完整（官方）,0,False,2026-10-07 04:36:36.414590+00:00,6,SEC Company Facts（point-in-time filed_at）
HIST-20181211,2018-12-11,高波動／壓力,20260724,市場技術與壓力基準,155.60592651367188,0.0033112511110144904,-0.04611660066296164,-0.03973445216234606,-0.04902367849061684,0.9730112583246261,0.3125524264661086,-0.12117935023671678,21.760000228881836,0.32360094416074636,54.60102462768555,-0.009069301998133383,-1.0,-1.0,0.008801318717094553,-0.0317223633748096,-0.011421102023085439,0.008801318717094553,-0.03777318418990783,-0.12040520544157118,需要歷史多來源事件回補,完整（官方）,0,False,2026-10-07 04:36:36.414590+00:00,6,SEC Company Facts（point-in-time filed_at）
HIST-20181220,2018-12-20,高波動／壓力,20260724,市場技術與壓力基準,144.83969116210938,-0.014495374763116131,-0.04316400345590243,-0.08850075734449647,-0.11351005687535498,1.6788359910382584,0.29911441045804465,-0.18198416763120895,28.3799991607666,0.3743341251832186,53.26847839355469,-0.029896313484110038,-1.0,-1.0,-0.030993506888909117,0.007338962227358081,0.0664080055506544,-0.030993506888909117,-0.05502309577091291,-0.05502309577091291,需要歷史多來源事件回補,完整（官方）,0,False,2026-10-07 04:36:36.414590+00:00,6,SEC Company Facts（point-in-time filed_at）
HIST-20181231,2018-12-31,高波動／壓力,20260724,市場技術與壓力基準,147.13308715820312,0.008433176875209725,-0.07997985643031369,-0.05869902387938242,-0.09630847327006764,0.7402987583955151,0.37108436121082977,-0.15176359023621266,25.420000076293945,-0.15576221982689809,53.57899856567383,0.01084388768699518,-1.0,1.0,0.004019076352909545,0.03409816153754086,0.07403069365520243,0.004019076352909545,-0.028782950172537958,-0.028782950172537958,需要歷史多來源事件回補,完整（官方）,0,False,2026-10-07 04:36:36.414590+00:00,6,SEC Company Facts（point-in-time filed_at）
HIST-20190122,2019-01-22,強勢反彈／轉折,20260724,市場技術與壓力基準,154.4582061767578,-0.020030253231650197,0.0664080055506544,0.004483328293901412,-0.0508660862328717,0.9477559946568954,0.35623488805934184,-0.07504672705051918,20.799999237060547,0.090718383320471,55.45524597167969,0.0038270004125167123,0.3333333333333333,0.0,0.0012968046760444274,-0.002284794587305017,0.06366573004709375,0.0012968046760444274,-0.002284794587305017,-0.002284794587305017,需要歷史多來源事件回補,完整（官方）,0,False,2026-10-07 04:36:36.414590+00:00,6,SEC Company Facts（point-in-time filed_at）
HIST-20190123,2019-01-23,強勢反彈／轉折,20260724,市場技術與壓力基準,154.65850830078125,0.0012968046760444274,0.10194403859005696,0.0074017556129155615,-0.0498184756461586,0.696807386731382,0.3324654314840538,-0.07384724332103576,19.520000457763672,0.049462368678792945,55.567569732666016,0.0025033153064442093,0.3333333333333333,0.0,0.006475527097289824,0.02177017867537523,0.0584030703355467,0.006475527097289824,-0.003576960644060101,-0.003576960644060101,需要歷史多來源事件回補,完整（官方）,0,False,2026-10-07 04:36:36.414590+00:00,6,SEC Company Facts（point-in-time filed_at）
HIST-20190124,2019-01-24,強勢反彈／轉折,20260724,市場技術與壓力基準,155.66000366210938,0.006475527097289824,0.13728222639146392,0.015282924409385279,-0.04384870498997673,0.6059466427960074,0.3131743296273304,-0.06784991604893142,18.889999389648438,-0.007878231022382942,55.62702178955078,0.002023178007712234,0.3333333333333333,1.0,0.011948535358218937,0.030392201647353234,0.059375077808451415,0.011948535358218937,-0.009987811397999535,-0.009987811397999535,需要歷史多來源事件回補,完整（官方）,0,False,2026-10-07 04:36:36.414590+00:00,6,SEC Company Facts（point-in-time filed_at）
HIST-20190125,2019-01-25,強勢反彈／轉折,20260724,市場技術與壓力基準,157.51991271972656,0.011948535358218937,0.08323463622608984,0.028166359575350297,-0.032566684444026106,0.7248652734668728,0.23549528193327982,-0.05671208781167547,17.420000076293945,-0.03543739803843027,55.76575469970703,0.0017804135594861048,0.3333333333333333,1.0,-0.012352244574733162,0.013926558803087241,0.05068115826207409,-0.012352244574733162,-0.021677334360144185,-0.021677334360144185,需要歷史多來源事件回補,完整（官方）,0,False,2026-10-07 04:36:36.414590+00:00,6,SEC Company Facts（point-in-time filed_at）
HIST-20190130,2019-01-30,強勢反彈／轉折,20260724,市場技術與壓力基準,158.02545166015625,0.025438130511131973,0.07403069365520243,0.03226548647864713,-0.029739648396153173,0.9224516176675481,0.25873579183240203,-0.05368473232744342,17.65999984741211,-0.09528691427933789,56.08946228027344,0.009392034780686398,0.3333333333333333,1.0,0.014968488916371703,0.02921268832396251,0.045328395431752266,0.014968488916371703,0.010682908158043292,0.010682908158043292,需要歷史多來源事件回補,完整（官方）,0,False,2026-10-07 04:36:36.414590+00:00,7,SEC Company Facts（point-in-time filed_at）
HIST-20190308,2019-03-08,橫盤／低波動,20260724,市場技術與壓力基準,163.2617950439453,-0.0015166422369558008,0.01747606994498052,0.03248181851966603,-0.0034491949648650655,1.3631353583782992,0.0856705795627004,-0.019364021086625938,16.049999237060547,0.18275604996382078,56.73246383666992,-0.005957540725156751,0.3333333333333333,-1.0,0.020798119542690063,0.041946721933917575,0.08077386612957116,0.020798119542690063,0.020798119542690063,0.020798119542690063,需要歷史多來源事件回補,完整（官方）,0,False,2026-10-07 04:36:36.414590+00:00,8,SEC Company Facts（point-in-time filed_at）
HIST-20190315,2019-03-15,正常／溫和上漲,20260724,市場技術與壓力基準,170.11009216308594,0.009280794972143847,0.041642393085600915,0.061086827079607664,0.0370789312916886,1.2544537097482766,0.10720439943831973,0.0,12.880000114440918,-0.19750774288511386,57.1858024597168,0.00799081500059673,1.0,1.0,0.0023814318461008455,0.002999461354542987,0.043836142347713825,0.0023814318461008455,0.0023814318461008455,-0.0007078187011781978,需要歷史多來源事件回補,完整（官方）,0,False,2026-10-07 04:36:36.414590+00:00,8,SEC Company Facts（point-in-time filed_at）
HIST-20190328,2019-03-28,正常／溫和上漲,20260724,市場技術與壓力基準,170.3814239501953,0.0023044862484835615,0.031436403781228694,0.03968204870972025,0.03681571409732798,0.8133244202477024,0.14670369817753193,-0.023333478528518525,14.430000305175781,0.05869407072764932,57.499149322509766,0.001161098054302201,1.0,0.0,0.007571208505158911,0.03028456535069446,0.06920525729759053,0.007571208505158911,0.007571208505158911,0.007571208505158911,需要歷史多來源事件回補,完整（官方）,0,False,2026-10-07 04:36:36.414590+00:00,8,SEC Company Facts（point-in-time filed_at）
HIST-20190531,2019-05-31,明顯下跌趨勢,20260724,市場技術與壓力基準,166.21534729003906,-0.015952763227775058,-0.07527480065046877,-0.05329807467448677,0.0008298036010812027,1.104877573218543,0.20431667655045282,-0.08979101127294609,18.709999084472656,0.10579190307963526,57.08864212036133,-0.010143527897016669,-0.3333333333333333,-1.0,-0.022018180517941244,0.0407585947383704,0.07590005002254174,-0.022018180517941244,-0.022018180517941244,-0.022018180517941244,需要歷史多來源事件回補,完整（官方）,0,False,2026-10-07 04:36:36.414590+00:00,8,SEC Company Facts（point-in-time filed_at）
HIST-20190604,2019-06-04,明顯下跌趨勢,20260724,市場技術與壓力基準,167.1326141357422,0.028156684307304447,-0.07913027387400684,-0.04640252849279547,0.00673877887848473,1.0893726690938612,0.23331629938003512,-0.08476798216262316,16.969999313354492,-0.030285753522600434,57.754669189453125,0.003745006481232105,-0.3333333333333333,1.0,0.0074325290967400814,0.04853931767721287,0.08873203573420496,0.0074325290967400814,0.0074325290967400814,0.0074325290967400814,需要歷史多來源事件回補,完整（官方）,0,False,2026-10-07 04:36:36.414590+00:00,8,SEC Company Facts（point-in-time filed_at）
HIST-20190605,2019-06-05,明顯下跌趨勢,20260724,市場技術與壓力基準,168.3748321533203,0.0074325290967400814,-0.05385539368069847,-0.039104295435597236,0.0142929039436539,0.8067460338391804,0.2291703861960562,-0.07796549355977878,16.09000015258789,-0.10111729075505971,57.8897705078125,0.00880442087026334,-0.3333333333333333,1.0,0.007944909350241725,0.03478789876908239,0.0888329296188275,0.007944909350241725,0.007944909350241725,0.007944909350241725,需要歷史多來源事件回補,完整（官方）,0,False,2026-10-07 04:36:36.414590+00:00,8,SEC Company Facts（point-in-time filed_at）
HIST-20190617,2019-06-17,正常／溫和上漲,20260724,市場技術與壓力基準,175.5699920654297,0.006022941315798391,0.0038243570083855705,0.0008486309643329637,0.05722569646363529,0.5662936159943247,0.2004817370898489,-0.038564202799891256,15.350000381469727,-0.03701375247460248,58.20050811767578,-0.0008116936275042175,1.0,0.0,0.014531526821948804,0.02632008694476995,0.05353804116144789,0.014531526821948804,0.014531526821948804,0.008701777439987568,需要歷史多來源事件回補,完整（官方）,0,False,2026-10-07 04:36:36.414590+00:00,8,SEC Company Facts（point-in-time filed_at）
HIST-20190620,2019-06-20,正常／溫和上漲,20260724,市場技術與壓力基準,180.45278930664062,0.009299240867671976,0.0432549978947272,0.027776398321161855,0.08643509476481248,1.0971519146000672,0.19386389971587667,-0.011825601271558184,14.75,-0.0676358859333156,59.17998504638672,0.014591480786257272,1.0,1.0,-0.001482730564814183,-0.01026039403850143,0.013673845275480101,-0.001482730564814183,-0.018592265921786533,-0.018592265921786533,需要歷史多來源事件回補,完整（官方）,0,False,2026-10-07 04:36:36.414590+00:00,8,SEC Company Facts（point-in-time filed_at）
HIST-20190805,2019-08-05,高波動／壓力,20260724,市場技術與壓力基準,173.0756378173828,-0.03533544562438107,-0.04733546363875041,-0.031191116032565747,0.03239838378810034,2.5713459406041017,0.17179867430923568,-0.0745558450442162,24.59000015258789,0.9166017380212781,58.250694274902344,-0.013643502165743393,-0.3333333333333333,-1.0,0.013998978196079648,0.0200300898773087,0.027223007603578875,0.013998978196079648,0.013998978196079648,0.007414470207010027,需要歷史多來源事件回補,完整（官方）,0,False,2026-10-07 04:36:36.414590+00:00,8,SEC Company Facts（point-in-time filed_at）
HIST-20190823,2019-08-23,明顯下跌趨勢,20260724,市場技術與壓力基準,174.35890197753906,-0.03164562325585729,-0.06769416692904495,-0.03546691273147784,0.03317270946203399,1.445777407188808,0.26862785595699223,-0.06769416692904495,19.8700008392334,0.07579867774367766,58.972923278808594,0.005226470867454536,-0.3333333333333333,0.0,0.01510381091444346,0.029658998572214212,0.04841116727058403,0.01510381091444346,0.012961913609121023,0.012961913609121023,需要歷史多來源事件回補,完整（官方）,0,False,2026-10-07 04:36:36.414590+00:00,8,SEC Company Facts（point-in-time filed_at）
HIST-20190924,2019-09-24,橫盤／低波動,20260724,市場技術與壓力基準,180.37203979492188,-0.013281086119671937,0.0190949114232295,-0.004840825256201886,0.05364297100767956,1.5594645497228388,0.13341428441099226,-0.03554161607776851,17.049999237060547,0.18074790391427187,59.7519416809082,-0.0022847250629033367,0.3333333333333333,-1.0,0.011225154307697771,-0.0037240092981374318,0.02064138808151217,0.011225154307697771,-0.005000735140973656,-0.020854316715650634,需要歷史多來源事件回補,完整（官方）,0,False,2026-10-07 04:36:36.414590+00:00,8,SEC Company Facts（point-in-time filed_at）
HIST-20191008,2019-10-08,正常／溫和上漲,20260724,市場技術與壓力基準,177.92510986328125,-0.014980690310114841,-0.025420148348763938,-0.012652975113632281,0.031044493724410982,1.0698445503408593,0.1518616081354383,-0.04862547369851877,20.280000686645508,0.09267248223036484,59.11341094970703,-0.006695604717793735,-0.3333333333333333,-1.0,0.009761588268084598,0.04368457613309884,0.07976484713348486,0.009761588268084598,0.009761588268084598,0.009761588268084598,需要歷史多來源事件回補,完整（官方）,0,False,2026-10-07 04:36:36.414590+00:00,8,SEC Company Facts（point-in-time filed_at）
HIST-20191108,2019-11-08,正常／溫和上漲,20260724,市場技術與壓力基準,193.09608459472656,0.003991531868864584,0.05295378417415608,0.048233270141526896,0.09231720746105476,0.7747398692637895,0.10107173876883256,0.0,12.069999694824219,-0.018699227019841502,59.91908645629883,0.00034575213348619904,1.0,1.0,-0.0013419472300706392,0.008348647088503247,0.014113204177563343,-0.0013419472300706392,-0.0013419472300706392,-0.0013419472300706392,需要歷史多來源事件回補,完整（官方）,0,False,2026-10-07 04:36:36.414590+00:00,8,SEC Company Facts（point-in-time filed_at）
HIST-20191113,2019-11-13,正常／溫和上漲,20260724,市場技術與壓力基準,193.4414825439453,0.00024814118973326416,0.044291557572080587,0.045341458090633724,0.09081655994820492,0.8392041429806042,0.09302492562600999,0.0,13.0,0.030110944365042913,59.83628845214844,-0.0009210719491521413,1.0,-1.0,-0.0007936181771297512,0.0027782552247976877,0.024406145086276032,-0.0007936181771297512,-0.0007936181771297512,-0.0008926922682216398,需要歷史多來源事件回補,完整（官方）,0,False,2026-10-07 04:36:36.414590+00:00,8,SEC Company Facts（point-in-time filed_at）
HIST-20191121,2019-11-21,正常／溫和上漲,20260724,市場技術與壓力基準,193.5470428466797,-0.0022263734835716864,0.03920872233102357,0.03879223787202335,0.08536781843134866,0.935455574020284,0.07566549355537129,-0.008211694741261044,13.130000114440918,0.006130262263356334,59.581016540527344,-0.0036919797579640923,1.0,-1.0,0.0006443399040025888,0.016856745492990877,0.04962820570533699,0.0006443399040025888,0.0006443399040025888,-0.001437604080446242,需要歷史多來源事件回補,完整（官方）,0,False,2026-10-07 04:36:36.414590+00:00,8,SEC Company Facts（point-in-time filed_at）
HIST-20191127,2019-11-27,正常／溫和上漲,20260724,市場技術與壓力基準,197.7116241455078,0.006989034761685442,0.04594158910567403,0.05582512857953725,0.10450411190377373,0.9209643710015476,0.06845198468529545,0.0,11.75,-0.0805946599759223,60.11222457885742,0.009149037203826094,1.0,1.0,-0.004562240892709402,-0.015579411307772628,0.03898812006795582,-0.004562240892709402,-0.02247123979980592,-0.02247123979980592,需要歷史多來源事件回補,完整（官方）,0,False,2026-10-07 04:36:36.414590+00:00,8,SEC Company Facts（point-in-time filed_at）
HIST-20191224,2019-12-24,正常／溫和上漲,20260724,市場技術與壓力基準,203.79481506347656,0.000519366147065714,0.03995413763769906,0.05299533993145067,0.11974523235248036,0.35770385309972164,0.08813111620558046,0.0,12.670000076293945,0.030919456112319166,61.05111312866211,0.0010652929302230607,1.0,0.0,0.008824266913708634,0.020007641568364987,0.0508684665657424,0.008824266913708634,0.001368459190723037,0.001368459190723037,需要歷史多來源事件回補,完整（官方）,0,False,2026-10-07 04:36:36.414590+00:00,8,SEC Company Facts（point-in-time filed_at）
HIST-20200129,2020-01-29,高波動／壓力,20260724,市場技術與壓力基準,213.3055877685547,0.0016254063515879213,0.04523800871739825,0.04918154008671238,0.14502117589611552,1.129686767692548,0.1391518218636881,-0.012378269318619073,16.389999389648438,0.26955844952499475,61.030250549316406,-0.006000388188049044,1.0,-1.0,0.0035617930789291208,0.0288988028280599,-0.07290019203537834,0.0035617930789291208,-0.012352356484046423,-0.07290019203537834,需要歷史多來源事件回補,完整（官方）,0,False,2026-10-07 04:36:36.414590+00:00,8,SEC Company Facts（point-in-time filed_at）
HIST-20200225,2020-02-25,高波動／壓力,20260724,市場技術與壓力基準,207.1125030517578,-0.027192030117694554,-0.012517584084955402,-0.024188844029330414,0.09067162876814194,2.6061373798058014,0.2409683075553841,-0.09118936112402987,27.850000381469727,0.8779501365304081,60.56757354736328,-0.016436109089219664,-0.3333333333333333,-1.0,0.0051540797851667985,-0.02734819950159595,-0.1454175745441887,0.0051540797851667985,-0.04517802380772584,-0.21391066669368042,需要歷史多來源事件回補,完整（官方）,0,False,2026-10-07 04:36:36.414590+00:00,8,SEC Company Facts（point-in-time filed_at）
HIST-20200320,2020-03-20,高波動／壓力,20260724,市場技術與壓力基準,164.1552276611328,-0.0391759407376393,-0.25869642168198914,-0.20606131757542878,-0.14273519722550654,1.099386939548636,0.8591233071591317,-0.2796860878637415,66.04000091552734,0.14196781643648304,48.903167724609375,-0.1286697484815731,-1.0,-1.0,0.000722155084035947,0.08784348727007618,0.24893584606245156,0.000722155084035947,0.000722155084035947,0.000722155084035947,需要歷史多來源事件回補,完整（官方）,0,False,2026-10-07 04:36:36.414590+00:00,8,SEC Company Facts（point-in-time filed_at）
HIST-20200402,2020-04-02,高波動／壓力,20260724,市場技術與壓力基準,179.25938415527344,0.02029482911759084,-0.1190211368461973,-0.106110285379313,-0.06467072503029492,0.5927252689149238,0.9018171610613175,-0.21340897802797165,50.90999984741211,-0.16540983856701463,52.960792541503906,-0.01682508388251769,-1.0,0.0,-0.014192442030064312,0.07983482725443936,0.14370217833028298,-0.014192442030064312,-0.014192442030064312,-0.014192442030064312,需要歷史多來源事件回補,完整（官方）,0,False,2026-10-07 04:36:36.414590+00:00,8,SEC Company Facts（point-in-time filed_at）
HIST-20200406,2020-04-06,高波動／壓力,20260724,市場技術與壓力基準,189.3494415283203,0.07149459585875784,0.01719614257134472,-0.04972286282568816,-0.012199204756122795,0.7151146484577723,0.9057810782479,-0.16913375875160408,45.2400016784668,-0.2074281670072805,53.087646484375,-0.025379777836076256,-0.3333333333333333,0.0,-0.00040719772136899035,0.07827785905704676,0.10779739717411396,-0.00040719772136899035,-0.00040719772136899035,-0.00040719772136899035,需要歷史多來源事件回補,完整（官方）,0,False,2026-10-07 04:36:36.414590+00:00,8,SEC Company Facts（point-in-time filed_at）
HIST-20200409,2020-04-09,強勢反彈／轉折,20260724,市場技術與壓力基準,193.57052612304688,0.0014459023635404744,0.13516847122817643,-0.022665726692165045,0.008804121981112134,0.8184820967309452,0.7980003744408981,-0.15061161966894188,41.66999816894531,-0.18149679249972517,58.03420639038086,0.09579565571835169,0.3333333333333333,1.0,0.010803385633649132,0.07184081966047495,0.11948607573263992,0.010803385633649132,0.010803385633649132,0.010803385633649132,需要歷史多來源事件回補,完整（官方）,0,False,2026-10-07 04:36:36.414590+00:00,8,SEC Company Facts（point-in-time filed_at）
HIST-20200413,2020-04-13,強勢反彈／轉折,20260724,市場技術與壓力基準,195.6617431640625,0.010803385633649132,0.057828053716322714,-0.01026790067508676,0.019231456794140733,0.5439151869067096,0.7445851666314435,-0.1414353494434848,41.16999816894531,-0.12029917008325253,57.20273971557617,0.10373867443350537,0.3333333333333333,1.0,0.04349121664323974,0.04782541967145004,0.11742089613509843,0.04349121664323974,0.03152238403704377,0.009161274745595582,需要歷史多來源事件回補,完整（官方）,0,False,2026-10-07 04:36:36.414590+00:00,8,SEC Company Facts（point-in-time filed_at）
HIST-20200417,2020-04-17,強勢反彈／轉折,20260724,市場技術與壓力基準,207.47679138183594,0.009566049615543415,0.21439137661666785,0.05416345278923451,0.0780164007912354,0.9204598316461292,0.5323905859071812,-0.08959086221587542,38.150001525878906,-0.08447316529256998,57.13931655883789,-0.015420040820809722,1.0,0.0,-0.011844424723062463,-0.006734990051995293,0.03706653112894798,-0.011844424723062463,-0.04830678730229665,-0.04830678730229665,需要歷史多來源事件回補,完整（官方）,0,False,2026-10-07 04:36:36.414590+00:00,8,SEC Company Facts（point-in-time filed_at）
HIST-20200421,2020-04-21,強勢反彈／轉折,20260724,市場技術與壓力基準,197.45425415039062,-0.036899414921598095,0.20198282605937323,0.007263080591895621,0.02497740819721117,1.182566081227318,0.534540455529888,-0.13356980279288033,45.40999984741211,0.2025953883985312,55.25088119506836,-0.038149639896003174,1.0,-1.0,0.029674208495867438,0.03226146223730053,0.10722822128159937,0.029674208495867438,0.027478056641692117,0.027478056641692117,需要歷史多來源事件回補,完整（官方）,0,False,2026-10-07 04:36:36.414590+00:00,8,SEC Company Facts（point-in-time filed_at）
HIST-20200422,2020-04-22,強勢反彈／轉折,20260724,市場技術與壓力基準,203.3135528564453,0.029674208495867438,0.14869850274041396,0.03924822292418351,0.05480040865644331,0.6802406195232422,0.4782727100009741,-0.1078591724738408,41.97999954223633,0.027913794940968017,55.73707962036133,-0.02055467938206046,1.0,-1.0,-0.0021328608952762007,0.0380626997610467,0.09679138738177007,-0.0021328608952762007,-0.0021328608952762007,-0.0021328608952762007,需要歷史多來源事件回補,完整（官方）,0,False,2026-10-07 04:36:36.414590+00:00,8,SEC Company Facts（point-in-time filed_at）
HIST-20200424,2020-04-24,強勢反彈／轉折,20260724,市場技術與壓力基準,206.07943725585938,0.015770530819262163,0.11433012042049362,0.057650973012798534,0.0679872286360983,0.6295278711075066,0.4473520883136417,-0.09572245870209706,35.93000030517578,-0.058191379604459414,55.187477111816406,-0.03415930684105439,1.0,0.0,0.008043243028718061,-0.005144079998685047,0.07398045051164615,0.008043243028718061,-0.01094248010199017,-0.01094248010199017,需要歷史多來源事件回補,完整（官方）,0,False,2026-10-07 04:36:36.414590+00:00,8,SEC Company Facts（point-in-time filed_at）
HIST-20200428,2020-04-28,強勢反彈／轉折,20260724,市場技術與壓力基準,203.8244171142578,-0.01883423480292823,0.10133329903476751,0.05029094538568102,0.055153636529445826,0.881994958662956,0.41750135539300987,-0.10561749770442597,33.56999969482422,-0.26073552504675124,55.58205795288086,0.005994053862113935,1.0,1.0,0.035460905833781364,0.02912507466590597,0.08884117990060814,0.035460905833781364,0.005862550950427092,0.005862550950427092,需要歷史多來源事件回補,完整（官方）,0,False,2026-10-07 04:36:36.414590+00:00,8,SEC Company Facts（point-in-time filed_at）
HIST-20200501,2020-05-01,強勢反彈／轉折,20260724,市場技術與壓力基準,205.01934814453125,-0.028185070986696648,0.14370217833028298,0.06218062420034354,0.059363061056936006,0.9468455702539718,0.4062791952071522,-0.10037413471554768,37.189998626708984,0.03506814113084489,55.696651458740234,0.00922626605837018,1.0,0.0,0.011657507791667632,0.05697101580006403,0.10021644596353063,0.011657507791667632,0.011657507791667632,0.011657507791667632,需要歷史多來源事件回補,完整（官方）,0,False,2026-10-07 04:36:36.414590+00:00,8,SEC Company Facts（point-in-time filed_at）
HIST-20200506,2020-05-06,強勢反彈／轉折,20260724,市場技術與壓力基準,211.05221557617188,0.006156522004803211,0.11507163085392702,0.09493754907550578,0.08838022823784852,0.7629729810052059,0.32136717318367275,-0.07390188401114084,34.119998931884766,0.09253920691673145,55.78162384033203,-0.013787387503560122,1.0,-1.0,0.01287646084833205,0.0015523964903925158,0.07319594277359864,0.01287646084833205,0.0015523964903925158,0.0015523964903925158,需要歷史多來源事件回補,完整（官方）,0,False,2026-10-07 04:36:36.414590+00:00,8,SEC Company Facts（point-in-time filed_at）
HIST-20200601,2020-06-01,正常／溫和上漲,20260724,市場技術與壓力基準,225.56565856933594,0.0029998389248047097,0.10021644596353063,0.1136311457262229,0.1442248931838943,0.6259554405013278,0.16997312973416268,0.0,28.229999542236328,0.002485784630806842,58.785491943359375,0.02232491144867521,1.0,0.0,0.006707718787761774,0.03200023865781776,0.03931576370738421,0.006707718787761774,0.004143906064066449,-0.00017107869071830706,需要歷史多來源事件回補,完整（官方）,0,False,2026-10-07 04:36:36.414590+00:00,7,SEC Company Facts（point-in-time filed_at）
HIST-20200701,2020-07-01,正常／溫和上漲,20260724,市場技術與壓力基準,241.81918334960938,0.011672121921596279,0.06014445597418816,0.08554198779127242,0.19124538163033233,0.8005247723592198,0.26809453768803626,0.0,28.6200008392334,-0.154255298162441,58.1843147277832,-0.0026299805092419026,1.0,0.0,0.006786593674276142,0.04666831399718152,0.04247664448365329,0.006786593674276142,0.006786593674276142,0.006786593674276142,需要歷史多來源事件回補,完整（官方）,0,False,2026-10-07 04:36:36.414590+00:00,7,SEC Company Facts（point-in-time filed_at）
HIST-20200821,2020-08-21,正常／溫和上漲,20260724,市場技術與壓力基準,272.1128234863281,0.006929918340885077,0.10294992889625076,0.08593073497304227,0.25956900521831794,1.0453093529270114,0.18226163822392272,0.0,22.540000915527344,0.022222299112066413,60.71762466430664,0.007849465034563963,1.0,0.0,0.006244761872612026,0.03781926572178418,-0.05094513117285937,0.006244761872612026,0.006244761872612026,-0.053215505070154046,需要歷史多來源事件回補,完整（官方）,0,False,2026-10-07 04:36:36.414590+00:00,7,SEC Company Facts（point-in-time filed_at）
HIST-20200910,2020-09-10,高波動／壓力,20260724,市場技術與壓力基準,262.912841796875,-0.01993679454130537,0.0017658258625465884,0.005024136086388742,0.18707773146765616,1.4102801309156159,0.3231794200031006,-0.10047573320057668,29.709999084472656,0.11817837507390339,60.63115310668945,-0.011378657796702218,1.0,-1.0,-0.006939885280868752,-0.00741730128675977,0.033303858050629076,-0.006939885280868752,-0.00741730128675977,-0.030036117861510614,需要歷史多來源事件回補,完整（官方）,0,False,2026-10-07 04:36:36.414590+00:00,7,SEC Company Facts（point-in-time filed_at）
HIST-20200911,2020-09-11,高波動／壓力,20260724,市場技術與壓力基準,261.0882568359375,-0.006939885280868752,-0.007450266011319817,-0.00341875868402175,0.17710897947462811,1.397186617291325,0.32408169339339343,-0.10671832841952222,26.8700008392334,-0.20029755775349745,60.753475189208984,-0.0031867537197362017,-0.3333333333333333,0.0,0.017415205006463763,-0.013237112727255695,0.056424057956784957,0.017415205006463763,-0.013237112727255695,-0.023257637919708585,需要歷史多來源事件回補,完整（官方）,0,False,2026-10-07 04:36:36.414590+00:00,7,SEC Company Facts（point-in-time filed_at）
HIST-20201002,2020-10-02,明顯下跌趨勢,20260724,市場技術與壓力基準,264.81463623046875,-0.028131008419333026,-0.04557951254794401,-0.0031006388167413856,0.16754978162278378,1.2043399846030598,0.33096920504904337,-0.09396897517464764,27.6299991607666,0.047384383615108217,60.565162658691406,0.014927626737032185,-0.3333333333333333,0.0,0.021326321131816872,0.041558426292713335,-0.01797245410688808,0.021326321131816872,0.0030984923444064005,-0.01797245410688808,需要歷史多來源事件回補,完整（官方）,0,False,2026-10-07 04:36:36.414590+00:00,7,SEC Company Facts（point-in-time filed_at）
HIST-20201006,2020-10-06,明顯下跌趨勢,20260724,市場技術與壓力基準,265.6351623535156,-0.01784721338348616,0.019299553464572572,-0.002884641516123998,0.1677518655758261,0.8970931584107379,0.29607926809286667,-0.09116164498043156,29.479999542236328,0.12219257817043516,60.883060455322266,0.012807147466955549,0.3333333333333333,0.0,0.017299315180152153,0.0703589809810814,-0.0018531000594761426,0.017299315180152153,0.017299315180152153,-0.021005859955036232,需要歷史多來源事件回補,完整（官方）,0,False,2026-10-07 04:36:36.414590+00:00,7,SEC Company Facts（point-in-time filed_at）
HIST-20201013,2020-10-13,正常／溫和上漲,20260724,市場技術與壓力基準,284.3249816894531,-3.4023542574201926e-05,0.05540024903417695,0.057825338617135236,0.2399729727402624,1.2256944401382113,0.28613662253980643,-0.027216704444732343,26.06999969482422,-0.11567163841120698,61.41046905517578,0.008662649280591683,1.0,1.0,-0.008352473568872254,-0.034326736512828915,-0.03768809782713112,-0.008352473568872254,-0.03639827188869604,-0.08535906416403727,需要歷史多來源事件回補,完整（官方）,0,False,2026-10-07 04:36:36.414590+00:00,7,SEC Company Facts（point-in-time filed_at）
HIST-20201021,2020-10-21,強勢反彈／轉折,20260724,市場技術與壓力基準,274.35260009765625,-0.0007737069030194776,0.07582521247581031,0.013441172840814808,0.18545769954174962,0.6446308205553075,0.24493255562599595,-0.061335993477162454,28.649999618530273,0.08522727395877361,61.13589859008789,-0.0020049685508194415,1.0,-1.0,-3.503898671253225e-05,-0.04416035798053519,0.020831289392441832,-3.503898671253225e-05,-0.04416035798053519,-0.05211298438062084,需要歷史多來源事件回補,完整（官方）,0,False,2026-10-07 04:36:36.414590+00:00,7,SEC Company Facts（point-in-time filed_at）
HIST-20201103,2020-11-03,明顯下跌趨勢,20260724,市場技術與壓力基準,265.1429138183594,0.017297636793653037,-0.0018531000594761426,-0.020772308527933214,0.13344055402615673,1.0674046733240996,0.25735129601912454,-0.0928458133901725,35.54999923706055,0.0659670423867218,61.26808547973633,0.007639422423602937,-0.3333333333333333,0.0,0.044638574858345326,0.03193145924421881,0.10631669172555025,0.044638574858345326,0.03193145924421881,0.03193145924421881,需要歷史多來源事件回補,完整（官方）,0,False,2026-10-07 04:36:36.414590+00:00,7,SEC Company Facts（point-in-time filed_at）
HIST-20201113,2020-11-13,正常／溫和上漲,20260724,市場技術與壓力基準,280.85931396484375,0.008772503840498436,0.008387857750575378,0.039447788543854445,0.18716074296848229,0.5575765830826622,0.31197135406681814,-0.03907406446428674,23.100000381469727,-0.07079646764565972,61.99367141723633,0.002464018361486131,1.0,1.0,0.0078026138305402615,-0.001890647142438917,0.045062379403333575,0.0078026138305402615,-0.0028184767946968226,-0.0028184767946968226,需要歷史多來源事件回補,完整（官方）,0,False,2026-10-07 04:36:36.414590+00:00,7,SEC Company Facts（point-in-time filed_at）
HIST-20201221,2020-12-21,正常／溫和上漲,20260724,市場技術與壓力基準,298.7672119140625,-0.0018707524086867267,0.06577610350238494,0.05620904684603678,0.21368434578182516,1.3807924476752043,0.12249060356188983,-0.004887231610623433,25.15999984741211,0.017799374849493343,63.17820739746094,0.0003294207522026582,1.0,0.0,0.002718895722616743,0.013077522746671066,0.0564543180983379,0.002718895722616743,-0.002330846851543722,-0.004467311760036008,需要歷史多來源事件回補,完整（官方）,0,False,2026-10-07 04:36:36.414590+00:00,7,SEC Company Facts（point-in-time filed_at）
HIST-20210212,2021-02-12,正常／溫和上漲,20260724,市場技術與壓力基準,325.39227294921875,0.005588976829904002,0.0703033481140396,0.06444108082606692,0.21415263743799073,0.6747764223564212,0.20410518578527895,0.0,19.969999313354492,-0.04312417296059701,64.44522857666016,0.002971167457576973,1.0,1.0,-0.0027046306600713166,-0.041640320324007996,-0.05237012042443512,-0.0027046306600713166,-0.041640320324007996,-0.1085152629966798,需要歷史多來源事件回補,完整（官方）,0,False,2026-10-07 04:36:36.414590+00:00,7,SEC Company Facts（point-in-time filed_at）
HIST-20210305,2021-03-05,明顯下跌趨勢,20260724,市場技術與壓力基準,298.5350341796875,0.015060935432825717,-0.06528538600086953,-0.03645951078756815,0.08639824334271995,2.1638694833981225,0.2432128676568724,-0.08253803486514455,24.65999984741211,-0.11771022632277528,63.82026290893555,0.005654050561798352,-0.3333333333333333,1.0,-0.02831422894759117,0.021964455333846722,0.07382424510314234,-0.02831422894759117,-0.02831422894759117,-0.02831422894759117,需要歷史多來源事件回補,完整（官方）,0,False,2026-10-07 04:36:36.414590+00:00,7,SEC Company Facts（point-in-time filed_at）
HIST-20210310,2021-03-10,明顯下跌趨勢,20260724,市場技術與壓力基準,300.6626892089844,-0.00285466462624695,-0.0678541642126218,-0.02929359879175375,0.08963273114907877,1.1742703059753183,0.2993936551955656,-0.0759992962220517,22.559999465942383,-0.15410575922738,63.64342498779297,-0.003576049095243339,-0.3333333333333333,0.0,0.023031298355733698,0.03544802308945849,0.07920492198883178,0.023031298355733698,0.01473247114959575,0.0027123110113920212,需要歷史多來源事件回補,完整（官方）,0,False,2026-10-07 04:36:36.414590+00:00,7,SEC Company Facts（point-in-time filed_at）
HIST-20210315,2021-03-15,明顯下跌趨勢,20260724,市場技術與壓力基準,308.3514404296875,0.01068282602604853,-0.05237012042443512,-0.005322269989002315,0.11232299881803143,0.6122060829817535,0.31539499110293284,-0.05237012042443512,20.030000686645508,-0.21358456118436842,63.709747314453125,0.005582714490154572,-0.3333333333333333,1.0,0.005488684746527639,0.0005717503656945677,0.06963002990876932,0.005488684746527639,-0.021296686678424326,-0.022290346652731663,需要歷史多來源事件回補,完整（官方）,0,False,2026-10-07 04:36:36.414590+00:00,7,SEC Company Facts（point-in-time filed_at）
HIST-20210318,2021-03-18,高波動／壓力,20260724,市場技術與壓力基準,301.7845764160156,-0.030630838870098875,-0.061449040481291184,-0.027695297016037568,0.08383278360317048,1.082319469656512,0.333503731384338,-0.07255149705686892,21.579999923706055,-0.01506161232333525,63.16450119018555,-0.011188227462009648,-0.3333333333333333,0.0,0.003525273901171966,-0.00101528211949653,0.09742966769634198,0.003525273901171966,-0.00101528211949653,-0.00101528211949653,需要歷史多來源事件回補,完整（官方）,0,False,2026-10-07 04:36:36.414590+00:00,7,SEC Company Facts（point-in-time filed_at）
HIST-20210517,2021-05-17,正常／溫和上漲,20260724,市場技術與壓力基準,314.14434814453125,-0.00606630928801799,-0.042699406585864685,-0.007192658193699186,0.06773615875671535,0.829987242066901,0.19440955249116745,-0.051460297021464596,19.719999313354492,0.0030518548529023803,64.57118225097656,-0.0009185179763800955,-0.3333333333333333,-1.0,-0.006750611674002038,0.024968131556200035,0.055022973840189726,-0.006750611674002038,-0.006750611674002038,-0.006750611674002038,需要歷史多來源事件回補,完整（官方）,0,False,2026-10-07 04:36:36.414590+00:00,7,SEC Company Facts（point-in-time filed_at）
HIST-20210518,2021-05-18,正常／溫和上漲,20260724,市場技術與壓力基準,312.023681640625,-0.006750611674002038,-0.042180477231393176,-0.015260405210663075,0.0595301376227968,0.7708561771898237,0.19422865392466016,-0.057863520213645936,21.34000015258789,-0.022893772733822648,64.41544342041016,-0.0022975469199187915,-0.3333333333333333,0.0,0.0011479411196284595,0.03336227718968532,0.058314078724681195,0.0011479411196284595,0.0011479411196284595,0.0011479411196284595,需要歷史多來源事件回補,完整（官方）,0,False,2026-10-07 04:36:36.414590+00:00,7,SEC Company Facts（point-in-time filed_at）
HIST-20210601,2021-06-01,橫盤／低波動,20260724,市場技術與壓力基準,322.2881164550781,-0.0033242855461623755,-0.010024397071001556,0.008588656191847122,0.08460590030074422,0.6442810576664997,0.20379416657165825,-0.026870685207540768,17.899999618530273,-0.027173913606849176,64.86188507080078,0.002659030259471784,0.3333333333333333,1.0,0.001953083388024801,0.011838378325300658,0.06785009417429855,0.001953083388024801,-0.008472988201486342,-0.008472988201486342,需要歷史多來源事件回補,完整（官方）,0,False,2026-10-07 04:36:36.414590+00:00,7,SEC Company Facts（point-in-time filed_at）
HIST-20210610,2021-06-10,正常／溫和上漲,20260724,市場技術與壓力基準,329.5799865722656,0.010420932431224994,0.07403227543625657,0.02246228612696588,0.10180956233976146,0.905463297639615,0.14674647800242493,-0.004853328040469007,16.100000381469727,-0.10753882680725502,65.18934631347656,0.005856678250688363,1.0,1.0,0.002614707828761942,0.014661179218600662,0.061932315197945176,0.002614707828761942,0.0019390394731249039,0.0019390394731249039,需要歷史多來源事件回補,完整（官方）,0,False,2026-10-07 04:36:36.414590+00:00,7,SEC Company Facts（point-in-time filed_at）
HIST-20210702,2021-07-02,正常／溫和上漲,20260724,市場技術與壓力基準,347.694091796875,0.011478840047397298,0.06989327586287852,0.06459438613202928,0.14310516497937664,0.9564908483350067,0.09804005665137895,0.0,15.069999694824219,-0.03521128007455021,65.75726318359375,0.004811800698139024,1.0,1.0,0.004321334405314126,0.010539583121219165,0.01661801208435887,0.004321334405314126,0.00036196902724783264,-0.011070073131084768,需要歷史多來源事件回補,完整（官方）,0,False,2026-10-07 04:36:36.414590+00:00,7,SEC Company Facts（point-in-time filed_at）
HIST-20210910,2021-09-10,高波動／壓力,20260724,市場技術與壓力基準,365.09613037109375,-0.007589407181774144,0.02465104093107251,0.023736824492855302,0.12507047119235604,1.2990998475592535,0.10768656629359202,-0.014445959234776096,20.950000762939453,0.2766606311847901,66.00352478027344,-0.0019321727529493238,1.0,-1.0,-0.0006904351329505287,-0.0073289772950489995,-0.03990949114261999,-0.0006904351329505287,-0.0073289772950489995,-0.0626120180850539,需要歷史多來源事件回補,完整（官方）,0,False,2026-10-07 04:36:36.414590+00:00,7,SEC Company Facts（point-in-time filed_at）
HIST-20210928,2021-09-28,明顯下跌趨勢,20260724,市場技術與壓力基準,349.27325439453125,-0.028297505527546396,-0.05257193301555341,-0.02843582761300778,0.06278456283002787,2.3206565093883507,0.14686939584222897,-0.05715881773420117,23.25,-0.04556652637684577,65.70294189453125,-0.004667253338400235,-0.3333333333333333,0.0,-0.0016394952339827684,-0.006919187144484029,0.05349145905464625,-0.0016394952339827684,-0.020146202013702763,-0.020146202013702763,需要歷史多來源事件回補,完整（官方）,0,False,2026-10-07 04:36:36.414590+00:00,7,SEC Company Facts（point-in-time filed_at）
HIST-20210929,2021-09-29,明顯下跌趨勢,20260724,市場技術與壓力基準,348.70062255859375,-0.0016394952339827684,-0.053353582634139585,-0.030075170073685098,0.060117959035650204,1.3343805893238938,0.1467615045445263,-0.05870460135892863,22.559999465942383,0.0809774105773855,65.82316589355469,-0.004659457436476999,-0.3333333333333333,-1.0,-0.003674092801627671,0.0010853106127293177,0.057670768168166076,-0.003674092801627671,-0.01853709826397565,-0.01853709826397565,需要歷史多來源事件回補,完整（官方）,0,False,2026-10-07 04:36:36.414590+00:00,7,SEC Company Facts（point-in-time filed_at）
HIST-20211007,2021-10-07,正常／溫和上漲,20260724,市場技術與壓力基準,352.2819519042969,0.009175230270286994,-0.042421127900880595,-0.01803243625649187,0.0661332250373996,0.755056989165425,0.17998756653601636,-0.049037028042330566,19.540000915527344,-0.15557470047866706,65.61155700683594,-0.002075490001768432,-0.3333333333333333,0.0,-0.00498641018921786,0.010083444686763032,0.09711575486796775,-0.00498641018921786,-0.016061835263339153,-0.016061835263339153,需要歷史多來源事件回補,完整（官方）,0,False,2026-10-07 04:36:36.414590+00:00,7,SEC Company Facts（point-in-time filed_at）
HIST-20211008,2021-10-08,正常／溫和上漲,20260724,市場技術與壓力基準,350.52532958984375,-0.00498641018921786,-0.03990949114261999,-0.022669068868175768,0.05999989084395407,0.8000444572230266,0.17917059502833366,-0.05377891949526914,18.770000457763672,-0.11042653467211727,65.41551208496094,-0.007436462920540343,-0.3333333333333333,0.0,-0.007669762547738546,0.02154141549888422,0.10366572772765204,-0.007669762547738546,-0.011130928449155642,-0.011130928449155642,需要歷史多來源事件回補,完整（官方）,0,False,2026-10-07 04:36:36.414590+00:00,7,SEC Company Facts（point-in-time filed_at）
HIST-20211019,2021-10-19,正常／溫和上漲,20260724,市場技術與壓力基準,364.4138488769531,0.007567442505662658,0.025453875622492905,0.016478600837196877,0.09576843552634196,0.5980090621262572,0.18219314491392188,-0.016287735215272492,15.699999809265137,-0.20906803488420467,65.77742004394531,0.0068088459644863875,1.0,1.0,-0.0013047359990647767,0.009721204380194637,0.05846029595398683,-0.0013047359990647767,-0.0036485711172818958,-0.0036485711172818958,需要歷史多來源事件回補,完整（官方）,0,False,2026-10-07 04:36:36.414590+00:00,7,SEC Company Facts（point-in-time filed_at）
HIST-20211020,2021-10-20,正常／溫和上漲,20260724,市場技術與壓力基準,363.9383850097656,-0.0013047359990647767,0.014638904664365127,0.014682834779272014,0.09331422452780869,0.6557776719759987,0.1798820926273756,-0.017571220019858558,15.489999771118164,-0.1689914013773841,65.80004119873047,0.004488349996494279,1.0,1.0,0.006106645296273028,0.013387074607063676,0.06040283482507669,0.006106645296273028,-0.0023468971994794474,-0.0023468971994794474,需要歷史多來源事件回補,完整（官方）,0,False,2026-10-07 04:36:36.414590+00:00,7,SEC Company Facts（point-in-time filed_at）
HIST-20211021,2021-10-21,正常／溫和上漲,20260724,市場技術與壓力基準,366.16082763671875,0.006106645296273028,0.011501844051605703,0.020246074650200008,0.09885631337189715,0.5429610267127326,0.17827442286581643,-0.011571875931669529,15.010000228881836,-0.10972718354078104,65.6341552734375,-0.00366301045072126,1.0,0.0,-0.008402233038887541,0.018422020746505563,0.06488721206685111,-0.008402233038887541,-0.008402233038887541,-0.008402233038887541,需要歷史多來源事件回補,完整（官方）,0,False,2026-10-07 04:36:36.414590+00:00,7,SEC Company Facts（point-in-time filed_at）
HIST-20211103,2021-11-03,正常／溫和上漲,20260724,市場技術與壓力基準,381.602294921875,0.010615290502279828,0.09316864451254325,0.055153210984562495,0.13500802258131817,0.9230891261343255,0.10913228884400561,0.0,15.100000381469727,-0.11071844590397428,65.76075744628906,0.003196487867103137,1.0,1.0,0.01281906511849007,-0.009333956263519294,-0.008316549832602216,0.01281906511849007,-0.009333956263519294,-0.015412723770235393,需要歷史多來源事件回補,完整（官方）,0,False,2026-10-07 04:36:36.414590+00:00,7,SEC Company Facts（point-in-time filed_at）
HIST-20211111,2021-11-11,正常／溫和上漲,20260724,市場技術與壓力基準,379.08868408203125,0.002772847007284529,0.06535211828088117,0.0421197529831876,0.12061003253086522,0.8734951794948206,0.11232488281863615,-0.020095261234767348,17.65999984741211,0.14378240462191094,65.67001342773438,-0.004014720332656152,1.0,-1.0,0.010522639792148958,0.028571939187140627,0.01899697455590399,0.010522639792148958,0.010292161200092353,-0.01909921270187409,需要歷史多來源事件回補,完整（官方）,0,False,2026-10-07 04:36:36.414590+00:00,7,SEC Company Facts（point-in-time filed_at）
HIST-20211220,2021-12-20,高波動／壓力,20260724,市場技術與壓力基準,369.95208740234375,-0.009700411785118934,-0.05647120906216774,-0.016026706524417178,0.0653203215151088,0.9850444267899676,0.24812956973906344,-0.05647120906216774,22.8700008392334,0.12604635355032157,65.6554946899414,-0.0013276025158067695,-0.3333333333333333,-1.0,0.022380365911905065,0.054952943224179096,-0.037327006852496014,0.022380365911905065,0.022380365911905065,-0.037327006852496014,需要歷史多來源事件回補,完整（官方）,0,False,2026-10-07 04:36:36.414590+00:00,7,SEC Company Facts（point-in-time filed_at）
HIST-20220214,2022-02-14,高波動／壓力,20260724,市場技術與壓力基準,337.6885681152344,0.0012389964752890226,-0.08557675446316637,-0.07847405206892821,-0.05116211026265449,0.8170356385658976,0.32693570932647564,-0.13876761049003494,28.329999923706055,0.23928255325056913,63.0650634765625,-0.014216178237780208,-1.0,-1.0,0.02486376652801492,-0.02707995812886299,-0.05565638556076569,0.02486376652801492,-0.02707995812886299,-0.08437632366681702,需要歷史多來源事件回補,完整（官方）,0,False,2026-10-07 04:36:36.414590+00:00,7,SEC Company Facts（point-in-time filed_at）
HIST-20220222,2022-02-22,高波動／壓力,20260724,市場技術與壓力基準,328.5439758300781,-0.010043629613847527,-0.04307939929899318,-0.09280528636121421,-0.07788912698647144,1.0005223328726842,0.33334381919829514,-0.1620897475371854,28.809999465942383,0.016943153672043243,63.2026481628418,0.002181630822118086,-1.0,0.0,-0.02561517199624852,0.010086265407572403,0.05714986881055606,-0.02561517199624852,-0.02561517199624852,-0.05889113500813559,需要歷史多來源事件回補,完整（官方）,0,False,2026-10-07 04:36:36.414590+00:00,7,SEC Company Facts（point-in-time filed_at）
HIST-20220224,2022-02-24,高波動／壓力,20260724,市場技術與壓力基準,330.8859558105469,0.03360431299900668,-0.011841078284086759,-0.08044845332203499,-0.07158368553358174,1.5695829397782632,0.3586849030982815,-0.15611682098530022,30.31999969482422,0.24825024915673044,63.53889846801758,0.00024014640102865137,-1.0,0.0,0.015507073987101272,0.005198538229892469,0.057577926655280054,0.015507073987101272,0.0029369688883649214,-0.0655522159109303,需要歷史多來源事件回補,完整（官方）,0,False,2026-10-07 04:36:36.414590+00:00,7,SEC Company Facts（point-in-time filed_at）
HIST-20220302,2022-03-02,高波動／壓力,20260724,市場技術與壓力基準,337.4261779785156,0.016779539676752053,-0.0500655525313759,-0.05338983644337936,-0.05450641442624904,0.8901192090849165,0.32983262811676545,-0.1394368036631749,30.739999771118164,-0.009026456560719653,63.91864013671875,0.01316635285670853,-1.0,1.0,-0.014284899013555563,-0.0352226384876394,0.058533039589008684,-0.014284899013555563,-0.0687461386817737,-0.08366431423395293,需要歷史多來源事件回補,完整（官方）,0,False,2026-10-07 04:36:36.414590+00:00,7,SEC Company Facts（point-in-time filed_at）
HIST-20220315,2022-03-15,高波動／壓力,20260724,市場技術與壓力基準,318.89404296875,0.03136653064834083,-0.05565638556076569,-0.07507732606950257,-0.10653431447645423,0.9780460501851158,0.3482505945784936,-0.18670069241802112,29.829999923706055,-0.15086823180371545,61.801551818847656,-0.011775440113524827,-1.0,0.0,0.037086870975891806,0.08913988393725258,0.035714463439469046,0.037086870975891806,0.037086870975891806,0.035714463439469046,需要歷史多來源事件回補,完整（官方）,0,False,2026-10-07 04:36:36.414590+00:00,7,SEC Company Facts（point-in-time filed_at）
HIST-20220318,2022-03-18,高波動／壓力,20260724,市場技術與壓力基準,341.5757141113281,0.02046788477584771,0.017484520585403285,-0.0010589544248084115,-0.04355184022129721,1.0379947429879932,0.35860555271044153,-0.12885393158383185,23.8700008392334,-0.2237398101062309,63.30500793457031,0.019770047926346068,-0.3333333333333333,1.0,-0.0027801917901699724,0.02362591223088728,-0.03522520330789036,-0.0027801917901699724,-0.0027801917901699724,-0.035965682437555824,需要歷史多來源事件回補,完整（官方）,0,False,2026-10-07 04:36:36.414590+00:00,7,SEC Company Facts（point-in-time filed_at）
HIST-20220321,2022-03-21,高波動／壓力,20260724,市場技術與壓力基準,340.6260681152344,-0.0027801917901699724,0.026361677149317364,-0.0019353269604317491,-0.04641983217991685,0.8998956876484945,0.35591048091306055,-0.13127588473128138,23.530000686645508,-0.2593641691026336,62.57631301879883,0.02013243558721345,-0.3333333333333333,1.0,0.019652497147595316,0.04236189411318314,-0.010911752624055526,0.019652497147595316,0.004998819617376915,-0.03327800989729546,需要歷史多來源事件回補,完整（官方）,0,False,2026-10-07 04:36:36.414590+00:00,7,SEC Company Facts（point-in-time filed_at）
HIST-20220322,2022-03-22,強勢反彈／轉折,20260724,市場技術與壓力基準,347.3202209472656,0.019652497147595316,0.05714986881055606,0.01898241350690122,-0.027970382132406102,0.7832331993178073,0.3586910745622971,-0.11420328653391565,22.940000534057617,-0.2309755081217053,62.89848709106445,0.017749315995043702,0.3333333333333333,1.0,-0.01437124664649092,0.039864725288812686,-0.044122351756951894,-0.01437124664649092,-0.01437124664649092,-0.051910339250833104,需要歷史多來源事件回補,完整（官方）,0,False,2026-10-07 04:36:36.414590+00:00,7,SEC Company Facts（point-in-time filed_at）
HIST-20220323,2022-03-23,強勢反彈／轉折,20260724,市場技術與壓力基準,342.32879638671875,-0.01437124664649092,0.06934886233631143,0.005935565335298154,-0.042157133217046505,0.8816198268484202,0.34886992438128717,-0.1230209016675724,23.56999969482422,-0.11623548453699528,62.69905471801758,0.0004898913345783296,0.3333333333333333,1.0,0.022226838054705933,0.04337339301426435,-0.05025134990813407,0.022226838054705933,0.021374058050730005,-0.05025134990813407,需要歷史多來源事件回補,完整（官方）,0,False,2026-10-07 04:36:36.414590+00:00,7,SEC Company Facts（point-in-time filed_at）
HIST-20220328,2022-03-28,強勢反彈／轉折,20260724,市場技術與壓力基準,355.0556335449219,0.015472464806385311,0.05352106885845376,0.04725588785478951,-0.007497441233125124,0.7664974971858471,0.3383154263448921,-0.09041724607846979,19.6299991607666,-0.16574591636507507,62.76803970336914,0.0030638859229803472,0.3333333333333333,1.0,0.01720973284284799,0.01203003524958568,-0.13090900714540932,0.01720973284284799,-0.00838568999703726,-0.13090900714540932,需要歷史多來源事件回補,完整（官方）,0,False,2026-10-07 04:36:36.414590+00:00,7,SEC Company Facts（point-in-time filed_at）
HIST-20220329,2022-03-29,強勢反彈／轉折,20260724,市場技術與壓力基準,361.1660461425781,0.01720973284284799,0.08831581575483138,0.06578973494262774,0.009194554006020539,0.9176628977012729,0.3348691394791984,-0.07476356988501831,18.899999618530273,-0.17611163127609353,63.54276657104492,0.01024316338559439,1.0,1.0,-0.011045579651480453,-0.027182970334074685,-0.14663663743086108,-0.011045579651480453,-0.027182970334074685,-0.14663663743086108,需要歷史多來源事件回補,完整（官方）,0,False,2026-10-07 04:36:36.414590+00:00,7,SEC Company Facts（point-in-time filed_at）
HIST-20220330,2022-03-30,強勢反彈／轉折,20260724,市場技術與壓力基準,357.1767578125,-0.011045579651480453,0.058533039589008684,0.05419923290114803,-0.002311476901836973,0.9280510936481577,0.33584718637850935,-0.0729592711653031,19.329999923706055,-0.17988968290267882,63.35101318359375,0.010398218418256722,0.3333333333333333,1.0,-0.012394770730747018,-0.03767482959625312,-0.10645885224566576,-0.012394770730747018,-0.03767482959625312,-0.1371054671372991,需要歷史多來源事件回補,完整（官方）,0,False,2026-10-07 04:36:36.414590+00:00,7,SEC Company Facts（point-in-time filed_at）
HIST-20220406,2022-04-06,強勢反彈／轉折,20260724,市場技術與壓力基準,343.7201843261719,-0.02171148112996224,0.055842548071064035,0.012624467660502514,-0.04113118018308126,1.3024132290578787,0.30421620795593657,-0.08688080725960301,22.100000381469727,0.14330059331074185,62.276798248291016,-0.016956554936061075,0.3333333333333333,-1.0,0.0023779583864829146,-0.01956046791345445,-0.11396709391430704,0.0023779583864829146,-0.03909287941612127,-0.11396709391430704,需要歷史多來源事件回補,完整（官方）,0,False,2026-10-07 04:36:36.414590+00:00,7,SEC Company Facts（point-in-time filed_at）
HIST-20220407,2022-04-07,強勢反彈／轉折,20260724,市場技術與壓力基準,344.53753662109375,0.0023779583864829146,0.07023822073108854,0.01445344969709117,-0.03895037289902581,0.9258878443957221,0.2997185449859565,-0.08470944781736744,21.549999237060547,0.04815174109114628,62.17665481567383,-0.014959774936176395,0.3333333333333333,-1.0,-0.013979159606462677,-0.04425301905099166,-0.12665912948371305,-0.013979159606462677,-0.04425301905099166,-0.12665912948371305,需要歷史多來源事件回補,完整（官方）,0,False,2026-10-07 04:36:36.414590+00:00,7,SEC Company Facts（point-in-time filed_at）
HIST-20220408,2022-04-08,強勢反彈／轉折,20260724,市場技術與壓力基準,339.72119140625,-0.013979159606462677,0.07762513228322487,-0.00021303073195455546,-0.05239178186017257,0.9022451386590215,0.29334089687445797,-0.08007263569154721,21.15999984741211,0.07794196393566,61.799278259277344,-0.02086632935552779,-0.3333333333333333,-1.0,-0.023657418120615392,-0.02995854108306295,-0.14893320004771837,-0.023657418120615392,-0.030703062454994545,-0.14893320004771837,需要歷史多來源事件回補,完整（官方）,0,False,2026-10-07 04:36:36.414590+00:00,7,SEC Company Facts（point-in-time filed_at）
HIST-20220411,2022-04-11,強勢反彈／轉折,20260724,市場技術與壓力基準,331.68426513671875,-0.023657418120615392,0.07273264379612421,-0.023279442865882793,-0.07471799414023694,0.9723957310575054,0.2983765012782425,-0.10183574198958789,24.3700008392334,0.3123317845840212,61.37568664550781,-0.03487933223328166,-0.3333333333333333,-1.0,-0.004224175448055534,0.015752859376020778,-0.11772127673865063,-0.004224175448055534,-0.00721636489603561,-0.12831129590389956,需要歷史多來源事件回補,完整（官方）,0,False,2026-10-07 04:36:36.414590+00:00,7,SEC Company Facts（point-in-time filed_at）
HIST-20220414,2022-04-14,明顯下跌趨勢,20260724,市場技術與壓力基準,329.29071044921875,-0.02286711607917369,-0.016233939105724793,-0.026339876303145604,-0.08095789074579096,1.1157608270052748,0.26818122659545796,-0.08825673408063361,22.700000762939453,0.0533643418372467,61.799278259277344,-0.006069425212971602,-1.0,-1.0,0.0007681045333922665,-0.03850142508969712,-0.10782146907776857,0.0007681045333922665,-0.03850142508969712,-0.13970392387609565,需要歷史多來源事件回補,完整（官方）,0,False,2026-10-07 04:36:36.414590+00:00,7,SEC Company Facts（point-in-time filed_at）
HIST-20220418,2022-04-18,明顯下跌趨勢,20260724,市場技術與壓力基準,329.54364013671875,0.0007681045333922665,-0.03522520330789036,-0.024782647264545155,-0.08006961833607773,0.9072490641959668,0.25643439617725866,-0.08755641994479113,22.170000076293945,0.047731580159031006,61.699161529541016,-0.0016200307278070314,-1.0,-1.0,0.022350911044381583,-0.026897659542272856,-0.11884027075647452,0.022350911044381583,-0.039239389669996294,-0.1403642140203728,需要歷史多來源事件回補,完整（官方）,0,False,2026-10-07 04:36:36.414590+00:00,7,SEC Company Facts（point-in-time filed_at）
HIST-20220420,2022-04-20,明顯下跌趨勢,20260724,市場技術與壓力基準,331.9956359863281,-0.014584357276127724,-0.044122351756951894,-0.01612191871112678,-0.07286264806941156,1.0267910959811397,0.26367163377406033,-0.0807673104041855,20.31999969482422,-0.1624072752219926,61.83777618408203,-0.0001248425127738928,-1.0,0.0,-0.020691006103320086,-0.07165685878255512,-0.14674257799526846,-0.020691006103320086,-0.07165685878255512,-0.14674257799526846,需要歷史多來源事件回補,完整（官方）,0,False,2026-10-07 04:36:36.414590+00:00,7,SEC Company Facts（point-in-time filed_at）
HIST-20220429,2022-04-29,高波動／壓力,20260724,市場技術與壓力基準,304.7906799316406,-0.04499876027648564,-0.13595748730415524,-0.08494307438855253,-0.14586816141944148,1.2247723656389844,0.3419115341150993,-0.15609265270933603,33.400001525878906,0.18397740552437414,60.482276916503906,-0.009210275449645144,-1.0,-1.0,0.016695968642830294,-0.01276931359682787,-0.013248217926201122,0.016695968642830294,-0.01276931359682787,-0.08303257881120185,需要歷史多來源事件回補,完整（官方）,0,False,2026-10-07 04:36:36.414590+00:00,7,SEC Company Facts（point-in-time filed_at）
HIST-20220502,2022-05-02,高波動／壓力,20260724,市場技術與壓力基準,309.87945556640625,0.016695968642830294,-0.11985628721753683,-0.0682203491804767,-0.13115952457651026,1.4781318654530673,0.35186050369010863,-0.14200280210151695,32.34000015258789,0.19689117707974058,60.48613357543945,-0.0174528915999137,-1.0,-1.0,0.0010676443969104277,-0.06697452169708284,-0.03202726378330789,0.0010676443969104277,-0.06697452169708284,-0.09809082609736142,需要歷史多來源事件回補,完整（官方）,0,False,2026-10-07 04:36:36.414590+00:00,7,SEC Company Facts（point-in-time filed_at）
HIST-20220519,2022-05-19,高波動／壓力,20260724,市場技術與壓力基準,281.7599182128906,-0.005358071068560011,-0.13338321879295145,-0.12989923003257997,-0.20150807179293462,0.7757529248575045,0.45981759834093533,-0.21986044584695041,29.350000381469727,-0.07617249107412483,59.15625762939453,-0.002737423251731097,-1.0,0.0,-0.003107971885607963,0.0336694246509881,-0.05141957793752627,-0.003107971885607963,-0.008080618592008038,-0.06281525823027667,需要歷史多來源事件回補,完整（官方）,0,False,2026-10-07 04:36:36.414590+00:00,7,SEC Company Facts（point-in-time filed_at）
HIST-20220527,2022-05-27,高波動／壓力,20260724,市場技術與壓力基準,300.75274658203125,0.0326394664302212,-0.013248217926201122,-0.05907902328279102,-0.142600827897008,0.7087695010385705,0.431670421482189,-0.1672729211557651,25.719999313354492,-0.12606187405199654,62.0015754699707,0.048783712594509865,-1.0,1.0,-0.002652950269435017,-0.006081948106689494,-0.08092822513821829,-0.002652950269435017,-0.01002895363663725,-0.12199938589959725,需要歷史多來源事件回補,完整（官方）,0,False,2026-10-07 04:36:36.414590+00:00,7,SEC Company Facts（point-in-time filed_at）
HIST-20220617,2022-06-17,高波動／壓力,20260724,市場技術與壓力基準,267.2719421386719,0.01215948124724231,-0.05141957793752627,-0.11466080606978057,-0.22665622340755665,1.2200768897137142,0.37860004786869206,-0.2599748924538702,31.1299991607666,0.12180177155915684,57.47620391845703,-0.020890767923101072,-1.0,-1.0,0.025229827881287914,0.06670132463390188,0.08803903919711042,0.025229827881287914,0.023734503681048347,0.022311684892167394,需要歷史多來源事件回補,完整（官方）,0,False,2026-10-07 04:36:36.414590+00:00,7,SEC Company Facts（point-in-time filed_at）
HIST-20220623,2022-06-23,高波動／壓力,20260724,市場技術與壓力基準,277.6903991699219,0.014892760103829783,-0.00641442883968435,-0.06838452662635741,-0.1931976421737236,0.8816814459331423,0.38267639947013965,-0.23112816906299782,29.049999237060547,-0.019243807765793597,57.83324432373047,-0.006665739331622955,-1.0,0.0,0.03426351240785208,-0.016043657580715354,0.06017193079204808,0.03426351240785208,-0.016043657580715354,-0.016043657580715354,需要歷史多來源事件回補,完整（官方）,0,False,2026-10-07 04:36:36.414590+00:00,7,SEC Company Facts（point-in-time filed_at）
HIST-20220712,2022-07-12,明顯下跌趨勢,20260724,市場技術與壓力基準,279.0454406738281,-0.00968721045400811,-0.007096556737162807,-0.029851961661641835,-0.1774766183859059,0.8541758741559026,0.34784606576447624,-0.1717489253922293,27.290000915527344,-0.009077704854361435,58.29558563232422,0.011635386642180334,-1.0,1.0,-0.002060968128978824,0.0421324441879003,0.10774155186252132,-0.002060968128978824,-0.002060968128978824,-0.002060968128978824,需要歷史多來源事件回補,完整（官方）,0,False,2026-10-07 04:36:36.414590+00:00,7,SEC Company Facts（point-in-time filed_at）
HIST-20220718,2022-07-18,強勢反彈／轉折,20260724,市場技術與壓力基準,282.1260681152344,-0.008462283798779113,0.0684120916878026,-0.010820202331975004,-0.16476267704910263,0.9597054045789316,0.25461765803014186,-0.1322570414011457,25.299999237060547,-0.033244204688462675,58.29558563232422,0.004028442386638131,-0.3333333333333333,1.0,0.03075305685729135,0.03756030342551697,0.15086362390933528,0.03075305685729135,0.03075305685729135,0.01717317812235697,需要歷史多來源事件回補,完整（官方）,0,False,2026-10-07 04:36:36.414590+00:00,7,SEC Company Facts（point-in-time filed_at）
HIST-20220721,2022-07-21,強勢反彈／轉折,20260724,市場技術與壓力基準,299.65411376953125,0.014355424280565687,0.09516494451770408,0.051277457977615404,-0.11085222637556325,0.9050056729924869,0.2651649725939527,-0.06562238608691684,23.110000610351562,-0.12462117635295145,60.026466369628906,0.032729801997495755,0.3333333333333333,1.0,-0.017535374545807114,0.007905436219697526,0.07124720416381769,-0.017535374545807114,-0.04232561426921866,-0.04232561426921866,需要歷史多來源事件回補,完整（官方）,0,False,2026-10-07 04:36:36.414590+00:00,7,SEC Company Facts（point-in-time filed_at）
HIST-20220722,2022-07-22,強勢反彈／轉折,20260724,市場技術與壓力基準,294.3995666503906,-0.017535374545807114,0.06017193079204808,0.03271526595075236,-0.12576337837868634,0.9394275855196363,0.2734669157360654,-0.08200704751410026,23.030000686645508,-0.04952533546272053,59.94845962524414,0.01840996629910463,0.3333333333333333,1.0,-0.005695517257643279,0.04460413905628613,0.06910790374302178,-0.005695517257643279,-0.02523270465025762,-0.02523270465025762,需要歷史多來源事件回補,完整（官方）,0,False,2026-10-07 04:36:36.414590+00:00,7,SEC Company Facts（point-in-time filed_at）
HIST-20220726,2022-07-26,明顯下跌趨勢,20260724,市場技術與壓力基準,286.9710693359375,-0.01964909917606872,0.006565201637527274,0.005778733222278731,-0.14628049856909198,0.8385470293508458,0.2578590879180869,-0.10517049255519495,24.690000534057617,0.007755123839086497,59.51185989379883,0.007523614424528757,0.3333333333333333,0.0,0.04225983435047587,0.0678060477262219,0.06702452754664545,0.04225983435047587,0.04225983435047587,0.04225983435047587,需要歷史多來源事件回補,完整（官方）,0,False,2026-10-07 04:36:36.414590+00:00,7,SEC Company Facts（point-in-time filed_at）
HIST-20220727,2022-07-27,強勢反彈／轉折,20260724,市場技術與壓力基準,299.0984191894531,0.04225983435047587,0.08206932741912709,0.04789256887555893,-0.10952127513707544,1.1531505508856108,0.2710835157987728,-0.06735514579865953,23.239999771118164,-0.026800645399515655,60.166770935058594,0.014193369337280881,0.3333333333333333,1.0,0.00977802247293269,0.05241041676253411,0.026726642374233167,0.00977802247293269,0.00977802247293269,0.00977802247293269,需要歷史多來源事件回補,完整（官方）,0,False,2026-10-07 04:36:36.414590+00:00,7,SEC Company Facts（point-in-time filed_at）
HIST-20220728,2022-07-28,強勢反彈／轉折,20260724,市場技術與壓力基準,302.02301025390625,0.00977802247293269,0.09164899313542296,0.05727637497736593,-0.10020050210093756,0.9191223382554696,0.27153271564151804,-0.05823572345501382,22.329999923706055,-0.033751651494813295,60.7827033996582,0.012598393271604058,0.3333333333333333,1.0,0.01823700651429916,0.04709352318805582,0.03476334006622417,0.01823700651429916,0.014589726464100616,0.013847154957869812,需要歷史多來源事件回補,完整（官方）,0,False,2026-10-07 04:36:36.414590+00:00,7,SEC Company Facts（point-in-time filed_at）
HIST-20220823,2022-08-23,強勢反彈／轉折,20260724,市場技術與壓力基準,306.2051696777344,-0.0008273220209561449,0.06702452754664545,0.042510066310280425,-0.07476650099506699,0.8253392314942485,0.2684640213829438,-0.05692672244489039,24.110000610351562,0.2244794289694767,59.69721984863281,-0.027540109477384944,0.3333333333333333,-1.0,0.0028972273623839584,-0.04164273489093939,-0.09560800463955033,0.0028972273623839584,-0.04164273489093939,-0.09560800463955033,需要歷史多來源事件回補,完整（官方）,0,False,2026-10-07 04:36:36.414590+00:00,7,SEC Company Facts（point-in-time filed_at）
HIST-20220830,2022-08-30,明顯下跌趨勢,20260724,市場技術與壓力基準,293.4539489746094,-0.011136350571476883,-0.042344150230851696,-0.012110518066643872,-0.10784400368130109,1.1068823953268498,0.27205127811049634,-0.09619887292484719,26.209999084472656,0.08710072256155255,58.65617752075195,-0.01743870703728767,-1.0,-1.0,-0.005813497001164403,-0.006810283677064377,-0.06835731115728239,-0.005813497001164403,-0.026476463615102475,-0.08689431950148396,需要歷史多來源事件回補,完整（官方）,0,False,2026-10-07 04:36:36.414590+00:00,7,SEC Company Facts（point-in-time filed_at）
HIST-20220908,2022-09-08,明顯下跌趨勢,20260724,市場技術與壓力基準,292.96649169921875,0.00518448837599883,-0.07796127983802725,-0.018209518869988672,-0.10142768044379091,1.1383211410825769,0.23946819734636882,-0.09770017981282209,23.610000610351562,-0.08735988231799396,59.39398193359375,0.01814821351653384,-1.0,1.0,0.021862251854858128,-0.0313455541219797,-0.06740718626372744,0.021862251854858128,-0.0313455541219797,-0.10907656996522685,需要歷史多來源事件回補,完整（官方）,0,False,2026-10-07 04:36:36.414590+00:00,7,SEC Company Facts（point-in-time filed_at）
HIST-20220909,2022-09-09,明顯下跌趨勢,20260724,市場技術與壓力基準,299.37139892578125,0.021862251854858128,-0.05242531371778725,0.00173024259461374,-0.08053960416305439,1.1361609960204648,0.25618946441041235,-0.07797387389529686,22.790000915527344,-0.10837240251534219,59.62996292114258,0.019500087688696155,-0.3333333333333333,1.0,0.01188566293183091,-0.057865897803034194,-0.12213498294868741,0.01188566293183091,-0.057865897803034194,-0.1281374486457525,需要歷史多來源事件回補,完整（官方）,0,False,2026-10-07 04:36:36.414590+00:00,7,SEC Company Facts（point-in-time filed_at）
HIST-20220914,2022-09-14,明顯下跌趨勢,20260724,市場技術與壓力基準,288.5893859863281,0.007933219833113458,-0.10909473576710915,-0.0375561553822189,-0.10990046156727906,1.0478744249970586,0.30944366009853713,-0.11118111298976807,26.15999984741211,0.06168833179444966,58.53662872314453,-0.010109062637766897,-1.0,-1.0,-0.016653735521726443,-0.04040301604283281,-0.11113058038298962,-0.016653735521726443,-0.04040301604283281,-0.11113058038298962,需要歷史多來源事件回補,完整（官方）,0,False,2026-10-07 04:36:36.414590+00:00,7,SEC Company Facts（point-in-time filed_at）
HIST-20220915,2022-09-15,明顯下跌趨勢,20260724,市場技術與壓力基準,283.7832946777344,-0.016653735521726443,-0.11382380810205561,-0.05372596319745471,-0.12331602343657366,1.225784779311191,0.3113100576069858,-0.12598326766075185,26.270000457763672,0.11266411599523041,58.166934967041016,-0.020659449435881383,-1.0,-1.0,-0.006114843825864913,-0.03616158750645637,-0.07487785529020241,-0.006114843825864913,-0.03616158750645637,-0.09607688387507018,需要歷史多來源事件回補,完整（官方）,0,False,2026-10-07 04:36:36.414590+00:00,7,SEC Company Facts（point-in-time filed_at）
HIST-20220919,2022-09-19,明顯下跌趨勢,20260724,市場技術與壓力基準,284.2444763183594,0.0077875827364393135,-0.09690522992010231,-0.0516062856644377,-0.11928410343427764,0.9529271505306964,0.3094641478577804,-0.12456288641170177,25.760000228881836,0.07917885727687035,58.583839416503906,-0.02051525786427788,-1.0,-1.0,-0.007971120845193913,-0.05730985085767071,-0.07455785155510619,-0.007971120845193913,-0.05730985085767071,-0.1041401321412655,需要歷史多來源事件回補,完整（官方）,0,False,2026-10-07 04:36:36.414590+00:00,7,SEC Company Facts（point-in-time filed_at）
HIST-20220921,2022-09-21,明顯下跌趨勢,20260724,市場技術與壓力基準,276.92950439453125,-0.01790640331978377,-0.09560800463955033,-0.075895076671598,-0.1393976894001877,1.4449638833079848,0.3030290344404257,-0.14709207674081526,27.989999771118164,0.06995412593196515,57.812984466552734,-0.012362246893553697,-1.0,-1.0,-0.012307334921239144,-0.012765986520800299,-0.04609228175974989,-0.012307334921239144,-0.03240910223963478,-0.080476384952613,需要歷史多來源事件回補,完整（官方）,0,False,2026-10-07 04:36:36.414590+00:00,7,SEC Company Facts（point-in-time filed_at）
HIST-20220922,2022-09-22,明顯下跌趨勢,20260724,市場技術與壓力基準,273.521240234375,-0.012307334921239144,-0.10931916471368164,-0.08696677099584049,-0.14864927088247715,1.0704264318169452,0.302688774801403,-0.15758910020934458,27.350000381469727,0.04111153044867488,57.46689987182617,-0.01203493179779036,-1.0,-1.0,-0.016281509323483934,-0.029278533449131228,-0.03913343949129866,-0.016281509323483934,-0.029278533449131228,-0.0690184836251041,需要歷史多來源事件回補,完整（官方）,0,False,2026-10-07 04:36:36.414590+00:00,7,SEC Company Facts（point-in-time filed_at）
HIST-20220923,2022-09-23,明顯下跌趨勢,20260724,市場技術與壓力基準,269.0679016113281,-0.016281509323483934,-0.13904425972674606,-0.10120847857089432,-0.1609822019120254,1.2373516627049412,0.2918610548822172,-0.17130482112849066,29.920000076293945,0.13764262145423523,56.735382080078125,-0.027897669654858404,-1.0,-1.0,-0.004138114696040529,-0.029944820222536084,-0.00032698875342429545,-0.004138114696040529,-0.029944820222536084,-0.05360982313685314,需要歷史多來源事件回補,完整（官方）,0,False,2026-10-07 04:36:36.414590+00:00,7,SEC Company Facts（point-in-time filed_at）
HIST-20220929,2022-09-29,高波動／壓力,20260724,市場技術與壓力基準,265.512939453125,-0.02882755328912545,-0.08992356378354516,-0.10844036786372102,-0.1660597184167809,1.2567211471232287,0.29097922591637365,-0.182253655916778,31.84000015258789,0.16416817946957862,56.41289138793945,-0.01834114048674229,-1.0,-1.0,-0.016956717034116386,0.02902120471779912,0.0036782521302645144,-0.016956717034116386,-0.016956717034116386,-0.04093857151132696,需要歷史多來源事件回補,完整（官方）,0,False,2026-10-07 04:36:36.414590+00:00,7,SEC Company Facts（point-in-time filed_at）
HIST-20221007,2022-10-07,明顯下跌趨勢,20260724,市場技術與壓力基準,262.80767822265625,-0.03810418659055215,-0.12213498294868741,-0.10795233365127332,-0.16611984067956975,1.0658982745909202,0.3294218797135988,-0.19058551908533916,31.360000610351562,-0.008222650916543728,57.00782775878906,0.015217329425702308,-1.0,1.0,-0.009996188897825053,-0.031066288792363728,-0.016425130421676037,-0.009996188897825053,-0.031066288792363728,-0.031995259462669456,需要歷史多來源事件回補,完整（官方）,0,False,2026-10-07 04:36:36.414590+00:00,7,SEC Company Facts（point-in-time filed_at）
HIST-20221011,2022-10-11,高波動／壓力,20260724,市場技術與壓力基準,256.606201171875,-0.013738156549253255,-0.10377190868494113,-0.12316320197784592,-0.1825316453252176,0.9926414932873501,0.271199946162406,-0.20968528573564837,33.630001068115234,0.15686279398561198,56.486114501953125,-0.02801937174489788,-1.0,-1.0,-0.00034263062301931324,0.033225656219108446,0.025842031703263046,-0.00034263062301931324,-0.007649784645771596,-0.008601206021736196,需要歷史多來源事件回補,完整（官方）,0,False,2026-10-07 04:36:36.414590+00:00,7,SEC Company Facts（point-in-time filed_at）
HIST-20221018,2022-10-18,明顯下跌趨勢,20260724,市場技術與壓力基準,265.1321105957031,0.007908296384947944,-0.05974428885919392,-0.07751980254214519,-0.14658366333420914,0.9888357957396072,0.326789876580443,-0.18342656073459807,30.5,-0.09307169101111934,57.624359130859375,0.020150874935235485,-1.0,1.0,-0.0036469326296992843,0.046890778143128475,0.06597156557394124,-0.0036469326296992843,-0.008730354314399391,-0.04048182697466307,需要歷史多來源事件回補,完整（官方）,0,False,2026-10-07 04:36:36.414590+00:00,7,SEC Company Facts（point-in-time filed_at）
HIST-20221020,2022-10-20,明顯下跌趨勢,20260724,市場技術與壓力基準,262.8174133300781,-0.005102028438690787,-0.03913343949129866,-0.07917430942812598,-0.15063522859051193,0.8787164538570376,0.3199728060358771,-0.1905555361831126,29.979999542236328,-0.061365089513111926,56.7548828125,0.0008366343177481639,-1.0,1.0,0.023447860723657676,0.01397224640359429,0.058340564521532245,0.023447860723657676,0.01397224640359429,-0.03203111564896477,需要歷史多來源事件回補,完整（官方）,0,False,2026-10-07 04:36:36.414590+00:00,7,SEC Company Facts（point-in-time filed_at）
HIST-20221025,2022-10-25,明顯下跌趨勢,20260724,市場技術與壓力基準,277.5643615722656,0.020685674770710705,0.03544879854533067,-0.017577136437411545,-0.09864638687493144,0.8649896098499575,0.33623638616485557,-0.14513679675643276,28.459999084472656,-0.06688527591892934,57.89311218261719,0.004663879231133761,-0.3333333333333333,1.0,-0.02209620010667135,-0.03201854510755031,0.006122220781906718,-0.02209620010667135,-0.03989992995228597,-0.08345914105076413,需要歷史多來源事件回補,完整（官方）,0,False,2026-10-07 04:36:36.414590+00:00,7,SEC Company Facts（point-in-time filed_at）
HIST-20221026,2022-10-26,明顯下跌趨勢,20260724,市場技術與壓力基準,271.4312438964844,-0.02209620010667135,-0.007180042555842037,-0.03570142028154277,-0.11715870382871374,0.9417765574584356,0.33954753771816315,-0.16402602515913256,27.280000686645508,-0.1131339244584535,58.05121994018555,0.017174646436775687,-1.0,1.0,-0.01820601356448015,-0.044076296856208064,0.039182578335080986,-0.01820601356448015,-0.044076296856208064,-0.06274946569466888,需要歷史多來源事件回補,完整（官方）,0,False,2026-10-07 04:36:36.414590+00:00,7,SEC Company Facts（point-in-time filed_at）
HIST-20221028,2022-10-28,強勢反彈／轉折,20260724,市場技術與壓力基準,274.64434814453125,0.030600767492753977,0.05223401134529171,-0.017296809013782277,-0.10364342146858896,0.9571901209029026,0.33948256775381364,-0.15413006958947018,25.75,-0.13270462994899623,58.92862319946289,0.028417690654869876,-0.3333333333333333,1.0,-0.011628031014008888,-0.05881541135519508,0.005298378384865243,-0.011628031014008888,-0.07371449626458937,-0.07371449626458937,需要歷史多來源事件回補,完整（官方）,0,False,2026-10-07 04:36:36.414590+00:00,7,SEC Company Facts（point-in-time filed_at）
HIST-20221031,2022-10-31,明顯下跌趨勢,20260724,市場技術與壓力基準,271.4507751464844,-0.011628031014008888,0.01615911256029201,-0.02570514320245454,-0.11268265171774294,0.7370199459438431,0.33391626964387056,-0.16396587137410135,25.8799991607666,-0.132998364153041,58.04331970214844,0.012269075012068198,-0.3333333333333333,1.0,-0.010217766384980842,-0.03727293587032299,0.009426189100067317,-0.010217766384980842,-0.06281690213683144,-0.06281690213683144,需要歷史多來源事件回補,完整（官方）,0,False,2026-10-07 04:36:36.414590+00:00,7,SEC Company Facts（point-in-time filed_at）
HIST-20221102,2022-11-02,明顯下跌趨勢,20260724,市場技術與壓力基準,259.4675598144531,-0.03427755047612946,-0.05780593373172871,-0.06303073426893702,-0.14905446465707817,1.2288957291680622,0.33705655282451025,-0.20087266223828282,25.860000610351562,-0.05205278741026875,57.86079406738281,-0.003280307855699549,-1.0,0.0,-0.019534162378283426,-0.008882372430866092,0.10554121487849133,-0.019534162378283426,-0.019534162378283426,-0.019534162378283426,需要歷史多來源事件回補,完整（官方）,0,False,2026-10-07 04:36:36.414590+00:00,7,SEC Company Facts（point-in-time filed_at）
HIST-20221103,2022-11-03,明顯下跌趨勢,20260724,市場技術與壓力基準,254.39907836914062,-0.019534162378283426,-0.06888029271664287,-0.07782417929085572,-0.16428267338567637,1.064965675072866,0.3419102220620789,-0.21648294541504565,25.299999237060547,-0.07630522815483409,57.44821548461914,-0.01761119720771709,-1.0,0.0,0.016084765279507307,0.08545420673262916,0.12307565519762176,0.016084765279507307,0.010864009268548358,0.010864009268548358,需要歷史多來源事件回補,完整（官方）,0,False,2026-10-07 04:36:36.414590+00:00,7,SEC Company Facts（point-in-time filed_at）
HIST-20221104,2022-11-04,明顯下跌趨勢,20260724,市場技術與壓力基準,258.49102783203125,0.016084765279507307,-0.016425130421676037,-0.05930632979459338,-0.14954086799805677,1.1845128139507553,0.32238592822635237,-0.20388025749955563,24.549999237060547,-0.04660197137628941,57.84492111206055,-0.018390079872292353,-1.0,0.0,0.010994501450609206,0.08795530324191758,0.08674636379585254,0.010994501450609206,-0.005138110706268573,-0.005138110706268573,需要歷史多來源事件回補,完整（官方）,0,False,2026-10-07 04:36:36.414590+00:00,7,SEC Company Facts（point-in-time filed_at）
HIST-20221107,2022-11-07,明顯下跌趨勢,20260724,市場技術與壓力基準,261.3330078125,0.010994501450609206,0.004429249420392578,-0.04629980906662379,-0.13905126439557203,0.7230805494115532,0.32290917987714735,-0.19512731783577586,24.350000381469727,-0.05911896556844998,57.83700942993164,-0.0035544188939482524,-0.3333333333333333,0.0,0.007287326469983757,0.06670640963360186,0.052655149380616884,0.007287326469983757,-0.015957171016984018,-0.015957171016984018,需要歷史多來源事件回補,完整（官方）,0,False,2026-10-07 04:36:36.414590+00:00,7,SEC Company Facts（point-in-time filed_at）
HIST-20221108,2022-11-08,明顯下跌趨勢,20260724,市場技術與壓力基準,263.2374267578125,0.007287326469983757,0.025842031703263046,-0.03699376139541566,-0.13163154069474792,0.9681132230787932,0.31928891204050225,-0.1873588543801623,25.540000915527344,-0.010461005656792643,57.781455993652344,-0.010463228965406857,-0.3333333333333333,0.0,-0.02307633271673093,0.07364402735804032,0.04077331584773236,-0.02307633271673093,-0.02307633271673093,-0.02307633271673093,需要歷史多來源事件回補,完整（官方）,0,False,2026-10-07 04:36:36.414590+00:00,7,SEC Company Facts（point-in-time filed_at）
HIST-20221109,2022-11-09,明顯下跌趨勢,20260724,市場技術與壓力基準,257.1628723144531,-0.02307633271673093,0.002512851267685967,-0.056711713546624076,-0.15057450506901326,0.9826106571477006,0.33098295672167755,-0.19887862003544754,26.09000015258789,0.00889402694539232,57.09113693237305,-0.013301876467741613,-0.3333333333333333,-1.0,0.07378855788728056,0.08400404760432689,0.07796575010920637,0.07378855788728056,0.07378855788728056,0.06535786848323899,需要歷史多來源事件回補,完整（官方）,0,False,2026-10-07 04:36:36.414590+00:00,7,SEC Company Facts（point-in-time filed_at）
HIST-20221110,2022-11-10,強勢反彈／轉折,20260724,市場技術與壓力基準,276.1385498046875,0.07378855788728056,0.051819302288194535,0.014053385694042353,-0.0870113394836941,1.5193569076706654,0.41514547062003815,-0.13976502871519503,23.530000686645508,-0.06996041912215822,58.86855697631836,0.024723857472639832,0.3333333333333333,1.0,0.018426021173877594,0.007285399979753526,-0.0025112427374767154,0.018426021173877594,0.007285399979753526,-0.007851349636868288,需要歷史多來源事件回補,完整（官方）,0,False,2026-10-07 04:36:36.414590+00:00,7,SEC Company Facts（point-in-time filed_at）
HIST-20221111,2022-11-11,強勢反彈／轉折,20260724,市場技術與壓力基準,281.2266845703125,0.018426021173877594,0.104394947885039,0.033546628790143584,-0.06941552181085475,1.0331383008062691,0.3995545659605966,-0.10649328587866014,22.520000457763672,-0.08268834388525759,59.07484436035156,0.021262424161809124,0.3333333333333333,1.0,-0.008751268008762914,-0.010904224265119167,-0.008265008080096892,-0.008751268008762914,-0.010939057881968473,-0.025801943650710646,需要歷史多來源事件回補,完整（官方）,0,False,2026-10-07 04:36:36.414590+00:00,7,SEC Company Facts（point-in-time filed_at）
HIST-20221114,2022-11-14,強勢反彈／轉折,20260724,市場技術與壓力基準,278.7655944824219,-0.008751268008762914,0.0597364264714173,0.02517886945641834,-0.07659511233596294,0.8592225432028144,0.38843699623215244,-0.10801386072792452,23.729999542236328,-0.02546204638687466,58.6384162902832,0.013856298384902654,0.3333333333333333,1.0,0.013838495888869096,-0.012436572146470537,0.01124571423066456,0.013838495888869096,-0.012436572146470537,-0.017201208023435277,需要歷史多來源事件回補,完整（官方）,0,False,2026-10-07 04:36:36.414590+00:00,7,SEC Company Facts（point-in-time filed_at）
HIST-20221116,2022-11-16,強勢反彈／轉折,20260724,市場技術與壓力基準,278.7655944824219,-0.013649605874095694,0.055269972326082106,0.026367915023763233,-0.07434711393103788,0.759315975655478,0.39398152917902335,-0.10801386072792452,24.110000610351562,-0.07589112804355158,59.0272216796875,0.033912177114423736,0.3333333333333333,1.0,-0.0022071048391767434,0.011841581084473196,-0.02995350311798306,-0.0022071048391767434,-0.012436572146470537,-0.02995350311798306,需要歷史多來源事件回補,完整（官方）,0,False,2026-10-07 04:36:36.414590+00:00,7,SEC Company Facts（point-in-time filed_at）
HIST-20221117,2022-11-17,強勢反彈／轉折,20260724,市場技術與壓力基準,278.15032958984375,-0.0022071048391767434,0.058340564521532245,0.025221142219339576,-0.07516257447958197,0.8653789817764734,0.3933272742834194,-0.10998256765239045,23.93000030517578,0.01699955830249067,58.77329635620117,-0.0016181918669334605,0.3333333333333333,-1.0,3.521887819646352e-05,0.007408472060238536,-0.037077359747126226,3.521887819646352e-05,-0.010252094755239805,-0.037077359747126226,需要歷史多來源事件回補,完整（官方）,0,False,2026-10-07 04:36:36.414590+00:00,7,SEC Company Facts（point-in-time filed_at）
HIST-20221122,2022-11-22,高波動／壓力,20260724,市場技術與壓力基準,279.263671875,0.014402413571551254,0.006122220781906718,0.033583664335350205,-0.06830281257375392,0.6884418244019083,0.38313402006321395,-0.07812360536017193,21.290000915527344,-0.1324368328749168,59.30496597290039,0.002549056669112648,0.3333333333333333,1.0,0.010036923095752659,0.02591370127917303,-0.041424286453634385,0.010036923095752659,-0.01881429960205061,-0.055130679871033594,需要歷史多來源事件回補,完整（官方）,0,False,2026-10-07 04:36:36.414590+00:00,7,SEC Company Facts（point-in-time filed_at）
HIST-20221125,2022-11-25,強勢反彈／轉折,20260724,市場技術與壓力基準,280.21099853515625,-0.006578663362314163,0.05148957952802968,0.03786537056744832,-0.06290536441348138,0.26788928125704076,0.36863400271012703,-0.07499638841803447,20.5,-0.1433347372099244,59.51921081542969,0.012691383765644604,0.3333333333333333,1.0,-0.014672802760719583,0.01962240281317018,-0.06594151963732342,-0.014672802760719583,-0.022131454807985285,-0.06803726091418016,需要歷史多來源事件回補,完整（官方）,0,False,2026-10-07 04:36:36.414590+00:00,7,SEC Company Facts（point-in-time filed_at）
HIST-20221130,2022-11-30,強勢反彈／轉折,20260724,市場技術與壓力基準,286.50042724609375,0.04558566320634605,0.0663371351223585,0.06207810206242703,-0.03887194767374247,1.2995956314596062,0.3876330549043828,-0.05423437585315438,20.579999923706055,-0.03334903528836708,60.03495407104492,0.012309055172177397,0.3333333333333333,1.0,0.0012274119662387672,-0.04373444697650608,-0.08958999561783143,0.0012274119662387672,-0.04373444697650608,-0.11125328955567537,需要歷史多來源事件回補,完整（官方）,0,False,2026-10-07 04:36:36.414590+00:00,7,SEC Company Facts（point-in-time filed_at）
HIST-20221201,2022-12-01,強勢反彈／轉折,20260724,市場技術與壓力基準,286.8520812988281,0.0012274119662387672,0.10554121487849133,0.06259998181875903,-0.03673520079641268,0.9191652971337392,0.3613437858356549,-0.05307353180881924,19.84000015258789,-0.02506143583890208,60.25726318359375,0.010379880058614122,0.3333333333333333,1.0,-0.0039834805191599765,-0.033603774811376996,-0.09125205634428557,-0.0039834805191599765,-0.04490673987286009,-0.11234281061184825,需要歷史多來源事件回補,完整（官方）,0,False,2026-10-07 04:36:36.414590+00:00,7,SEC Company Facts（point-in-time filed_at）
HIST-20221202,2022-12-02,強勢反彈／轉折,20260724,市場技術與壓力基準,285.70941162109375,-0.0039834805191599765,0.12307565519762176,0.05741230845381229,-0.03960018049303249,0.9696953025791667,0.3512619174199277,-0.05684559494793584,19.059999465942383,-0.07024392849061545,60.209468841552734,0.011597230821214222,0.3333333333333333,1.0,-0.01678358099431687,-0.03592570747285395,-0.0937851082115323,-0.01678358099431687,-0.041086928332303985,-0.108792703708538,需要歷史多來源事件回補,完整（官方）,0,False,2026-10-07 04:36:36.414590+00:00,7,SEC Company Facts（point-in-time filed_at）
HIST-20221205,2022-12-05,強勢反彈／轉折,20260724,市場技術與壓力基準,280.9141845703125,-0.01678358099431687,0.08674636379585254,0.03875429777019246,-0.054848736491131644,0.776582541462363,0.3581131183360723,-0.07267510329527382,20.75,-0.0657361163735195,59.635738372802734,0.012623044041260245,0.3333333333333333,1.0,-0.020720378368442538,-0.007161763025209322,-0.07392518149926408,-0.020720378368442538,-0.024718207373474188,-0.09357972561856631,需要歷史多來源事件回補,完整（官方）,0,False,2026-10-07 04:36:36.414590+00:00,7,SEC Company Facts（point-in-time filed_at）
HIST-20221219,2022-12-19,明顯下跌趨勢,20260724,市場技術與壓力基準,264.0732116699219,-0.014053452570053304,-0.050643182682664656,-0.027450168750354775,-0.10291677477485961,0.8977910687799198,0.26653562590338603,-0.07940981123708968,22.420000076293945,-0.10319999694824222,59.45277404785156,-0.009552602163400814,-1.0,0.0,-0.0007783291889855715,-0.022873170709721835,0.020018488062903295,-0.0007783291889855715,-0.022873170709721835,-0.035773789224295305,需要歷史多來源事件回補,完整（官方）,0,False,2026-10-07 04:36:36.414590+00:00,7,SEC Company Facts（point-in-time filed_at）
HIST-20221220,2022-12-20,明顯下跌趨勢,20260724,市場技術與壓力基準,263.86767578125,-0.0007783291889855715,-0.041522281151465945,-0.02847098139406934,-0.10282517757681464,1.026514605170647,0.26496572382067685,-0.08012633345209763,21.479999542236328,-0.04745009893684127,59.300594329833984,-0.022212433699461576,-1.0,0.0,0.014506126006428532,-0.0350227192399718,0.04874944716978691,0.014506126006428532,-0.0350227192399718,-0.0350227192399718,需要歷史多來源事件回補,完整（官方）,0,False,2026-10-07 04:36:36.414590+00:00,7,SEC Company Facts（point-in-time filed_at）
HIST-20221223,2022-12-23,明顯下跌趨勢,20260724,市場技術與壓力基準,261.73345947265625,0.002248739342210815,-0.06594151963732342,-0.03738624791921674,-0.10748525682146892,0.7592367447013032,0.2730581291874702,-0.08756646182394112,20.8700008392334,-0.0773651607017053,59.58897399902344,-0.0028148126018114894,-1.0,0.0,-0.014138197923111107,-0.010771782649342754,0.0761893979372894,-0.014138197923111107,-0.027154140823708373,-0.027154140823708373,需要歷史多來源事件回補,完整（官方）,0,False,2026-10-07 04:36:36.414590+00:00,7,SEC Company Facts（point-in-time filed_at）
HIST-20221229,2022-12-29,明顯下跌趨勢,20260724,市場技術與壓力基準,260.8328552246094,0.024375104496323186,-0.08958999561783143,-0.04003936932418961,-0.10797310051455922,0.9005990505695072,0.23127743338767023,-0.09070607386359952,21.440000534057617,0.06826112905157156,58.93210220336914,-0.014599634739638434,-1.0,-1.0,-0.0006004466377620421,0.00885740691058845,0.0894385859037079,-0.0006004466377620421,-0.018240731131531907,-0.018240731131531907,需要歷史多來源事件回補,完整（官方）,0,False,2026-10-07 04:36:36.414590+00:00,7,SEC Company Facts（point-in-time filed_at）
HIST-20221230,2022-12-30,明顯下跌趨勢,20260724,市場技術與壓力基準,260.6762390136719,-0.0006004466377620421,-0.09125205634428557,-0.04036932928415937,-0.10743966556285411,0.7530315555474224,0.23075903169078524,-0.09125205634428557,21.670000076293945,-0.013654949769533742,58.980167388916016,-0.0076819893986197485,-1.0,0.0,-0.006759785568423826,0.015998194299845725,0.10642918931157563,-0.006759785568423826,-0.017650882907064847,-0.017650882907064847,需要歷史多來源事件回補,完整（官方）,0,False,2026-10-07 04:36:36.414590+00:00,7,SEC Company Facts（point-in-time filed_at）
HIST-20230104,2023-01-04,明顯下跌趨勢,20260724,市場技術與壓力基準,260.1475524902344,0.004763853505699744,-0.07392518149926408,-0.041416746514541525,-0.10684557967436414,0.9546060914810598,0.22869845809226053,-0.09309511957409966,22.010000228881836,0.016628204004375036,59.773197174072266,0.013583239338597064,-1.0,0.0,-0.015654497645907095,0.04444217647572901,0.17302650062789504,-0.015654497645907095,-0.015654497645907095,-0.015654497645907095,需要歷史多來源事件回補,完整（官方）,0,False,2026-10-07 04:36:36.414590+00:00,7,SEC Company Facts（point-in-time filed_at）
HIST-20230105,2023-01-05,明顯下跌趨勢,20260724,市場技術與壓力基準,256.0750732421875,-0.015654497645907095,-0.06913453287650184,-0.055318452653661754,-0.1195495529040973,0.9152796685075744,0.22437395881865785,-0.10729225988978852,22.459999084472656,0.014453464482651945,59.65304946899414,0.025334017165211664,-1.0,0.0,0.02760161161844943,0.06678661166850275,0.170502610633116,0.02760161161844943,0.02760161161844943,0.02760161161844943,需要歷史多來源事件回補,完整（官方）,0,False,2026-10-07 04:36:36.414590+00:00,7,SEC Company Facts（point-in-time filed_at）
HIST-20230106,2023-01-06,明顯下跌趨勢,20260724,市場技術與壓力基準,263.1431579589844,0.02760161161844943,-0.03952006496265925,-0.028209715563833004,-0.09393652858346258,1.0920802965136154,0.24997298473921073,-0.08265208755848275,21.1299991607666,-0.014459018916467614,60.50214385986328,0.0266415348815503,-1.0,1.0,0.006473397176630202,0.04527550905026567,0.12942723690734015,0.006473397176630202,0.006473397176630202,0.006473397176630202,需要歷史多來源事件回補,完整（官方）,0,False,2026-10-07 04:36:36.414590+00:00,7,SEC Company Facts（point-in-time filed_at）
HIST-20230111,2023-01-11,正常／溫和上漲,20260724,市場技術與壓力基準,271.7090759277344,0.017300138609062543,-0.02579134949369044,0.004085909304142987,-0.060588541508813654,0.8817821373749232,0.25309537421234585,-0.05279029283151171,21.09000015258789,-0.04179918522157522,61.046852111816406,0.021308128023250772,-0.3333333333333333,1.0,0.00540425005697287,-0.008647181969330009,0.08693905887022679,0.00540425005697287,-0.008647181969330009,-0.008647181969330009,需要歷史多來源事件回補,完整（官方）,0,False,2026-10-07 04:36:36.414590+00:00,7,SEC Company Facts（point-in-time filed_at）
HIST-20230118,2023-01-18,橫盤／低波動,20260724,市場技術與壓力基準,272.03204345703125,-0.013000044068696703,0.015661726309524004,0.0021768505859107723,-0.0540712767648891,1.0442183144318473,0.22163104155600377,-0.05166439014384594,20.34000015258789,-0.01166179650184107,61.255088806152344,0.010037630342038195,0.3333333333333333,1.0,-0.00982415643980794,0.03544703995290077,0.11235080400980668,-0.00982415643980794,-0.00982415643980794,-0.00982415643980794,需要歷史多來源事件回補,完整（官方）,0,False,2026-10-07 04:36:36.414590+00:00,7,SEC Company Facts（point-in-time filed_at）
HIST-20230227,2023-02-27,橫盤／低波動,20260724,市場技術與壓力基準,287.75408935546875,0.007161120019978373,-0.007831074475440736,0.029851371660470694,0.01626161707024787,0.8578362496614265,0.26692837027572774,-0.057038554597128144,20.950000762939453,0.04645356063491657,60.1030158996582,0.0014754234135305744,0.3333333333333333,0.0,-0.0012929088019398849,0.020684419743675075,0.052044696401341906,-0.0012929088019398849,-0.00932164868726959,-0.01833711841373209,需要歷史多來源事件回補,完整（官方）,0,False,2026-10-07 04:36:36.414590+00:00,7,SEC Company Facts（point-in-time filed_at）
HIST-20230228,2023-02-28,橫盤／低波動,20260724,市場技術與壓力基準,287.3820495605469,-0.0012929088019398849,0.011333956225701769,0.027962760257717267,0.014886334696822656,0.8455321344222073,0.256405177202354,-0.05825771774977939,20.700000762939453,-0.09488412753231379,59.99030303955078,0.015256578580827851,1.0,1.0,-0.008039133752117844,0.009470066428195478,0.047811522538915296,-0.008039133752117844,-0.008039133752117844,-0.017066274748631094,需要歷史多來源事件回補,完整（官方）,0,False,2026-10-07 04:36:36.414590+00:00,7,SEC Company Facts（point-in-time filed_at）
HIST-20230302,2023-03-02,正常／溫和上漲,20260724,市場技術與壓力基準,287.4310607910156,0.00827621113320065,-0.02429225626966025,0.025625049457050464,0.01514134796615596,0.940812696411,0.24136842938519193,-0.05809710943026847,19.59000015258789,-0.07332068504313816,59.893131256103516,-0.0028242449885814702,0.3333333333333333,0.0,0.0206737965041508,-0.003235639150479863,0.07683228219742322,0.0206737965041508,-0.003235639150479863,-0.017233879429945698,需要歷史多來源事件回補,完整（官方）,0,False,2026-10-07 04:36:36.414590+00:00,7,SEC Company Facts（point-in-time filed_at）
HIST-20230310,2023-03-10,高波動／壓力,20260724,市場技術與壓力基準,282.4775085449219,-0.014043680562109362,-0.04352299524676684,-0.0035116003753190572,-0.0026696965612852397,1.6862841044664374,0.19705346600089324,-0.07432975028106459,24.799999237060547,0.34126552428620127,59.472049713134766,-0.0171307242581753,-1.0,-1.0,0.007416740067736072,0.05825680733923555,0.10331730339686063,0.007416740067736072,0.007416740067736072,0.007416740067736072,需要歷史多來源事件回補,完整（官方）,0,False,2026-10-07 04:36:36.414590+00:00,7,SEC Company Facts（point-in-time filed_at）
HIST-20230323,2023-03-23,正常／溫和上漲,20260724,市場技術與壓力基準,303.7008056640625,0.011857902022817335,0.04517727856668152,0.04702575751826443,0.07187614126924258,1.0757314912114313,0.2102379091976521,-0.004781647689350299,22.610000610351562,-0.016528889280111536,59.723079681396484,-0.0008133365235390988,1.0,0.0,0.0036804885371979346,0.01914462982486964,0.02214704107894283,0.0036804885371979346,-0.008490536460822429,-0.008490536460822429,需要歷史多來源事件回補,完整（官方）,0,False,2026-10-07 04:36:36.414590+00:00,7,SEC Company Facts（point-in-time filed_at）
HIST-20230406,2023-04-06,正常／溫和上漲,20260724,市場技術與壓力基準,311.83868408203125,0.006741938344220211,0.08843823637371107,0.05135839235475381,0.09484692291501351,0.7054542583964079,0.18722304043762897,-0.00897422543333426,18.399999618530273,-0.0325973093749492,60.88136291503906,0.005891514847151891,1.0,1.0,-0.0005655522967059623,0.0016351987066378637,0.015217848709133452,-0.0005655522967059623,-0.01575208473400247,-0.025341714350583744,需要歷史多來源事件回補,完整（官方）,0,False,2026-10-07 04:36:36.414590+00:00,7,SEC Company Facts（point-in-time filed_at）
HIST-20230410,2023-04-10,正常／溫和上漲,20260724,市場技術與壓力基準,311.6623229980469,-0.0005655522967059623,0.10331730339686063,0.04903108706156867,0.09349738236959282,0.7070810244886494,0.1754388859678102,-0.009534702336235323,18.969999313354492,0.014438424566812547,60.824459075927734,-0.005823546158581938,1.0,-1.0,-0.0064178871664876125,0.0030514413098157167,0.01830933328998796,-0.0064178871664876125,-0.015195126075747356,-0.024790182198355715,需要歷史多來源事件回補,完整（官方）,0,False,2026-10-07 04:36:36.414590+00:00,7,SEC Company Facts（point-in-time filed_at）
HIST-20230512,2023-05-12,正常／溫和上漲,20260724,市場技術與壓力基準,318.6824951171875,-0.003586676064726735,0.02027828130405762,0.04011221168857859,0.10505974172997345,0.9564851095747057,0.1626417960403029,-0.003586676064726735,17.030000686645508,-0.009307727890706552,60.802734375,-0.004547994134859956,1.0,0.0,0.00541455815359182,0.03531969278113811,0.10909747660254343,0.00541455815359182,0.00541455815359182,0.00541455815359182,需要歷史多來源事件回補,完整（官方）,0,False,2026-10-07 04:36:36.414590+00:00,7,SEC Company Facts（point-in-time filed_at）
HIST-20230615,2023-06-15,正常／溫和上漲,20260724,市場技術與壓力基準,363.0291442871094,0.011915877117915974,0.11820502347896666,0.11601678505807467,0.24490013523955811,1.2350675874099801,0.17808751258331473,0.0,14.5,0.062271091957821545,61.66841506958008,0.005622989656630217,1.0,0.0,-0.006292925559311602,-0.01950715293938443,0.0347723668113431,-0.006292925559311602,-0.021237940745001183,-0.03265110305463159,需要歷史多來源事件回補,完整（官方）,0,False,2026-10-07 04:36:36.414590+00:00,6,SEC Company Facts（point-in-time filed_at）
HIST-20230807,2023-08-07,高波動／壓力,20260724,市場技術與壓力基準,368.36749267578125,0.008466810656976076,0.02410223556733948,0.021951904019265278,0.19876248754270098,0.7183704530827418,0.1675348238914256,-0.027350099108926162,15.770000457763672,0.15700662695192746,62.022979736328125,-0.004683979956006112,1.0,-1.0,-0.00850259629418959,-0.012900199541599489,0.007676129883802618,-0.00850259629418959,-0.023854607525384264,-0.045470316219502704,需要歷史多來源事件回補,完整（官方）,0,False,2026-10-07 04:36:36.414590+00:00,6,SEC Company Facts（point-in-time filed_at）
HIST-20230814,2023-08-14,正常／溫和上漲,20260724,市場技術與壓力基準,363.615478515625,0.011222106940457222,-0.032043038391366796,0.002793733156753353,0.17439209515477394,0.8008839400916732,0.1587887173264128,-0.03989747691453793,14.819999694824219,-0.060241010485942104,62.047847747802734,0.0004009483514066936,0.3333333333333333,1.0,-0.01061179264507317,-0.017416100375393873,0.0065882766460159115,-0.01061179264507317,-0.03299576867787635,-0.03299576867787635,需要歷史多來源事件回補,完整（官方）,0,False,2026-10-07 04:36:36.414590+00:00,6,SEC Company Facts（point-in-time filed_at）
HIST-20230815,2023-08-15,明顯下跌趨勢,20260724,市場技術與壓力基準,359.7568664550781,-0.01061179264507317,-0.05008588580753248,-0.008505755521650116,0.1602747267092577,0.8737631973740231,0.1574746813845383,-0.05008588580753248,16.459999084472656,0.029393328335340252,61.848838806152344,-0.004936192944390738,-0.3333333333333333,-1.0,-0.010588782486815718,-0.008296381401114772,0.02126001812103029,-0.010588782486815718,-0.022624057843427803,-0.022624057843427803,需要歷史多來源事件回補,完整（官方）,0,False,2026-10-07 04:36:36.414590+00:00,6,SEC Company Facts（point-in-time filed_at）
HIST-20230816,2023-08-16,明顯下跌趨勢,20260724,市場技術與壓力基準,355.9474792480469,-0.010588782486815718,-0.059924869345877485,-0.019435696127517388,0.14633514749997478,1.0214377979705669,0.15975482743001942,-0.0601443197438728,16.780000686645508,0.051378486625225595,61.658077239990234,-0.008137505482206153,-0.3333333333333333,-1.0,-0.010922961152849853,0.018122142680955022,0.040630119789737185,-0.010922961152849853,-0.012164078134126899,-0.012164078134126899,需要歷史多來源事件回補,完整（官方）,0,False,2026-10-07 04:36:36.414590+00:00,6,SEC Company Facts（point-in-time filed_at）
HIST-20230817,2023-08-17,正常／溫和上漲,20260724,市場技術與壓力基準,352.0594787597656,-0.010922961152849853,-0.04825357277656661,-0.03036802405418637,0.13240213884885454,1.2130905962386118,0.14469113298644176,-0.07041032682859572,17.889999389648438,0.12870655893255867,61.40098190307617,-0.012010142918761124,-0.3333333333333333,-1.0,-0.0012548233681813903,0.0073624221315613525,0.034106820349878664,-0.0012548233681813903,-0.0012548233681813903,-0.0012548233681813903,需要歷史多來源事件回補,完整（官方）,0,False,2026-10-07 04:36:36.414590+00:00,6,SEC Company Facts（point-in-time filed_at）
HIST-20230825,2023-08-25,明顯下跌趨勢,20260724,市場技術與壓力基準,357.4006042480469,0.0077515957877056785,-0.05074581112202736,-0.017601122626628163,0.13920646531920067,1.3083523845047376,0.1704230803657817,-0.05630743968432761,15.680000305175781,-0.09364156088598885,61.873695373535156,0.007018413494843889,-0.3333333333333333,1.0,0.0075270872933610455,0.03727800399323633,-0.01068489133958872,0.0075270872933610455,0.0075270872933610455,-0.015499043957790226,需要歷史多來源事件回補,完整（官方）,0,False,2026-10-07 04:36:36.414590+00:00,6,SEC Company Facts（point-in-time filed_at）
HIST-20230926,2023-09-26,高波動／壓力,20260724,市場技術與壓力基準,348.2723388671875,-0.015016266377609333,-0.03282075316190447,-0.045031383992663376,0.07898396212349135,1.1682139016010833,0.1641559625038767,-0.08041001820858085,18.940000534057617,0.34231048865367475,61.30534362792969,-0.011818642707219218,-0.3333333333333333,-1.0,0.002343371840702213,0.002004698836016283,0.013890324975368351,0.002343371840702213,0.002004698836016283,0.0011011034869037317,需要歷史多來源事件回補,完整（官方）,0,False,2026-10-07 04:36:36.414590+00:00,6,SEC Company Facts（point-in-time filed_at）
HIST-20231002,2023-10-02,正常／溫和上漲,20260724,市場技術與壓力基準,355.2042236328125,0.008345665484824627,-0.041862870359981375,-0.021327550959821973,0.0954519899654962,1.0624129620509912,0.14674706562962134,-0.0621068368358213,17.610000610351562,0.042011893955476554,61.049293518066406,-0.00848896245298536,-0.3333333333333333,-1.0,-0.017549632573415685,0.014670859118031787,-0.033383273198152597,-0.017549632573415685,-0.017549632573415685,-0.04871834569200362,需要歷史多來源事件回補,完整（官方）,0,False,2026-10-07 04:36:36.414590+00:00,6,SEC Company Facts（point-in-time filed_at）
HIST-20231003,2023-10-03,明顯下跌趨勢,20260724,市場技術與壓力基準,348.97052001953125,-0.017549632573415685,-0.0598731169001363,-0.037419862530443604,0.07508069243741677,1.209593587074948,0.15593990015413928,-0.07856651724247132,19.780000686645508,0.04435058758722921,60.429508209228516,-0.01428644497968612,-0.3333333333333333,-1.0,0.013608841435633234,0.03851565001898538,-0.011411127841325919,0.013608841435633234,0.010621976296420144,-0.0317254837007499,需要歷史多來源事件回補,完整（官方）,0,False,2026-10-07 04:36:36.414590+00:00,6,SEC Company Facts（point-in-time filed_at）
HIST-20231012,2023-10-12,橫盤／低波動,20260724,市場技術與壓力基準,363.7288818359375,-0.0034749334649026853,-0.018036208853425828,0.008429341924473421,0.10927375850656595,0.9451947752665657,0.1678264925092198,-0.03444155968725371,16.690000534057617,-0.0973498788178565,60.98229217529297,0.003030774939486669,0.3333333333333333,1.0,-0.012570028798520094,-0.026924065675795306,0.0003783979887685973,-0.012570028798520094,-0.026924065675795306,-0.07101338840883897,需要歷史多來源事件回補,完整（官方）,0,False,2026-10-07 04:36:36.414590+00:00,6,SEC Company Facts（point-in-time filed_at）
HIST-20231013,2023-10-13,橫盤／低波動,20260724,市場技術與壓力基準,359.15679931640625,-0.012570028798520094,-0.013487372871403558,-0.0038137937412706657,0.09364375723048912,1.0169355856228641,0.16267237351602065,-0.046578657088639064,19.31999969482422,0.10716325788685888,60.932029724121094,0.0008251358084316873,-0.3333333333333333,0.0,0.01130654227048522,-0.02923786096347558,0.03589033762857041,0.01130654227048522,-0.02923786096347558,-0.05918734625728084,需要歷史多來源事件回補,完整（官方）,0,False,2026-10-07 04:36:36.414590+00:00,6,SEC Company Facts（point-in-time filed_at）
HIST-20231019,2023-10-19,橫盤／低波動,20260724,市場技術與壓力基準,353.9358215332031,-0.009357055823645322,0.005896031575252536,-0.017006172612231474,0.07119903805999073,1.3586620954457762,0.15663772602846182,-0.060438318548052594,21.399999618530273,0.28220484923660916,60.119598388671875,-0.014146627747958163,0.3333333333333333,-1.0,-0.01491795534123852,-0.045309231456498233,0.07217293257004864,-0.01491795534123852,-0.045309231456498233,-0.045309231456498233,需要歷史多來源事件回補,完整（官方）,0,False,2026-10-07 04:36:36.414590+00:00,6,SEC Company Facts（point-in-time filed_at）
HIST-20231026,2023-10-26,明顯下跌趨勢,20260724,市場技術與壓力基準,337.8992614746094,-0.019067017662543928,-0.04008263470468598,-0.05804201992669,0.016166312361220125,1.3828567337917153,0.19061971833214586,-0.08969909700655787,20.68000030517578,-0.03364482832658766,60.680755615234375,0.009334014890362896,-0.3333333333333333,1.0,0.004801268175677942,0.05755669359245963,0.13341665851568285,0.004801268175677942,0.004801268175677942,0.004801268175677942,需要歷史多來源事件回補,完整（官方）,0,False,2026-10-07 04:36:36.414590+00:00,7,SEC Company Facts（point-in-time filed_at）
HIST-20231027,2023-10-27,明顯下跌趨勢,20260724,市場技術與壓力基準,339.5216064453125,0.004801268175677942,-0.03617379124556719,-0.05285734239921458,0.020005135816574704,1.1178094726070493,0.19192981188069236,-0.08532849825072464,21.270000457763672,-0.02026709559023787,60.60538864135742,0.0059777370042664035,-0.3333333333333333,1.0,0.011265078499338887,0.06486896163425038,0.12701623413861052,0.011265078499338887,0.011265078499338887,0.011265078499338887,需要歷史多來源事件回補,完整（官方）,0,False,2026-10-07 04:36:36.414590+00:00,7,SEC Company Facts（point-in-time filed_at）
HIST-20231109,2023-11-09,正常／溫和上漲,20260724,市場技術與壓力基準,363.86651611328125,-0.007695798012724686,0.0003783979887685973,0.01618682438328012,0.0812958595362383,0.9614528274587989,0.19787888308033572,-0.019743290525400914,15.289999961853027,-0.02362706827358152,62.059513092041016,0.00013567910434830743,1.0,1.0,0.022482261021348426,0.0429110426767092,0.0597184743866106,0.022482261021348426,0.019293681600660584,0.019293681600660584,需要歷史多來源事件回補,完整（官方）,0,False,2026-10-07 04:36:36.414590+00:00,7,SEC Company Facts（point-in-time filed_at）
HIST-20231116,2023-11-16,正常／溫和上漲,20260724,市場技術與壓力基準,379.48040771484375,0.000855911617507088,0.07217293257004864,0.057772725436010086,0.12043557218117606,0.8151850748868757,0.2034683276652526,0.0,14.319999694824219,-0.06344017458789142,62.81736755371094,0.012211737152141966,1.0,1.0,0.0002329749363358946,0.009223780910595059,0.05023943261234143,0.0002329749363358946,0.0002329749363358946,-0.00233208152530473,需要歷史多來源事件回補,完整（官方）,0,False,2026-10-07 04:36:36.414590+00:00,7,SEC Company Facts（point-in-time filed_at）
HIST-20231201,2023-12-01,正常／溫和上漲,20260724,市場技術與壓力基準,383.40350341796875,0.0028549762125227307,0.07291465175441592,0.057781807108640226,0.11824447265603633,0.9051146451502216,0.12898672555273794,-0.0020471616086820132,12.630000114440918,0.013643665792414161,64.27987670898438,0.017824478899478136,1.0,0.0,-0.009283499342453316,0.005718690357345402,0.035046977060128714,-0.009283499342453316,-0.012540508650309201,-0.012540508650309201,需要歷史多來源事件回補,完整（官方）,0,False,2026-10-07 04:36:36.414590+00:00,7,SEC Company Facts（point-in-time filed_at）
HIST-20231219,2023-12-19,正常／溫和上漲,20260724,市場技術與壓力基準,403.1048278808594,0.00510965440093436,0.04923299752532695,0.08523728464184521,0.15536489459739267,0.8173626887718972,0.09546718622926975,0.0,12.529999732971191,0.03811102317958026,65.6258773803711,0.021073969894294775,1.0,0.0,-0.014859785483148924,0.006247965866145622,0.029918678555484357,-0.014859785483148924,-0.014859785483148924,-0.03096986063755769,需要歷史多來源事件回補,完整（官方）,0,False,2026-10-07 04:36:36.414590+00:00,7,SEC Company Facts（point-in-time filed_at）
HIST-20240207,2024-02-07,正常／溫和上漲,20260724,市場技術與壓力基準,425.82080078125,0.010290143989900358,0.06467026976873647,0.060259554026556916,0.16291275771117508,0.8144319711308747,0.14705214371847508,0.0,12.829999923706055,-0.10592337403185448,65.98690032958984,0.0018677361552783545,1.0,1.0,0.0018519638657419346,0.0028473559222137457,0.031158157900470274,0.0018519638657419346,-0.0079632081194293,-0.014768840279744677,需要歷史多來源事件回補,完整（官方）,0,False,2026-10-07 04:36:36.414590+00:00,7,SEC Company Facts（point-in-time filed_at）
HIST-20240213,2024-02-13,高波動／壓力,20260724,市場技術與壓力基準,422.4299011230469,-0.01559712468838681,0.046468973686211834,0.042621940446893936,0.1462118189646855,1.4040655432478997,0.164199346267712,-0.01944868979973058,15.850000381469727,0.21362939297171257,65.41448211669922,-0.0070034343709023394,1.0,-1.0,0.01089734184268476,-0.0068602618532062065,0.027301546295118273,0.01089734184268476,-0.0068602618532062065,-0.0068602618532062065,需要歷史多來源事件回補,完整（官方）,0,False,2026-10-07 04:36:36.414590+00:00,7,SEC Company Facts（point-in-time filed_at）
HIST-20240315,2024-03-15,高波動／壓力,20260724,市場技術與壓力基準,427.72332763671875,-0.01188664236598913,-0.0013578492443191426,0.015535095791612052,0.12427160928996317,1.527483010702967,0.18550830246524058,-0.026233526709062982,14.40999984741211,-0.022388054873152874,66.21672821044922,-0.004263610270478724,0.3333333333333333,0.0,0.009537275434768011,0.03007504902737934,-0.0052776762641842945,0.009537275434768011,0.009537275434768011,-0.0052776762641842945,需要歷史多來源事件回補,完整（官方）,0,False,2026-10-07 04:36:36.414590+00:00,7,SEC Company Facts（point-in-time filed_at）
HIST-20240318,2024-03-18,高波動／壓力,20260724,市場技術與壓力基準,431.8026428222656,0.009537275434768011,0.01739207028185663,0.023219578455930368,0.13364412555088245,0.9959319907991018,0.18520612083700372,-0.01694644764414477,14.329999923706055,-0.05847571141314423,66.37136840820312,-0.001809024561013839,1.0,0.0,0.002491499761578364,0.01664074196132126,-0.014583539026534753,0.002491499761578364,0.002491499761578364,-0.014674992255805597,需要歷史多來源事件回補,完整（官方）,0,False,2026-10-07 04:36:36.414590+00:00,7,SEC Company Facts（point-in-time filed_at）
HIST-20240319,2024-03-19,高波動／壓力,20260724,市場技術與壓力基準,432.87847900390625,0.002491499761578364,0.027683988102116697,0.02374114812042305,0.135161131689024,0.9156173024951599,0.18252209988267884,-0.014497169952831235,13.819999694824219,-0.0014451197646795366,66.63772583007812,0.001291287614598291,1.0,1.0,0.011856834211729561,0.010830648137037935,-0.02902620468647532,0.011856834211729561,0.010830648137037935,-0.02902620468647532,需要歷史多來源事件回補,完整（官方）,0,False,2026-10-07 04:36:36.414590+00:00,7,SEC Company Facts（point-in-time filed_at）
HIST-20240419,2024-04-19,明顯下跌趨勢,20260724,市場技術與壓力基準,409.2689208984375,-0.02068905587712211,-0.07002028963578166,-0.05159553884023982,0.04975697722118788,1.6331514704517591,0.15101731022081616,-0.07108289103140031,18.709999084472656,0.08087808559929699,65.61365509033203,-0.005106512938361951,-0.3333333333333333,-1.0,0.010056652323136017,0.03943084011213549,0.0894971144419281,0.010056652323136017,0.010056652323136017,0.010056652323136017,需要歷史多來源事件回補,完整（官方）,0,False,2026-10-07 04:36:36.414590+00:00,7,SEC Company Facts（point-in-time filed_at）
HIST-20240508,2024-05-08,高波動／壓力,20260724,市場技術與壓力基準,434.34918212890625,-0.0005904012607960141,0.0038553139692341087,0.008312948229436401,0.10386427121254727,0.5377797122173177,0.2026420272325532,-0.014158256482456166,13.0,-0.1552956653675256,66.84496307373047,0.009306606656248828,1.0,1.0,0.002181376843863214,0.02917783866706336,0.05297000144877084,0.002181376843863214,0.002181376843863214,0.002181376843863214,需要歷史多來源事件回補,完整（官方）,0,False,2026-10-07 04:36:36.414590+00:00,7,SEC Company Facts（point-in-time filed_at）
HIST-20240529,2024-05-29,高波動／壓力,20260724,市場技術與壓力基準,450.5166015625,-0.007048345908791331,0.075013635625502,0.037506100858130775,0.12940515713402134,0.9236484910488475,0.11545807933683787,-0.007048345908791331,14.279999732971191,0.20404722987757196,66.45431518554688,-0.009189873973520224,1.0,-1.0,-0.010713408977107486,0.015533179683046239,0.05682123007658313,-0.010713408977107486,-0.01255374418256816,-0.01255374418256816,需要歷史多來源事件回補,完整（官方）,0,False,2026-10-07 04:36:36.414590+00:00,7,SEC Company Facts（point-in-time filed_at）
HIST-20240603,2024-06-03,正常／溫和上漲,20260724,市場技術與壓力基準,447.2495422363281,0.005369342801907928,0.04053001631637576,0.028711206844965975,0.11759399093734735,1.0540645091632297,0.09763299807542339,-0.014249039403071873,13.109999656677246,0.09891025325368408,67.16539764404297,0.0036207171140330008,1.0,0.0,0.002736520342946358,0.02582045628960583,0.07641077159365661,0.002736520342946358,0.002736520342946358,0.002736520342946358,需要歷史多來源事件回補,完整（官方）,0,False,2026-10-07 04:36:36.414590+00:00,7,SEC Company Facts（point-in-time filed_at）
HIST-20240618,2024-06-18,正常／溫和上漲,20260724,市場技術與壓力基準,478.9132995605469,0.0003092774502382323,0.0666066790801414,0.08627338392656325,0.1797812260958136,0.8317531443958868,0.11336653442551542,0.0,12.300000190734863,-0.04280156999279072,67.4619140625,0.0037631036035208343,1.0,1.0,-0.007708198626511398,-0.008401627448515248,-0.01021822999011468,-0.007708198626511398,-0.02163342441622651,-0.02163342441622651,需要歷史多來源事件回補,完整（官方）,0,False,2026-10-07 04:36:36.414590+00:00,7,SEC Company Facts（point-in-time filed_at）
HIST-20240624,2024-06-24,正常／溫和上漲,20260724,市場技術與壓力基準,468.5527648925781,-0.011384615820486665,0.0464076785221994,0.05754622230418427,0.14989784895261282,1.242667018664035,0.12859590173118016,-0.02163342441622651,13.329999923706055,0.05292259750152395,67.42703247070312,0.003244101803360877,1.0,0.0,0.011435540878951933,0.016794696883200233,0.014051745861556109,0.011435540878951933,0.010865835018992742,0.0027006154998681087,需要歷史多來源事件回補,完整（官方）,0,False,2026-10-07 04:36:36.414590+00:00,7,SEC Company Facts（point-in-time filed_at）
HIST-20240822,2024-08-22,高波動／壓力,20260724,市場技術與壓力基準,469.4326171875,-0.015854900739165956,0.036179669606570375,0.0008378208425681155,0.08920592533462068,0.8779499395734197,0.2825727125489329,-0.05588914186782912,17.549999237060547,0.1523309103450936,69.609619140625,0.004962650970935956,1.0,0.0,0.010845534315652827,-0.008823738971789008,0.015984079954399766,0.010845534315652827,-0.008823738971789008,-0.055091062702439575,需要歷史多來源事件回補,完整（官方）,0,False,2026-10-07 04:36:36.414590+00:00,7,SEC Company Facts（point-in-time filed_at）
HIST-20240830,2024-08-30,強勢反彈／轉折,20260724,市場技術與壓力基準,470.8363342285156,0.0119191522747506,0.06132574527684076,0.004967893175341853,0.08472489339475531,0.8519892541895868,0.2324768428768956,-0.05306602210229594,15.0,-0.05422444358724665,69.92689514160156,-0.0007558552617306091,1.0,0.0,-0.030360702511251225,-0.045793316401316675,0.026216063724185945,-0.030360702511251225,-0.05790814515990517,-0.05790814515990517,需要歷史多來源事件回補,完整（官方）,0,False,2026-10-07 04:36:36.414590+00:00,7,SEC Company Facts（point-in-time filed_at）
HIST-20240903,2024-09-03,強勢反彈／轉折,20260724,市場技術與壓力基準,456.5414123535156,-0.030360702511251225,0.060730051364751514,-0.024818996532301907,0.05085168802678819,1.210727560999701,0.23350464707554408,-0.0818156029030438,20.719999313354492,0.28297212401049654,69.6789321899414,-0.002288531256493087,0.3333333333333333,-1.0,-0.002598538270417894,-0.006821079403412367,0.04360288928792477,-0.002598538270417894,-0.028409989900366583,-0.028409989900366583,需要歷史多來源事件回補,完整（官方）,0,False,2026-10-07 04:36:36.414590+00:00,7,SEC Company Facts（point-in-time filed_at）
HIST-20240905,2024-09-05,強勢反彈／轉折,20260724,市場技術與壓力基準,455.7801818847656,0.0009335788473685547,0.06042285261249125,-0.025140283604331293,0.04726148044359024,0.9957713735239513,0.22779493008218676,-0.08334657012767721,19.899999618530273,0.16306247274420071,70.17486572265625,0.004685604020420175,0.3333333333333333,0.0,-0.026787269237606548,0.026418538192655383,0.046040962155687204,-0.026787269237606548,-0.026787269237606548,-0.026787269237606548,需要歷史多來源事件回補,完整（官方）,0,False,2026-10-07 04:36:36.414590+00:00,7,SEC Company Facts（point-in-time filed_at）
HIST-20240913,2024-09-13,高波動／壓力,20260724,市場技術與壓力基準,469.91705322265625,0.004479970274435585,0.001939234036716364,0.010311044384826884,0.07416107333063793,0.8201376850249048,0.21330767639616272,-0.054914856519696076,16.559999465942383,-0.2600536154186729,70.5202407836914,0.006191467516158733,1.0,1.0,-0.004417906927297266,0.014936705112180926,0.03936806552332395,-0.004417906927297266,-0.008204702848545908,-0.008204702848545908,需要歷史多來源事件回補,完整（官方）,0,False,2026-10-07 04:36:36.414590+00:00,7,SEC Company Facts（point-in-time filed_at）
HIST-20240923,2024-09-23,高波動／壓力,20260724,市場技術與壓力基準,478.2002258300781,0.0026505862048069595,0.007747473535290927,0.03309495299330001,0.0863693438275579,0.6863497811764504,0.21686167660222946,-0.03825595189286568,15.890000343322754,-0.07292876842694695,70.9453353881836,0.0035073856794718417,1.0,1.0,0.004823651303330401,0.010413177307874832,0.025629329025221637,0.004823651303330401,0.004823651303330401,-0.0036643412606459647,需要歷史多來源事件回補,完整（官方）,0,False,2026-10-07 04:36:36.414590+00:00,7,SEC Company Facts（point-in-time filed_at）
HIST-20241009,2024-10-09,正常／溫和上漲,20260724,市場技術與壓力基準,488.2089538574219,0.007868460240977981,0.05382406384168381,0.04834209700175762,0.09603949909709364,0.8163469267044896,0.14197952472579362,0.0,20.860000610351562,0.10370375827413403,70.65975189208984,-0.0060087993541616536,1.0,-1.0,-0.0011356056406102155,-0.004542297543930096,0.0252051694404003,-0.0011356056406102155,-0.004663940554698431,-0.01885847973365562,需要歷史多來源事件回補,完整（官方）,0,False,2026-10-07 04:36:36.414590+00:00,7,SEC Company Facts（point-in-time filed_at）
HIST-20241025,2024-10-25,橫盤／低波動,20260724,市場技術與壓力基準,490.357177734375,0.006093531494475002,0.017606568606390205,0.03158678713515917,0.08786716434353092,1.3577766595915015,0.13468402471462756,-0.004381878091861191,20.329999923706055,0.12756512198938053,70.55293273925781,-0.006516852822046504,1.0,-1.0,0.0001615008790127881,-0.015929089973975685,0.02113788229342939,0.0001615008790127881,-0.023156798869605866,-0.023156798869605866,需要歷史多來源事件回補,完整（官方）,0,False,2026-10-07 04:36:36.414590+00:00,7,SEC Company Facts（point-in-time filed_at）
HIST-20241212,2024-12-12,正常／溫和上漲,20260724,市場技術與壓力基準,521.2247924804688,-0.006453704839132657,0.027818478509171296,0.04787801134106817,0.12231414485770697,0.8974709609001088,0.14842083805960904,-0.006453704839132657,13.920000076293945,0.028065001145606505,71.55154418945312,-0.0016300258598407336,1.0,-1.0,0.0076543251222782605,-0.02341890222274734,-0.03913687372705543,0.0076543251222782605,-0.02341890222274734,-0.03913687372705543,需要歷史多來源事件回補,完整（官方）,0,False,2026-10-07 04:36:36.414590+00:00,7,SEC Company Facts（point-in-time filed_at）
HIST-20241213,2024-12-13,正常／溫和上漲,20260724,市場技術與壓力基準,525.2144165039062,0.0076543251222782605,0.04293382826286907,0.05384583550627253,0.12977979025232877,1.095307559077473,0.14654628595691815,0.0,13.8100004196167,0.0814408711489707,71.34491729736328,-0.006132623971691897,1.0,-1.0,0.014400508162995651,-0.022373907233989798,-0.02449787701800077,0.014400508162995651,-0.030837189470957593,-0.04643576441122854,需要歷史多來源事件回補,完整（官方）,0,False,2026-10-07 04:36:36.414590+00:00,7,SEC Company Facts（point-in-time filed_at）
HIST-20250218,2025-02-18,正常／溫和上漲,20260724,市場技術與壓力基準,534.8268432617188,0.002267012689208814,0.033790787507494535,0.03167802519341434,0.1069423415642663,0.7395764760376682,0.16566880134733686,0.0,15.350000381469727,-0.029095510812018333,72.29370880126953,0.0022638428867862714,1.0,1.0,0.0002781137066234507,-0.048297007179259444,-0.12019573407582196,0.0002781137066234507,-0.048297007179259444,-0.13169060609045047,需要歷史多來源事件回補,完整（官方）,0,False,2026-10-07 04:36:36.414590+00:00,7,SEC Company Facts（point-in-time filed_at）
HIST-20250324,2025-03-24,高波動／壓力,20260724,市場技術與壓力基準,487.252685546875,0.021944320876631007,-0.05477972679224141,-0.03662254055323044,-0.0038374911225744768,0.7113099730258546,0.2837598400229333,-0.08920575376723894,17.479999542236328,-0.1477328450917671,72.41395568847656,0.004806033086443451,-1.0,1.0,0.00570652078603584,-0.04430770918940752,-0.0941180722191296,0.00570652078603584,-0.04430770918940752,-0.15204014757085804,需要歷史多來源事件回補,完整（官方）,0,False,2026-10-07 04:36:36.414590+00:00,7,SEC Company Facts（point-in-time filed_at）
HIST-20250403,2025-04-03,高波動／壓力,20260724,市場技術與壓力基準,447.5304870605469,-0.05353342455495902,-0.07551805376561749,-0.1038036385156258,-0.08566799840151684,1.519971928876852,0.3136060420823773,-0.16345624207077203,30.020000457763672,0.6062065061507145,71.31922149658203,-0.008754876191292227,-1.0,-1.0,-0.062108962630549214,-0.009941029053551098,0.0846977966582152,-0.062108962630549214,-0.07677638221743555,-0.07677638221743555,需要歷史多來源事件回補,完整（官方）,0,False,2026-10-07 04:36:36.414590+00:00,7,SEC Company Facts（point-in-time filed_at）
HIST-20250409,2025-04-09,高波動／壓力,20260724,市場技術與壓力基準,462.7639465332031,0.1200308476880263,-0.02143980652657873,-0.05958071565446821,-0.05270232107115802,2.3758775352230073,0.5711412885801828,-0.13498118662322134,33.619998931884766,0.5629938900113367,71.23678588867188,-0.013570089662595985,-1.0,-1.0,-0.04253220933550583,-0.046823995675504326,0.04783264460098491,-0.04253220933550583,-0.046823995675504326,-0.07057944193456422,需要歷史多來源事件回補,完整（官方）,0,False,2026-10-07 04:36:36.414590+00:00,7,SEC Company Facts（point-in-time filed_at）
HIST-20250410,2025-04-10,高波動／壓力,20260724,市場技術與壓力基準,443.0815734863281,-0.04253220933550583,-0.04589539235637119,-0.09688603448693434,-0.09275646303800844,1.7141919937862495,0.5875248556126924,-0.1717723478729133,40.720001220703125,0.35642906728111834,70.0736312866211,-0.0174650000914639,-1.0,-1.0,0.018423024834462343,-0.004661717759964823,0.09366179813797149,0.018423024834462343,-0.004661717759964823,-0.029293134320051983,需要歷史多來源事件回補,完整（官方）,0,False,2026-10-07 04:36:36.414590+00:00,7,SEC Company Facts（point-in-time filed_at）
HIST-20250411,2025-04-11,高波動／壓力,20260724,市場技術與壓力基準,451.2444763183594,0.018423024834462343,-0.051249622235582604,-0.07771390270635559,-0.07582783275087579,0.8242636994274939,0.5845127954765399,-0.15651388926918763,37.560001373291016,-0.17104391448040013,70.28427124023438,-0.0002608873817324664,-1.0,0.0,0.006778197691267085,-0.04685298544018113,0.11762764906810519,0.006778197691267085,-0.04685298544018113,-0.04685298544018113,需要歷史多來源事件回補,完整（官方）,0,False,2026-10-07 04:36:36.414590+00:00,7,SEC Company Facts（point-in-time filed_at）
HIST-20250424,2025-04-24,高波動／壓力,20260724,市場技術與壓力基準,464.1045837402344,0.028137075487572716,-0.03515829458070585,-0.02807378723067222,-0.04683602759238459,0.6811575116994951,0.6093200180131059,-0.13247520832762882,26.469999313354492,-0.18903186861733579,72.07939910888672,0.017847908322495165,-1.0,1.0,0.011147913183115143,0.030662136791966832,0.09981819172937745,0.011147913183115143,0.010826959018802151,0.010826959018802151,需要歷史多來源事件回補,完整（官方）,0,False,2026-10-07 04:36:36.414590+00:00,7,SEC Company Facts（point-in-time filed_at）
HIST-20250501,2025-05-01,高波動／壓力,20260724,市場技術與壓力基準,478.33502197265625,0.013060749847175535,0.011614008992952396,0.014367771917536132,-0.016659212726527928,0.6570788905755411,0.6037236837810681,-0.10587504449494811,24.600000381469727,-0.07064597583655108,72.0807876586914,1.9264170093791222e-05,0.3333333333333333,1.0,0.014843803930590704,0.01372290893973882,0.07770713461879297,0.014843803930590704,-0.0005604155956310253,-0.0005604155956310253,需要歷史多來源事件回補,完整（官方）,0,False,2026-10-07 04:36:36.414590+00:00,7,SEC Company Facts（point-in-time filed_at）
HIST-20250505,2025-05-05,強勢反彈／轉折,20260724,市場技術與壓力基準,482.5555419921875,-0.005932389058855181,0.1496676099405032,0.02707994493975696,-0.007993449320585655,0.4724393680281733,0.5140930110033384,-0.09798586201546144,23.639999389648438,-0.06003977144275119,72.27412414550781,0.0013018987723760755,0.3333333333333333,1.0,-0.009301699048467116,0.04510933837916875,0.08513557098931335,-0.009301699048467116,-0.009301699048467116,-0.009301699048467116,需要歷史多來源事件回補,完整（官方）,0,False,2026-10-07 04:36:36.414590+00:00,7,SEC Company Facts（point-in-time filed_at）
HIST-20250506,2025-05-06,強勢反彈／轉折,20260724,市場技術與壓力基準,478.06695556640625,-0.009301699048467116,0.136231780200887,0.019149950568166707,-0.01726167852171523,0.6130177864400644,0.5172945079463084,-0.10637612606445601,24.760000228881836,0.024410432384175618,72.21887969970703,-0.00212238954940569,0.3333333333333333,-1.0,0.003925811050641936,0.07099960690182838,0.09837770082637443,0.003925811050641936,0.003925811050641936,0.003925811050641936,需要歷史多來源事件回補,完整（官方）,0,False,2026-10-07 04:36:36.414590+00:00,7,SEC Company Facts（point-in-time filed_at）
HIST-20250507,2025-05-07,強勢反彈／轉折,20260724,市場技術與壓力基準,479.9437561035156,0.003925811050641936,0.1616112621094754,0.024419882298804874,-0.013506301463516057,0.7552718677062519,0.5090870331989378,-0.10286792758504237,23.549999237060547,-0.0465587647917971,72.2833251953125,0.0041049910302348724,0.3333333333333333,1.0,0.01032498861656328,0.07320505249733933,0.08584755052157145,0.01032498861656328,0.009662870322545647,0.009662870322545647,需要歷史多來源事件回補,完整（官方）,0,False,2026-10-07 04:36:36.414590+00:00,7,SEC Company Facts（point-in-time filed_at）
HIST-20250509,2025-05-09,強勢反彈／轉折,20260724,市場技術與壓力基準,484.5813903808594,-0.0006553517942025078,0.09366179813797149,0.03594621165380585,-0.004153314938100006,0.6751861069335243,0.23838046500234633,-0.09419905670710005,21.899999618530273,-0.03439156420414613,72.31095886230469,0.0001274700756610514,0.3333333333333333,1.0,0.04074013825888079,0.06873375463819187,0.08756670780967002,0.04074013825888079,0.04074013825888079,0.04074013825888079,需要歷史多來源事件回補,完整（官方）,0,False,2026-10-07 04:36:36.414590+00:00,7,SEC Company Facts（point-in-time filed_at）
HIST-20250512,2025-05-12,強勢反彈／轉折,20260724,市場技術與壓力基準,504.32330322265625,0.04074013825888079,0.11762764906810519,0.07813081339446692,0.035925524400960196,1.1063578785790225,0.26699708734371996,-0.0572966010423227,18.389999389648438,-0.22208122400793662,73.02899169921875,0.010444506421014355,1.0,1.0,0.01524065656415896,0.027882204565915725,0.051905321092656775,0.01524065656415896,0.01524065656415896,0.002737015258568176,需要歷史多來源事件回補,完整（官方）,0,False,2026-10-07 04:36:36.414590+00:00,7,SEC Company Facts（point-in-time filed_at）
HIST-20250605,2025-06-05,正常／溫和上漲,20260724,市場技術與壓力基準,521.145751953125,-0.007526844350019712,0.08584755052157145,0.08545756067748544,0.05844093259601757,1.2171518309717868,0.19150094080809607,-0.007526844350019712,18.479999542236328,-0.036496389562129194,73.35721588134766,0.002346608577245224,1.0,1.0,0.00977507398296562,0.016901775638019645,0.053087843089121955,0.00977507398296562,0.00977507398296562,0.0038871214594871084,需要歷史多來源事件回補,完整（官方）,0,False,2026-10-07 04:36:36.414590+00:00,7,SEC Company Facts（point-in-time filed_at）
HIST-20250610,2025-06-10,正常／溫和上漲,20260724,市場技術與壓力基準,530.5003662109375,0.006614197959443846,0.051905321092656775,0.097681320127317,0.07573372120081112,0.8074519855096752,0.1342933118157798,0.0,16.950000762939453,-0.041831529043398374,73.56069946289062,0.0025209246100572624,1.0,1.0,-0.0033697595803269254,-0.009603049707779254,0.04092723670970466,-0.0033697595803269254,-0.013571540171919971,-0.013814990316068698,需要歷史多來源事件回補,完整（官方）,0,False,2026-10-07 04:36:36.414590+00:00,7,SEC Company Facts（point-in-time filed_at）
HIST-20250725,2025-07-25,正常／溫和上漲,20260724,市場技術與壓力基準,563.068603515625,0.0024072161285435545,0.03688998957188527,0.0523524333765264,0.11526349347876841,0.7292235923739441,0.08012299404351349,0.0,14.930000305175781,-0.09018888214491527,74.80015563964844,0.002990596495765274,1.0,1.0,0.0031252046000376232,-0.022052686325324755,0.009887574582811087,0.0031252046000376232,-0.022052686325324755,-0.022052686325324755,需要歷史多來源事件回補,完整（官方）,0,False,2026-10-07 04:36:36.414590+00:00,7,SEC Company Facts（point-in-time filed_at）
HIST-20250730,2025-07-30,正常／溫和上漲,20260724,市場技術與壓力基準,564.7089233398438,0.001339637501321711,0.038446649670104804,0.04973329688977812,0.11582040198540011,1.084223002388427,0.06985141927295538,-0.00021136469952331982,15.479999542236328,0.007156776675099064,74.65147399902344,-0.0026072607798990344,1.0,-1.0,-0.005299177243530795,-0.0012321405816200226,0.009629935222911001,-0.005299177243530795,-0.02489334688399758,-0.02489334688399758,需要歷史多來源事件回補,完整（官方）,0,False,2026-10-07 04:36:36.414590+00:00,7,SEC Company Facts（point-in-time filed_at）
HIST-20250822,2025-08-22,橫盤／低波動,20260724,市場技術與壓力基準,568.635986328125,0.01542749116211084,0.009887574582811087,0.026185195495731506,0.1089176587920444,1.0935055636993039,0.15163291963271597,-0.014422608505969658,14.220000267028809,-0.057654067379838914,75.51425170898438,0.0048471790879627275,1.0,1.0,-0.0028847644166305475,-0.0027449055077576334,0.05407291039197837,-0.0028847644166305475,-0.0028847644166305475,-0.011101985159284622,需要歷史多來源事件回補,完整（官方）,0,False,2026-10-07 04:36:36.414590+00:00,7,SEC Company Facts（point-in-time filed_at）
HIST-20250826,2025-08-26,橫盤／低波動,20260724,市場技術與壓力基準,569.2721557617188,0.004015111000881033,0.0094311432493277,0.024264374543092604,0.10834431356955188,0.7309230070356403,0.15218926980961764,-0.013319980065307213,14.619999885559082,-0.061014760943183255,75.5329360961914,0.006096075045125771,1.0,1.0,0.0015368359770149276,-0.004435638426474653,0.04222964515214245,0.0015368359770149276,-0.012207092239643003,-0.012207092239643003,需要歷史多來源事件回補,完整（官方）,0,False,2026-10-07 04:36:36.414590+00:00,7,SEC Company Facts（point-in-time filed_at）
HIST-20251014,2025-10-14,橫盤／低波動,20260724,市場技術與壓力基準,595.2034301757812,-0.006660959000041267,0.012708951814712321,0.02265210079850899,0.1297914722591862,1.2070972641673001,0.17282512687905138,-0.021980879720597257,20.809999465942383,0.20707655117287005,75.93907165527344,-0.0028475512201572295,1.0,-1.0,0.007056841635499023,0.0223747112460011,0.03941472216499631,0.007056841635499023,0.0033277914578551115,0.0033277914578551115,需要歷史多來源事件回補,完整（官方）,0,False,2026-10-07 04:36:36.414590+00:00,7,SEC Company Facts（point-in-time filed_at）
HIST-20251117,2025-11-17,高波動／壓力,20260724,市場技術與壓力基準,600.8369750976562,-0.008540613513343676,-0.012885486905891752,-0.004236788284644133,0.11529536057784728,1.0874880809242755,0.19084791701992504,-0.05050568865374072,22.3799991607666,0.2715908338462043,75.89990234375,-0.0063276946988939375,-0.3333333333333333,-1.0,-0.01217580497095061,0.0024847337693096883,0.013401512152491524,-0.01217580497095061,-0.029801669281935284,-0.029801669281935284,需要歷史多來源事件回補,完整（官方）,0,False,2026-10-07 04:36:36.414590+00:00,7,SEC Company Facts（point-in-time filed_at）
HIST-20251211,2025-12-11,橫盤／低波動,20260724,市場技術與壓力基準,622.6544799804688,-0.003234494500313878,0.0072454223796003525,0.020094402957805402,0.14004503028071769,0.9600921855101585,0.17281549811476518,-0.016027789269081993,14.850000381469727,-0.05893532111780064,76.85279083251953,-0.00037153940664635954,1.0,0.0,-0.01911832991212825,-0.02632770972235554,0.0038332331363473138,-0.01911832991212825,-0.04023478344658882,-0.04023478344658882,需要歷史多來源事件回補,完整（官方）,0,False,2026-10-07 04:36:36.414590+00:00,7,SEC Company Facts（point-in-time filed_at）
HIST-20251215,2025-12-15,橫盤／低波動,20260724,市場技術與壓力基準,607.684814453125,-0.0050193203760662275,0.0027592147054984473,-0.004925285563266435,0.11041536020519871,0.8345552104696178,0.17189404627409216,-0.03968414340517512,16.5,-0.009603832465638562,76.7480697631836,0.0007449237890635452,0.3333333333333333,1.0,0.0019817587001125236,0.015507254295467732,0.016064790281698826,0.0019817587001125236,-0.01659199373904463,-0.01659199373904463,需要歷史多來源事件回補,完整（官方）,0,False,2026-10-07 04:36:36.414590+00:00,7,SEC Company Facts（point-in-time filed_at）
HIST-20260112,2026-01-12,橫盤／低波動,20260724,市場技術與壓力基準,625.041259765625,0.0008298325333249146,0.0038332331363473138,0.018078559439172803,0.11707925942146802,0.7784026659396603,0.14314501917054148,-0.012255994385663271,15.119999885559082,0.014765118970553992,77.52311706542969,0.0019783953274252752,1.0,0.0,-0.0014828122674713784,-0.030470156462327314,-0.025033015398592817,-0.0014828122674713784,-0.030470156462327314,-0.0480569837381829,需要歷史多來源事件回補,完整（官方）,0,False,2026-10-07 04:36:36.414590+00:00,7,SEC Company Facts（point-in-time filed_at）
HIST-20260129,2026-01-29,橫盤／低波動,20260724,市場技術與壓力基準,627.2936401367188,-0.0059851276594469205,0.01614398394984362,0.020052496882330795,0.10102994871402027,1.5078345380568656,0.1316598602281249,-0.0059851276594469205,16.8799991607666,0.07928381011661845,77.51354217529297,-0.0018476888219689513,1.0,-1.0,-0.012010902567618276,-0.051475060420357766,-0.035174723541409936,-0.012010902567618276,-0.051475060420357766,-0.051475060420357766,需要歷史多來源事件回補,完整（官方）,0,False,2026-10-07 04:36:36.414590+00:00,7,SEC Company Facts（point-in-time filed_at）
HIST-20260219,2026-02-19,正常／溫和上漲,20260724,市場技術與壓力基準,601.4216918945312,-0.0038297237800856143,-0.020786038959103026,-0.02219900486090387,0.036737970871743464,0.9747495061757709,0.16906518344443644,-0.04698203833042769,20.229999542236328,0.14617563623046093,77.81016540527344,0.0013609398958631669,-0.3333333333333333,0.0,0.008848966575272899,0.009561491310922765,-0.01731645181151875,0.008848966575272899,-0.0034136440012896285,-0.01731645181151875,需要歷史多來源事件回補,完整（官方）,0,False,2026-10-07 04:36:36.414590+00:00,7,SEC Company Facts（point-in-time filed_at）
HIST-20260225,2026-02-25,正常／溫和上漲,20260724,市場技術與壓力基準,614.5868530273438,0.014493219410373515,-0.022895515207314476,0.001298995036347117,0.05487675108728829,0.8323481911818964,0.18347520843787993,-0.026120411294127344,17.93000030517578,-0.08613661884652857,77.79093933105469,0.00012349245288478805,0.3333333333333333,1.0,-0.012064483343630195,-0.009615874485358611,-0.04559699787206595,-0.012064483343630195,-0.024485889960971785,-0.05613924417077454,需要歷史多來源事件回補,完整（官方）,0,False,2026-10-07 04:36:36.414590+00:00,7,SEC Company Facts（point-in-time filed_at）
HIST-20260326,2026-03-26,明顯下跌趨勢,20260724,市場技術與壓力基準,572.5634765625,-0.02386793610202098,-0.05699981775064489,-0.05456065887707273,-0.03146336063091704,1.1247840446821336,0.17933045011890802,-0.09271101339702204,27.440000534057617,0.1404821755253869,76.24040985107422,-0.00928957425453203,-1.0,-1.0,-0.019536759877538112,0.019501901740561545,0.15700872412822675,-0.019536759877538112,-0.027030619728639516,-0.027030619728639516,需要歷史多來源事件回補,完整（官方）,0,False,2026-10-07 04:36:36.414590+00:00,7,SEC Company Facts（point-in-time filed_at）
HIST-20260330,2026-03-30,高波動／壓力,20260724,市場技術與壓力基準,557.0867309570312,-0.007643182879722654,-0.08075440647871468,-0.0764977483729452,-0.058115521945602544,0.967860536706884,0.18838246329235467,-0.11723559697786978,30.610000610351562,0.1705545337240031,76.1341552734375,-0.00793054618291511,-1.0,-1.0,0.03385378976432163,0.05429168662965167,0.17781385510230896,0.03385378976432163,0.03385378976432163,0.03385378976432163,需要歷史多來源事件回補,完整（官方）,0,False,2026-10-07 04:36:36.414590+00:00,7,SEC Company Facts（point-in-time filed_at）
HIST-20260331,2026-03-31,高波動／壓力,20260724,市場技術與壓力基準,575.9462280273438,0.03385378976432163,-0.03935015488912419,-0.04386407700143169,-0.026607620101048335,1.3153756392920009,0.22964818958559283,-0.08735067646653183,25.25,-0.06307980388917933,76.85868072509766,0.004926162919798305,-1.0,1.0,0.012353248936580297,0.05008847214846757,0.14621096842693593,0.012353248936580297,0.012353248936580297,0.012353248936580297,需要歷史多來源事件回補,完整（官方）,0,False,2026-10-07 04:36:36.414590+00:00,7,SEC Company Facts（point-in-time filed_at）
HIST-20260401,2026-04-01,高波動／壓力,20260724,市場技術與壓力基準,583.06103515625,0.012353248936580297,-0.042084759537791894,-0.031315040377769776,-0.015080443748548666,1.0834802512154271,0.22699962750971506,-0.07607649218112122,24.540000915527344,-0.031188275189821812,77.04701232910156,0.004217458240580507,-1.0,1.0,0.0011465661844940467,0.0442914968399033,0.14278376178389074,0.0011465661844940467,0.0011465661844940467,0.0011465661844940467,需要歷史多來源事件回補,完整（官方）,0,False,2026-10-07 04:36:36.414590+00:00,7,SEC Company Facts（point-in-time filed_at）
HIST-20260413,2026-04-13,高波動／壓力,20260724,市場技術與壓力基準,616.0703735351562,0.010342659981562141,0.041178644654990215,0.02921378154666554,0.03638911509442555,0.5309178779354713,0.23635122071565784,-0.02376961199721994,19.1200008392334,-0.20893666616135476,77.91095733642578,0.007026443560262052,1.0,1.0,0.018156875523408278,0.04761961846090679,0.15533119331796863,0.018156875523408278,0.018156875523408278,0.018156875523408278,需要歷史多來源事件回補,完整（官方）,0,False,2026-10-07 04:36:36.414590+00:00,7,SEC Company Facts（point-in-time filed_at）
HIST-20260417,2026-04-17,高波動／壓力,20260724,市場技術與壓力基準,647.4630126953125,0.013084099653997816,0.09552474207022521,0.07848896681059658,0.08582308482112255,0.8841120767747047,0.2368778097307335,0.0,17.479999542236328,-0.09100364231191682,78.28953552246094,0.008629246138158742,1.0,1.0,-0.0031748578483062895,0.023164141442231445,0.0925946315782924,-0.0031748578483062895,-0.00696604102136178,-0.00696604102136178,需要歷史多來源事件回補,完整（官方）,0,False,2026-10-07 04:36:36.414590+00:00,7,SEC Company Facts（point-in-time filed_at）
HIST-20260521,2026-05-21,正常／溫和上漲,20260724,市場技術與壓力基準,712.9827270507812,0.0019070655685766713,0.09685005264294033,0.11713039099346112,0.16590836038011925,0.9111250613310662,0.17094209174872002,-0.007335421455321733,16.760000228881836,-0.028968713404958768,77.96792602539062,0.0006262596670758569,1.0,1.0,0.004240633637315083,0.03330948082135632,0.03394064927741791,0.004240633637315083,0.004240633637315083,-0.02913887238369628,需要歷史多來源事件回補,完整（官方）,0,False,2026-10-07 04:36:36.414590+00:00,7,SEC Company Facts（point-in-time filed_at）
HIST-20260605,2026-06-05,高波動／壓力,20260724,市場技術與壓力基準,703.5528564453125,-0.04800103929422472,0.014562350114099676,0.05578052902935626,0.13563332878648549,2.3751464546790206,0.23463830840832378,-0.05508202220305303,21.510000228881836,0.4040470402978451,77.90603637695312,-0.005894751188929015,1.0,-1.0,0.015615844872174156,0.02309037642892653,0.007303888866236674,0.015615844872174156,-0.016126211393934775,-0.016126211393934775,需要歷史多來源事件回補,完整（官方）,0,False,2026-10-07 04:36:36.414590+00:00,7,SEC Company Facts（point-in-time filed_at）
HIST-20260610,2026-06-10,高波動／壓力,20260724,市場技術與壓力基準,692.2072143554688,-0.01997658546297376,-0.019158928173132583,0.02576198102686722,0.11352889815256684,1.424652653379942,0.23868874707428994,-0.07031996926293593,22.219999313354492,0.38356164708942275,77.94526672363281,-0.002635540661686031,0.3333333333333333,-1.0,0.033775932065986725,0.04154597388636039,0.047020034964791346,0.033775932065986725,0.033775932065986725,0.01961463604618352,需要歷史多來源事件回補,完整（官方）,0,False,2026-10-07 04:36:36.414590+00:00,7,SEC Company Facts（point-in-time filed_at）
HIST-20260623,2026-06-23,高波動／壓力,20260724,市場技術與壓力基準,712.9071655273438,-0.03292899719133657,-0.004328258537218299,0.0238048852395345,0.13524953072711332,1.064092622818732,0.32393798850389927,-0.04251856696226308,19.489999771118164,0.20308634896519284,78.33760070800781,-0.0021239642940755754,0.3333333333333333,-1.0,-0.004245791899862628,0.03187836994535487,-0.011630466450650023,-0.004245791899862628,-0.009990864081835138,-0.025670894108535625,需要歷史多來源事件回補,完整（官方）,0,False,2026-10-07 04:36:36.414590+00:00,7,SEC Company Facts（point-in-time filed_at）
HIST-20260713,2026-07-13,高波動／壓力,20260724,市場技術與壓力基準,710.9990844726562,-0.01897984931090735,-0.0064116211112419386,-0.005407316791878891,0.11696160008218404,0.8355709009080264,0.28489038328968946,-0.045081245906923306,17.15999984741211,0.10211947230265128,78.3558578491211,-0.004382255611575014,-0.3333333333333333,-1.0,0.011169877197279243,-0.022030457698161254,0.012827786466642843,0.011169877197279243,-0.02305612434499793,-0.07026443193579812,需要歷史多來源事件回補,完整（官方）,0,False,2026-10-07 04:36:36.414590+00:00,7,SEC Company Facts（point-in-time filed_at）
HIST-20260715,2026-07-15,高波動／壓力,20260724,市場技術與壓力基準,716.9928588867188,-0.0027095386610569427,-0.034235557777112735,0.00026511530669792727,0.12415366066994649,0.7776757511421388,0.2620811246378739,-0.03703121079325411,15.670000076293945,-0.07278103964497584,78.64160919189453,0.0018829080412479104,0.3333333333333333,1.0,-0.016440498089291156,-0.01726256555705008,0.008303928481407263,-0.016440498089291156,-0.031222985609094756,-0.07803665057178255,需要歷史多來源事件回補,完整（官方）,0,False,2026-10-07 04:36:36.414590+00:00,7,SEC Company Facts（point-in-time filed_at）
HIST-20260716,2026-07-16,高波動／壓力,20260724,市場技術與壓力基準,705.2051391601562,-0.016440498089291156,-0.031710463847997916,-0.01710568311005345,0.10470188416700332,0.9458460980067666,0.25997289097665255,-0.05286289733225469,16.729999542236328,0.05618682961332122,78.63176727294922,0.0006269924218189615,-0.3333333333333333,0.0,-0.015029581322824392,-0.019803305862231668,0.03701454057661535,-0.015029581322824392,-0.019803305862231668,-0.06262575102251755,需要歷史多來源事件回補,完整（官方）,0,False,2026-10-07 04:36:36.414590+00:00,7,SEC Company Facts（point-in-time filed_at）
HIST-20260728,2026-07-28,明顯下跌趨勢,20260724,市場技術與壓力基準,674.786865234375,-0.009719710851298968,-0.06710585404850133,-0.05706299053987962,0.05111230115982335,1.3481702257468469,0.21191432828753476,-0.0937166492894923,18.209999084472656,0.06803518471078207,78.25732421875,-0.002887708332320771,-0.3333333333333333,-1.0,-0.02037047288151972,0.0715924299013686,0.05215468787706756,-0.02037047288151972,-0.02037047288151972,-0.02037047288151972,需要歷史多來源事件回補,完整（官方）,0,False,2026-10-07 04:36:36.414590+00:00,6,SEC Company Facts（point-in-time filed_at）
HIST-20260805,2026-08-05,高波動／壓力,20260724,市場技術與壓力基準,716.5533447265625,-0.009048794851582387,0.008236789447016113,0.003608870129735875,0.11111293930361499,0.8051757560480846,0.265578363463134,-0.037621507353950756,15.8100004196167,-0.23475312021374117,78.73626708984375,0.008405529085760977,1.0,1.0,-0.0036943750473806825,0.008922394444297765,-0.011236617345300348,-0.0036943750473806825,-0.0036943750473806825,-0.015307397523511512,需要歷史多來源事件回補,完整（官方）,0,False,2026-10-07 04:36:36.414590+00:00,6,SEC Company Facts（point-in-time filed_at）
